"LegacyRoot","RelativePath","FileName","Extension","SizeBytes","SHA256","DestinationClass","SourcePath","Status"
"species","species\bear\alertness.md","alertness.md",".md","0","E3B0C44298FC1C149AFBF4C8996FB92427AE41E4649B934CA495991B7852B855","01_BIOLOGY_AND_15_RESEARCH","C:\Users\hpcnd\OneDrive\Desktop\Ramayana\RAMAYAN\ANIMALS\species\bear\alertness.md","INVENTORIED"
"species","species\bear\anatomy.md","anatomy.md",".md","0","E3B0C44298FC1C149AFBF4C8996FB92427AE41E4649B934CA495991B7852B855","01_BIOLOGY_AND_15_RESEARCH","C:\Users\hpcnd\OneDrive\Desktop\Ramayana\RAMAYAN\ANIMALS\species\bear\anatomy.md","INVENTORIED"
"species","species\bear\animation_rules.md","animation_rules.md",".md","0","E3B0C44298FC1C149AFBF4C8996FB92427AE41E4649B934CA495991B7852B855","01_BIOLOGY_AND_15_RESEARCH","C:\Users\hpcnd\OneDrive\Desktop\Ramayana\RAMAYAN\ANIMALS\species\bear\animation_rules.md","INVENTORIED"
"species","species\bear\appearance.md","appearance.md",".md","0","E3B0C44298FC1C149AFBF4C8996FB92427AE41E4649B934CA495991B7852B855","01_BIOLOGY_AND_15_RESEARCH","C:\Users\hpcnd\OneDrive\Desktop\Ramayana\RAMAYAN\ANIMALS\species\bear\appearance.md","INVENTORIED"
"species","species\bear\behavior_dna.md","behavior_dna.md",".md","0","E3B0C44298FC1C149AFBF4C8996FB92427AE41E4649B934CA495991B7852B855","01_BIOLOGY_AND_15_RESEARCH","C:\Users\hpcnd\OneDrive\Desktop\Ramayana\RAMAYAN\ANIMALS\species\bear\behavior_dna.md","INVENTORIED"
"species","species\bear\environmental_response.md","environmental_response.md",".md","0","E3B0C44298FC1C149AFBF4C8996FB92427AE41E4649B934CA495991B7852B855","01_BIOLOGY_AND_15_RESEARCH","C:\Users\hpcnd\OneDrive\Desktop\Ramayana\RAMAYAN\ANIMALS\species\bear\environmental_response.md","INVENTORIED"
"species","species\bear\fear_response.md","fear_response.md",".md","0","E3B0C44298FC1C149AFBF4C8996FB92427AE41E4649B934CA495991B7852B855","01_BIOLOGY_AND_15_RESEARCH","C:\Users\hpcnd\OneDrive\Desktop\Ramayana\RAMAYAN\ANIMALS\species\bear\fear_response.md","INVENTORIED"
"species","species\bear\feeding.md","feeding.md",".md","0","E3B0C44298FC1C149AFBF4C8996FB92427AE41E4649B934CA495991B7852B855","01_BIOLOGY_AND_15_RESEARCH","C:\Users\hpcnd\OneDrive\Desktop\Ramayana\RAMAYAN\ANIMALS\species\bear\feeding.md","INVENTORIED"
"species","species\bear\forbidden_behavior.md","forbidden_behavior.md",".md","0","E3B0C44298FC1C149AFBF4C8996FB92427AE41E4649B934CA495991B7852B855","01_BIOLOGY_AND_15_RESEARCH","C:\Users\hpcnd\OneDrive\Desktop\Ramayana\RAMAYAN\ANIMALS\species\bear\forbidden_behavior.md","INVENTORIED"
"species","species\bear\grooming.md","grooming.md",".md","0","E3B0C44298FC1C149AFBF4C8996FB92427AE41E4649B934CA495991B7852B855","01_BIOLOGY_AND_15_RESEARCH","C:\Users\hpcnd\OneDrive\Desktop\Ramayana\RAMAYAN\ANIMALS\species\bear\grooming.md","INVENTORIED"
"species","species\bear\group_behavior.md","group_behavior.md",".md","0","E3B0C44298FC1C149AFBF4C8996FB92427AE41E4649B934CA495991B7852B855","01_BIOLOGY_AND_15_RESEARCH","C:\Users\hpcnd\OneDrive\Desktop\Ramayana\RAMAYAN\ANIMALS\species\bear\group_behavior.md","INVENTORIED"
"species","species\bear\human_interaction.md","human_interaction.md",".md","0","E3B0C44298FC1C149AFBF4C8996FB92427AE41E4649B934CA495991B7852B855","01_BIOLOGY_AND_15_RESEARCH","C:\Users\hpcnd\OneDrive\Desktop\Ramayana\RAMAYAN\ANIMALS\species\bear\human_interaction.md","INVENTORIED"
"species","species\bear\individual_variation.md","individual_variation.md",".md","0","E3B0C44298FC1C149AFBF4C8996FB92427AE41E4649B934CA495991B7852B855","01_BIOLOGY_AND_15_RESEARCH","C:\Users\hpcnd\OneDrive\Desktop\Ramayana\RAMAYAN\ANIMALS\species\bear\individual_variation.md","INVENTORIED"
"species","species\bear\locomotion.md","locomotion.md",".md","0","E3B0C44298FC1C149AFBF4C8996FB92427AE41E4649B934CA495991B7852B855","01_BIOLOGY_AND_15_RESEARCH","C:\Users\hpcnd\OneDrive\Desktop\Ramayana\RAMAYAN\ANIMALS\species\bear\locomotion.md","INVENTORIED"
"species","species\bear\mother_offspring.md","mother_offspring.md",".md","0","E3B0C44298FC1C149AFBF4C8996FB92427AE41E4649B934CA495991B7852B855","01_BIOLOGY_AND_15_RESEARCH","C:\Users\hpcnd\OneDrive\Desktop\Ramayana\RAMAYAN\ANIMALS\species\bear\mother_offspring.md","INVENTORIED"
"species","species\bear\physics.md","physics.md",".md","0","E3B0C44298FC1C149AFBF4C8996FB92427AE41E4649B934CA495991B7852B855","01_BIOLOGY_AND_15_RESEARCH","C:\Users\hpcnd\OneDrive\Desktop\Ramayana\RAMAYAN\ANIMALS\species\bear\physics.md","INVENTORIED"
"species","species\bear\predator_response.md","predator_response.md",".md","0","E3B0C44298FC1C149AFBF4C8996FB92427AE41E4649B934CA495991B7852B855","01_BIOLOGY_AND_15_RESEARCH","C:\Users\hpcnd\OneDrive\Desktop\Ramayana\RAMAYAN\ANIMALS\species\bear\predator_response.md","INVENTORIED"
"species","species\bear\references.md","references.md",".md","0","E3B0C44298FC1C149AFBF4C8996FB92427AE41E4649B934CA495991B7852B855","01_BIOLOGY_AND_15_RESEARCH","C:\Users\hpcnd\OneDrive\Desktop\Ramayana\RAMAYAN\ANIMALS\species\bear\references.md","INVENTORIED"
"species","species\bear\resting.md","resting.md",".md","0","E3B0C44298FC1C149AFBF4C8996FB92427AE41E4649B934CA495991B7852B855","01_BIOLOGY_AND_15_RESEARCH","C:\Users\hpcnd\OneDrive\Desktop\Ramayana\RAMAYAN\ANIMALS\species\bear\resting.md","INVENTORIED"
"species","species\bear\social_behavior.md","social_behavior.md",".md","0","E3B0C44298FC1C149AFBF4C8996FB92427AE41E4649B934CA495991B7852B855","01_BIOLOGY_AND_15_RESEARCH","C:\Users\hpcnd\OneDrive\Desktop\Ramayana\RAMAYAN\ANIMALS\species\bear\social_behavior.md","INVENTORIED"
"species","species\bear\sources.md","sources.md",".md","0","E3B0C44298FC1C149AFBF4C8996FB92427AE41E4649B934CA495991B7852B855","01_BIOLOGY_AND_15_RESEARCH","C:\Users\hpcnd\OneDrive\Desktop\Ramayana\RAMAYAN\ANIMALS\species\bear\sources.md","INVENTORIED"
"species","species\bear\species_profile.md","species_profile.md",".md","0","E3B0C44298FC1C149AFBF4C8996FB92427AE41E4649B934CA495991B7852B855","01_BIOLOGY_AND_15_RESEARCH","C:\Users\hpcnd\OneDrive\Desktop\Ramayana\RAMAYAN\ANIMALS\species\bear\species_profile.md","INVENTORIED"
"species","species\bear\vocalization.md","vocalization.md",".md","0","E3B0C44298FC1C149AFBF4C8996FB92427AE41E4649B934CA495991B7852B855","01_BIOLOGY_AND_15_RESEARCH","C:\Users\hpcnd\OneDrive\Desktop\Ramayana\RAMAYAN\ANIMALS\species\bear\vocalization.md","INVENTORIED"
"species","species\boar\alertness.md","alertness.md",".md","0","E3B0C44298FC1C149AFBF4C8996FB92427AE41E4649B934CA495991B7852B855","01_BIOLOGY_AND_15_RESEARCH","C:\Users\hpcnd\OneDrive\Desktop\Ramayana\RAMAYAN\ANIMALS\species\boar\alertness.md","INVENTORIED"
"species","species\boar\anatomy.md","anatomy.md",".md","0","E3B0C44298FC1C149AFBF4C8996FB92427AE41E4649B934CA495991B7852B855","01_BIOLOGY_AND_15_RESEARCH","C:\Users\hpcnd\OneDrive\Desktop\Ramayana\RAMAYAN\ANIMALS\species\boar\anatomy.md","INVENTORIED"
"species","species\boar\animation_rules.md","animation_rules.md",".md","0","E3B0C44298FC1C149AFBF4C8996FB92427AE41E4649B934CA495991B7852B855","01_BIOLOGY_AND_15_RESEARCH","C:\Users\hpcnd\OneDrive\Desktop\Ramayana\RAMAYAN\ANIMALS\species\boar\animation_rules.md","INVENTORIED"
"species","species\boar\appearance.md","appearance.md",".md","0","E3B0C44298FC1C149AFBF4C8996FB92427AE41E4649B934CA495991B7852B855","01_BIOLOGY_AND_15_RESEARCH","C:\Users\hpcnd\OneDrive\Desktop\Ramayana\RAMAYAN\ANIMALS\species\boar\appearance.md","INVENTORIED"
"species","species\boar\behavior_dna.md","behavior_dna.md",".md","0","E3B0C44298FC1C149AFBF4C8996FB92427AE41E4649B934CA495991B7852B855","01_BIOLOGY_AND_15_RESEARCH","C:\Users\hpcnd\OneDrive\Desktop\Ramayana\RAMAYAN\ANIMALS\species\boar\behavior_dna.md","INVENTORIED"
"species","species\boar\environmental_response.md","environmental_response.md",".md","0","E3B0C44298FC1C149AFBF4C8996FB92427AE41E4649B934CA495991B7852B855","01_BIOLOGY_AND_15_RESEARCH","C:\Users\hpcnd\OneDrive\Desktop\Ramayana\RAMAYAN\ANIMALS\species\boar\environmental_response.md","INVENTORIED"
"species","species\boar\fear_response.md","fear_response.md",".md","0","E3B0C44298FC1C149AFBF4C8996FB92427AE41E4649B934CA495991B7852B855","01_BIOLOGY_AND_15_RESEARCH","C:\Users\hpcnd\OneDrive\Desktop\Ramayana\RAMAYAN\ANIMALS\species\boar\fear_response.md","INVENTORIED"
"species","species\boar\feeding.md","feeding.md",".md","0","E3B0C44298FC1C149AFBF4C8996FB92427AE41E4649B934CA495991B7852B855","01_BIOLOGY_AND_15_RESEARCH","C:\Users\hpcnd\OneDrive\Desktop\Ramayana\RAMAYAN\ANIMALS\species\boar\feeding.md","INVENTORIED"
"species","species\boar\forbidden_behavior.md","forbidden_behavior.md",".md","0","E3B0C44298FC1C149AFBF4C8996FB92427AE41E4649B934CA495991B7852B855","01_BIOLOGY_AND_15_RESEARCH","C:\Users\hpcnd\OneDrive\Desktop\Ramayana\RAMAYAN\ANIMALS\species\boar\forbidden_behavior.md","INVENTORIED"
"species","species\boar\grooming.md","grooming.md",".md","0","E3B0C44298FC1C149AFBF4C8996FB92427AE41E4649B934CA495991B7852B855","01_BIOLOGY_AND_15_RESEARCH","C:\Users\hpcnd\OneDrive\Desktop\Ramayana\RAMAYAN\ANIMALS\species\boar\grooming.md","INVENTORIED"
"species","species\boar\group_behavior.md","group_behavior.md",".md","0","E3B0C44298FC1C149AFBF4C8996FB92427AE41E4649B934CA495991B7852B855","01_BIOLOGY_AND_15_RESEARCH","C:\Users\hpcnd\OneDrive\Desktop\Ramayana\RAMAYAN\ANIMALS\species\boar\group_behavior.md","INVENTORIED"
"species","species\boar\human_interaction.md","human_interaction.md",".md","0","E3B0C44298FC1C149AFBF4C8996FB92427AE41E4649B934CA495991B7852B855","01_BIOLOGY_AND_15_RESEARCH","C:\Users\hpcnd\OneDrive\Desktop\Ramayana\RAMAYAN\ANIMALS\species\boar\human_interaction.md","INVENTORIED"
"species","species\boar\individual_variation.md","individual_variation.md",".md","0","E3B0C44298FC1C149AFBF4C8996FB92427AE41E4649B934CA495991B7852B855","01_BIOLOGY_AND_15_RESEARCH","C:\Users\hpcnd\OneDrive\Desktop\Ramayana\RAMAYAN\ANIMALS\species\boar\individual_variation.md","INVENTORIED"
"species","species\boar\locomotion.md","locomotion.md",".md","0","E3B0C44298FC1C149AFBF4C8996FB92427AE41E4649B934CA495991B7852B855","01_BIOLOGY_AND_15_RESEARCH","C:\Users\hpcnd\OneDrive\Desktop\Ramayana\RAMAYAN\ANIMALS\species\boar\locomotion.md","INVENTORIED"
"species","species\boar\mother_offspring.md","mother_offspring.md",".md","0","E3B0C44298FC1C149AFBF4C8996FB92427AE41E4649B934CA495991B7852B855","01_BIOLOGY_AND_15_RESEARCH","C:\Users\hpcnd\OneDrive\Desktop\Ramayana\RAMAYAN\ANIMALS\species\boar\mother_offspring.md","INVENTORIED"
"species","species\boar\physics.md","physics.md",".md","0","E3B0C44298FC1C149AFBF4C8996FB92427AE41E4649B934CA495991B7852B855","01_BIOLOGY_AND_15_RESEARCH","C:\Users\hpcnd\OneDrive\Desktop\Ramayana\RAMAYAN\ANIMALS\species\boar\physics.md","INVENTORIED"
"species","species\boar\predator_response.md","predator_response.md",".md","0","E3B0C44298FC1C149AFBF4C8996FB92427AE41E4649B934CA495991B7852B855","01_BIOLOGY_AND_15_RESEARCH","C:\Users\hpcnd\OneDrive\Desktop\Ramayana\RAMAYAN\ANIMALS\species\boar\predator_response.md","INVENTORIED"
"species","species\boar\references.md","references.md",".md","0","E3B0C44298FC1C149AFBF4C8996FB92427AE41E4649B934CA495991B7852B855","01_BIOLOGY_AND_15_RESEARCH","C:\Users\hpcnd\OneDrive\Desktop\Ramayana\RAMAYAN\ANIMALS\species\boar\references.md","INVENTORIED"
"species","species\boar\resting.md","resting.md",".md","0","E3B0C44298FC1C149AFBF4C8996FB92427AE41E4649B934CA495991B7852B855","01_BIOLOGY_AND_15_RESEARCH","C:\Users\hpcnd\OneDrive\Desktop\Ramayana\RAMAYAN\ANIMALS\species\boar\resting.md","INVENTORIED"
"species","species\boar\social_behavior.md","social_behavior.md",".md","0","E3B0C44298FC1C149AFBF4C8996FB92427AE41E4649B934CA495991B7852B855","01_BIOLOGY_AND_15_RESEARCH","C:\Users\hpcnd\OneDrive\Desktop\Ramayana\RAMAYAN\ANIMALS\species\boar\social_behavior.md","INVENTORIED"
"species","species\boar\sources.md","sources.md",".md","0","E3B0C44298FC1C149AFBF4C8996FB92427AE41E4649B934CA495991B7852B855","01_BIOLOGY_AND_15_RESEARCH","C:\Users\hpcnd\OneDrive\Desktop\Ramayana\RAMAYAN\ANIMALS\species\boar\sources.md","INVENTORIED"
"species","species\boar\species_profile.md","species_profile.md",".md","0","E3B0C44298FC1C149AFBF4C8996FB92427AE41E4649B934CA495991B7852B855","01_BIOLOGY_AND_15_RESEARCH","C:\Users\hpcnd\OneDrive\Desktop\Ramayana\RAMAYAN\ANIMALS\species\boar\species_profile.md","INVENTORIED"
"species","species\boar\vocalization.md","vocalization.md",".md","0","E3B0C44298FC1C149AFBF4C8996FB92427AE41E4649B934CA495991B7852B855","01_BIOLOGY_AND_15_RESEARCH","C:\Users\hpcnd\OneDrive\Desktop\Ramayana\RAMAYAN\ANIMALS\species\boar\vocalization.md","INVENTORIED"
"species","species\buffalo\alertness.md","alertness.md",".md","0","E3B0C44298FC1C149AFBF4C8996FB92427AE41E4649B934CA495991B7852B855","01_BIOLOGY_AND_15_RESEARCH","C:\Users\hpcnd\OneDrive\Desktop\Ramayana\RAMAYAN\ANIMALS\species\buffalo\alertness.md","INVENTORIED"
"species","species\buffalo\anatomy.md","anatomy.md",".md","0","E3B0C44298FC1C149AFBF4C8996FB92427AE41E4649B934CA495991B7852B855","01_BIOLOGY_AND_15_RESEARCH","C:\Users\hpcnd\OneDrive\Desktop\Ramayana\RAMAYAN\ANIMALS\species\buffalo\anatomy.md","INVENTORIED"
"species","species\buffalo\animation_rules.md","animation_rules.md",".md","0","E3B0C44298FC1C149AFBF4C8996FB92427AE41E4649B934CA495991B7852B855","01_BIOLOGY_AND_15_RESEARCH","C:\Users\hpcnd\OneDrive\Desktop\Ramayana\RAMAYAN\ANIMALS\species\buffalo\animation_rules.md","INVENTORIED"
"species","species\buffalo\appearance.md","appearance.md",".md","0","E3B0C44298FC1C149AFBF4C8996FB92427AE41E4649B934CA495991B7852B855","01_BIOLOGY_AND_15_RESEARCH","C:\Users\hpcnd\OneDrive\Desktop\Ramayana\RAMAYAN\ANIMALS\species\buffalo\appearance.md","INVENTORIED"
"species","species\buffalo\behavior_dna.md","behavior_dna.md",".md","0","E3B0C44298FC1C149AFBF4C8996FB92427AE41E4649B934CA495991B7852B855","01_BIOLOGY_AND_15_RESEARCH","C:\Users\hpcnd\OneDrive\Desktop\Ramayana\RAMAYAN\ANIMALS\species\buffalo\behavior_dna.md","INVENTORIED"
"species","species\buffalo\environmental_response.md","environmental_response.md",".md","0","E3B0C44298FC1C149AFBF4C8996FB92427AE41E4649B934CA495991B7852B855","01_BIOLOGY_AND_15_RESEARCH","C:\Users\hpcnd\OneDrive\Desktop\Ramayana\RAMAYAN\ANIMALS\species\buffalo\environmental_response.md","INVENTORIED"
"species","species\buffalo\fear_response.md","fear_response.md",".md","0","E3B0C44298FC1C149AFBF4C8996FB92427AE41E4649B934CA495991B7852B855","01_BIOLOGY_AND_15_RESEARCH","C:\Users\hpcnd\OneDrive\Desktop\Ramayana\RAMAYAN\ANIMALS\species\buffalo\fear_response.md","INVENTORIED"
"species","species\buffalo\feeding.md","feeding.md",".md","0","E3B0C44298FC1C149AFBF4C8996FB92427AE41E4649B934CA495991B7852B855","01_BIOLOGY_AND_15_RESEARCH","C:\Users\hpcnd\OneDrive\Desktop\Ramayana\RAMAYAN\ANIMALS\species\buffalo\feeding.md","INVENTORIED"
"species","species\buffalo\forbidden_behavior.md","forbidden_behavior.md",".md","0","E3B0C44298FC1C149AFBF4C8996FB92427AE41E4649B934CA495991B7852B855","01_BIOLOGY_AND_15_RESEARCH","C:\Users\hpcnd\OneDrive\Desktop\Ramayana\RAMAYAN\ANIMALS\species\buffalo\forbidden_behavior.md","INVENTORIED"
"species","species\buffalo\grooming.md","grooming.md",".md","0","E3B0C44298FC1C149AFBF4C8996FB92427AE41E4649B934CA495991B7852B855","01_BIOLOGY_AND_15_RESEARCH","C:\Users\hpcnd\OneDrive\Desktop\Ramayana\RAMAYAN\ANIMALS\species\buffalo\grooming.md","INVENTORIED"
"species","species\buffalo\group_behavior.md","group_behavior.md",".md","0","E3B0C44298FC1C149AFBF4C8996FB92427AE41E4649B934CA495991B7852B855","01_BIOLOGY_AND_15_RESEARCH","C:\Users\hpcnd\OneDrive\Desktop\Ramayana\RAMAYAN\ANIMALS\species\buffalo\group_behavior.md","INVENTORIED"
"species","species\buffalo\human_interaction.md","human_interaction.md",".md","0","E3B0C44298FC1C149AFBF4C8996FB92427AE41E4649B934CA495991B7852B855","01_BIOLOGY_AND_15_RESEARCH","C:\Users\hpcnd\OneDrive\Desktop\Ramayana\RAMAYAN\ANIMALS\species\buffalo\human_interaction.md","INVENTORIED"
"species","species\buffalo\individual_variation.md","individual_variation.md",".md","0","E3B0C44298FC1C149AFBF4C8996FB92427AE41E4649B934CA495991B7852B855","01_BIOLOGY_AND_15_RESEARCH","C:\Users\hpcnd\OneDrive\Desktop\Ramayana\RAMAYAN\ANIMALS\species\buffalo\individual_variation.md","INVENTORIED"
"species","species\buffalo\locomotion.md","locomotion.md",".md","0","E3B0C44298FC1C149AFBF4C8996FB92427AE41E4649B934CA495991B7852B855","01_BIOLOGY_AND_15_RESEARCH","C:\Users\hpcnd\OneDrive\Desktop\Ramayana\RAMAYAN\ANIMALS\species\buffalo\locomotion.md","INVENTORIED"
"species","species\buffalo\mother_offspring.md","mother_offspring.md",".md","0","E3B0C44298FC1C149AFBF4C8996FB92427AE41E4649B934CA495991B7852B855","01_BIOLOGY_AND_15_RESEARCH","C:\Users\hpcnd\OneDrive\Desktop\Ramayana\RAMAYAN\ANIMALS\species\buffalo\mother_offspring.md","INVENTORIED"
"species","species\buffalo\physics.md","physics.md",".md","0","E3B0C44298FC1C149AFBF4C8996FB92427AE41E4649B934CA495991B7852B855","01_BIOLOGY_AND_15_RESEARCH","C:\Users\hpcnd\OneDrive\Desktop\Ramayana\RAMAYAN\ANIMALS\species\buffalo\physics.md","INVENTORIED"
"species","species\buffalo\predator_response.md","predator_response.md",".md","0","E3B0C44298FC1C149AFBF4C8996FB92427AE41E4649B934CA495991B7852B855","01_BIOLOGY_AND_15_RESEARCH","C:\Users\hpcnd\OneDrive\Desktop\Ramayana\RAMAYAN\ANIMALS\species\buffalo\predator_response.md","INVENTORIED"
"species","species\buffalo\references.md","references.md",".md","0","E3B0C44298FC1C149AFBF4C8996FB92427AE41E4649B934CA495991B7852B855","01_BIOLOGY_AND_15_RESEARCH","C:\Users\hpcnd\OneDrive\Desktop\Ramayana\RAMAYAN\ANIMALS\species\buffalo\references.md","INVENTORIED"
"species","species\buffalo\resting.md","resting.md",".md","0","E3B0C44298FC1C149AFBF4C8996FB92427AE41E4649B934CA495991B7852B855","01_BIOLOGY_AND_15_RESEARCH","C:\Users\hpcnd\OneDrive\Desktop\Ramayana\RAMAYAN\ANIMALS\species\buffalo\resting.md","INVENTORIED"
"species","species\buffalo\social_behavior.md","social_behavior.md",".md","0","E3B0C44298FC1C149AFBF4C8996FB92427AE41E4649B934CA495991B7852B855","01_BIOLOGY_AND_15_RESEARCH","C:\Users\hpcnd\OneDrive\Desktop\Ramayana\RAMAYAN\ANIMALS\species\buffalo\social_behavior.md","INVENTORIED"
"species","species\buffalo\sources.md","sources.md",".md","0","E3B0C44298FC1C149AFBF4C8996FB92427AE41E4649B934CA495991B7852B855","01_BIOLOGY_AND_15_RESEARCH","C:\Users\hpcnd\OneDrive\Desktop\Ramayana\RAMAYAN\ANIMALS\species\buffalo\sources.md","INVENTORIED"
"species","species\buffalo\species_profile.md","species_profile.md",".md","0","E3B0C44298FC1C149AFBF4C8996FB92427AE41E4649B934CA495991B7852B855","01_BIOLOGY_AND_15_RESEARCH","C:\Users\hpcnd\OneDrive\Desktop\Ramayana\RAMAYAN\ANIMALS\species\buffalo\species_profile.md","INVENTORIED"
"species","species\buffalo\vocalization.md","vocalization.md",".md","0","E3B0C44298FC1C149AFBF4C8996FB92427AE41E4649B934CA495991B7852B855","01_BIOLOGY_AND_15_RESEARCH","C:\Users\hpcnd\OneDrive\Desktop\Ramayana\RAMAYAN\ANIMALS\species\buffalo\vocalization.md","INVENTORIED"
"species","species\bull\alertness.md","alertness.md",".md","0","E3B0C44298FC1C149AFBF4C8996FB92427AE41E4649B934CA495991B7852B855","01_BIOLOGY_AND_15_RESEARCH","C:\Users\hpcnd\OneDrive\Desktop\Ramayana\RAMAYAN\ANIMALS\species\bull\alertness.md","INVENTORIED"
"species","species\bull\anatomy.md","anatomy.md",".md","0","E3B0C44298FC1C149AFBF4C8996FB92427AE41E4649B934CA495991B7852B855","01_BIOLOGY_AND_15_RESEARCH","C:\Users\hpcnd\OneDrive\Desktop\Ramayana\RAMAYAN\ANIMALS\species\bull\anatomy.md","INVENTORIED"
"species","species\bull\animation_rules.md","animation_rules.md",".md","0","E3B0C44298FC1C149AFBF4C8996FB92427AE41E4649B934CA495991B7852B855","01_BIOLOGY_AND_15_RESEARCH","C:\Users\hpcnd\OneDrive\Desktop\Ramayana\RAMAYAN\ANIMALS\species\bull\animation_rules.md","INVENTORIED"
"species","species\bull\appearance.md","appearance.md",".md","0","E3B0C44298FC1C149AFBF4C8996FB92427AE41E4649B934CA495991B7852B855","01_BIOLOGY_AND_15_RESEARCH","C:\Users\hpcnd\OneDrive\Desktop\Ramayana\RAMAYAN\ANIMALS\species\bull\appearance.md","INVENTORIED"
"species","species\bull\behavior_dna.md","behavior_dna.md",".md","0","E3B0C44298FC1C149AFBF4C8996FB92427AE41E4649B934CA495991B7852B855","01_BIOLOGY_AND_15_RESEARCH","C:\Users\hpcnd\OneDrive\Desktop\Ramayana\RAMAYAN\ANIMALS\species\bull\behavior_dna.md","INVENTORIED"
"species","species\bull\environmental_response.md","environmental_response.md",".md","0","E3B0C44298FC1C149AFBF4C8996FB92427AE41E4649B934CA495991B7852B855","01_BIOLOGY_AND_15_RESEARCH","C:\Users\hpcnd\OneDrive\Desktop\Ramayana\RAMAYAN\ANIMALS\species\bull\environmental_response.md","INVENTORIED"
"species","species\bull\fear_response.md","fear_response.md",".md","0","E3B0C44298FC1C149AFBF4C8996FB92427AE41E4649B934CA495991B7852B855","01_BIOLOGY_AND_15_RESEARCH","C:\Users\hpcnd\OneDrive\Desktop\Ramayana\RAMAYAN\ANIMALS\species\bull\fear_response.md","INVENTORIED"
"species","species\bull\feeding.md","feeding.md",".md","0","E3B0C44298FC1C149AFBF4C8996FB92427AE41E4649B934CA495991B7852B855","01_BIOLOGY_AND_15_RESEARCH","C:\Users\hpcnd\OneDrive\Desktop\Ramayana\RAMAYAN\ANIMALS\species\bull\feeding.md","INVENTORIED"
"species","species\bull\forbidden_behavior.md","forbidden_behavior.md",".md","0","E3B0C44298FC1C149AFBF4C8996FB92427AE41E4649B934CA495991B7852B855","01_BIOLOGY_AND_15_RESEARCH","C:\Users\hpcnd\OneDrive\Desktop\Ramayana\RAMAYAN\ANIMALS\species\bull\forbidden_behavior.md","INVENTORIED"
"species","species\bull\grooming.md","grooming.md",".md","0","E3B0C44298FC1C149AFBF4C8996FB92427AE41E4649B934CA495991B7852B855","01_BIOLOGY_AND_15_RESEARCH","C:\Users\hpcnd\OneDrive\Desktop\Ramayana\RAMAYAN\ANIMALS\species\bull\grooming.md","INVENTORIED"
"species","species\bull\group_behavior.md","group_behavior.md",".md","0","E3B0C44298FC1C149AFBF4C8996FB92427AE41E4649B934CA495991B7852B855","01_BIOLOGY_AND_15_RESEARCH","C:\Users\hpcnd\OneDrive\Desktop\Ramayana\RAMAYAN\ANIMALS\species\bull\group_behavior.md","INVENTORIED"
"species","species\bull\human_interaction.md","human_interaction.md",".md","0","E3B0C44298FC1C149AFBF4C8996FB92427AE41E4649B934CA495991B7852B855","01_BIOLOGY_AND_15_RESEARCH","C:\Users\hpcnd\OneDrive\Desktop\Ramayana\RAMAYAN\ANIMALS\species\bull\human_interaction.md","INVENTORIED"
"species","species\bull\individual_variation.md","individual_variation.md",".md","0","E3B0C44298FC1C149AFBF4C8996FB92427AE41E4649B934CA495991B7852B855","01_BIOLOGY_AND_15_RESEARCH","C:\Users\hpcnd\OneDrive\Desktop\Ramayana\RAMAYAN\ANIMALS\species\bull\individual_variation.md","INVENTORIED"
"species","species\bull\locomotion.md","locomotion.md",".md","0","E3B0C44298FC1C149AFBF4C8996FB92427AE41E4649B934CA495991B7852B855","01_BIOLOGY_AND_15_RESEARCH","C:\Users\hpcnd\OneDrive\Desktop\Ramayana\RAMAYAN\ANIMALS\species\bull\locomotion.md","INVENTORIED"
"species","species\bull\mother_offspring.md","mother_offspring.md",".md","0","E3B0C44298FC1C149AFBF4C8996FB92427AE41E4649B934CA495991B7852B855","01_BIOLOGY_AND_15_RESEARCH","C:\Users\hpcnd\OneDrive\Desktop\Ramayana\RAMAYAN\ANIMALS\species\bull\mother_offspring.md","INVENTORIED"
"species","species\bull\physics.md","physics.md",".md","0","E3B0C44298FC1C149AFBF4C8996FB92427AE41E4649B934CA495991B7852B855","01_BIOLOGY_AND_15_RESEARCH","C:\Users\hpcnd\OneDrive\Desktop\Ramayana\RAMAYAN\ANIMALS\species\bull\physics.md","INVENTORIED"
"species","species\bull\predator_response.md","predator_response.md",".md","0","E3B0C44298FC1C149AFBF4C8996FB92427AE41E4649B934CA495991B7852B855","01_BIOLOGY_AND_15_RESEARCH","C:\Users\hpcnd\OneDrive\Desktop\Ramayana\RAMAYAN\ANIMALS\species\bull\predator_response.md","INVENTORIED"
"species","species\bull\references.md","references.md",".md","0","E3B0C44298FC1C149AFBF4C8996FB92427AE41E4649B934CA495991B7852B855","01_BIOLOGY_AND_15_RESEARCH","C:\Users\hpcnd\OneDrive\Desktop\Ramayana\RAMAYAN\ANIMALS\species\bull\references.md","INVENTORIED"
"species","species\bull\resting.md","resting.md",".md","0","E3B0C44298FC1C149AFBF4C8996FB92427AE41E4649B934CA495991B7852B855","01_BIOLOGY_AND_15_RESEARCH","C:\Users\hpcnd\OneDrive\Desktop\Ramayana\RAMAYAN\ANIMALS\species\bull\resting.md","INVENTORIED"
"species","species\bull\social_behavior.md","social_behavior.md",".md","0","E3B0C44298FC1C149AFBF4C8996FB92427AE41E4649B934CA495991B7852B855","01_BIOLOGY_AND_15_RESEARCH","C:\Users\hpcnd\OneDrive\Desktop\Ramayana\RAMAYAN\ANIMALS\species\bull\social_behavior.md","INVENTORIED"
"species","species\bull\sources.md","sources.md",".md","0","E3B0C44298FC1C149AFBF4C8996FB92427AE41E4649B934CA495991B7852B855","01_BIOLOGY_AND_15_RESEARCH","C:\Users\hpcnd\OneDrive\Desktop\Ramayana\RAMAYAN\ANIMALS\species\bull\sources.md","INVENTORIED"
"species","species\bull\species_profile.md","species_profile.md",".md","0","E3B0C44298FC1C149AFBF4C8996FB92427AE41E4649B934CA495991B7852B855","01_BIOLOGY_AND_15_RESEARCH","C:\Users\hpcnd\OneDrive\Desktop\Ramayana\RAMAYAN\ANIMALS\species\bull\species_profile.md","INVENTORIED"
"species","species\bull\vocalization.md","vocalization.md",".md","0","E3B0C44298FC1C149AFBF4C8996FB92427AE41E4649B934CA495991B7852B855","01_BIOLOGY_AND_15_RESEARCH","C:\Users\hpcnd\OneDrive\Desktop\Ramayana\RAMAYAN\ANIMALS\species\bull\vocalization.md","INVENTORIED"
"species","species\camel\alertness.md","alertness.md",".md","0","E3B0C44298FC1C149AFBF4C8996FB92427AE41E4649B934CA495991B7852B855","01_BIOLOGY_AND_15_RESEARCH","C:\Users\hpcnd\OneDrive\Desktop\Ramayana\RAMAYAN\ANIMALS\species\camel\alertness.md","INVENTORIED"
"species","species\camel\anatomy.md","anatomy.md",".md","0","E3B0C44298FC1C149AFBF4C8996FB92427AE41E4649B934CA495991B7852B855","01_BIOLOGY_AND_15_RESEARCH","C:\Users\hpcnd\OneDrive\Desktop\Ramayana\RAMAYAN\ANIMALS\species\camel\anatomy.md","INVENTORIED"
"species","species\camel\animation_rules.md","animation_rules.md",".md","0","E3B0C44298FC1C149AFBF4C8996FB92427AE41E4649B934CA495991B7852B855","01_BIOLOGY_AND_15_RESEARCH","C:\Users\hpcnd\OneDrive\Desktop\Ramayana\RAMAYAN\ANIMALS\species\camel\animation_rules.md","INVENTORIED"
"species","species\camel\appearance.md","appearance.md",".md","0","E3B0C44298FC1C149AFBF4C8996FB92427AE41E4649B934CA495991B7852B855","01_BIOLOGY_AND_15_RESEARCH","C:\Users\hpcnd\OneDrive\Desktop\Ramayana\RAMAYAN\ANIMALS\species\camel\appearance.md","INVENTORIED"
"species","species\camel\behavior_dna.md","behavior_dna.md",".md","0","E3B0C44298FC1C149AFBF4C8996FB92427AE41E4649B934CA495991B7852B855","01_BIOLOGY_AND_15_RESEARCH","C:\Users\hpcnd\OneDrive\Desktop\Ramayana\RAMAYAN\ANIMALS\species\camel\behavior_dna.md","INVENTORIED"
"species","species\camel\environmental_response.md","environmental_response.md",".md","0","E3B0C44298FC1C149AFBF4C8996FB92427AE41E4649B934CA495991B7852B855","01_BIOLOGY_AND_15_RESEARCH","C:\Users\hpcnd\OneDrive\Desktop\Ramayana\RAMAYAN\ANIMALS\species\camel\environmental_response.md","INVENTORIED"
"species","species\camel\fear_response.md","fear_response.md",".md","0","E3B0C44298FC1C149AFBF4C8996FB92427AE41E4649B934CA495991B7852B855","01_BIOLOGY_AND_15_RESEARCH","C:\Users\hpcnd\OneDrive\Desktop\Ramayana\RAMAYAN\ANIMALS\species\camel\fear_response.md","INVENTORIED"
"species","species\camel\feeding.md","feeding.md",".md","0","E3B0C44298FC1C149AFBF4C8996FB92427AE41E4649B934CA495991B7852B855","01_BIOLOGY_AND_15_RESEARCH","C:\Users\hpcnd\OneDrive\Desktop\Ramayana\RAMAYAN\ANIMALS\species\camel\feeding.md","INVENTORIED"
"species","species\camel\forbidden_behavior.md","forbidden_behavior.md",".md","0","E3B0C44298FC1C149AFBF4C8996FB92427AE41E4649B934CA495991B7852B855","01_BIOLOGY_AND_15_RESEARCH","C:\Users\hpcnd\OneDrive\Desktop\Ramayana\RAMAYAN\ANIMALS\species\camel\forbidden_behavior.md","INVENTORIED"
"species","species\camel\grooming.md","grooming.md",".md","0","E3B0C44298FC1C149AFBF4C8996FB92427AE41E4649B934CA495991B7852B855","01_BIOLOGY_AND_15_RESEARCH","C:\Users\hpcnd\OneDrive\Desktop\Ramayana\RAMAYAN\ANIMALS\species\camel\grooming.md","INVENTORIED"
"species","species\camel\group_behavior.md","group_behavior.md",".md","0","E3B0C44298FC1C149AFBF4C8996FB92427AE41E4649B934CA495991B7852B855","01_BIOLOGY_AND_15_RESEARCH","C:\Users\hpcnd\OneDrive\Desktop\Ramayana\RAMAYAN\ANIMALS\species\camel\group_behavior.md","INVENTORIED"
"species","species\camel\human_interaction.md","human_interaction.md",".md","0","E3B0C44298FC1C149AFBF4C8996FB92427AE41E4649B934CA495991B7852B855","01_BIOLOGY_AND_15_RESEARCH","C:\Users\hpcnd\OneDrive\Desktop\Ramayana\RAMAYAN\ANIMALS\species\camel\human_interaction.md","INVENTORIED"
"species","species\camel\individual_variation.md","individual_variation.md",".md","0","E3B0C44298FC1C149AFBF4C8996FB92427AE41E4649B934CA495991B7852B855","01_BIOLOGY_AND_15_RESEARCH","C:\Users\hpcnd\OneDrive\Desktop\Ramayana\RAMAYAN\ANIMALS\species\camel\individual_variation.md","INVENTORIED"
"species","species\camel\locomotion.md","locomotion.md",".md","0","E3B0C44298FC1C149AFBF4C8996FB92427AE41E4649B934CA495991B7852B855","01_BIOLOGY_AND_15_RESEARCH","C:\Users\hpcnd\OneDrive\Desktop\Ramayana\RAMAYAN\ANIMALS\species\camel\locomotion.md","INVENTORIED"
"species","species\camel\mother_offspring.md","mother_offspring.md",".md","0","E3B0C44298FC1C149AFBF4C8996FB92427AE41E4649B934CA495991B7852B855","01_BIOLOGY_AND_15_RESEARCH","C:\Users\hpcnd\OneDrive\Desktop\Ramayana\RAMAYAN\ANIMALS\species\camel\mother_offspring.md","INVENTORIED"
"species","species\camel\physics.md","physics.md",".md","0","E3B0C44298FC1C149AFBF4C8996FB92427AE41E4649B934CA495991B7852B855","01_BIOLOGY_AND_15_RESEARCH","C:\Users\hpcnd\OneDrive\Desktop\Ramayana\RAMAYAN\ANIMALS\species\camel\physics.md","INVENTORIED"
"species","species\camel\predator_response.md","predator_response.md",".md","0","E3B0C44298FC1C149AFBF4C8996FB92427AE41E4649B934CA495991B7852B855","01_BIOLOGY_AND_15_RESEARCH","C:\Users\hpcnd\OneDrive\Desktop\Ramayana\RAMAYAN\ANIMALS\species\camel\predator_response.md","INVENTORIED"
"species","species\camel\references.md","references.md",".md","0","E3B0C44298FC1C149AFBF4C8996FB92427AE41E4649B934CA495991B7852B855","01_BIOLOGY_AND_15_RESEARCH","C:\Users\hpcnd\OneDrive\Desktop\Ramayana\RAMAYAN\ANIMALS\species\camel\references.md","INVENTORIED"
"species","species\camel\resting.md","resting.md",".md","0","E3B0C44298FC1C149AFBF4C8996FB92427AE41E4649B934CA495991B7852B855","01_BIOLOGY_AND_15_RESEARCH","C:\Users\hpcnd\OneDrive\Desktop\Ramayana\RAMAYAN\ANIMALS\species\camel\resting.md","INVENTORIED"
"species","species\camel\social_behavior.md","social_behavior.md",".md","0","E3B0C44298FC1C149AFBF4C8996FB92427AE41E4649B934CA495991B7852B855","01_BIOLOGY_AND_15_RESEARCH","C:\Users\hpcnd\OneDrive\Desktop\Ramayana\RAMAYAN\ANIMALS\species\camel\social_behavior.md","INVENTORIED"
"species","species\camel\sources.md","sources.md",".md","0","E3B0C44298FC1C149AFBF4C8996FB92427AE41E4649B934CA495991B7852B855","01_BIOLOGY_AND_15_RESEARCH","C:\Users\hpcnd\OneDrive\Desktop\Ramayana\RAMAYAN\ANIMALS\species\camel\sources.md","INVENTORIED"
"species","species\camel\species_profile.md","species_profile.md",".md","0","E3B0C44298FC1C149AFBF4C8996FB92427AE41E4649B934CA495991B7852B855","01_BIOLOGY_AND_15_RESEARCH","C:\Users\hpcnd\OneDrive\Desktop\Ramayana\RAMAYAN\ANIMALS\species\camel\species_profile.md","INVENTORIED"
"species","species\camel\vocalization.md","vocalization.md",".md","0","E3B0C44298FC1C149AFBF4C8996FB92427AE41E4649B934CA495991B7852B855","01_BIOLOGY_AND_15_RESEARCH","C:\Users\hpcnd\OneDrive\Desktop\Ramayana\RAMAYAN\ANIMALS\species\camel\vocalization.md","INVENTORIED"
"species","species\cat\alertness.md","alertness.md",".md","0","E3B0C44298FC1C149AFBF4C8996FB92427AE41E4649B934CA495991B7852B855","01_BIOLOGY_AND_15_RESEARCH","C:\Users\hpcnd\OneDrive\Desktop\Ramayana\RAMAYAN\ANIMALS\species\cat\alertness.md","INVENTORIED"
"species","species\cat\anatomy.md","anatomy.md",".md","0","E3B0C44298FC1C149AFBF4C8996FB92427AE41E4649B934CA495991B7852B855","01_BIOLOGY_AND_15_RESEARCH","C:\Users\hpcnd\OneDrive\Desktop\Ramayana\RAMAYAN\ANIMALS\species\cat\anatomy.md","INVENTORIED"
"species","species\cat\animation_rules.md","animation_rules.md",".md","0","E3B0C44298FC1C149AFBF4C8996FB92427AE41E4649B934CA495991B7852B855","01_BIOLOGY_AND_15_RESEARCH","C:\Users\hpcnd\OneDrive\Desktop\Ramayana\RAMAYAN\ANIMALS\species\cat\animation_rules.md","INVENTORIED"
"species","species\cat\appearance.md","appearance.md",".md","0","E3B0C44298FC1C149AFBF4C8996FB92427AE41E4649B934CA495991B7852B855","01_BIOLOGY_AND_15_RESEARCH","C:\Users\hpcnd\OneDrive\Desktop\Ramayana\RAMAYAN\ANIMALS\species\cat\appearance.md","INVENTORIED"
"species","species\cat\behavior_dna.md","behavior_dna.md",".md","0","E3B0C44298FC1C149AFBF4C8996FB92427AE41E4649B934CA495991B7852B855","01_BIOLOGY_AND_15_RESEARCH","C:\Users\hpcnd\OneDrive\Desktop\Ramayana\RAMAYAN\ANIMALS\species\cat\behavior_dna.md","INVENTORIED"
"species","species\cat\environmental_response.md","environmental_response.md",".md","0","E3B0C44298FC1C149AFBF4C8996FB92427AE41E4649B934CA495991B7852B855","01_BIOLOGY_AND_15_RESEARCH","C:\Users\hpcnd\OneDrive\Desktop\Ramayana\RAMAYAN\ANIMALS\species\cat\environmental_response.md","INVENTORIED"
"species","species\cat\fear_response.md","fear_response.md",".md","0","E3B0C44298FC1C149AFBF4C8996FB92427AE41E4649B934CA495991B7852B855","01_BIOLOGY_AND_15_RESEARCH","C:\Users\hpcnd\OneDrive\Desktop\Ramayana\RAMAYAN\ANIMALS\species\cat\fear_response.md","INVENTORIED"
"species","species\cat\feeding.md","feeding.md",".md","0","E3B0C44298FC1C149AFBF4C8996FB92427AE41E4649B934CA495991B7852B855","01_BIOLOGY_AND_15_RESEARCH","C:\Users\hpcnd\OneDrive\Desktop\Ramayana\RAMAYAN\ANIMALS\species\cat\feeding.md","INVENTORIED"
"species","species\cat\forbidden_behavior.md","forbidden_behavior.md",".md","0","E3B0C44298FC1C149AFBF4C8996FB92427AE41E4649B934CA495991B7852B855","01_BIOLOGY_AND_15_RESEARCH","C:\Users\hpcnd\OneDrive\Desktop\Ramayana\RAMAYAN\ANIMALS\species\cat\forbidden_behavior.md","INVENTORIED"
"species","species\cat\grooming.md","grooming.md",".md","0","E3B0C44298FC1C149AFBF4C8996FB92427AE41E4649B934CA495991B7852B855","01_BIOLOGY_AND_15_RESEARCH","C:\Users\hpcnd\OneDrive\Desktop\Ramayana\RAMAYAN\ANIMALS\species\cat\grooming.md","INVENTORIED"
"species","species\cat\group_behavior.md","group_behavior.md",".md","0","E3B0C44298FC1C149AFBF4C8996FB92427AE41E4649B934CA495991B7852B855","01_BIOLOGY_AND_15_RESEARCH","C:\Users\hpcnd\OneDrive\Desktop\Ramayana\RAMAYAN\ANIMALS\species\cat\group_behavior.md","INVENTORIED"
"species","species\cat\human_interaction.md","human_interaction.md",".md","0","E3B0C44298FC1C149AFBF4C8996FB92427AE41E4649B934CA495991B7852B855","01_BIOLOGY_AND_15_RESEARCH","C:\Users\hpcnd\OneDrive\Desktop\Ramayana\RAMAYAN\ANIMALS\species\cat\human_interaction.md","INVENTORIED"
"species","species\cat\individual_variation.md","individual_variation.md",".md","0","E3B0C44298FC1C149AFBF4C8996FB92427AE41E4649B934CA495991B7852B855","01_BIOLOGY_AND_15_RESEARCH","C:\Users\hpcnd\OneDrive\Desktop\Ramayana\RAMAYAN\ANIMALS\species\cat\individual_variation.md","INVENTORIED"
"species","species\cat\locomotion.md","locomotion.md",".md","0","E3B0C44298FC1C149AFBF4C8996FB92427AE41E4649B934CA495991B7852B855","01_BIOLOGY_AND_15_RESEARCH","C:\Users\hpcnd\OneDrive\Desktop\Ramayana\RAMAYAN\ANIMALS\species\cat\locomotion.md","INVENTORIED"
"species","species\cat\mother_offspring.md","mother_offspring.md",".md","0","E3B0C44298FC1C149AFBF4C8996FB92427AE41E4649B934CA495991B7852B855","01_BIOLOGY_AND_15_RESEARCH","C:\Users\hpcnd\OneDrive\Desktop\Ramayana\RAMAYAN\ANIMALS\species\cat\mother_offspring.md","INVENTORIED"
"species","species\cat\physics.md","physics.md",".md","0","E3B0C44298FC1C149AFBF4C8996FB92427AE41E4649B934CA495991B7852B855","01_BIOLOGY_AND_15_RESEARCH","C:\Users\hpcnd\OneDrive\Desktop\Ramayana\RAMAYAN\ANIMALS\species\cat\physics.md","INVENTORIED"
"species","species\cat\predator_response.md","predator_response.md",".md","0","E3B0C44298FC1C149AFBF4C8996FB92427AE41E4649B934CA495991B7852B855","01_BIOLOGY_AND_15_RESEARCH","C:\Users\hpcnd\OneDrive\Desktop\Ramayana\RAMAYAN\ANIMALS\species\cat\predator_response.md","INVENTORIED"
"species","species\cat\references.md","references.md",".md","0","E3B0C44298FC1C149AFBF4C8996FB92427AE41E4649B934CA495991B7852B855","01_BIOLOGY_AND_15_RESEARCH","C:\Users\hpcnd\OneDrive\Desktop\Ramayana\RAMAYAN\ANIMALS\species\cat\references.md","INVENTORIED"
"species","species\cat\resting.md","resting.md",".md","0","E3B0C44298FC1C149AFBF4C8996FB92427AE41E4649B934CA495991B7852B855","01_BIOLOGY_AND_15_RESEARCH","C:\Users\hpcnd\OneDrive\Desktop\Ramayana\RAMAYAN\ANIMALS\species\cat\resting.md","INVENTORIED"
"species","species\cat\social_behavior.md","social_behavior.md",".md","0","E3B0C44298FC1C149AFBF4C8996FB92427AE41E4649B934CA495991B7852B855","01_BIOLOGY_AND_15_RESEARCH","C:\Users\hpcnd\OneDrive\Desktop\Ramayana\RAMAYAN\ANIMALS\species\cat\social_behavior.md","INVENTORIED"
"species","species\cat\sources.md","sources.md",".md","0","E3B0C44298FC1C149AFBF4C8996FB92427AE41E4649B934CA495991B7852B855","01_BIOLOGY_AND_15_RESEARCH","C:\Users\hpcnd\OneDrive\Desktop\Ramayana\RAMAYAN\ANIMALS\species\cat\sources.md","INVENTORIED"
"species","species\cat\species_profile.md","species_profile.md",".md","0","E3B0C44298FC1C149AFBF4C8996FB92427AE41E4649B934CA495991B7852B855","01_BIOLOGY_AND_15_RESEARCH","C:\Users\hpcnd\OneDrive\Desktop\Ramayana\RAMAYAN\ANIMALS\species\cat\species_profile.md","INVENTORIED"
"species","species\cat\vocalization.md","vocalization.md",".md","0","E3B0C44298FC1C149AFBF4C8996FB92427AE41E4649B934CA495991B7852B855","01_BIOLOGY_AND_15_RESEARCH","C:\Users\hpcnd\OneDrive\Desktop\Ramayana\RAMAYAN\ANIMALS\species\cat\vocalization.md","INVENTORIED"
"species","species\cow\alertness.md","alertness.md",".md","0","E3B0C44298FC1C149AFBF4C8996FB92427AE41E4649B934CA495991B7852B855","01_BIOLOGY_AND_15_RESEARCH","C:\Users\hpcnd\OneDrive\Desktop\Ramayana\RAMAYAN\ANIMALS\species\cow\alertness.md","INVENTORIED"
"species","species\cow\anatomy.md","anatomy.md",".md","0","E3B0C44298FC1C149AFBF4C8996FB92427AE41E4649B934CA495991B7852B855","01_BIOLOGY_AND_15_RESEARCH","C:\Users\hpcnd\OneDrive\Desktop\Ramayana\RAMAYAN\ANIMALS\species\cow\anatomy.md","INVENTORIED"
"species","species\cow\animation_rules.md","animation_rules.md",".md","0","E3B0C44298FC1C149AFBF4C8996FB92427AE41E4649B934CA495991B7852B855","01_BIOLOGY_AND_15_RESEARCH","C:\Users\hpcnd\OneDrive\Desktop\Ramayana\RAMAYAN\ANIMALS\species\cow\animation_rules.md","INVENTORIED"
"species","species\cow\appearance.md","appearance.md",".md","0","E3B0C44298FC1C149AFBF4C8996FB92427AE41E4649B934CA495991B7852B855","01_BIOLOGY_AND_15_RESEARCH","C:\Users\hpcnd\OneDrive\Desktop\Ramayana\RAMAYAN\ANIMALS\species\cow\appearance.md","INVENTORIED"
"species","species\cow\behavior_dna.md","behavior_dna.md",".md","0","E3B0C44298FC1C149AFBF4C8996FB92427AE41E4649B934CA495991B7852B855","01_BIOLOGY_AND_15_RESEARCH","C:\Users\hpcnd\OneDrive\Desktop\Ramayana\RAMAYAN\ANIMALS\species\cow\behavior_dna.md","INVENTORIED"
"species","species\cow\environmental_response.md","environmental_response.md",".md","0","E3B0C44298FC1C149AFBF4C8996FB92427AE41E4649B934CA495991B7852B855","01_BIOLOGY_AND_15_RESEARCH","C:\Users\hpcnd\OneDrive\Desktop\Ramayana\RAMAYAN\ANIMALS\species\cow\environmental_response.md","INVENTORIED"
"species","species\cow\fear_response.md","fear_response.md",".md","0","E3B0C44298FC1C149AFBF4C8996FB92427AE41E4649B934CA495991B7852B855","01_BIOLOGY_AND_15_RESEARCH","C:\Users\hpcnd\OneDrive\Desktop\Ramayana\RAMAYAN\ANIMALS\species\cow\fear_response.md","INVENTORIED"
"species","species\cow\feeding.md","feeding.md",".md","0","E3B0C44298FC1C149AFBF4C8996FB92427AE41E4649B934CA495991B7852B855","01_BIOLOGY_AND_15_RESEARCH","C:\Users\hpcnd\OneDrive\Desktop\Ramayana\RAMAYAN\ANIMALS\species\cow\feeding.md","INVENTORIED"
"species","species\cow\forbidden_behavior.md","forbidden_behavior.md",".md","0","E3B0C44298FC1C149AFBF4C8996FB92427AE41E4649B934CA495991B7852B855","01_BIOLOGY_AND_15_RESEARCH","C:\Users\hpcnd\OneDrive\Desktop\Ramayana\RAMAYAN\ANIMALS\species\cow\forbidden_behavior.md","INVENTORIED"
"species","species\cow\grooming.md","grooming.md",".md","0","E3B0C44298FC1C149AFBF4C8996FB92427AE41E4649B934CA495991B7852B855","01_BIOLOGY_AND_15_RESEARCH","C:\Users\hpcnd\OneDrive\Desktop\Ramayana\RAMAYAN\ANIMALS\species\cow\grooming.md","INVENTORIED"
"species","species\cow\group_behavior.md","group_behavior.md",".md","0","E3B0C44298FC1C149AFBF4C8996FB92427AE41E4649B934CA495991B7852B855","01_BIOLOGY_AND_15_RESEARCH","C:\Users\hpcnd\OneDrive\Desktop\Ramayana\RAMAYAN\ANIMALS\species\cow\group_behavior.md","INVENTORIED"
"species","species\cow\human_interaction.md","human_interaction.md",".md","0","E3B0C44298FC1C149AFBF4C8996FB92427AE41E4649B934CA495991B7852B855","01_BIOLOGY_AND_15_RESEARCH","C:\Users\hpcnd\OneDrive\Desktop\Ramayana\RAMAYAN\ANIMALS\species\cow\human_interaction.md","INVENTORIED"
"species","species\cow\individual_variation.md","individual_variation.md",".md","0","E3B0C44298FC1C149AFBF4C8996FB92427AE41E4649B934CA495991B7852B855","01_BIOLOGY_AND_15_RESEARCH","C:\Users\hpcnd\OneDrive\Desktop\Ramayana\RAMAYAN\ANIMALS\species\cow\individual_variation.md","INVENTORIED"
"species","species\cow\locomotion.md","locomotion.md",".md","0","E3B0C44298FC1C149AFBF4C8996FB92427AE41E4649B934CA495991B7852B855","01_BIOLOGY_AND_15_RESEARCH","C:\Users\hpcnd\OneDrive\Desktop\Ramayana\RAMAYAN\ANIMALS\species\cow\locomotion.md","INVENTORIED"
"species","species\cow\mother_offspring.md","mother_offspring.md",".md","0","E3B0C44298FC1C149AFBF4C8996FB92427AE41E4649B934CA495991B7852B855","01_BIOLOGY_AND_15_RESEARCH","C:\Users\hpcnd\OneDrive\Desktop\Ramayana\RAMAYAN\ANIMALS\species\cow\mother_offspring.md","INVENTORIED"
"species","species\cow\physics.md","physics.md",".md","0","E3B0C44298FC1C149AFBF4C8996FB92427AE41E4649B934CA495991B7852B855","01_BIOLOGY_AND_15_RESEARCH","C:\Users\hpcnd\OneDrive\Desktop\Ramayana\RAMAYAN\ANIMALS\species\cow\physics.md","INVENTORIED"
"species","species\cow\predator_response.md","predator_response.md",".md","0","E3B0C44298FC1C149AFBF4C8996FB92427AE41E4649B934CA495991B7852B855","01_BIOLOGY_AND_15_RESEARCH","C:\Users\hpcnd\OneDrive\Desktop\Ramayana\RAMAYAN\ANIMALS\species\cow\predator_response.md","INVENTORIED"
"species","species\cow\references.md","references.md",".md","0","E3B0C44298FC1C149AFBF4C8996FB92427AE41E4649B934CA495991B7852B855","01_BIOLOGY_AND_15_RESEARCH","C:\Users\hpcnd\OneDrive\Desktop\Ramayana\RAMAYAN\ANIMALS\species\cow\references.md","INVENTORIED"
"species","species\cow\resting.md","resting.md",".md","0","E3B0C44298FC1C149AFBF4C8996FB92427AE41E4649B934CA495991B7852B855","01_BIOLOGY_AND_15_RESEARCH","C:\Users\hpcnd\OneDrive\Desktop\Ramayana\RAMAYAN\ANIMALS\species\cow\resting.md","INVENTORIED"
"species","species\cow\social_behavior.md","social_behavior.md",".md","0","E3B0C44298FC1C149AFBF4C8996FB92427AE41E4649B934CA495991B7852B855","01_BIOLOGY_AND_15_RESEARCH","C:\Users\hpcnd\OneDrive\Desktop\Ramayana\RAMAYAN\ANIMALS\species\cow\social_behavior.md","INVENTORIED"
"species","species\cow\sources.md","sources.md",".md","0","E3B0C44298FC1C149AFBF4C8996FB92427AE41E4649B934CA495991B7852B855","01_BIOLOGY_AND_15_RESEARCH","C:\Users\hpcnd\OneDrive\Desktop\Ramayana\RAMAYAN\ANIMALS\species\cow\sources.md","INVENTORIED"
"species","species\cow\species_profile.md","species_profile.md",".md","0","E3B0C44298FC1C149AFBF4C8996FB92427AE41E4649B934CA495991B7852B855","01_BIOLOGY_AND_15_RESEARCH","C:\Users\hpcnd\OneDrive\Desktop\Ramayana\RAMAYAN\ANIMALS\species\cow\species_profile.md","INVENTORIED"
"species","species\cow\vocalization.md","vocalization.md",".md","0","E3B0C44298FC1C149AFBF4C8996FB92427AE41E4649B934CA495991B7852B855","01_BIOLOGY_AND_15_RESEARCH","C:\Users\hpcnd\OneDrive\Desktop\Ramayana\RAMAYAN\ANIMALS\species\cow\vocalization.md","INVENTORIED"
"species","species\crow\alertness.md","alertness.md",".md","0","E3B0C44298FC1C149AFBF4C8996FB92427AE41E4649B934CA495991B7852B855","01_BIOLOGY_AND_15_RESEARCH","C:\Users\hpcnd\OneDrive\Desktop\Ramayana\RAMAYAN\ANIMALS\species\crow\alertness.md","INVENTORIED"
"species","species\crow\anatomy.md","anatomy.md",".md","0","E3B0C44298FC1C149AFBF4C8996FB92427AE41E4649B934CA495991B7852B855","01_BIOLOGY_AND_15_RESEARCH","C:\Users\hpcnd\OneDrive\Desktop\Ramayana\RAMAYAN\ANIMALS\species\crow\anatomy.md","INVENTORIED"
"species","species\crow\animation_rules.md","animation_rules.md",".md","0","E3B0C44298FC1C149AFBF4C8996FB92427AE41E4649B934CA495991B7852B855","01_BIOLOGY_AND_15_RESEARCH","C:\Users\hpcnd\OneDrive\Desktop\Ramayana\RAMAYAN\ANIMALS\species\crow\animation_rules.md","INVENTORIED"
"species","species\crow\appearance.md","appearance.md",".md","0","E3B0C44298FC1C149AFBF4C8996FB92427AE41E4649B934CA495991B7852B855","01_BIOLOGY_AND_15_RESEARCH","C:\Users\hpcnd\OneDrive\Desktop\Ramayana\RAMAYAN\ANIMALS\species\crow\appearance.md","INVENTORIED"
"species","species\crow\behavior_dna.md","behavior_dna.md",".md","0","E3B0C44298FC1C149AFBF4C8996FB92427AE41E4649B934CA495991B7852B855","01_BIOLOGY_AND_15_RESEARCH","C:\Users\hpcnd\OneDrive\Desktop\Ramayana\RAMAYAN\ANIMALS\species\crow\behavior_dna.md","INVENTORIED"
"species","species\crow\environmental_response.md","environmental_response.md",".md","0","E3B0C44298FC1C149AFBF4C8996FB92427AE41E4649B934CA495991B7852B855","01_BIOLOGY_AND_15_RESEARCH","C:\Users\hpcnd\OneDrive\Desktop\Ramayana\RAMAYAN\ANIMALS\species\crow\environmental_response.md","INVENTORIED"
"species","species\crow\fear_response.md","fear_response.md",".md","0","E3B0C44298FC1C149AFBF4C8996FB92427AE41E4649B934CA495991B7852B855","01_BIOLOGY_AND_15_RESEARCH","C:\Users\hpcnd\OneDrive\Desktop\Ramayana\RAMAYAN\ANIMALS\species\crow\fear_response.md","INVENTORIED"
"species","species\crow\feeding.md","feeding.md",".md","0","E3B0C44298FC1C149AFBF4C8996FB92427AE41E4649B934CA495991B7852B855","01_BIOLOGY_AND_15_RESEARCH","C:\Users\hpcnd\OneDrive\Desktop\Ramayana\RAMAYAN\ANIMALS\species\crow\feeding.md","INVENTORIED"
"species","species\crow\forbidden_behavior.md","forbidden_behavior.md",".md","0","E3B0C44298FC1C149AFBF4C8996FB92427AE41E4649B934CA495991B7852B855","01_BIOLOGY_AND_15_RESEARCH","C:\Users\hpcnd\OneDrive\Desktop\Ramayana\RAMAYAN\ANIMALS\species\crow\forbidden_behavior.md","INVENTORIED"
"species","species\crow\grooming.md","grooming.md",".md","0","E3B0C44298FC1C149AFBF4C8996FB92427AE41E4649B934CA495991B7852B855","01_BIOLOGY_AND_15_RESEARCH","C:\Users\hpcnd\OneDrive\Desktop\Ramayana\RAMAYAN\ANIMALS\species\crow\grooming.md","INVENTORIED"
"species","species\crow\group_behavior.md","group_behavior.md",".md","0","E3B0C44298FC1C149AFBF4C8996FB92427AE41E4649B934CA495991B7852B855","01_BIOLOGY_AND_15_RESEARCH","C:\Users\hpcnd\OneDrive\Desktop\Ramayana\RAMAYAN\ANIMALS\species\crow\group_behavior.md","INVENTORIED"
"species","species\crow\human_interaction.md","human_interaction.md",".md","0","E3B0C44298FC1C149AFBF4C8996FB92427AE41E4649B934CA495991B7852B855","01_BIOLOGY_AND_15_RESEARCH","C:\Users\hpcnd\OneDrive\Desktop\Ramayana\RAMAYAN\ANIMALS\species\crow\human_interaction.md","INVENTORIED"
"species","species\crow\individual_variation.md","individual_variation.md",".md","0","E3B0C44298FC1C149AFBF4C8996FB92427AE41E4649B934CA495991B7852B855","01_BIOLOGY_AND_15_RESEARCH","C:\Users\hpcnd\OneDrive\Desktop\Ramayana\RAMAYAN\ANIMALS\species\crow\individual_variation.md","INVENTORIED"
"species","species\crow\locomotion.md","locomotion.md",".md","0","E3B0C44298FC1C149AFBF4C8996FB92427AE41E4649B934CA495991B7852B855","01_BIOLOGY_AND_15_RESEARCH","C:\Users\hpcnd\OneDrive\Desktop\Ramayana\RAMAYAN\ANIMALS\species\crow\locomotion.md","INVENTORIED"
"species","species\crow\mother_offspring.md","mother_offspring.md",".md","0","E3B0C44298FC1C149AFBF4C8996FB92427AE41E4649B934CA495991B7852B855","01_BIOLOGY_AND_15_RESEARCH","C:\Users\hpcnd\OneDrive\Desktop\Ramayana\RAMAYAN\ANIMALS\species\crow\mother_offspring.md","INVENTORIED"
"species","species\crow\physics.md","physics.md",".md","0","E3B0C44298FC1C149AFBF4C8996FB92427AE41E4649B934CA495991B7852B855","01_BIOLOGY_AND_15_RESEARCH","C:\Users\hpcnd\OneDrive\Desktop\Ramayana\RAMAYAN\ANIMALS\species\crow\physics.md","INVENTORIED"
"species","species\crow\predator_response.md","predator_response.md",".md","0","E3B0C44298FC1C149AFBF4C8996FB92427AE41E4649B934CA495991B7852B855","01_BIOLOGY_AND_15_RESEARCH","C:\Users\hpcnd\OneDrive\Desktop\Ramayana\RAMAYAN\ANIMALS\species\crow\predator_response.md","INVENTORIED"
"species","species\crow\references.md","references.md",".md","0","E3B0C44298FC1C149AFBF4C8996FB92427AE41E4649B934CA495991B7852B855","01_BIOLOGY_AND_15_RESEARCH","C:\Users\hpcnd\OneDrive\Desktop\Ramayana\RAMAYAN\ANIMALS\species\crow\references.md","INVENTORIED"
"species","species\crow\resting.md","resting.md",".md","0","E3B0C44298FC1C149AFBF4C8996FB92427AE41E4649B934CA495991B7852B855","01_BIOLOGY_AND_15_RESEARCH","C:\Users\hpcnd\OneDrive\Desktop\Ramayana\RAMAYAN\ANIMALS\species\crow\resting.md","INVENTORIED"
"species","species\crow\social_behavior.md","social_behavior.md",".md","0","E3B0C44298FC1C149AFBF4C8996FB92427AE41E4649B934CA495991B7852B855","01_BIOLOGY_AND_15_RESEARCH","C:\Users\hpcnd\OneDrive\Desktop\Ramayana\RAMAYAN\ANIMALS\species\crow\social_behavior.md","INVENTORIED"
"species","species\crow\sources.md","sources.md",".md","0","E3B0C44298FC1C149AFBF4C8996FB92427AE41E4649B934CA495991B7852B855","01_BIOLOGY_AND_15_RESEARCH","C:\Users\hpcnd\OneDrive\Desktop\Ramayana\RAMAYAN\ANIMALS\species\crow\sources.md","INVENTORIED"
"species","species\crow\species_profile.md","species_profile.md",".md","0","E3B0C44298FC1C149AFBF4C8996FB92427AE41E4649B934CA495991B7852B855","01_BIOLOGY_AND_15_RESEARCH","C:\Users\hpcnd\OneDrive\Desktop\Ramayana\RAMAYAN\ANIMALS\species\crow\species_profile.md","INVENTORIED"
"species","species\crow\vocalization.md","vocalization.md",".md","0","E3B0C44298FC1C149AFBF4C8996FB92427AE41E4649B934CA495991B7852B855","01_BIOLOGY_AND_15_RESEARCH","C:\Users\hpcnd\OneDrive\Desktop\Ramayana\RAMAYAN\ANIMALS\species\crow\vocalization.md","INVENTORIED"
"species","species\deer\alertness.md","alertness.md",".md","0","E3B0C44298FC1C149AFBF4C8996FB92427AE41E4649B934CA495991B7852B855","01_BIOLOGY_AND_15_RESEARCH","C:\Users\hpcnd\OneDrive\Desktop\Ramayana\RAMAYAN\ANIMALS\species\deer\alertness.md","INVENTORIED"
"species","species\deer\anatomy.md","anatomy.md",".md","0","E3B0C44298FC1C149AFBF4C8996FB92427AE41E4649B934CA495991B7852B855","01_BIOLOGY_AND_15_RESEARCH","C:\Users\hpcnd\OneDrive\Desktop\Ramayana\RAMAYAN\ANIMALS\species\deer\anatomy.md","INVENTORIED"
"species","species\deer\animation_rules.md","animation_rules.md",".md","0","E3B0C44298FC1C149AFBF4C8996FB92427AE41E4649B934CA495991B7852B855","01_BIOLOGY_AND_15_RESEARCH","C:\Users\hpcnd\OneDrive\Desktop\Ramayana\RAMAYAN\ANIMALS\species\deer\animation_rules.md","INVENTORIED"
"species","species\deer\appearance.md","appearance.md",".md","0","E3B0C44298FC1C149AFBF4C8996FB92427AE41E4649B934CA495991B7852B855","01_BIOLOGY_AND_15_RESEARCH","C:\Users\hpcnd\OneDrive\Desktop\Ramayana\RAMAYAN\ANIMALS\species\deer\appearance.md","INVENTORIED"
"species","species\deer\behavior_dna.md","behavior_dna.md",".md","0","E3B0C44298FC1C149AFBF4C8996FB92427AE41E4649B934CA495991B7852B855","01_BIOLOGY_AND_15_RESEARCH","C:\Users\hpcnd\OneDrive\Desktop\Ramayana\RAMAYAN\ANIMALS\species\deer\behavior_dna.md","INVENTORIED"
"species","species\deer\environmental_response.md","environmental_response.md",".md","0","E3B0C44298FC1C149AFBF4C8996FB92427AE41E4649B934CA495991B7852B855","01_BIOLOGY_AND_15_RESEARCH","C:\Users\hpcnd\OneDrive\Desktop\Ramayana\RAMAYAN\ANIMALS\species\deer\environmental_response.md","INVENTORIED"
"species","species\deer\fear_response.md","fear_response.md",".md","0","E3B0C44298FC1C149AFBF4C8996FB92427AE41E4649B934CA495991B7852B855","01_BIOLOGY_AND_15_RESEARCH","C:\Users\hpcnd\OneDrive\Desktop\Ramayana\RAMAYAN\ANIMALS\species\deer\fear_response.md","INVENTORIED"
"species","species\deer\feeding.md","feeding.md",".md","0","E3B0C44298FC1C149AFBF4C8996FB92427AE41E4649B934CA495991B7852B855","01_BIOLOGY_AND_15_RESEARCH","C:\Users\hpcnd\OneDrive\Desktop\Ramayana\RAMAYAN\ANIMALS\species\deer\feeding.md","INVENTORIED"
"species","species\deer\forbidden_behavior.md","forbidden_behavior.md",".md","0","E3B0C44298FC1C149AFBF4C8996FB92427AE41E4649B934CA495991B7852B855","01_BIOLOGY_AND_15_RESEARCH","C:\Users\hpcnd\OneDrive\Desktop\Ramayana\RAMAYAN\ANIMALS\species\deer\forbidden_behavior.md","INVENTORIED"
"species","species\deer\grooming.md","grooming.md",".md","0","E3B0C44298FC1C149AFBF4C8996FB92427AE41E4649B934CA495991B7852B855","01_BIOLOGY_AND_15_RESEARCH","C:\Users\hpcnd\OneDrive\Desktop\Ramayana\RAMAYAN\ANIMALS\species\deer\grooming.md","INVENTORIED"
"species","species\deer\group_behavior.md","group_behavior.md",".md","0","E3B0C44298FC1C149AFBF4C8996FB92427AE41E4649B934CA495991B7852B855","01_BIOLOGY_AND_15_RESEARCH","C:\Users\hpcnd\OneDrive\Desktop\Ramayana\RAMAYAN\ANIMALS\species\deer\group_behavior.md","INVENTORIED"
"species","species\deer\human_interaction.md","human_interaction.md",".md","0","E3B0C44298FC1C149AFBF4C8996FB92427AE41E4649B934CA495991B7852B855","01_BIOLOGY_AND_15_RESEARCH","C:\Users\hpcnd\OneDrive\Desktop\Ramayana\RAMAYAN\ANIMALS\species\deer\human_interaction.md","INVENTORIED"
"species","species\deer\individual_variation.md","individual_variation.md",".md","0","E3B0C44298FC1C149AFBF4C8996FB92427AE41E4649B934CA495991B7852B855","01_BIOLOGY_AND_15_RESEARCH","C:\Users\hpcnd\OneDrive\Desktop\Ramayana\RAMAYAN\ANIMALS\species\deer\individual_variation.md","INVENTORIED"
"species","species\deer\locomotion.md","locomotion.md",".md","0","E3B0C44298FC1C149AFBF4C8996FB92427AE41E4649B934CA495991B7852B855","01_BIOLOGY_AND_15_RESEARCH","C:\Users\hpcnd\OneDrive\Desktop\Ramayana\RAMAYAN\ANIMALS\species\deer\locomotion.md","INVENTORIED"
"species","species\deer\mother_offspring.md","mother_offspring.md",".md","0","E3B0C44298FC1C149AFBF4C8996FB92427AE41E4649B934CA495991B7852B855","01_BIOLOGY_AND_15_RESEARCH","C:\Users\hpcnd\OneDrive\Desktop\Ramayana\RAMAYAN\ANIMALS\species\deer\mother_offspring.md","INVENTORIED"
"species","species\deer\physics.md","physics.md",".md","0","E3B0C44298FC1C149AFBF4C8996FB92427AE41E4649B934CA495991B7852B855","01_BIOLOGY_AND_15_RESEARCH","C:\Users\hpcnd\OneDrive\Desktop\Ramayana\RAMAYAN\ANIMALS\species\deer\physics.md","INVENTORIED"
"species","species\deer\predator_response.md","predator_response.md",".md","0","E3B0C44298FC1C149AFBF4C8996FB92427AE41E4649B934CA495991B7852B855","01_BIOLOGY_AND_15_RESEARCH","C:\Users\hpcnd\OneDrive\Desktop\Ramayana\RAMAYAN\ANIMALS\species\deer\predator_response.md","INVENTORIED"
"species","species\deer\references.md","references.md",".md","0","E3B0C44298FC1C149AFBF4C8996FB92427AE41E4649B934CA495991B7852B855","01_BIOLOGY_AND_15_RESEARCH","C:\Users\hpcnd\OneDrive\Desktop\Ramayana\RAMAYAN\ANIMALS\species\deer\references.md","INVENTORIED"
"species","species\deer\resting.md","resting.md",".md","0","E3B0C44298FC1C149AFBF4C8996FB92427AE41E4649B934CA495991B7852B855","01_BIOLOGY_AND_15_RESEARCH","C:\Users\hpcnd\OneDrive\Desktop\Ramayana\RAMAYAN\ANIMALS\species\deer\resting.md","INVENTORIED"
"species","species\deer\social_behavior.md","social_behavior.md",".md","0","E3B0C44298FC1C149AFBF4C8996FB92427AE41E4649B934CA495991B7852B855","01_BIOLOGY_AND_15_RESEARCH","C:\Users\hpcnd\OneDrive\Desktop\Ramayana\RAMAYAN\ANIMALS\species\deer\social_behavior.md","INVENTORIED"
"species","species\deer\sources.md","sources.md",".md","0","E3B0C44298FC1C149AFBF4C8996FB92427AE41E4649B934CA495991B7852B855","01_BIOLOGY_AND_15_RESEARCH","C:\Users\hpcnd\OneDrive\Desktop\Ramayana\RAMAYAN\ANIMALS\species\deer\sources.md","INVENTORIED"
"species","species\deer\species_profile.md","species_profile.md",".md","0","E3B0C44298FC1C149AFBF4C8996FB92427AE41E4649B934CA495991B7852B855","01_BIOLOGY_AND_15_RESEARCH","C:\Users\hpcnd\OneDrive\Desktop\Ramayana\RAMAYAN\ANIMALS\species\deer\species_profile.md","INVENTORIED"
"species","species\deer\vocalization.md","vocalization.md",".md","0","E3B0C44298FC1C149AFBF4C8996FB92427AE41E4649B934CA495991B7852B855","01_BIOLOGY_AND_15_RESEARCH","C:\Users\hpcnd\OneDrive\Desktop\Ramayana\RAMAYAN\ANIMALS\species\deer\vocalization.md","INVENTORIED"
"species","species\dog\alertness.md","alertness.md",".md","0","E3B0C44298FC1C149AFBF4C8996FB92427AE41E4649B934CA495991B7852B855","01_BIOLOGY_AND_15_RESEARCH","C:\Users\hpcnd\OneDrive\Desktop\Ramayana\RAMAYAN\ANIMALS\species\dog\alertness.md","INVENTORIED"
"species","species\dog\anatomy.md","anatomy.md",".md","0","E3B0C44298FC1C149AFBF4C8996FB92427AE41E4649B934CA495991B7852B855","01_BIOLOGY_AND_15_RESEARCH","C:\Users\hpcnd\OneDrive\Desktop\Ramayana\RAMAYAN\ANIMALS\species\dog\anatomy.md","INVENTORIED"
"species","species\dog\animation_rules.md","animation_rules.md",".md","0","E3B0C44298FC1C149AFBF4C8996FB92427AE41E4649B934CA495991B7852B855","01_BIOLOGY_AND_15_RESEARCH","C:\Users\hpcnd\OneDrive\Desktop\Ramayana\RAMAYAN\ANIMALS\species\dog\animation_rules.md","INVENTORIED"
"species","species\dog\appearance.md","appearance.md",".md","0","E3B0C44298FC1C149AFBF4C8996FB92427AE41E4649B934CA495991B7852B855","01_BIOLOGY_AND_15_RESEARCH","C:\Users\hpcnd\OneDrive\Desktop\Ramayana\RAMAYAN\ANIMALS\species\dog\appearance.md","INVENTORIED"
"species","species\dog\behavior_dna.md","behavior_dna.md",".md","0","E3B0C44298FC1C149AFBF4C8996FB92427AE41E4649B934CA495991B7852B855","01_BIOLOGY_AND_15_RESEARCH","C:\Users\hpcnd\OneDrive\Desktop\Ramayana\RAMAYAN\ANIMALS\species\dog\behavior_dna.md","INVENTORIED"
"species","species\dog\environmental_response.md","environmental_response.md",".md","0","E3B0C44298FC1C149AFBF4C8996FB92427AE41E4649B934CA495991B7852B855","01_BIOLOGY_AND_15_RESEARCH","C:\Users\hpcnd\OneDrive\Desktop\Ramayana\RAMAYAN\ANIMALS\species\dog\environmental_response.md","INVENTORIED"
"species","species\dog\fear_response.md","fear_response.md",".md","0","E3B0C44298FC1C149AFBF4C8996FB92427AE41E4649B934CA495991B7852B855","01_BIOLOGY_AND_15_RESEARCH","C:\Users\hpcnd\OneDrive\Desktop\Ramayana\RAMAYAN\ANIMALS\species\dog\fear_response.md","INVENTORIED"
"species","species\dog\feeding.md","feeding.md",".md","0","E3B0C44298FC1C149AFBF4C8996FB92427AE41E4649B934CA495991B7852B855","01_BIOLOGY_AND_15_RESEARCH","C:\Users\hpcnd\OneDrive\Desktop\Ramayana\RAMAYAN\ANIMALS\species\dog\feeding.md","INVENTORIED"
"species","species\dog\forbidden_behavior.md","forbidden_behavior.md",".md","0","E3B0C44298FC1C149AFBF4C8996FB92427AE41E4649B934CA495991B7852B855","01_BIOLOGY_AND_15_RESEARCH","C:\Users\hpcnd\OneDrive\Desktop\Ramayana\RAMAYAN\ANIMALS\species\dog\forbidden_behavior.md","INVENTORIED"
"species","species\dog\grooming.md","grooming.md",".md","0","E3B0C44298FC1C149AFBF4C8996FB92427AE41E4649B934CA495991B7852B855","01_BIOLOGY_AND_15_RESEARCH","C:\Users\hpcnd\OneDrive\Desktop\Ramayana\RAMAYAN\ANIMALS\species\dog\grooming.md","INVENTORIED"
"species","species\dog\group_behavior.md","group_behavior.md",".md","0","E3B0C44298FC1C149AFBF4C8996FB92427AE41E4649B934CA495991B7852B855","01_BIOLOGY_AND_15_RESEARCH","C:\Users\hpcnd\OneDrive\Desktop\Ramayana\RAMAYAN\ANIMALS\species\dog\group_behavior.md","INVENTORIED"
"species","species\dog\human_interaction.md","human_interaction.md",".md","0","E3B0C44298FC1C149AFBF4C8996FB92427AE41E4649B934CA495991B7852B855","01_BIOLOGY_AND_15_RESEARCH","C:\Users\hpcnd\OneDrive\Desktop\Ramayana\RAMAYAN\ANIMALS\species\dog\human_interaction.md","INVENTORIED"
"species","species\dog\individual_variation.md","individual_variation.md",".md","0","E3B0C44298FC1C149AFBF4C8996FB92427AE41E4649B934CA495991B7852B855","01_BIOLOGY_AND_15_RESEARCH","C:\Users\hpcnd\OneDrive\Desktop\Ramayana\RAMAYAN\ANIMALS\species\dog\individual_variation.md","INVENTORIED"
"species","species\dog\locomotion.md","locomotion.md",".md","0","E3B0C44298FC1C149AFBF4C8996FB92427AE41E4649B934CA495991B7852B855","01_BIOLOGY_AND_15_RESEARCH","C:\Users\hpcnd\OneDrive\Desktop\Ramayana\RAMAYAN\ANIMALS\species\dog\locomotion.md","INVENTORIED"
"species","species\dog\mother_offspring.md","mother_offspring.md",".md","0","E3B0C44298FC1C149AFBF4C8996FB92427AE41E4649B934CA495991B7852B855","01_BIOLOGY_AND_15_RESEARCH","C:\Users\hpcnd\OneDrive\Desktop\Ramayana\RAMAYAN\ANIMALS\species\dog\mother_offspring.md","INVENTORIED"
"species","species\dog\physics.md","physics.md",".md","0","E3B0C44298FC1C149AFBF4C8996FB92427AE41E4649B934CA495991B7852B855","01_BIOLOGY_AND_15_RESEARCH","C:\Users\hpcnd\OneDrive\Desktop\Ramayana\RAMAYAN\ANIMALS\species\dog\physics.md","INVENTORIED"
"species","species\dog\predator_response.md","predator_response.md",".md","0","E3B0C44298FC1C149AFBF4C8996FB92427AE41E4649B934CA495991B7852B855","01_BIOLOGY_AND_15_RESEARCH","C:\Users\hpcnd\OneDrive\Desktop\Ramayana\RAMAYAN\ANIMALS\species\dog\predator_response.md","INVENTORIED"
"species","species\dog\references.md","references.md",".md","0","E3B0C44298FC1C149AFBF4C8996FB92427AE41E4649B934CA495991B7852B855","01_BIOLOGY_AND_15_RESEARCH","C:\Users\hpcnd\OneDrive\Desktop\Ramayana\RAMAYAN\ANIMALS\species\dog\references.md","INVENTORIED"
"species","species\dog\resting.md","resting.md",".md","0","E3B0C44298FC1C149AFBF4C8996FB92427AE41E4649B934CA495991B7852B855","01_BIOLOGY_AND_15_RESEARCH","C:\Users\hpcnd\OneDrive\Desktop\Ramayana\RAMAYAN\ANIMALS\species\dog\resting.md","INVENTORIED"
"species","species\dog\social_behavior.md","social_behavior.md",".md","0","E3B0C44298FC1C149AFBF4C8996FB92427AE41E4649B934CA495991B7852B855","01_BIOLOGY_AND_15_RESEARCH","C:\Users\hpcnd\OneDrive\Desktop\Ramayana\RAMAYAN\ANIMALS\species\dog\social_behavior.md","INVENTORIED"
"species","species\dog\sources.md","sources.md",".md","0","E3B0C44298FC1C149AFBF4C8996FB92427AE41E4649B934CA495991B7852B855","01_BIOLOGY_AND_15_RESEARCH","C:\Users\hpcnd\OneDrive\Desktop\Ramayana\RAMAYAN\ANIMALS\species\dog\sources.md","INVENTORIED"
"species","species\dog\species_profile.md","species_profile.md",".md","0","E3B0C44298FC1C149AFBF4C8996FB92427AE41E4649B934CA495991B7852B855","01_BIOLOGY_AND_15_RESEARCH","C:\Users\hpcnd\OneDrive\Desktop\Ramayana\RAMAYAN\ANIMALS\species\dog\species_profile.md","INVENTORIED"
"species","species\dog\vocalization.md","vocalization.md",".md","0","E3B0C44298FC1C149AFBF4C8996FB92427AE41E4649B934CA495991B7852B855","01_BIOLOGY_AND_15_RESEARCH","C:\Users\hpcnd\OneDrive\Desktop\Ramayana\RAMAYAN\ANIMALS\species\dog\vocalization.md","INVENTORIED"
"species","species\donkey\alertness.md","alertness.md",".md","0","E3B0C44298FC1C149AFBF4C8996FB92427AE41E4649B934CA495991B7852B855","01_BIOLOGY_AND_15_RESEARCH","C:\Users\hpcnd\OneDrive\Desktop\Ramayana\RAMAYAN\ANIMALS\species\donkey\alertness.md","INVENTORIED"
"species","species\donkey\anatomy.md","anatomy.md",".md","0","E3B0C44298FC1C149AFBF4C8996FB92427AE41E4649B934CA495991B7852B855","01_BIOLOGY_AND_15_RESEARCH","C:\Users\hpcnd\OneDrive\Desktop\Ramayana\RAMAYAN\ANIMALS\species\donkey\anatomy.md","INVENTORIED"
"species","species\donkey\animation_rules.md","animation_rules.md",".md","0","E3B0C44298FC1C149AFBF4C8996FB92427AE41E4649B934CA495991B7852B855","01_BIOLOGY_AND_15_RESEARCH","C:\Users\hpcnd\OneDrive\Desktop\Ramayana\RAMAYAN\ANIMALS\species\donkey\animation_rules.md","INVENTORIED"
"species","species\donkey\appearance.md","appearance.md",".md","0","E3B0C44298FC1C149AFBF4C8996FB92427AE41E4649B934CA495991B7852B855","01_BIOLOGY_AND_15_RESEARCH","C:\Users\hpcnd\OneDrive\Desktop\Ramayana\RAMAYAN\ANIMALS\species\donkey\appearance.md","INVENTORIED"
"species","species\donkey\behavior_dna.md","behavior_dna.md",".md","0","E3B0C44298FC1C149AFBF4C8996FB92427AE41E4649B934CA495991B7852B855","01_BIOLOGY_AND_15_RESEARCH","C:\Users\hpcnd\OneDrive\Desktop\Ramayana\RAMAYAN\ANIMALS\species\donkey\behavior_dna.md","INVENTORIED"
"species","species\donkey\environmental_response.md","environmental_response.md",".md","0","E3B0C44298FC1C149AFBF4C8996FB92427AE41E4649B934CA495991B7852B855","01_BIOLOGY_AND_15_RESEARCH","C:\Users\hpcnd\OneDrive\Desktop\Ramayana\RAMAYAN\ANIMALS\species\donkey\environmental_response.md","INVENTORIED"
"species","species\donkey\fear_response.md","fear_response.md",".md","0","E3B0C44298FC1C149AFBF4C8996FB92427AE41E4649B934CA495991B7852B855","01_BIOLOGY_AND_15_RESEARCH","C:\Users\hpcnd\OneDrive\Desktop\Ramayana\RAMAYAN\ANIMALS\species\donkey\fear_response.md","INVENTORIED"
"species","species\donkey\feeding.md","feeding.md",".md","0","E3B0C44298FC1C149AFBF4C8996FB92427AE41E4649B934CA495991B7852B855","01_BIOLOGY_AND_15_RESEARCH","C:\Users\hpcnd\OneDrive\Desktop\Ramayana\RAMAYAN\ANIMALS\species\donkey\feeding.md","INVENTORIED"
"species","species\donkey\forbidden_behavior.md","forbidden_behavior.md",".md","0","E3B0C44298FC1C149AFBF4C8996FB92427AE41E4649B934CA495991B7852B855","01_BIOLOGY_AND_15_RESEARCH","C:\Users\hpcnd\OneDrive\Desktop\Ramayana\RAMAYAN\ANIMALS\species\donkey\forbidden_behavior.md","INVENTORIED"
"species","species\donkey\grooming.md","grooming.md",".md","0","E3B0C44298FC1C149AFBF4C8996FB92427AE41E4649B934CA495991B7852B855","01_BIOLOGY_AND_15_RESEARCH","C:\Users\hpcnd\OneDrive\Desktop\Ramayana\RAMAYAN\ANIMALS\species\donkey\grooming.md","INVENTORIED"
"species","species\donkey\group_behavior.md","group_behavior.md",".md","0","E3B0C44298FC1C149AFBF4C8996FB92427AE41E4649B934CA495991B7852B855","01_BIOLOGY_AND_15_RESEARCH","C:\Users\hpcnd\OneDrive\Desktop\Ramayana\RAMAYAN\ANIMALS\species\donkey\group_behavior.md","INVENTORIED"
"species","species\donkey\human_interaction.md","human_interaction.md",".md","0","E3B0C44298FC1C149AFBF4C8996FB92427AE41E4649B934CA495991B7852B855","01_BIOLOGY_AND_15_RESEARCH","C:\Users\hpcnd\OneDrive\Desktop\Ramayana\RAMAYAN\ANIMALS\species\donkey\human_interaction.md","INVENTORIED"
"species","species\donkey\individual_variation.md","individual_variation.md",".md","0","E3B0C44298FC1C149AFBF4C8996FB92427AE41E4649B934CA495991B7852B855","01_BIOLOGY_AND_15_RESEARCH","C:\Users\hpcnd\OneDrive\Desktop\Ramayana\RAMAYAN\ANIMALS\species\donkey\individual_variation.md","INVENTORIED"
"species","species\donkey\locomotion.md","locomotion.md",".md","0","E3B0C44298FC1C149AFBF4C8996FB92427AE41E4649B934CA495991B7852B855","01_BIOLOGY_AND_15_RESEARCH","C:\Users\hpcnd\OneDrive\Desktop\Ramayana\RAMAYAN\ANIMALS\species\donkey\locomotion.md","INVENTORIED"
"species","species\donkey\mother_offspring.md","mother_offspring.md",".md","0","E3B0C44298FC1C149AFBF4C8996FB92427AE41E4649B934CA495991B7852B855","01_BIOLOGY_AND_15_RESEARCH","C:\Users\hpcnd\OneDrive\Desktop\Ramayana\RAMAYAN\ANIMALS\species\donkey\mother_offspring.md","INVENTORIED"
"species","species\donkey\physics.md","physics.md",".md","0","E3B0C44298FC1C149AFBF4C8996FB92427AE41E4649B934CA495991B7852B855","01_BIOLOGY_AND_15_RESEARCH","C:\Users\hpcnd\OneDrive\Desktop\Ramayana\RAMAYAN\ANIMALS\species\donkey\physics.md","INVENTORIED"
"species","species\donkey\predator_response.md","predator_response.md",".md","0","E3B0C44298FC1C149AFBF4C8996FB92427AE41E4649B934CA495991B7852B855","01_BIOLOGY_AND_15_RESEARCH","C:\Users\hpcnd\OneDrive\Desktop\Ramayana\RAMAYAN\ANIMALS\species\donkey\predator_response.md","INVENTORIED"
"species","species\donkey\references.md","references.md",".md","0","E3B0C44298FC1C149AFBF4C8996FB92427AE41E4649B934CA495991B7852B855","01_BIOLOGY_AND_15_RESEARCH","C:\Users\hpcnd\OneDrive\Desktop\Ramayana\RAMAYAN\ANIMALS\species\donkey\references.md","INVENTORIED"
"species","species\donkey\resting.md","resting.md",".md","0","E3B0C44298FC1C149AFBF4C8996FB92427AE41E4649B934CA495991B7852B855","01_BIOLOGY_AND_15_RESEARCH","C:\Users\hpcnd\OneDrive\Desktop\Ramayana\RAMAYAN\ANIMALS\species\donkey\resting.md","INVENTORIED"
"species","species\donkey\social_behavior.md","social_behavior.md",".md","0","E3B0C44298FC1C149AFBF4C8996FB92427AE41E4649B934CA495991B7852B855","01_BIOLOGY_AND_15_RESEARCH","C:\Users\hpcnd\OneDrive\Desktop\Ramayana\RAMAYAN\ANIMALS\species\donkey\social_behavior.md","INVENTORIED"
"species","species\donkey\sources.md","sources.md",".md","0","E3B0C44298FC1C149AFBF4C8996FB92427AE41E4649B934CA495991B7852B855","01_BIOLOGY_AND_15_RESEARCH","C:\Users\hpcnd\OneDrive\Desktop\Ramayana\RAMAYAN\ANIMALS\species\donkey\sources.md","INVENTORIED"
"species","species\donkey\species_profile.md","species_profile.md",".md","0","E3B0C44298FC1C149AFBF4C8996FB92427AE41E4649B934CA495991B7852B855","01_BIOLOGY_AND_15_RESEARCH","C:\Users\hpcnd\OneDrive\Desktop\Ramayana\RAMAYAN\ANIMALS\species\donkey\species_profile.md","INVENTORIED"
"species","species\donkey\vocalization.md","vocalization.md",".md","0","E3B0C44298FC1C149AFBF4C8996FB92427AE41E4649B934CA495991B7852B855","01_BIOLOGY_AND_15_RESEARCH","C:\Users\hpcnd\OneDrive\Desktop\Ramayana\RAMAYAN\ANIMALS\species\donkey\vocalization.md","INVENTORIED"
"species","species\eagle\alertness.md","alertness.md",".md","0","E3B0C44298FC1C149AFBF4C8996FB92427AE41E4649B934CA495991B7852B855","01_BIOLOGY_AND_15_RESEARCH","C:\Users\hpcnd\OneDrive\Desktop\Ramayana\RAMAYAN\ANIMALS\species\eagle\alertness.md","INVENTORIED"
"species","species\eagle\anatomy.md","anatomy.md",".md","0","E3B0C44298FC1C149AFBF4C8996FB92427AE41E4649B934CA495991B7852B855","01_BIOLOGY_AND_15_RESEARCH","C:\Users\hpcnd\OneDrive\Desktop\Ramayana\RAMAYAN\ANIMALS\species\eagle\anatomy.md","INVENTORIED"
"species","species\eagle\animation_rules.md","animation_rules.md",".md","0","E3B0C44298FC1C149AFBF4C8996FB92427AE41E4649B934CA495991B7852B855","01_BIOLOGY_AND_15_RESEARCH","C:\Users\hpcnd\OneDrive\Desktop\Ramayana\RAMAYAN\ANIMALS\species\eagle\animation_rules.md","INVENTORIED"
"species","species\eagle\appearance.md","appearance.md",".md","0","E3B0C44298FC1C149AFBF4C8996FB92427AE41E4649B934CA495991B7852B855","01_BIOLOGY_AND_15_RESEARCH","C:\Users\hpcnd\OneDrive\Desktop\Ramayana\RAMAYAN\ANIMALS\species\eagle\appearance.md","INVENTORIED"
"species","species\eagle\behavior_dna.md","behavior_dna.md",".md","0","E3B0C44298FC1C149AFBF4C8996FB92427AE41E4649B934CA495991B7852B855","01_BIOLOGY_AND_15_RESEARCH","C:\Users\hpcnd\OneDrive\Desktop\Ramayana\RAMAYAN\ANIMALS\species\eagle\behavior_dna.md","INVENTORIED"
"species","species\eagle\environmental_response.md","environmental_response.md",".md","0","E3B0C44298FC1C149AFBF4C8996FB92427AE41E4649B934CA495991B7852B855","01_BIOLOGY_AND_15_RESEARCH","C:\Users\hpcnd\OneDrive\Desktop\Ramayana\RAMAYAN\ANIMALS\species\eagle\environmental_response.md","INVENTORIED"
"species","species\eagle\fear_response.md","fear_response.md",".md","0","E3B0C44298FC1C149AFBF4C8996FB92427AE41E4649B934CA495991B7852B855","01_BIOLOGY_AND_15_RESEARCH","C:\Users\hpcnd\OneDrive\Desktop\Ramayana\RAMAYAN\ANIMALS\species\eagle\fear_response.md","INVENTORIED"
"species","species\eagle\feeding.md","feeding.md",".md","0","E3B0C44298FC1C149AFBF4C8996FB92427AE41E4649B934CA495991B7852B855","01_BIOLOGY_AND_15_RESEARCH","C:\Users\hpcnd\OneDrive\Desktop\Ramayana\RAMAYAN\ANIMALS\species\eagle\feeding.md","INVENTORIED"
"species","species\eagle\forbidden_behavior.md","forbidden_behavior.md",".md","0","E3B0C44298FC1C149AFBF4C8996FB92427AE41E4649B934CA495991B7852B855","01_BIOLOGY_AND_15_RESEARCH","C:\Users\hpcnd\OneDrive\Desktop\Ramayana\RAMAYAN\ANIMALS\species\eagle\forbidden_behavior.md","INVENTORIED"
"species","species\eagle\grooming.md","grooming.md",".md","0","E3B0C44298FC1C149AFBF4C8996FB92427AE41E4649B934CA495991B7852B855","01_BIOLOGY_AND_15_RESEARCH","C:\Users\hpcnd\OneDrive\Desktop\Ramayana\RAMAYAN\ANIMALS\species\eagle\grooming.md","INVENTORIED"
"species","species\eagle\group_behavior.md","group_behavior.md",".md","0","E3B0C44298FC1C149AFBF4C8996FB92427AE41E4649B934CA495991B7852B855","01_BIOLOGY_AND_15_RESEARCH","C:\Users\hpcnd\OneDrive\Desktop\Ramayana\RAMAYAN\ANIMALS\species\eagle\group_behavior.md","INVENTORIED"
"species","species\eagle\human_interaction.md","human_interaction.md",".md","0","E3B0C44298FC1C149AFBF4C8996FB92427AE41E4649B934CA495991B7852B855","01_BIOLOGY_AND_15_RESEARCH","C:\Users\hpcnd\OneDrive\Desktop\Ramayana\RAMAYAN\ANIMALS\species\eagle\human_interaction.md","INVENTORIED"
"species","species\eagle\individual_variation.md","individual_variation.md",".md","0","E3B0C44298FC1C149AFBF4C8996FB92427AE41E4649B934CA495991B7852B855","01_BIOLOGY_AND_15_RESEARCH","C:\Users\hpcnd\OneDrive\Desktop\Ramayana\RAMAYAN\ANIMALS\species\eagle\individual_variation.md","INVENTORIED"
"species","species\eagle\locomotion.md","locomotion.md",".md","0","E3B0C44298FC1C149AFBF4C8996FB92427AE41E4649B934CA495991B7852B855","01_BIOLOGY_AND_15_RESEARCH","C:\Users\hpcnd\OneDrive\Desktop\Ramayana\RAMAYAN\ANIMALS\species\eagle\locomotion.md","INVENTORIED"
"species","species\eagle\mother_offspring.md","mother_offspring.md",".md","0","E3B0C44298FC1C149AFBF4C8996FB92427AE41E4649B934CA495991B7852B855","01_BIOLOGY_AND_15_RESEARCH","C:\Users\hpcnd\OneDrive\Desktop\Ramayana\RAMAYAN\ANIMALS\species\eagle\mother_offspring.md","INVENTORIED"
"species","species\eagle\physics.md","physics.md",".md","0","E3B0C44298FC1C149AFBF4C8996FB92427AE41E4649B934CA495991B7852B855","01_BIOLOGY_AND_15_RESEARCH","C:\Users\hpcnd\OneDrive\Desktop\Ramayana\RAMAYAN\ANIMALS\species\eagle\physics.md","INVENTORIED"
"species","species\eagle\predator_response.md","predator_response.md",".md","0","E3B0C44298FC1C149AFBF4C8996FB92427AE41E4649B934CA495991B7852B855","01_BIOLOGY_AND_15_RESEARCH","C:\Users\hpcnd\OneDrive\Desktop\Ramayana\RAMAYAN\ANIMALS\species\eagle\predator_response.md","INVENTORIED"
"species","species\eagle\references.md","references.md",".md","0","E3B0C44298FC1C149AFBF4C8996FB92427AE41E4649B934CA495991B7852B855","01_BIOLOGY_AND_15_RESEARCH","C:\Users\hpcnd\OneDrive\Desktop\Ramayana\RAMAYAN\ANIMALS\species\eagle\references.md","INVENTORIED"
"species","species\eagle\resting.md","resting.md",".md","0","E3B0C44298FC1C149AFBF4C8996FB92427AE41E4649B934CA495991B7852B855","01_BIOLOGY_AND_15_RESEARCH","C:\Users\hpcnd\OneDrive\Desktop\Ramayana\RAMAYAN\ANIMALS\species\eagle\resting.md","INVENTORIED"
"species","species\eagle\social_behavior.md","social_behavior.md",".md","0","E3B0C44298FC1C149AFBF4C8996FB92427AE41E4649B934CA495991B7852B855","01_BIOLOGY_AND_15_RESEARCH","C:\Users\hpcnd\OneDrive\Desktop\Ramayana\RAMAYAN\ANIMALS\species\eagle\social_behavior.md","INVENTORIED"
"species","species\eagle\sources.md","sources.md",".md","0","E3B0C44298FC1C149AFBF4C8996FB92427AE41E4649B934CA495991B7852B855","01_BIOLOGY_AND_15_RESEARCH","C:\Users\hpcnd\OneDrive\Desktop\Ramayana\RAMAYAN\ANIMALS\species\eagle\sources.md","INVENTORIED"
"species","species\eagle\species_profile.md","species_profile.md",".md","0","E3B0C44298FC1C149AFBF4C8996FB92427AE41E4649B934CA495991B7852B855","01_BIOLOGY_AND_15_RESEARCH","C:\Users\hpcnd\OneDrive\Desktop\Ramayana\RAMAYAN\ANIMALS\species\eagle\species_profile.md","INVENTORIED"
"species","species\eagle\vocalization.md","vocalization.md",".md","0","E3B0C44298FC1C149AFBF4C8996FB92427AE41E4649B934CA495991B7852B855","01_BIOLOGY_AND_15_RESEARCH","C:\Users\hpcnd\OneDrive\Desktop\Ramayana\RAMAYAN\ANIMALS\species\eagle\vocalization.md","INVENTORIED"
"species","species\elephant\alertness.md","alertness.md",".md","0","E3B0C44298FC1C149AFBF4C8996FB92427AE41E4649B934CA495991B7852B855","01_BIOLOGY_AND_15_RESEARCH","C:\Users\hpcnd\OneDrive\Desktop\Ramayana\RAMAYAN\ANIMALS\species\elephant\alertness.md","INVENTORIED"
"species","species\elephant\anatomy.md","anatomy.md",".md","0","E3B0C44298FC1C149AFBF4C8996FB92427AE41E4649B934CA495991B7852B855","01_BIOLOGY_AND_15_RESEARCH","C:\Users\hpcnd\OneDrive\Desktop\Ramayana\RAMAYAN\ANIMALS\species\elephant\anatomy.md","INVENTORIED"
"species","species\elephant\animation_rules.md","animation_rules.md",".md","0","E3B0C44298FC1C149AFBF4C8996FB92427AE41E4649B934CA495991B7852B855","01_BIOLOGY_AND_15_RESEARCH","C:\Users\hpcnd\OneDrive\Desktop\Ramayana\RAMAYAN\ANIMALS\species\elephant\animation_rules.md","INVENTORIED"
"species","species\elephant\appearance.md","appearance.md",".md","0","E3B0C44298FC1C149AFBF4C8996FB92427AE41E4649B934CA495991B7852B855","01_BIOLOGY_AND_15_RESEARCH","C:\Users\hpcnd\OneDrive\Desktop\Ramayana\RAMAYAN\ANIMALS\species\elephant\appearance.md","INVENTORIED"
"species","species\elephant\behavior_dna.md","behavior_dna.md",".md","0","E3B0C44298FC1C149AFBF4C8996FB92427AE41E4649B934CA495991B7852B855","01_BIOLOGY_AND_15_RESEARCH","C:\Users\hpcnd\OneDrive\Desktop\Ramayana\RAMAYAN\ANIMALS\species\elephant\behavior_dna.md","INVENTORIED"
"species","species\elephant\environmental_response.md","environmental_response.md",".md","0","E3B0C44298FC1C149AFBF4C8996FB92427AE41E4649B934CA495991B7852B855","01_BIOLOGY_AND_15_RESEARCH","C:\Users\hpcnd\OneDrive\Desktop\Ramayana\RAMAYAN\ANIMALS\species\elephant\environmental_response.md","INVENTORIED"
"species","species\elephant\fear_response.md","fear_response.md",".md","0","E3B0C44298FC1C149AFBF4C8996FB92427AE41E4649B934CA495991B7852B855","01_BIOLOGY_AND_15_RESEARCH","C:\Users\hpcnd\OneDrive\Desktop\Ramayana\RAMAYAN\ANIMALS\species\elephant\fear_response.md","INVENTORIED"
"species","species\elephant\feeding.md","feeding.md",".md","0","E3B0C44298FC1C149AFBF4C8996FB92427AE41E4649B934CA495991B7852B855","01_BIOLOGY_AND_15_RESEARCH","C:\Users\hpcnd\OneDrive\Desktop\Ramayana\RAMAYAN\ANIMALS\species\elephant\feeding.md","INVENTORIED"
"species","species\elephant\forbidden_behavior.md","forbidden_behavior.md",".md","0","E3B0C44298FC1C149AFBF4C8996FB92427AE41E4649B934CA495991B7852B855","01_BIOLOGY_AND_15_RESEARCH","C:\Users\hpcnd\OneDrive\Desktop\Ramayana\RAMAYAN\ANIMALS\species\elephant\forbidden_behavior.md","INVENTORIED"
"species","species\elephant\grooming.md","grooming.md",".md","0","E3B0C44298FC1C149AFBF4C8996FB92427AE41E4649B934CA495991B7852B855","01_BIOLOGY_AND_15_RESEARCH","C:\Users\hpcnd\OneDrive\Desktop\Ramayana\RAMAYAN\ANIMALS\species\elephant\grooming.md","INVENTORIED"
"species","species\elephant\group_behavior.md","group_behavior.md",".md","0","E3B0C44298FC1C149AFBF4C8996FB92427AE41E4649B934CA495991B7852B855","01_BIOLOGY_AND_15_RESEARCH","C:\Users\hpcnd\OneDrive\Desktop\Ramayana\RAMAYAN\ANIMALS\species\elephant\group_behavior.md","INVENTORIED"
"species","species\elephant\human_interaction.md","human_interaction.md",".md","0","E3B0C44298FC1C149AFBF4C8996FB92427AE41E4649B934CA495991B7852B855","01_BIOLOGY_AND_15_RESEARCH","C:\Users\hpcnd\OneDrive\Desktop\Ramayana\RAMAYAN\ANIMALS\species\elephant\human_interaction.md","INVENTORIED"
"species","species\elephant\individual_variation.md","individual_variation.md",".md","0","E3B0C44298FC1C149AFBF4C8996FB92427AE41E4649B934CA495991B7852B855","01_BIOLOGY_AND_15_RESEARCH","C:\Users\hpcnd\OneDrive\Desktop\Ramayana\RAMAYAN\ANIMALS\species\elephant\individual_variation.md","INVENTORIED"
"species","species\elephant\locomotion.md","locomotion.md",".md","0","E3B0C44298FC1C149AFBF4C8996FB92427AE41E4649B934CA495991B7852B855","01_BIOLOGY_AND_15_RESEARCH","C:\Users\hpcnd\OneDrive\Desktop\Ramayana\RAMAYAN\ANIMALS\species\elephant\locomotion.md","INVENTORIED"
"species","species\elephant\mother_offspring.md","mother_offspring.md",".md","0","E3B0C44298FC1C149AFBF4C8996FB92427AE41E4649B934CA495991B7852B855","01_BIOLOGY_AND_15_RESEARCH","C:\Users\hpcnd\OneDrive\Desktop\Ramayana\RAMAYAN\ANIMALS\species\elephant\mother_offspring.md","INVENTORIED"
"species","species\elephant\physics.md","physics.md",".md","0","E3B0C44298FC1C149AFBF4C8996FB92427AE41E4649B934CA495991B7852B855","01_BIOLOGY_AND_15_RESEARCH","C:\Users\hpcnd\OneDrive\Desktop\Ramayana\RAMAYAN\ANIMALS\species\elephant\physics.md","INVENTORIED"
"species","species\elephant\predator_response.md","predator_response.md",".md","0","E3B0C44298FC1C149AFBF4C8996FB92427AE41E4649B934CA495991B7852B855","01_BIOLOGY_AND_15_RESEARCH","C:\Users\hpcnd\OneDrive\Desktop\Ramayana\RAMAYAN\ANIMALS\species\elephant\predator_response.md","INVENTORIED"
"species","species\elephant\references.md","references.md",".md","0","E3B0C44298FC1C149AFBF4C8996FB92427AE41E4649B934CA495991B7852B855","01_BIOLOGY_AND_15_RESEARCH","C:\Users\hpcnd\OneDrive\Desktop\Ramayana\RAMAYAN\ANIMALS\species\elephant\references.md","INVENTORIED"
"species","species\elephant\resting.md","resting.md",".md","0","E3B0C44298FC1C149AFBF4C8996FB92427AE41E4649B934CA495991B7852B855","01_BIOLOGY_AND_15_RESEARCH","C:\Users\hpcnd\OneDrive\Desktop\Ramayana\RAMAYAN\ANIMALS\species\elephant\resting.md","INVENTORIED"
"species","species\elephant\social_behavior.md","social_behavior.md",".md","0","E3B0C44298FC1C149AFBF4C8996FB92427AE41E4649B934CA495991B7852B855","01_BIOLOGY_AND_15_RESEARCH","C:\Users\hpcnd\OneDrive\Desktop\Ramayana\RAMAYAN\ANIMALS\species\elephant\social_behavior.md","INVENTORIED"
"species","species\elephant\sources.md","sources.md",".md","0","E3B0C44298FC1C149AFBF4C8996FB92427AE41E4649B934CA495991B7852B855","01_BIOLOGY_AND_15_RESEARCH","C:\Users\hpcnd\OneDrive\Desktop\Ramayana\RAMAYAN\ANIMALS\species\elephant\sources.md","INVENTORIED"
"species","species\elephant\species_profile.md","species_profile.md",".md","0","E3B0C44298FC1C149AFBF4C8996FB92427AE41E4649B934CA495991B7852B855","01_BIOLOGY_AND_15_RESEARCH","C:\Users\hpcnd\OneDrive\Desktop\Ramayana\RAMAYAN\ANIMALS\species\elephant\species_profile.md","INVENTORIED"
"species","species\elephant\vocalization.md","vocalization.md",".md","0","E3B0C44298FC1C149AFBF4C8996FB92427AE41E4649B934CA495991B7852B855","01_BIOLOGY_AND_15_RESEARCH","C:\Users\hpcnd\OneDrive\Desktop\Ramayana\RAMAYAN\ANIMALS\species\elephant\vocalization.md","INVENTORIED"
"species","species\fish\alertness.md","alertness.md",".md","0","E3B0C44298FC1C149AFBF4C8996FB92427AE41E4649B934CA495991B7852B855","01_BIOLOGY_AND_15_RESEARCH","C:\Users\hpcnd\OneDrive\Desktop\Ramayana\RAMAYAN\ANIMALS\species\fish\alertness.md","INVENTORIED"
"species","species\fish\anatomy.md","anatomy.md",".md","0","E3B0C44298FC1C149AFBF4C8996FB92427AE41E4649B934CA495991B7852B855","01_BIOLOGY_AND_15_RESEARCH","C:\Users\hpcnd\OneDrive\Desktop\Ramayana\RAMAYAN\ANIMALS\species\fish\anatomy.md","INVENTORIED"
"species","species\fish\animation_rules.md","animation_rules.md",".md","0","E3B0C44298FC1C149AFBF4C8996FB92427AE41E4649B934CA495991B7852B855","01_BIOLOGY_AND_15_RESEARCH","C:\Users\hpcnd\OneDrive\Desktop\Ramayana\RAMAYAN\ANIMALS\species\fish\animation_rules.md","INVENTORIED"
"species","species\fish\appearance.md","appearance.md",".md","0","E3B0C44298FC1C149AFBF4C8996FB92427AE41E4649B934CA495991B7852B855","01_BIOLOGY_AND_15_RESEARCH","C:\Users\hpcnd\OneDrive\Desktop\Ramayana\RAMAYAN\ANIMALS\species\fish\appearance.md","INVENTORIED"
"species","species\fish\behavior_dna.md","behavior_dna.md",".md","0","E3B0C44298FC1C149AFBF4C8996FB92427AE41E4649B934CA495991B7852B855","01_BIOLOGY_AND_15_RESEARCH","C:\Users\hpcnd\OneDrive\Desktop\Ramayana\RAMAYAN\ANIMALS\species\fish\behavior_dna.md","INVENTORIED"
"species","species\fish\environmental_response.md","environmental_response.md",".md","0","E3B0C44298FC1C149AFBF4C8996FB92427AE41E4649B934CA495991B7852B855","01_BIOLOGY_AND_15_RESEARCH","C:\Users\hpcnd\OneDrive\Desktop\Ramayana\RAMAYAN\ANIMALS\species\fish\environmental_response.md","INVENTORIED"
"species","species\fish\fear_response.md","fear_response.md",".md","0","E3B0C44298FC1C149AFBF4C8996FB92427AE41E4649B934CA495991B7852B855","01_BIOLOGY_AND_15_RESEARCH","C:\Users\hpcnd\OneDrive\Desktop\Ramayana\RAMAYAN\ANIMALS\species\fish\fear_response.md","INVENTORIED"
"species","species\fish\feeding.md","feeding.md",".md","0","E3B0C44298FC1C149AFBF4C8996FB92427AE41E4649B934CA495991B7852B855","01_BIOLOGY_AND_15_RESEARCH","C:\Users\hpcnd\OneDrive\Desktop\Ramayana\RAMAYAN\ANIMALS\species\fish\feeding.md","INVENTORIED"
"species","species\fish\forbidden_behavior.md","forbidden_behavior.md",".md","0","E3B0C44298FC1C149AFBF4C8996FB92427AE41E4649B934CA495991B7852B855","01_BIOLOGY_AND_15_RESEARCH","C:\Users\hpcnd\OneDrive\Desktop\Ramayana\RAMAYAN\ANIMALS\species\fish\forbidden_behavior.md","INVENTORIED"
"species","species\fish\grooming.md","grooming.md",".md","0","E3B0C44298FC1C149AFBF4C8996FB92427AE41E4649B934CA495991B7852B855","01_BIOLOGY_AND_15_RESEARCH","C:\Users\hpcnd\OneDrive\Desktop\Ramayana\RAMAYAN\ANIMALS\species\fish\grooming.md","INVENTORIED"
"species","species\fish\group_behavior.md","group_behavior.md",".md","0","E3B0C44298FC1C149AFBF4C8996FB92427AE41E4649B934CA495991B7852B855","01_BIOLOGY_AND_15_RESEARCH","C:\Users\hpcnd\OneDrive\Desktop\Ramayana\RAMAYAN\ANIMALS\species\fish\group_behavior.md","INVENTORIED"
"species","species\fish\human_interaction.md","human_interaction.md",".md","0","E3B0C44298FC1C149AFBF4C8996FB92427AE41E4649B934CA495991B7852B855","01_BIOLOGY_AND_15_RESEARCH","C:\Users\hpcnd\OneDrive\Desktop\Ramayana\RAMAYAN\ANIMALS\species\fish\human_interaction.md","INVENTORIED"
"species","species\fish\individual_variation.md","individual_variation.md",".md","0","E3B0C44298FC1C149AFBF4C8996FB92427AE41E4649B934CA495991B7852B855","01_BIOLOGY_AND_15_RESEARCH","C:\Users\hpcnd\OneDrive\Desktop\Ramayana\RAMAYAN\ANIMALS\species\fish\individual_variation.md","INVENTORIED"
"species","species\fish\locomotion.md","locomotion.md",".md","0","E3B0C44298FC1C149AFBF4C8996FB92427AE41E4649B934CA495991B7852B855","01_BIOLOGY_AND_15_RESEARCH","C:\Users\hpcnd\OneDrive\Desktop\Ramayana\RAMAYAN\ANIMALS\species\fish\locomotion.md","INVENTORIED"
"species","species\fish\mother_offspring.md","mother_offspring.md",".md","0","E3B0C44298FC1C149AFBF4C8996FB92427AE41E4649B934CA495991B7852B855","01_BIOLOGY_AND_15_RESEARCH","C:\Users\hpcnd\OneDrive\Desktop\Ramayana\RAMAYAN\ANIMALS\species\fish\mother_offspring.md","INVENTORIED"
"species","species\fish\physics.md","physics.md",".md","0","E3B0C44298FC1C149AFBF4C8996FB92427AE41E4649B934CA495991B7852B855","01_BIOLOGY_AND_15_RESEARCH","C:\Users\hpcnd\OneDrive\Desktop\Ramayana\RAMAYAN\ANIMALS\species\fish\physics.md","INVENTORIED"
"species","species\fish\predator_response.md","predator_response.md",".md","0","E3B0C44298FC1C149AFBF4C8996FB92427AE41E4649B934CA495991B7852B855","01_BIOLOGY_AND_15_RESEARCH","C:\Users\hpcnd\OneDrive\Desktop\Ramayana\RAMAYAN\ANIMALS\species\fish\predator_response.md","INVENTORIED"
"species","species\fish\references.md","references.md",".md","0","E3B0C44298FC1C149AFBF4C8996FB92427AE41E4649B934CA495991B7852B855","01_BIOLOGY_AND_15_RESEARCH","C:\Users\hpcnd\OneDrive\Desktop\Ramayana\RAMAYAN\ANIMALS\species\fish\references.md","INVENTORIED"
"species","species\fish\resting.md","resting.md",".md","0","E3B0C44298FC1C149AFBF4C8996FB92427AE41E4649B934CA495991B7852B855","01_BIOLOGY_AND_15_RESEARCH","C:\Users\hpcnd\OneDrive\Desktop\Ramayana\RAMAYAN\ANIMALS\species\fish\resting.md","INVENTORIED"
"species","species\fish\social_behavior.md","social_behavior.md",".md","0","E3B0C44298FC1C149AFBF4C8996FB92427AE41E4649B934CA495991B7852B855","01_BIOLOGY_AND_15_RESEARCH","C:\Users\hpcnd\OneDrive\Desktop\Ramayana\RAMAYAN\ANIMALS\species\fish\social_behavior.md","INVENTORIED"
"species","species\fish\sources.md","sources.md",".md","0","E3B0C44298FC1C149AFBF4C8996FB92427AE41E4649B934CA495991B7852B855","01_BIOLOGY_AND_15_RESEARCH","C:\Users\hpcnd\OneDrive\Desktop\Ramayana\RAMAYAN\ANIMALS\species\fish\sources.md","INVENTORIED"
"species","species\fish\species_profile.md","species_profile.md",".md","0","E3B0C44298FC1C149AFBF4C8996FB92427AE41E4649B934CA495991B7852B855","01_BIOLOGY_AND_15_RESEARCH","C:\Users\hpcnd\OneDrive\Desktop\Ramayana\RAMAYAN\ANIMALS\species\fish\species_profile.md","INVENTORIED"
"species","species\fish\vocalization.md","vocalization.md",".md","0","E3B0C44298FC1C149AFBF4C8996FB92427AE41E4649B934CA495991B7852B855","01_BIOLOGY_AND_15_RESEARCH","C:\Users\hpcnd\OneDrive\Desktop\Ramayana\RAMAYAN\ANIMALS\species\fish\vocalization.md","INVENTORIED"
"species","species\frog\alertness.md","alertness.md",".md","0","E3B0C44298FC1C149AFBF4C8996FB92427AE41E4649B934CA495991B7852B855","01_BIOLOGY_AND_15_RESEARCH","C:\Users\hpcnd\OneDrive\Desktop\Ramayana\RAMAYAN\ANIMALS\species\frog\alertness.md","INVENTORIED"
"species","species\frog\anatomy.md","anatomy.md",".md","0","E3B0C44298FC1C149AFBF4C8996FB92427AE41E4649B934CA495991B7852B855","01_BIOLOGY_AND_15_RESEARCH","C:\Users\hpcnd\OneDrive\Desktop\Ramayana\RAMAYAN\ANIMALS\species\frog\anatomy.md","INVENTORIED"
"species","species\frog\animation_rules.md","animation_rules.md",".md","0","E3B0C44298FC1C149AFBF4C8996FB92427AE41E4649B934CA495991B7852B855","01_BIOLOGY_AND_15_RESEARCH","C:\Users\hpcnd\OneDrive\Desktop\Ramayana\RAMAYAN\ANIMALS\species\frog\animation_rules.md","INVENTORIED"
"species","species\frog\appearance.md","appearance.md",".md","0","E3B0C44298FC1C149AFBF4C8996FB92427AE41E4649B934CA495991B7852B855","01_BIOLOGY_AND_15_RESEARCH","C:\Users\hpcnd\OneDrive\Desktop\Ramayana\RAMAYAN\ANIMALS\species\frog\appearance.md","INVENTORIED"
"species","species\frog\behavior_dna.md","behavior_dna.md",".md","0","E3B0C44298FC1C149AFBF4C8996FB92427AE41E4649B934CA495991B7852B855","01_BIOLOGY_AND_15_RESEARCH","C:\Users\hpcnd\OneDrive\Desktop\Ramayana\RAMAYAN\ANIMALS\species\frog\behavior_dna.md","INVENTORIED"
"species","species\frog\environmental_response.md","environmental_response.md",".md","0","E3B0C44298FC1C149AFBF4C8996FB92427AE41E4649B934CA495991B7852B855","01_BIOLOGY_AND_15_RESEARCH","C:\Users\hpcnd\OneDrive\Desktop\Ramayana\RAMAYAN\ANIMALS\species\frog\environmental_response.md","INVENTORIED"
"species","species\frog\fear_response.md","fear_response.md",".md","0","E3B0C44298FC1C149AFBF4C8996FB92427AE41E4649B934CA495991B7852B855","01_BIOLOGY_AND_15_RESEARCH","C:\Users\hpcnd\OneDrive\Desktop\Ramayana\RAMAYAN\ANIMALS\species\frog\fear_response.md","INVENTORIED"
"species","species\frog\feeding.md","feeding.md",".md","0","E3B0C44298FC1C149AFBF4C8996FB92427AE41E4649B934CA495991B7852B855","01_BIOLOGY_AND_15_RESEARCH","C:\Users\hpcnd\OneDrive\Desktop\Ramayana\RAMAYAN\ANIMALS\species\frog\feeding.md","INVENTORIED"
"species","species\frog\forbidden_behavior.md","forbidden_behavior.md",".md","0","E3B0C44298FC1C149AFBF4C8996FB92427AE41E4649B934CA495991B7852B855","01_BIOLOGY_AND_15_RESEARCH","C:\Users\hpcnd\OneDrive\Desktop\Ramayana\RAMAYAN\ANIMALS\species\frog\forbidden_behavior.md","INVENTORIED"
"species","species\frog\grooming.md","grooming.md",".md","0","E3B0C44298FC1C149AFBF4C8996FB92427AE41E4649B934CA495991B7852B855","01_BIOLOGY_AND_15_RESEARCH","C:\Users\hpcnd\OneDrive\Desktop\Ramayana\RAMAYAN\ANIMALS\species\frog\grooming.md","INVENTORIED"
"species","species\frog\group_behavior.md","group_behavior.md",".md","0","E3B0C44298FC1C149AFBF4C8996FB92427AE41E4649B934CA495991B7852B855","01_BIOLOGY_AND_15_RESEARCH","C:\Users\hpcnd\OneDrive\Desktop\Ramayana\RAMAYAN\ANIMALS\species\frog\group_behavior.md","INVENTORIED"
"species","species\frog\human_interaction.md","human_interaction.md",".md","0","E3B0C44298FC1C149AFBF4C8996FB92427AE41E4649B934CA495991B7852B855","01_BIOLOGY_AND_15_RESEARCH","C:\Users\hpcnd\OneDrive\Desktop\Ramayana\RAMAYAN\ANIMALS\species\frog\human_interaction.md","INVENTORIED"
"species","species\frog\individual_variation.md","individual_variation.md",".md","0","E3B0C44298FC1C149AFBF4C8996FB92427AE41E4649B934CA495991B7852B855","01_BIOLOGY_AND_15_RESEARCH","C:\Users\hpcnd\OneDrive\Desktop\Ramayana\RAMAYAN\ANIMALS\species\frog\individual_variation.md","INVENTORIED"
"species","species\frog\locomotion.md","locomotion.md",".md","0","E3B0C44298FC1C149AFBF4C8996FB92427AE41E4649B934CA495991B7852B855","01_BIOLOGY_AND_15_RESEARCH","C:\Users\hpcnd\OneDrive\Desktop\Ramayana\RAMAYAN\ANIMALS\species\frog\locomotion.md","INVENTORIED"
"species","species\frog\mother_offspring.md","mother_offspring.md",".md","0","E3B0C44298FC1C149AFBF4C8996FB92427AE41E4649B934CA495991B7852B855","01_BIOLOGY_AND_15_RESEARCH","C:\Users\hpcnd\OneDrive\Desktop\Ramayana\RAMAYAN\ANIMALS\species\frog\mother_offspring.md","INVENTORIED"
"species","species\frog\physics.md","physics.md",".md","0","E3B0C44298FC1C149AFBF4C8996FB92427AE41E4649B934CA495991B7852B855","01_BIOLOGY_AND_15_RESEARCH","C:\Users\hpcnd\OneDrive\Desktop\Ramayana\RAMAYAN\ANIMALS\species\frog\physics.md","INVENTORIED"
"species","species\frog\predator_response.md","predator_response.md",".md","0","E3B0C44298FC1C149AFBF4C8996FB92427AE41E4649B934CA495991B7852B855","01_BIOLOGY_AND_15_RESEARCH","C:\Users\hpcnd\OneDrive\Desktop\Ramayana\RAMAYAN\ANIMALS\species\frog\predator_response.md","INVENTORIED"
"species","species\frog\references.md","references.md",".md","0","E3B0C44298FC1C149AFBF4C8996FB92427AE41E4649B934CA495991B7852B855","01_BIOLOGY_AND_15_RESEARCH","C:\Users\hpcnd\OneDrive\Desktop\Ramayana\RAMAYAN\ANIMALS\species\frog\references.md","INVENTORIED"
"species","species\frog\resting.md","resting.md",".md","0","E3B0C44298FC1C149AFBF4C8996FB92427AE41E4649B934CA495991B7852B855","01_BIOLOGY_AND_15_RESEARCH","C:\Users\hpcnd\OneDrive\Desktop\Ramayana\RAMAYAN\ANIMALS\species\frog\resting.md","INVENTORIED"
"species","species\frog\social_behavior.md","social_behavior.md",".md","0","E3B0C44298FC1C149AFBF4C8996FB92427AE41E4649B934CA495991B7852B855","01_BIOLOGY_AND_15_RESEARCH","C:\Users\hpcnd\OneDrive\Desktop\Ramayana\RAMAYAN\ANIMALS\species\frog\social_behavior.md","INVENTORIED"
"species","species\frog\sources.md","sources.md",".md","0","E3B0C44298FC1C149AFBF4C8996FB92427AE41E4649B934CA495991B7852B855","01_BIOLOGY_AND_15_RESEARCH","C:\Users\hpcnd\OneDrive\Desktop\Ramayana\RAMAYAN\ANIMALS\species\frog\sources.md","INVENTORIED"
"species","species\frog\species_profile.md","species_profile.md",".md","0","E3B0C44298FC1C149AFBF4C8996FB92427AE41E4649B934CA495991B7852B855","01_BIOLOGY_AND_15_RESEARCH","C:\Users\hpcnd\OneDrive\Desktop\Ramayana\RAMAYAN\ANIMALS\species\frog\species_profile.md","INVENTORIED"
"species","species\frog\vocalization.md","vocalization.md",".md","0","E3B0C44298FC1C149AFBF4C8996FB92427AE41E4649B934CA495991B7852B855","01_BIOLOGY_AND_15_RESEARCH","C:\Users\hpcnd\OneDrive\Desktop\Ramayana\RAMAYAN\ANIMALS\species\frog\vocalization.md","INVENTORIED"
"species","species\goat\alertness.md","alertness.md",".md","0","E3B0C44298FC1C149AFBF4C8996FB92427AE41E4649B934CA495991B7852B855","01_BIOLOGY_AND_15_RESEARCH","C:\Users\hpcnd\OneDrive\Desktop\Ramayana\RAMAYAN\ANIMALS\species\goat\alertness.md","INVENTORIED"
"species","species\goat\anatomy.md","anatomy.md",".md","0","E3B0C44298FC1C149AFBF4C8996FB92427AE41E4649B934CA495991B7852B855","01_BIOLOGY_AND_15_RESEARCH","C:\Users\hpcnd\OneDrive\Desktop\Ramayana\RAMAYAN\ANIMALS\species\goat\anatomy.md","INVENTORIED"
"species","species\goat\animation_rules.md","animation_rules.md",".md","0","E3B0C44298FC1C149AFBF4C8996FB92427AE41E4649B934CA495991B7852B855","01_BIOLOGY_AND_15_RESEARCH","C:\Users\hpcnd\OneDrive\Desktop\Ramayana\RAMAYAN\ANIMALS\species\goat\animation_rules.md","INVENTORIED"
"species","species\goat\appearance.md","appearance.md",".md","0","E3B0C44298FC1C149AFBF4C8996FB92427AE41E4649B934CA495991B7852B855","01_BIOLOGY_AND_15_RESEARCH","C:\Users\hpcnd\OneDrive\Desktop\Ramayana\RAMAYAN\ANIMALS\species\goat\appearance.md","INVENTORIED"
"species","species\goat\behavior_dna.md","behavior_dna.md",".md","0","E3B0C44298FC1C149AFBF4C8996FB92427AE41E4649B934CA495991B7852B855","01_BIOLOGY_AND_15_RESEARCH","C:\Users\hpcnd\OneDrive\Desktop\Ramayana\RAMAYAN\ANIMALS\species\goat\behavior_dna.md","INVENTORIED"
"species","species\goat\environmental_response.md","environmental_response.md",".md","0","E3B0C44298FC1C149AFBF4C8996FB92427AE41E4649B934CA495991B7852B855","01_BIOLOGY_AND_15_RESEARCH","C:\Users\hpcnd\OneDrive\Desktop\Ramayana\RAMAYAN\ANIMALS\species\goat\environmental_response.md","INVENTORIED"
"species","species\goat\fear_response.md","fear_response.md",".md","0","E3B0C44298FC1C149AFBF4C8996FB92427AE41E4649B934CA495991B7852B855","01_BIOLOGY_AND_15_RESEARCH","C:\Users\hpcnd\OneDrive\Desktop\Ramayana\RAMAYAN\ANIMALS\species\goat\fear_response.md","INVENTORIED"
"species","species\goat\feeding.md","feeding.md",".md","0","E3B0C44298FC1C149AFBF4C8996FB92427AE41E4649B934CA495991B7852B855","01_BIOLOGY_AND_15_RESEARCH","C:\Users\hpcnd\OneDrive\Desktop\Ramayana\RAMAYAN\ANIMALS\species\goat\feeding.md","INVENTORIED"
"species","species\goat\forbidden_behavior.md","forbidden_behavior.md",".md","0","E3B0C44298FC1C149AFBF4C8996FB92427AE41E4649B934CA495991B7852B855","01_BIOLOGY_AND_15_RESEARCH","C:\Users\hpcnd\OneDrive\Desktop\Ramayana\RAMAYAN\ANIMALS\species\goat\forbidden_behavior.md","INVENTORIED"
"species","species\goat\grooming.md","grooming.md",".md","0","E3B0C44298FC1C149AFBF4C8996FB92427AE41E4649B934CA495991B7852B855","01_BIOLOGY_AND_15_RESEARCH","C:\Users\hpcnd\OneDrive\Desktop\Ramayana\RAMAYAN\ANIMALS\species\goat\grooming.md","INVENTORIED"
"species","species\goat\group_behavior.md","group_behavior.md",".md","0","E3B0C44298FC1C149AFBF4C8996FB92427AE41E4649B934CA495991B7852B855","01_BIOLOGY_AND_15_RESEARCH","C:\Users\hpcnd\OneDrive\Desktop\Ramayana\RAMAYAN\ANIMALS\species\goat\group_behavior.md","INVENTORIED"
"species","species\goat\human_interaction.md","human_interaction.md",".md","0","E3B0C44298FC1C149AFBF4C8996FB92427AE41E4649B934CA495991B7852B855","01_BIOLOGY_AND_15_RESEARCH","C:\Users\hpcnd\OneDrive\Desktop\Ramayana\RAMAYAN\ANIMALS\species\goat\human_interaction.md","INVENTORIED"
"species","species\goat\individual_variation.md","individual_variation.md",".md","0","E3B0C44298FC1C149AFBF4C8996FB92427AE41E4649B934CA495991B7852B855","01_BIOLOGY_AND_15_RESEARCH","C:\Users\hpcnd\OneDrive\Desktop\Ramayana\RAMAYAN\ANIMALS\species\goat\individual_variation.md","INVENTORIED"
"species","species\goat\locomotion.md","locomotion.md",".md","0","E3B0C44298FC1C149AFBF4C8996FB92427AE41E4649B934CA495991B7852B855","01_BIOLOGY_AND_15_RESEARCH","C:\Users\hpcnd\OneDrive\Desktop\Ramayana\RAMAYAN\ANIMALS\species\goat\locomotion.md","INVENTORIED"
"species","species\goat\mother_offspring.md","mother_offspring.md",".md","0","E3B0C44298FC1C149AFBF4C8996FB92427AE41E4649B934CA495991B7852B855","01_BIOLOGY_AND_15_RESEARCH","C:\Users\hpcnd\OneDrive\Desktop\Ramayana\RAMAYAN\ANIMALS\species\goat\mother_offspring.md","INVENTORIED"
"species","species\goat\physics.md","physics.md",".md","0","E3B0C44298FC1C149AFBF4C8996FB92427AE41E4649B934CA495991B7852B855","01_BIOLOGY_AND_15_RESEARCH","C:\Users\hpcnd\OneDrive\Desktop\Ramayana\RAMAYAN\ANIMALS\species\goat\physics.md","INVENTORIED"
"species","species\goat\predator_response.md","predator_response.md",".md","0","E3B0C44298FC1C149AFBF4C8996FB92427AE41E4649B934CA495991B7852B855","01_BIOLOGY_AND_15_RESEARCH","C:\Users\hpcnd\OneDrive\Desktop\Ramayana\RAMAYAN\ANIMALS\species\goat\predator_response.md","INVENTORIED"
"species","species\goat\references.md","references.md",".md","0","E3B0C44298FC1C149AFBF4C8996FB92427AE41E4649B934CA495991B7852B855","01_BIOLOGY_AND_15_RESEARCH","C:\Users\hpcnd\OneDrive\Desktop\Ramayana\RAMAYAN\ANIMALS\species\goat\references.md","INVENTORIED"
"species","species\goat\resting.md","resting.md",".md","0","E3B0C44298FC1C149AFBF4C8996FB92427AE41E4649B934CA495991B7852B855","01_BIOLOGY_AND_15_RESEARCH","C:\Users\hpcnd\OneDrive\Desktop\Ramayana\RAMAYAN\ANIMALS\species\goat\resting.md","INVENTORIED"
"species","species\goat\social_behavior.md","social_behavior.md",".md","0","E3B0C44298FC1C149AFBF4C8996FB92427AE41E4649B934CA495991B7852B855","01_BIOLOGY_AND_15_RESEARCH","C:\Users\hpcnd\OneDrive\Desktop\Ramayana\RAMAYAN\ANIMALS\species\goat\social_behavior.md","INVENTORIED"
"species","species\goat\sources.md","sources.md",".md","0","E3B0C44298FC1C149AFBF4C8996FB92427AE41E4649B934CA495991B7852B855","01_BIOLOGY_AND_15_RESEARCH","C:\Users\hpcnd\OneDrive\Desktop\Ramayana\RAMAYAN\ANIMALS\species\goat\sources.md","INVENTORIED"
"species","species\goat\species_profile.md","species_profile.md",".md","0","E3B0C44298FC1C149AFBF4C8996FB92427AE41E4649B934CA495991B7852B855","01_BIOLOGY_AND_15_RESEARCH","C:\Users\hpcnd\OneDrive\Desktop\Ramayana\RAMAYAN\ANIMALS\species\goat\species_profile.md","INVENTORIED"
"species","species\goat\vocalization.md","vocalization.md",".md","0","E3B0C44298FC1C149AFBF4C8996FB92427AE41E4649B934CA495991B7852B855","01_BIOLOGY_AND_15_RESEARCH","C:\Users\hpcnd\OneDrive\Desktop\Ramayana\RAMAYAN\ANIMALS\species\goat\vocalization.md","INVENTORIED"
"species","species\goose\alertness.md","alertness.md",".md","0","E3B0C44298FC1C149AFBF4C8996FB92427AE41E4649B934CA495991B7852B855","01_BIOLOGY_AND_15_RESEARCH","C:\Users\hpcnd\OneDrive\Desktop\Ramayana\RAMAYAN\ANIMALS\species\goose\alertness.md","INVENTORIED"
"species","species\goose\anatomy.md","anatomy.md",".md","0","E3B0C44298FC1C149AFBF4C8996FB92427AE41E4649B934CA495991B7852B855","01_BIOLOGY_AND_15_RESEARCH","C:\Users\hpcnd\OneDrive\Desktop\Ramayana\RAMAYAN\ANIMALS\species\goose\anatomy.md","INVENTORIED"
"species","species\goose\animation_rules.md","animation_rules.md",".md","0","E3B0C44298FC1C149AFBF4C8996FB92427AE41E4649B934CA495991B7852B855","01_BIOLOGY_AND_15_RESEARCH","C:\Users\hpcnd\OneDrive\Desktop\Ramayana\RAMAYAN\ANIMALS\species\goose\animation_rules.md","INVENTORIED"
"species","species\goose\appearance.md","appearance.md",".md","0","E3B0C44298FC1C149AFBF4C8996FB92427AE41E4649B934CA495991B7852B855","01_BIOLOGY_AND_15_RESEARCH","C:\Users\hpcnd\OneDrive\Desktop\Ramayana\RAMAYAN\ANIMALS\species\goose\appearance.md","INVENTORIED"
"species","species\goose\behavior_dna.md","behavior_dna.md",".md","0","E3B0C44298FC1C149AFBF4C8996FB92427AE41E4649B934CA495991B7852B855","01_BIOLOGY_AND_15_RESEARCH","C:\Users\hpcnd\OneDrive\Desktop\Ramayana\RAMAYAN\ANIMALS\species\goose\behavior_dna.md","INVENTORIED"
"species","species\goose\environmental_response.md","environmental_response.md",".md","0","E3B0C44298FC1C149AFBF4C8996FB92427AE41E4649B934CA495991B7852B855","01_BIOLOGY_AND_15_RESEARCH","C:\Users\hpcnd\OneDrive\Desktop\Ramayana\RAMAYAN\ANIMALS\species\goose\environmental_response.md","INVENTORIED"
"species","species\goose\fear_response.md","fear_response.md",".md","0","E3B0C44298FC1C149AFBF4C8996FB92427AE41E4649B934CA495991B7852B855","01_BIOLOGY_AND_15_RESEARCH","C:\Users\hpcnd\OneDrive\Desktop\Ramayana\RAMAYAN\ANIMALS\species\goose\fear_response.md","INVENTORIED"
"species","species\goose\feeding.md","feeding.md",".md","0","E3B0C44298FC1C149AFBF4C8996FB92427AE41E4649B934CA495991B7852B855","01_BIOLOGY_AND_15_RESEARCH","C:\Users\hpcnd\OneDrive\Desktop\Ramayana\RAMAYAN\ANIMALS\species\goose\feeding.md","INVENTORIED"
"species","species\goose\forbidden_behavior.md","forbidden_behavior.md",".md","0","E3B0C44298FC1C149AFBF4C8996FB92427AE41E4649B934CA495991B7852B855","01_BIOLOGY_AND_15_RESEARCH","C:\Users\hpcnd\OneDrive\Desktop\Ramayana\RAMAYAN\ANIMALS\species\goose\forbidden_behavior.md","INVENTORIED"
"species","species\goose\grooming.md","grooming.md",".md","0","E3B0C44298FC1C149AFBF4C8996FB92427AE41E4649B934CA495991B7852B855","01_BIOLOGY_AND_15_RESEARCH","C:\Users\hpcnd\OneDrive\Desktop\Ramayana\RAMAYAN\ANIMALS\species\goose\grooming.md","INVENTORIED"
"species","species\goose\group_behavior.md","group_behavior.md",".md","0","E3B0C44298FC1C149AFBF4C8996FB92427AE41E4649B934CA495991B7852B855","01_BIOLOGY_AND_15_RESEARCH","C:\Users\hpcnd\OneDrive\Desktop\Ramayana\RAMAYAN\ANIMALS\species\goose\group_behavior.md","INVENTORIED"
"species","species\goose\human_interaction.md","human_interaction.md",".md","0","E3B0C44298FC1C149AFBF4C8996FB92427AE41E4649B934CA495991B7852B855","01_BIOLOGY_AND_15_RESEARCH","C:\Users\hpcnd\OneDrive\Desktop\Ramayana\RAMAYAN\ANIMALS\species\goose\human_interaction.md","INVENTORIED"
"species","species\goose\individual_variation.md","individual_variation.md",".md","0","E3B0C44298FC1C149AFBF4C8996FB92427AE41E4649B934CA495991B7852B855","01_BIOLOGY_AND_15_RESEARCH","C:\Users\hpcnd\OneDrive\Desktop\Ramayana\RAMAYAN\ANIMALS\species\goose\individual_variation.md","INVENTORIED"
"species","species\goose\locomotion.md","locomotion.md",".md","0","E3B0C44298FC1C149AFBF4C8996FB92427AE41E4649B934CA495991B7852B855","01_BIOLOGY_AND_15_RESEARCH","C:\Users\hpcnd\OneDrive\Desktop\Ramayana\RAMAYAN\ANIMALS\species\goose\locomotion.md","INVENTORIED"
"species","species\goose\mother_offspring.md","mother_offspring.md",".md","0","E3B0C44298FC1C149AFBF4C8996FB92427AE41E4649B934CA495991B7852B855","01_BIOLOGY_AND_15_RESEARCH","C:\Users\hpcnd\OneDrive\Desktop\Ramayana\RAMAYAN\ANIMALS\species\goose\mother_offspring.md","INVENTORIED"
"species","species\goose\physics.md","physics.md",".md","0","E3B0C44298FC1C149AFBF4C8996FB92427AE41E4649B934CA495991B7852B855","01_BIOLOGY_AND_15_RESEARCH","C:\Users\hpcnd\OneDrive\Desktop\Ramayana\RAMAYAN\ANIMALS\species\goose\physics.md","INVENTORIED"
"species","species\goose\predator_response.md","predator_response.md",".md","0","E3B0C44298FC1C149AFBF4C8996FB92427AE41E4649B934CA495991B7852B855","01_BIOLOGY_AND_15_RESEARCH","C:\Users\hpcnd\OneDrive\Desktop\Ramayana\RAMAYAN\ANIMALS\species\goose\predator_response.md","INVENTORIED"
"species","species\goose\references.md","references.md",".md","0","E3B0C44298FC1C149AFBF4C8996FB92427AE41E4649B934CA495991B7852B855","01_BIOLOGY_AND_15_RESEARCH","C:\Users\hpcnd\OneDrive\Desktop\Ramayana\RAMAYAN\ANIMALS\species\goose\references.md","INVENTORIED"
"species","species\goose\resting.md","resting.md",".md","0","E3B0C44298FC1C149AFBF4C8996FB92427AE41E4649B934CA495991B7852B855","01_BIOLOGY_AND_15_RESEARCH","C:\Users\hpcnd\OneDrive\Desktop\Ramayana\RAMAYAN\ANIMALS\species\goose\resting.md","INVENTORIED"
"species","species\goose\social_behavior.md","social_behavior.md",".md","0","E3B0C44298FC1C149AFBF4C8996FB92427AE41E4649B934CA495991B7852B855","01_BIOLOGY_AND_15_RESEARCH","C:\Users\hpcnd\OneDrive\Desktop\Ramayana\RAMAYAN\ANIMALS\species\goose\social_behavior.md","INVENTORIED"
"species","species\goose\sources.md","sources.md",".md","0","E3B0C44298FC1C149AFBF4C8996FB92427AE41E4649B934CA495991B7852B855","01_BIOLOGY_AND_15_RESEARCH","C:\Users\hpcnd\OneDrive\Desktop\Ramayana\RAMAYAN\ANIMALS\species\goose\sources.md","INVENTORIED"
"species","species\goose\species_profile.md","species_profile.md",".md","0","E3B0C44298FC1C149AFBF4C8996FB92427AE41E4649B934CA495991B7852B855","01_BIOLOGY_AND_15_RESEARCH","C:\Users\hpcnd\OneDrive\Desktop\Ramayana\RAMAYAN\ANIMALS\species\goose\species_profile.md","INVENTORIED"
"species","species\goose\vocalization.md","vocalization.md",".md","0","E3B0C44298FC1C149AFBF4C8996FB92427AE41E4649B934CA495991B7852B855","01_BIOLOGY_AND_15_RESEARCH","C:\Users\hpcnd\OneDrive\Desktop\Ramayana\RAMAYAN\ANIMALS\species\goose\vocalization.md","INVENTORIED"
"species","species\hawk\alertness.md","alertness.md",".md","0","E3B0C44298FC1C149AFBF4C8996FB92427AE41E4649B934CA495991B7852B855","01_BIOLOGY_AND_15_RESEARCH","C:\Users\hpcnd\OneDrive\Desktop\Ramayana\RAMAYAN\ANIMALS\species\hawk\alertness.md","INVENTORIED"
"species","species\hawk\anatomy.md","anatomy.md",".md","0","E3B0C44298FC1C149AFBF4C8996FB92427AE41E4649B934CA495991B7852B855","01_BIOLOGY_AND_15_RESEARCH","C:\Users\hpcnd\OneDrive\Desktop\Ramayana\RAMAYAN\ANIMALS\species\hawk\anatomy.md","INVENTORIED"
"species","species\hawk\animation_rules.md","animation_rules.md",".md","0","E3B0C44298FC1C149AFBF4C8996FB92427AE41E4649B934CA495991B7852B855","01_BIOLOGY_AND_15_RESEARCH","C:\Users\hpcnd\OneDrive\Desktop\Ramayana\RAMAYAN\ANIMALS\species\hawk\animation_rules.md","INVENTORIED"
"species","species\hawk\appearance.md","appearance.md",".md","0","E3B0C44298FC1C149AFBF4C8996FB92427AE41E4649B934CA495991B7852B855","01_BIOLOGY_AND_15_RESEARCH","C:\Users\hpcnd\OneDrive\Desktop\Ramayana\RAMAYAN\ANIMALS\species\hawk\appearance.md","INVENTORIED"
"species","species\hawk\behavior_dna.md","behavior_dna.md",".md","0","E3B0C44298FC1C149AFBF4C8996FB92427AE41E4649B934CA495991B7852B855","01_BIOLOGY_AND_15_RESEARCH","C:\Users\hpcnd\OneDrive\Desktop\Ramayana\RAMAYAN\ANIMALS\species\hawk\behavior_dna.md","INVENTORIED"
"species","species\hawk\environmental_response.md","environmental_response.md",".md","0","E3B0C44298FC1C149AFBF4C8996FB92427AE41E4649B934CA495991B7852B855","01_BIOLOGY_AND_15_RESEARCH","C:\Users\hpcnd\OneDrive\Desktop\Ramayana\RAMAYAN\ANIMALS\species\hawk\environmental_response.md","INVENTORIED"
"species","species\hawk\fear_response.md","fear_response.md",".md","0","E3B0C44298FC1C149AFBF4C8996FB92427AE41E4649B934CA495991B7852B855","01_BIOLOGY_AND_15_RESEARCH","C:\Users\hpcnd\OneDrive\Desktop\Ramayana\RAMAYAN\ANIMALS\species\hawk\fear_response.md","INVENTORIED"
"species","species\hawk\feeding.md","feeding.md",".md","0","E3B0C44298FC1C149AFBF4C8996FB92427AE41E4649B934CA495991B7852B855","01_BIOLOGY_AND_15_RESEARCH","C:\Users\hpcnd\OneDrive\Desktop\Ramayana\RAMAYAN\ANIMALS\species\hawk\feeding.md","INVENTORIED"
"species","species\hawk\forbidden_behavior.md","forbidden_behavior.md",".md","0","E3B0C44298FC1C149AFBF4C8996FB92427AE41E4649B934CA495991B7852B855","01_BIOLOGY_AND_15_RESEARCH","C:\Users\hpcnd\OneDrive\Desktop\Ramayana\RAMAYAN\ANIMALS\species\hawk\forbidden_behavior.md","INVENTORIED"
"species","species\hawk\grooming.md","grooming.md",".md","0","E3B0C44298FC1C149AFBF4C8996FB92427AE41E4649B934CA495991B7852B855","01_BIOLOGY_AND_15_RESEARCH","C:\Users\hpcnd\OneDrive\Desktop\Ramayana\RAMAYAN\ANIMALS\species\hawk\grooming.md","INVENTORIED"
"species","species\hawk\group_behavior.md","group_behavior.md",".md","0","E3B0C44298FC1C149AFBF4C8996FB92427AE41E4649B934CA495991B7852B855","01_BIOLOGY_AND_15_RESEARCH","C:\Users\hpcnd\OneDrive\Desktop\Ramayana\RAMAYAN\ANIMALS\species\hawk\group_behavior.md","INVENTORIED"
"species","species\hawk\human_interaction.md","human_interaction.md",".md","0","E3B0C44298FC1C149AFBF4C8996FB92427AE41E4649B934CA495991B7852B855","01_BIOLOGY_AND_15_RESEARCH","C:\Users\hpcnd\OneDrive\Desktop\Ramayana\RAMAYAN\ANIMALS\species\hawk\human_interaction.md","INVENTORIED"
"species","species\hawk\individual_variation.md","individual_variation.md",".md","0","E3B0C44298FC1C149AFBF4C8996FB92427AE41E4649B934CA495991B7852B855","01_BIOLOGY_AND_15_RESEARCH","C:\Users\hpcnd\OneDrive\Desktop\Ramayana\RAMAYAN\ANIMALS\species\hawk\individual_variation.md","INVENTORIED"
"species","species\hawk\locomotion.md","locomotion.md",".md","0","E3B0C44298FC1C149AFBF4C8996FB92427AE41E4649B934CA495991B7852B855","01_BIOLOGY_AND_15_RESEARCH","C:\Users\hpcnd\OneDrive\Desktop\Ramayana\RAMAYAN\ANIMALS\species\hawk\locomotion.md","INVENTORIED"
"species","species\hawk\mother_offspring.md","mother_offspring.md",".md","0","E3B0C44298FC1C149AFBF4C8996FB92427AE41E4649B934CA495991B7852B855","01_BIOLOGY_AND_15_RESEARCH","C:\Users\hpcnd\OneDrive\Desktop\Ramayana\RAMAYAN\ANIMALS\species\hawk\mother_offspring.md","INVENTORIED"
"species","species\hawk\physics.md","physics.md",".md","0","E3B0C44298FC1C149AFBF4C8996FB92427AE41E4649B934CA495991B7852B855","01_BIOLOGY_AND_15_RESEARCH","C:\Users\hpcnd\OneDrive\Desktop\Ramayana\RAMAYAN\ANIMALS\species\hawk\physics.md","INVENTORIED"
"species","species\hawk\predator_response.md","predator_response.md",".md","0","E3B0C44298FC1C149AFBF4C8996FB92427AE41E4649B934CA495991B7852B855","01_BIOLOGY_AND_15_RESEARCH","C:\Users\hpcnd\OneDrive\Desktop\Ramayana\RAMAYAN\ANIMALS\species\hawk\predator_response.md","INVENTORIED"
"species","species\hawk\references.md","references.md",".md","0","E3B0C44298FC1C149AFBF4C8996FB92427AE41E4649B934CA495991B7852B855","01_BIOLOGY_AND_15_RESEARCH","C:\Users\hpcnd\OneDrive\Desktop\Ramayana\RAMAYAN\ANIMALS\species\hawk\references.md","INVENTORIED"
"species","species\hawk\resting.md","resting.md",".md","0","E3B0C44298FC1C149AFBF4C8996FB92427AE41E4649B934CA495991B7852B855","01_BIOLOGY_AND_15_RESEARCH","C:\Users\hpcnd\OneDrive\Desktop\Ramayana\RAMAYAN\ANIMALS\species\hawk\resting.md","INVENTORIED"
"species","species\hawk\social_behavior.md","social_behavior.md",".md","0","E3B0C44298FC1C149AFBF4C8996FB92427AE41E4649B934CA495991B7852B855","01_BIOLOGY_AND_15_RESEARCH","C:\Users\hpcnd\OneDrive\Desktop\Ramayana\RAMAYAN\ANIMALS\species\hawk\social_behavior.md","INVENTORIED"
"species","species\hawk\sources.md","sources.md",".md","0","E3B0C44298FC1C149AFBF4C8996FB92427AE41E4649B934CA495991B7852B855","01_BIOLOGY_AND_15_RESEARCH","C:\Users\hpcnd\OneDrive\Desktop\Ramayana\RAMAYAN\ANIMALS\species\hawk\sources.md","INVENTORIED"
"species","species\hawk\species_profile.md","species_profile.md",".md","0","E3B0C44298FC1C149AFBF4C8996FB92427AE41E4649B934CA495991B7852B855","01_BIOLOGY_AND_15_RESEARCH","C:\Users\hpcnd\OneDrive\Desktop\Ramayana\RAMAYAN\ANIMALS\species\hawk\species_profile.md","INVENTORIED"
"species","species\hawk\vocalization.md","vocalization.md",".md","0","E3B0C44298FC1C149AFBF4C8996FB92427AE41E4649B934CA495991B7852B855","01_BIOLOGY_AND_15_RESEARCH","C:\Users\hpcnd\OneDrive\Desktop\Ramayana\RAMAYAN\ANIMALS\species\hawk\vocalization.md","INVENTORIED"
"species","species\horse\alertness.md","alertness.md",".md","0","E3B0C44298FC1C149AFBF4C8996FB92427AE41E4649B934CA495991B7852B855","01_BIOLOGY_AND_15_RESEARCH","C:\Users\hpcnd\OneDrive\Desktop\Ramayana\RAMAYAN\ANIMALS\species\horse\alertness.md","INVENTORIED"
"species","species\horse\anatomy.md","anatomy.md",".md","0","E3B0C44298FC1C149AFBF4C8996FB92427AE41E4649B934CA495991B7852B855","01_BIOLOGY_AND_15_RESEARCH","C:\Users\hpcnd\OneDrive\Desktop\Ramayana\RAMAYAN\ANIMALS\species\horse\anatomy.md","INVENTORIED"
"species","species\horse\animation_rules.md","animation_rules.md",".md","0","E3B0C44298FC1C149AFBF4C8996FB92427AE41E4649B934CA495991B7852B855","01_BIOLOGY_AND_15_RESEARCH","C:\Users\hpcnd\OneDrive\Desktop\Ramayana\RAMAYAN\ANIMALS\species\horse\animation_rules.md","INVENTORIED"
"species","species\horse\appearance.md","appearance.md",".md","0","E3B0C44298FC1C149AFBF4C8996FB92427AE41E4649B934CA495991B7852B855","01_BIOLOGY_AND_15_RESEARCH","C:\Users\hpcnd\OneDrive\Desktop\Ramayana\RAMAYAN\ANIMALS\species\horse\appearance.md","INVENTORIED"
"species","species\horse\behavior_dna.md","behavior_dna.md",".md","0","E3B0C44298FC1C149AFBF4C8996FB92427AE41E4649B934CA495991B7852B855","01_BIOLOGY_AND_15_RESEARCH","C:\Users\hpcnd\OneDrive\Desktop\Ramayana\RAMAYAN\ANIMALS\species\horse\behavior_dna.md","INVENTORIED"
"species","species\horse\environmental_response.md","environmental_response.md",".md","0","E3B0C44298FC1C149AFBF4C8996FB92427AE41E4649B934CA495991B7852B855","01_BIOLOGY_AND_15_RESEARCH","C:\Users\hpcnd\OneDrive\Desktop\Ramayana\RAMAYAN\ANIMALS\species\horse\environmental_response.md","INVENTORIED"
"species","species\horse\fear_response.md","fear_response.md",".md","0","E3B0C44298FC1C149AFBF4C8996FB92427AE41E4649B934CA495991B7852B855","01_BIOLOGY_AND_15_RESEARCH","C:\Users\hpcnd\OneDrive\Desktop\Ramayana\RAMAYAN\ANIMALS\species\horse\fear_response.md","INVENTORIED"
"species","species\horse\feeding.md","feeding.md",".md","0","E3B0C44298FC1C149AFBF4C8996FB92427AE41E4649B934CA495991B7852B855","01_BIOLOGY_AND_15_RESEARCH","C:\Users\hpcnd\OneDrive\Desktop\Ramayana\RAMAYAN\ANIMALS\species\horse\feeding.md","INVENTORIED"
"species","species\horse\forbidden_behavior.md","forbidden_behavior.md",".md","0","E3B0C44298FC1C149AFBF4C8996FB92427AE41E4649B934CA495991B7852B855","01_BIOLOGY_AND_15_RESEARCH","C:\Users\hpcnd\OneDrive\Desktop\Ramayana\RAMAYAN\ANIMALS\species\horse\forbidden_behavior.md","INVENTORIED"
"species","species\horse\grooming.md","grooming.md",".md","0","E3B0C44298FC1C149AFBF4C8996FB92427AE41E4649B934CA495991B7852B855","01_BIOLOGY_AND_15_RESEARCH","C:\Users\hpcnd\OneDrive\Desktop\Ramayana\RAMAYAN\ANIMALS\species\horse\grooming.md","INVENTORIED"
"species","species\horse\group_behavior.md","group_behavior.md",".md","0","E3B0C44298FC1C149AFBF4C8996FB92427AE41E4649B934CA495991B7852B855","01_BIOLOGY_AND_15_RESEARCH","C:\Users\hpcnd\OneDrive\Desktop\Ramayana\RAMAYAN\ANIMALS\species\horse\group_behavior.md","INVENTORIED"
"species","species\horse\human_interaction.md","human_interaction.md",".md","0","E3B0C44298FC1C149AFBF4C8996FB92427AE41E4649B934CA495991B7852B855","01_BIOLOGY_AND_15_RESEARCH","C:\Users\hpcnd\OneDrive\Desktop\Ramayana\RAMAYAN\ANIMALS\species\horse\human_interaction.md","INVENTORIED"
"species","species\horse\individual_variation.md","individual_variation.md",".md","0","E3B0C44298FC1C149AFBF4C8996FB92427AE41E4649B934CA495991B7852B855","01_BIOLOGY_AND_15_RESEARCH","C:\Users\hpcnd\OneDrive\Desktop\Ramayana\RAMAYAN\ANIMALS\species\horse\individual_variation.md","INVENTORIED"
"species","species\horse\locomotion.md","locomotion.md",".md","0","E3B0C44298FC1C149AFBF4C8996FB92427AE41E4649B934CA495991B7852B855","01_BIOLOGY_AND_15_RESEARCH","C:\Users\hpcnd\OneDrive\Desktop\Ramayana\RAMAYAN\ANIMALS\species\horse\locomotion.md","INVENTORIED"
"species","species\horse\mother_offspring.md","mother_offspring.md",".md","0","E3B0C44298FC1C149AFBF4C8996FB92427AE41E4649B934CA495991B7852B855","01_BIOLOGY_AND_15_RESEARCH","C:\Users\hpcnd\OneDrive\Desktop\Ramayana\RAMAYAN\ANIMALS\species\horse\mother_offspring.md","INVENTORIED"
"species","species\horse\physics.md","physics.md",".md","0","E3B0C44298FC1C149AFBF4C8996FB92427AE41E4649B934CA495991B7852B855","01_BIOLOGY_AND_15_RESEARCH","C:\Users\hpcnd\OneDrive\Desktop\Ramayana\RAMAYAN\ANIMALS\species\horse\physics.md","INVENTORIED"
"species","species\horse\predator_response.md","predator_response.md",".md","0","E3B0C44298FC1C149AFBF4C8996FB92427AE41E4649B934CA495991B7852B855","01_BIOLOGY_AND_15_RESEARCH","C:\Users\hpcnd\OneDrive\Desktop\Ramayana\RAMAYAN\ANIMALS\species\horse\predator_response.md","INVENTORIED"
"species","species\horse\references.md","references.md",".md","0","E3B0C44298FC1C149AFBF4C8996FB92427AE41E4649B934CA495991B7852B855","01_BIOLOGY_AND_15_RESEARCH","C:\Users\hpcnd\OneDrive\Desktop\Ramayana\RAMAYAN\ANIMALS\species\horse\references.md","INVENTORIED"
"species","species\horse\resting.md","resting.md",".md","0","E3B0C44298FC1C149AFBF4C8996FB92427AE41E4649B934CA495991B7852B855","01_BIOLOGY_AND_15_RESEARCH","C:\Users\hpcnd\OneDrive\Desktop\Ramayana\RAMAYAN\ANIMALS\species\horse\resting.md","INVENTORIED"
"species","species\horse\social_behavior.md","social_behavior.md",".md","0","E3B0C44298FC1C149AFBF4C8996FB92427AE41E4649B934CA495991B7852B855","01_BIOLOGY_AND_15_RESEARCH","C:\Users\hpcnd\OneDrive\Desktop\Ramayana\RAMAYAN\ANIMALS\species\horse\social_behavior.md","INVENTORIED"
"species","species\horse\sources.md","sources.md",".md","0","E3B0C44298FC1C149AFBF4C8996FB92427AE41E4649B934CA495991B7852B855","01_BIOLOGY_AND_15_RESEARCH","C:\Users\hpcnd\OneDrive\Desktop\Ramayana\RAMAYAN\ANIMALS\species\horse\sources.md","INVENTORIED"
"species","species\horse\species_profile.md","species_profile.md",".md","0","E3B0C44298FC1C149AFBF4C8996FB92427AE41E4649B934CA495991B7852B855","01_BIOLOGY_AND_15_RESEARCH","C:\Users\hpcnd\OneDrive\Desktop\Ramayana\RAMAYAN\ANIMALS\species\horse\species_profile.md","INVENTORIED"
"species","species\horse\vocalization.md","vocalization.md",".md","0","E3B0C44298FC1C149AFBF4C8996FB92427AE41E4649B934CA495991B7852B855","01_BIOLOGY_AND_15_RESEARCH","C:\Users\hpcnd\OneDrive\Desktop\Ramayana\RAMAYAN\ANIMALS\species\horse\vocalization.md","INVENTORIED"
"species","species\jackal\alertness.md","alertness.md",".md","0","E3B0C44298FC1C149AFBF4C8996FB92427AE41E4649B934CA495991B7852B855","01_BIOLOGY_AND_15_RESEARCH","C:\Users\hpcnd\OneDrive\Desktop\Ramayana\RAMAYAN\ANIMALS\species\jackal\alertness.md","INVENTORIED"
"species","species\jackal\anatomy.md","anatomy.md",".md","0","E3B0C44298FC1C149AFBF4C8996FB92427AE41E4649B934CA495991B7852B855","01_BIOLOGY_AND_15_RESEARCH","C:\Users\hpcnd\OneDrive\Desktop\Ramayana\RAMAYAN\ANIMALS\species\jackal\anatomy.md","INVENTORIED"
"species","species\jackal\animation_rules.md","animation_rules.md",".md","0","E3B0C44298FC1C149AFBF4C8996FB92427AE41E4649B934CA495991B7852B855","01_BIOLOGY_AND_15_RESEARCH","C:\Users\hpcnd\OneDrive\Desktop\Ramayana\RAMAYAN\ANIMALS\species\jackal\animation_rules.md","INVENTORIED"
"species","species\jackal\appearance.md","appearance.md",".md","0","E3B0C44298FC1C149AFBF4C8996FB92427AE41E4649B934CA495991B7852B855","01_BIOLOGY_AND_15_RESEARCH","C:\Users\hpcnd\OneDrive\Desktop\Ramayana\RAMAYAN\ANIMALS\species\jackal\appearance.md","INVENTORIED"
"species","species\jackal\behavior_dna.md","behavior_dna.md",".md","0","E3B0C44298FC1C149AFBF4C8996FB92427AE41E4649B934CA495991B7852B855","01_BIOLOGY_AND_15_RESEARCH","C:\Users\hpcnd\OneDrive\Desktop\Ramayana\RAMAYAN\ANIMALS\species\jackal\behavior_dna.md","INVENTORIED"
"species","species\jackal\environmental_response.md","environmental_response.md",".md","0","E3B0C44298FC1C149AFBF4C8996FB92427AE41E4649B934CA495991B7852B855","01_BIOLOGY_AND_15_RESEARCH","C:\Users\hpcnd\OneDrive\Desktop\Ramayana\RAMAYAN\ANIMALS\species\jackal\environmental_response.md","INVENTORIED"
"species","species\jackal\fear_response.md","fear_response.md",".md","0","E3B0C44298FC1C149AFBF4C8996FB92427AE41E4649B934CA495991B7852B855","01_BIOLOGY_AND_15_RESEARCH","C:\Users\hpcnd\OneDrive\Desktop\Ramayana\RAMAYAN\ANIMALS\species\jackal\fear_response.md","INVENTORIED"
"species","species\jackal\feeding.md","feeding.md",".md","0","E3B0C44298FC1C149AFBF4C8996FB92427AE41E4649B934CA495991B7852B855","01_BIOLOGY_AND_15_RESEARCH","C:\Users\hpcnd\OneDrive\Desktop\Ramayana\RAMAYAN\ANIMALS\species\jackal\feeding.md","INVENTORIED"
"species","species\jackal\forbidden_behavior.md","forbidden_behavior.md",".md","0","E3B0C44298FC1C149AFBF4C8996FB92427AE41E4649B934CA495991B7852B855","01_BIOLOGY_AND_15_RESEARCH","C:\Users\hpcnd\OneDrive\Desktop\Ramayana\RAMAYAN\ANIMALS\species\jackal\forbidden_behavior.md","INVENTORIED"
"species","species\jackal\grooming.md","grooming.md",".md","0","E3B0C44298FC1C149AFBF4C8996FB92427AE41E4649B934CA495991B7852B855","01_BIOLOGY_AND_15_RESEARCH","C:\Users\hpcnd\OneDrive\Desktop\Ramayana\RAMAYAN\ANIMALS\species\jackal\grooming.md","INVENTORIED"
"species","species\jackal\group_behavior.md","group_behavior.md",".md","0","E3B0C44298FC1C149AFBF4C8996FB92427AE41E4649B934CA495991B7852B855","01_BIOLOGY_AND_15_RESEARCH","C:\Users\hpcnd\OneDrive\Desktop\Ramayana\RAMAYAN\ANIMALS\species\jackal\group_behavior.md","INVENTORIED"
"species","species\jackal\human_interaction.md","human_interaction.md",".md","0","E3B0C44298FC1C149AFBF4C8996FB92427AE41E4649B934CA495991B7852B855","01_BIOLOGY_AND_15_RESEARCH","C:\Users\hpcnd\OneDrive\Desktop\Ramayana\RAMAYAN\ANIMALS\species\jackal\human_interaction.md","INVENTORIED"
"species","species\jackal\individual_variation.md","individual_variation.md",".md","0","E3B0C44298FC1C149AFBF4C8996FB92427AE41E4649B934CA495991B7852B855","01_BIOLOGY_AND_15_RESEARCH","C:\Users\hpcnd\OneDrive\Desktop\Ramayana\RAMAYAN\ANIMALS\species\jackal\individual_variation.md","INVENTORIED"
"species","species\jackal\locomotion.md","locomotion.md",".md","0","E3B0C44298FC1C149AFBF4C8996FB92427AE41E4649B934CA495991B7852B855","01_BIOLOGY_AND_15_RESEARCH","C:\Users\hpcnd\OneDrive\Desktop\Ramayana\RAMAYAN\ANIMALS\species\jackal\locomotion.md","INVENTORIED"
"species","species\jackal\mother_offspring.md","mother_offspring.md",".md","0","E3B0C44298FC1C149AFBF4C8996FB92427AE41E4649B934CA495991B7852B855","01_BIOLOGY_AND_15_RESEARCH","C:\Users\hpcnd\OneDrive\Desktop\Ramayana\RAMAYAN\ANIMALS\species\jackal\mother_offspring.md","INVENTORIED"
"species","species\jackal\physics.md","physics.md",".md","0","E3B0C44298FC1C149AFBF4C8996FB92427AE41E4649B934CA495991B7852B855","01_BIOLOGY_AND_15_RESEARCH","C:\Users\hpcnd\OneDrive\Desktop\Ramayana\RAMAYAN\ANIMALS\species\jackal\physics.md","INVENTORIED"
"species","species\jackal\predator_response.md","predator_response.md",".md","0","E3B0C44298FC1C149AFBF4C8996FB92427AE41E4649B934CA495991B7852B855","01_BIOLOGY_AND_15_RESEARCH","C:\Users\hpcnd\OneDrive\Desktop\Ramayana\RAMAYAN\ANIMALS\species\jackal\predator_response.md","INVENTORIED"
"species","species\jackal\references.md","references.md",".md","0","E3B0C44298FC1C149AFBF4C8996FB92427AE41E4649B934CA495991B7852B855","01_BIOLOGY_AND_15_RESEARCH","C:\Users\hpcnd\OneDrive\Desktop\Ramayana\RAMAYAN\ANIMALS\species\jackal\references.md","INVENTORIED"
"species","species\jackal\resting.md","resting.md",".md","0","E3B0C44298FC1C149AFBF4C8996FB92427AE41E4649B934CA495991B7852B855","01_BIOLOGY_AND_15_RESEARCH","C:\Users\hpcnd\OneDrive\Desktop\Ramayana\RAMAYAN\ANIMALS\species\jackal\resting.md","INVENTORIED"
"species","species\jackal\social_behavior.md","social_behavior.md",".md","0","E3B0C44298FC1C149AFBF4C8996FB92427AE41E4649B934CA495991B7852B855","01_BIOLOGY_AND_15_RESEARCH","C:\Users\hpcnd\OneDrive\Desktop\Ramayana\RAMAYAN\ANIMALS\species\jackal\social_behavior.md","INVENTORIED"
"species","species\jackal\sources.md","sources.md",".md","0","E3B0C44298FC1C149AFBF4C8996FB92427AE41E4649B934CA495991B7852B855","01_BIOLOGY_AND_15_RESEARCH","C:\Users\hpcnd\OneDrive\Desktop\Ramayana\RAMAYAN\ANIMALS\species\jackal\sources.md","INVENTORIED"
"species","species\jackal\species_profile.md","species_profile.md",".md","0","E3B0C44298FC1C149AFBF4C8996FB92427AE41E4649B934CA495991B7852B855","01_BIOLOGY_AND_15_RESEARCH","C:\Users\hpcnd\OneDrive\Desktop\Ramayana\RAMAYAN\ANIMALS\species\jackal\species_profile.md","INVENTORIED"
"species","species\jackal\vocalization.md","vocalization.md",".md","0","E3B0C44298FC1C149AFBF4C8996FB92427AE41E4649B934CA495991B7852B855","01_BIOLOGY_AND_15_RESEARCH","C:\Users\hpcnd\OneDrive\Desktop\Ramayana\RAMAYAN\ANIMALS\species\jackal\vocalization.md","INVENTORIED"
"species","species\lion\alertness.md","alertness.md",".md","0","E3B0C44298FC1C149AFBF4C8996FB92427AE41E4649B934CA495991B7852B855","01_BIOLOGY_AND_15_RESEARCH","C:\Users\hpcnd\OneDrive\Desktop\Ramayana\RAMAYAN\ANIMALS\species\lion\alertness.md","INVENTORIED"
"species","species\lion\anatomy.md","anatomy.md",".md","0","E3B0C44298FC1C149AFBF4C8996FB92427AE41E4649B934CA495991B7852B855","01_BIOLOGY_AND_15_RESEARCH","C:\Users\hpcnd\OneDrive\Desktop\Ramayana\RAMAYAN\ANIMALS\species\lion\anatomy.md","INVENTORIED"
"species","species\lion\animation_rules.md","animation_rules.md",".md","0","E3B0C44298FC1C149AFBF4C8996FB92427AE41E4649B934CA495991B7852B855","01_BIOLOGY_AND_15_RESEARCH","C:\Users\hpcnd\OneDrive\Desktop\Ramayana\RAMAYAN\ANIMALS\species\lion\animation_rules.md","INVENTORIED"
"species","species\lion\appearance.md","appearance.md",".md","0","E3B0C44298FC1C149AFBF4C8996FB92427AE41E4649B934CA495991B7852B855","01_BIOLOGY_AND_15_RESEARCH","C:\Users\hpcnd\OneDrive\Desktop\Ramayana\RAMAYAN\ANIMALS\species\lion\appearance.md","INVENTORIED"
"species","species\lion\behavior_dna.md","behavior_dna.md",".md","0","E3B0C44298FC1C149AFBF4C8996FB92427AE41E4649B934CA495991B7852B855","01_BIOLOGY_AND_15_RESEARCH","C:\Users\hpcnd\OneDrive\Desktop\Ramayana\RAMAYAN\ANIMALS\species\lion\behavior_dna.md","INVENTORIED"
"species","species\lion\environmental_response.md","environmental_response.md",".md","0","E3B0C44298FC1C149AFBF4C8996FB92427AE41E4649B934CA495991B7852B855","01_BIOLOGY_AND_15_RESEARCH","C:\Users\hpcnd\OneDrive\Desktop\Ramayana\RAMAYAN\ANIMALS\species\lion\environmental_response.md","INVENTORIED"
"species","species\lion\fear_response.md","fear_response.md",".md","0","E3B0C44298FC1C149AFBF4C8996FB92427AE41E4649B934CA495991B7852B855","01_BIOLOGY_AND_15_RESEARCH","C:\Users\hpcnd\OneDrive\Desktop\Ramayana\RAMAYAN\ANIMALS\species\lion\fear_response.md","INVENTORIED"
"species","species\lion\feeding.md","feeding.md",".md","0","E3B0C44298FC1C149AFBF4C8996FB92427AE41E4649B934CA495991B7852B855","01_BIOLOGY_AND_15_RESEARCH","C:\Users\hpcnd\OneDrive\Desktop\Ramayana\RAMAYAN\ANIMALS\species\lion\feeding.md","INVENTORIED"
"species","species\lion\forbidden_behavior.md","forbidden_behavior.md",".md","0","E3B0C44298FC1C149AFBF4C8996FB92427AE41E4649B934CA495991B7852B855","01_BIOLOGY_AND_15_RESEARCH","C:\Users\hpcnd\OneDrive\Desktop\Ramayana\RAMAYAN\ANIMALS\species\lion\forbidden_behavior.md","INVENTORIED"
"species","species\lion\grooming.md","grooming.md",".md","0","E3B0C44298FC1C149AFBF4C8996FB92427AE41E4649B934CA495991B7852B855","01_BIOLOGY_AND_15_RESEARCH","C:\Users\hpcnd\OneDrive\Desktop\Ramayana\RAMAYAN\ANIMALS\species\lion\grooming.md","INVENTORIED"
"species","species\lion\group_behavior.md","group_behavior.md",".md","0","E3B0C44298FC1C149AFBF4C8996FB92427AE41E4649B934CA495991B7852B855","01_BIOLOGY_AND_15_RESEARCH","C:\Users\hpcnd\OneDrive\Desktop\Ramayana\RAMAYAN\ANIMALS\species\lion\group_behavior.md","INVENTORIED"
"species","species\lion\human_interaction.md","human_interaction.md",".md","0","E3B0C44298FC1C149AFBF4C8996FB92427AE41E4649B934CA495991B7852B855","01_BIOLOGY_AND_15_RESEARCH","C:\Users\hpcnd\OneDrive\Desktop\Ramayana\RAMAYAN\ANIMALS\species\lion\human_interaction.md","INVENTORIED"
"species","species\lion\individual_variation.md","individual_variation.md",".md","0","E3B0C44298FC1C149AFBF4C8996FB92427AE41E4649B934CA495991B7852B855","01_BIOLOGY_AND_15_RESEARCH","C:\Users\hpcnd\OneDrive\Desktop\Ramayana\RAMAYAN\ANIMALS\species\lion\individual_variation.md","INVENTORIED"
"species","species\lion\locomotion.md","locomotion.md",".md","0","E3B0C44298FC1C149AFBF4C8996FB92427AE41E4649B934CA495991B7852B855","01_BIOLOGY_AND_15_RESEARCH","C:\Users\hpcnd\OneDrive\Desktop\Ramayana\RAMAYAN\ANIMALS\species\lion\locomotion.md","INVENTORIED"
"species","species\lion\mother_offspring.md","mother_offspring.md",".md","0","E3B0C44298FC1C149AFBF4C8996FB92427AE41E4649B934CA495991B7852B855","01_BIOLOGY_AND_15_RESEARCH","C:\Users\hpcnd\OneDrive\Desktop\Ramayana\RAMAYAN\ANIMALS\species\lion\mother_offspring.md","INVENTORIED"
"species","species\lion\physics.md","physics.md",".md","0","E3B0C44298FC1C149AFBF4C8996FB92427AE41E4649B934CA495991B7852B855","01_BIOLOGY_AND_15_RESEARCH","C:\Users\hpcnd\OneDrive\Desktop\Ramayana\RAMAYAN\ANIMALS\species\lion\physics.md","INVENTORIED"
"species","species\lion\predator_response.md","predator_response.md",".md","0","E3B0C44298FC1C149AFBF4C8996FB92427AE41E4649B934CA495991B7852B855","01_BIOLOGY_AND_15_RESEARCH","C:\Users\hpcnd\OneDrive\Desktop\Ramayana\RAMAYAN\ANIMALS\species\lion\predator_response.md","INVENTORIED"
"species","species\lion\references.md","references.md",".md","0","E3B0C44298FC1C149AFBF4C8996FB92427AE41E4649B934CA495991B7852B855","01_BIOLOGY_AND_15_RESEARCH","C:\Users\hpcnd\OneDrive\Desktop\Ramayana\RAMAYAN\ANIMALS\species\lion\references.md","INVENTORIED"
"species","species\lion\resting.md","resting.md",".md","0","E3B0C44298FC1C149AFBF4C8996FB92427AE41E4649B934CA495991B7852B855","01_BIOLOGY_AND_15_RESEARCH","C:\Users\hpcnd\OneDrive\Desktop\Ramayana\RAMAYAN\ANIMALS\species\lion\resting.md","INVENTORIED"
"species","species\lion\social_behavior.md","social_behavior.md",".md","0","E3B0C44298FC1C149AFBF4C8996FB92427AE41E4649B934CA495991B7852B855","01_BIOLOGY_AND_15_RESEARCH","C:\Users\hpcnd\OneDrive\Desktop\Ramayana\RAMAYAN\ANIMALS\species\lion\social_behavior.md","INVENTORIED"
"species","species\lion\sources.md","sources.md",".md","0","E3B0C44298FC1C149AFBF4C8996FB92427AE41E4649B934CA495991B7852B855","01_BIOLOGY_AND_15_RESEARCH","C:\Users\hpcnd\OneDrive\Desktop\Ramayana\RAMAYAN\ANIMALS\species\lion\sources.md","INVENTORIED"
"species","species\lion\species_profile.md","species_profile.md",".md","0","E3B0C44298FC1C149AFBF4C8996FB92427AE41E4649B934CA495991B7852B855","01_BIOLOGY_AND_15_RESEARCH","C:\Users\hpcnd\OneDrive\Desktop\Ramayana\RAMAYAN\ANIMALS\species\lion\species_profile.md","INVENTORIED"
"species","species\lion\vocalization.md","vocalization.md",".md","0","E3B0C44298FC1C149AFBF4C8996FB92427AE41E4649B934CA495991B7852B855","01_BIOLOGY_AND_15_RESEARCH","C:\Users\hpcnd\OneDrive\Desktop\Ramayana\RAMAYAN\ANIMALS\species\lion\vocalization.md","INVENTORIED"
"species","species\monkey\alertness.md","alertness.md",".md","0","E3B0C44298FC1C149AFBF4C8996FB92427AE41E4649B934CA495991B7852B855","01_BIOLOGY_AND_15_RESEARCH","C:\Users\hpcnd\OneDrive\Desktop\Ramayana\RAMAYAN\ANIMALS\species\monkey\alertness.md","INVENTORIED"
"species","species\monkey\anatomy.md","anatomy.md",".md","0","E3B0C44298FC1C149AFBF4C8996FB92427AE41E4649B934CA495991B7852B855","01_BIOLOGY_AND_15_RESEARCH","C:\Users\hpcnd\OneDrive\Desktop\Ramayana\RAMAYAN\ANIMALS\species\monkey\anatomy.md","INVENTORIED"
"species","species\monkey\animation_rules.md","animation_rules.md",".md","0","E3B0C44298FC1C149AFBF4C8996FB92427AE41E4649B934CA495991B7852B855","01_BIOLOGY_AND_15_RESEARCH","C:\Users\hpcnd\OneDrive\Desktop\Ramayana\RAMAYAN\ANIMALS\species\monkey\animation_rules.md","INVENTORIED"
"species","species\monkey\appearance.md","appearance.md",".md","0","E3B0C44298FC1C149AFBF4C8996FB92427AE41E4649B934CA495991B7852B855","01_BIOLOGY_AND_15_RESEARCH","C:\Users\hpcnd\OneDrive\Desktop\Ramayana\RAMAYAN\ANIMALS\species\monkey\appearance.md","INVENTORIED"
"species","species\monkey\behavior_dna.md","behavior_dna.md",".md","0","E3B0C44298FC1C149AFBF4C8996FB92427AE41E4649B934CA495991B7852B855","01_BIOLOGY_AND_15_RESEARCH","C:\Users\hpcnd\OneDrive\Desktop\Ramayana\RAMAYAN\ANIMALS\species\monkey\behavior_dna.md","INVENTORIED"
"species","species\monkey\environmental_response.md","environmental_response.md",".md","0","E3B0C44298FC1C149AFBF4C8996FB92427AE41E4649B934CA495991B7852B855","01_BIOLOGY_AND_15_RESEARCH","C:\Users\hpcnd\OneDrive\Desktop\Ramayana\RAMAYAN\ANIMALS\species\monkey\environmental_response.md","INVENTORIED"
"species","species\monkey\fear_response.md","fear_response.md",".md","0","E3B0C44298FC1C149AFBF4C8996FB92427AE41E4649B934CA495991B7852B855","01_BIOLOGY_AND_15_RESEARCH","C:\Users\hpcnd\OneDrive\Desktop\Ramayana\RAMAYAN\ANIMALS\species\monkey\fear_response.md","INVENTORIED"
"species","species\monkey\feeding.md","feeding.md",".md","0","E3B0C44298FC1C149AFBF4C8996FB92427AE41E4649B934CA495991B7852B855","01_BIOLOGY_AND_15_RESEARCH","C:\Users\hpcnd\OneDrive\Desktop\Ramayana\RAMAYAN\ANIMALS\species\monkey\feeding.md","INVENTORIED"
"species","species\monkey\forbidden_behavior.md","forbidden_behavior.md",".md","0","E3B0C44298FC1C149AFBF4C8996FB92427AE41E4649B934CA495991B7852B855","01_BIOLOGY_AND_15_RESEARCH","C:\Users\hpcnd\OneDrive\Desktop\Ramayana\RAMAYAN\ANIMALS\species\monkey\forbidden_behavior.md","INVENTORIED"
"species","species\monkey\grooming.md","grooming.md",".md","0","E3B0C44298FC1C149AFBF4C8996FB92427AE41E4649B934CA495991B7852B855","01_BIOLOGY_AND_15_RESEARCH","C:\Users\hpcnd\OneDrive\Desktop\Ramayana\RAMAYAN\ANIMALS\species\monkey\grooming.md","INVENTORIED"
"species","species\monkey\group_behavior.md","group_behavior.md",".md","0","E3B0C44298FC1C149AFBF4C8996FB92427AE41E4649B934CA495991B7852B855","01_BIOLOGY_AND_15_RESEARCH","C:\Users\hpcnd\OneDrive\Desktop\Ramayana\RAMAYAN\ANIMALS\species\monkey\group_behavior.md","INVENTORIED"
"species","species\monkey\human_interaction.md","human_interaction.md",".md","0","E3B0C44298FC1C149AFBF4C8996FB92427AE41E4649B934CA495991B7852B855","01_BIOLOGY_AND_15_RESEARCH","C:\Users\hpcnd\OneDrive\Desktop\Ramayana\RAMAYAN\ANIMALS\species\monkey\human_interaction.md","INVENTORIED"
"species","species\monkey\individual_variation.md","individual_variation.md",".md","0","E3B0C44298FC1C149AFBF4C8996FB92427AE41E4649B934CA495991B7852B855","01_BIOLOGY_AND_15_RESEARCH","C:\Users\hpcnd\OneDrive\Desktop\Ramayana\RAMAYAN\ANIMALS\species\monkey\individual_variation.md","INVENTORIED"
"species","species\monkey\locomotion.md","locomotion.md",".md","0","E3B0C44298FC1C149AFBF4C8996FB92427AE41E4649B934CA495991B7852B855","01_BIOLOGY_AND_15_RESEARCH","C:\Users\hpcnd\OneDrive\Desktop\Ramayana\RAMAYAN\ANIMALS\species\monkey\locomotion.md","INVENTORIED"
"species","species\monkey\mother_offspring.md","mother_offspring.md",".md","0","E3B0C44298FC1C149AFBF4C8996FB92427AE41E4649B934CA495991B7852B855","01_BIOLOGY_AND_15_RESEARCH","C:\Users\hpcnd\OneDrive\Desktop\Ramayana\RAMAYAN\ANIMALS\species\monkey\mother_offspring.md","INVENTORIED"
"species","species\monkey\physics.md","physics.md",".md","0","E3B0C44298FC1C149AFBF4C8996FB92427AE41E4649B934CA495991B7852B855","01_BIOLOGY_AND_15_RESEARCH","C:\Users\hpcnd\OneDrive\Desktop\Ramayana\RAMAYAN\ANIMALS\species\monkey\physics.md","INVENTORIED"
"species","species\monkey\predator_response.md","predator_response.md",".md","0","E3B0C44298FC1C149AFBF4C8996FB92427AE41E4649B934CA495991B7852B855","01_BIOLOGY_AND_15_RESEARCH","C:\Users\hpcnd\OneDrive\Desktop\Ramayana\RAMAYAN\ANIMALS\species\monkey\predator_response.md","INVENTORIED"
"species","species\monkey\references.md","references.md",".md","0","E3B0C44298FC1C149AFBF4C8996FB92427AE41E4649B934CA495991B7852B855","01_BIOLOGY_AND_15_RESEARCH","C:\Users\hpcnd\OneDrive\Desktop\Ramayana\RAMAYAN\ANIMALS\species\monkey\references.md","INVENTORIED"
"species","species\monkey\resting.md","resting.md",".md","0","E3B0C44298FC1C149AFBF4C8996FB92427AE41E4649B934CA495991B7852B855","01_BIOLOGY_AND_15_RESEARCH","C:\Users\hpcnd\OneDrive\Desktop\Ramayana\RAMAYAN\ANIMALS\species\monkey\resting.md","INVENTORIED"
"species","species\monkey\social_behavior.md","social_behavior.md",".md","0","E3B0C44298FC1C149AFBF4C8996FB92427AE41E4649B934CA495991B7852B855","01_BIOLOGY_AND_15_RESEARCH","C:\Users\hpcnd\OneDrive\Desktop\Ramayana\RAMAYAN\ANIMALS\species\monkey\social_behavior.md","INVENTORIED"
"species","species\monkey\sources.md","sources.md",".md","0","E3B0C44298FC1C149AFBF4C8996FB92427AE41E4649B934CA495991B7852B855","01_BIOLOGY_AND_15_RESEARCH","C:\Users\hpcnd\OneDrive\Desktop\Ramayana\RAMAYAN\ANIMALS\species\monkey\sources.md","INVENTORIED"
"species","species\monkey\species_profile.md","species_profile.md",".md","0","E3B0C44298FC1C149AFBF4C8996FB92427AE41E4649B934CA495991B7852B855","01_BIOLOGY_AND_15_RESEARCH","C:\Users\hpcnd\OneDrive\Desktop\Ramayana\RAMAYAN\ANIMALS\species\monkey\species_profile.md","INVENTORIED"
"species","species\monkey\vocalization.md","vocalization.md",".md","0","E3B0C44298FC1C149AFBF4C8996FB92427AE41E4649B934CA495991B7852B855","01_BIOLOGY_AND_15_RESEARCH","C:\Users\hpcnd\OneDrive\Desktop\Ramayana\RAMAYAN\ANIMALS\species\monkey\vocalization.md","INVENTORIED"
"species","species\owl\alertness.md","alertness.md",".md","0","E3B0C44298FC1C149AFBF4C8996FB92427AE41E4649B934CA495991B7852B855","01_BIOLOGY_AND_15_RESEARCH","C:\Users\hpcnd\OneDrive\Desktop\Ramayana\RAMAYAN\ANIMALS\species\owl\alertness.md","INVENTORIED"
"species","species\owl\anatomy.md","anatomy.md",".md","0","E3B0C44298FC1C149AFBF4C8996FB92427AE41E4649B934CA495991B7852B855","01_BIOLOGY_AND_15_RESEARCH","C:\Users\hpcnd\OneDrive\Desktop\Ramayana\RAMAYAN\ANIMALS\species\owl\anatomy.md","INVENTORIED"
"species","species\owl\animation_rules.md","animation_rules.md",".md","0","E3B0C44298FC1C149AFBF4C8996FB92427AE41E4649B934CA495991B7852B855","01_BIOLOGY_AND_15_RESEARCH","C:\Users\hpcnd\OneDrive\Desktop\Ramayana\RAMAYAN\ANIMALS\species\owl\animation_rules.md","INVENTORIED"
"species","species\owl\appearance.md","appearance.md",".md","0","E3B0C44298FC1C149AFBF4C8996FB92427AE41E4649B934CA495991B7852B855","01_BIOLOGY_AND_15_RESEARCH","C:\Users\hpcnd\OneDrive\Desktop\Ramayana\RAMAYAN\ANIMALS\species\owl\appearance.md","INVENTORIED"
"species","species\owl\behavior_dna.md","behavior_dna.md",".md","0","E3B0C44298FC1C149AFBF4C8996FB92427AE41E4649B934CA495991B7852B855","01_BIOLOGY_AND_15_RESEARCH","C:\Users\hpcnd\OneDrive\Desktop\Ramayana\RAMAYAN\ANIMALS\species\owl\behavior_dna.md","INVENTORIED"
"species","species\owl\environmental_response.md","environmental_response.md",".md","0","E3B0C44298FC1C149AFBF4C8996FB92427AE41E4649B934CA495991B7852B855","01_BIOLOGY_AND_15_RESEARCH","C:\Users\hpcnd\OneDrive\Desktop\Ramayana\RAMAYAN\ANIMALS\species\owl\environmental_response.md","INVENTORIED"
"species","species\owl\fear_response.md","fear_response.md",".md","0","E3B0C44298FC1C149AFBF4C8996FB92427AE41E4649B934CA495991B7852B855","01_BIOLOGY_AND_15_RESEARCH","C:\Users\hpcnd\OneDrive\Desktop\Ramayana\RAMAYAN\ANIMALS\species\owl\fear_response.md","INVENTORIED"
"species","species\owl\feeding.md","feeding.md",".md","0","E3B0C44298FC1C149AFBF4C8996FB92427AE41E4649B934CA495991B7852B855","01_BIOLOGY_AND_15_RESEARCH","C:\Users\hpcnd\OneDrive\Desktop\Ramayana\RAMAYAN\ANIMALS\species\owl\feeding.md","INVENTORIED"
"species","species\owl\forbidden_behavior.md","forbidden_behavior.md",".md","0","E3B0C44298FC1C149AFBF4C8996FB92427AE41E4649B934CA495991B7852B855","01_BIOLOGY_AND_15_RESEARCH","C:\Users\hpcnd\OneDrive\Desktop\Ramayana\RAMAYAN\ANIMALS\species\owl\forbidden_behavior.md","INVENTORIED"
"species","species\owl\grooming.md","grooming.md",".md","0","E3B0C44298FC1C149AFBF4C8996FB92427AE41E4649B934CA495991B7852B855","01_BIOLOGY_AND_15_RESEARCH","C:\Users\hpcnd\OneDrive\Desktop\Ramayana\RAMAYAN\ANIMALS\species\owl\grooming.md","INVENTORIED"
"species","species\owl\group_behavior.md","group_behavior.md",".md","0","E3B0C44298FC1C149AFBF4C8996FB92427AE41E4649B934CA495991B7852B855","01_BIOLOGY_AND_15_RESEARCH","C:\Users\hpcnd\OneDrive\Desktop\Ramayana\RAMAYAN\ANIMALS\species\owl\group_behavior.md","INVENTORIED"
"species","species\owl\human_interaction.md","human_interaction.md",".md","0","E3B0C44298FC1C149AFBF4C8996FB92427AE41E4649B934CA495991B7852B855","01_BIOLOGY_AND_15_RESEARCH","C:\Users\hpcnd\OneDrive\Desktop\Ramayana\RAMAYAN\ANIMALS\species\owl\human_interaction.md","INVENTORIED"
"species","species\owl\individual_variation.md","individual_variation.md",".md","0","E3B0C44298FC1C149AFBF4C8996FB92427AE41E4649B934CA495991B7852B855","01_BIOLOGY_AND_15_RESEARCH","C:\Users\hpcnd\OneDrive\Desktop\Ramayana\RAMAYAN\ANIMALS\species\owl\individual_variation.md","INVENTORIED"
"species","species\owl\locomotion.md","locomotion.md",".md","0","E3B0C44298FC1C149AFBF4C8996FB92427AE41E4649B934CA495991B7852B855","01_BIOLOGY_AND_15_RESEARCH","C:\Users\hpcnd\OneDrive\Desktop\Ramayana\RAMAYAN\ANIMALS\species\owl\locomotion.md","INVENTORIED"
"species","species\owl\mother_offspring.md","mother_offspring.md",".md","0","E3B0C44298FC1C149AFBF4C8996FB92427AE41E4649B934CA495991B7852B855","01_BIOLOGY_AND_15_RESEARCH","C:\Users\hpcnd\OneDrive\Desktop\Ramayana\RAMAYAN\ANIMALS\species\owl\mother_offspring.md","INVENTORIED"
"species","species\owl\physics.md","physics.md",".md","0","E3B0C44298FC1C149AFBF4C8996FB92427AE41E4649B934CA495991B7852B855","01_BIOLOGY_AND_15_RESEARCH","C:\Users\hpcnd\OneDrive\Desktop\Ramayana\RAMAYAN\ANIMALS\species\owl\physics.md","INVENTORIED"
"species","species\owl\predator_response.md","predator_response.md",".md","0","E3B0C44298FC1C149AFBF4C8996FB92427AE41E4649B934CA495991B7852B855","01_BIOLOGY_AND_15_RESEARCH","C:\Users\hpcnd\OneDrive\Desktop\Ramayana\RAMAYAN\ANIMALS\species\owl\predator_response.md","INVENTORIED"
"species","species\owl\references.md","references.md",".md","0","E3B0C44298FC1C149AFBF4C8996FB92427AE41E4649B934CA495991B7852B855","01_BIOLOGY_AND_15_RESEARCH","C:\Users\hpcnd\OneDrive\Desktop\Ramayana\RAMAYAN\ANIMALS\species\owl\references.md","INVENTORIED"
"species","species\owl\resting.md","resting.md",".md","0","E3B0C44298FC1C149AFBF4C8996FB92427AE41E4649B934CA495991B7852B855","01_BIOLOGY_AND_15_RESEARCH","C:\Users\hpcnd\OneDrive\Desktop\Ramayana\RAMAYAN\ANIMALS\species\owl\resting.md","INVENTORIED"
"species","species\owl\social_behavior.md","social_behavior.md",".md","0","E3B0C44298FC1C149AFBF4C8996FB92427AE41E4649B934CA495991B7852B855","01_BIOLOGY_AND_15_RESEARCH","C:\Users\hpcnd\OneDrive\Desktop\Ramayana\RAMAYAN\ANIMALS\species\owl\social_behavior.md","INVENTORIED"
"species","species\owl\sources.md","sources.md",".md","0","E3B0C44298FC1C149AFBF4C8996FB92427AE41E4649B934CA495991B7852B855","01_BIOLOGY_AND_15_RESEARCH","C:\Users\hpcnd\OneDrive\Desktop\Ramayana\RAMAYAN\ANIMALS\species\owl\sources.md","INVENTORIED"
"species","species\owl\species_profile.md","species_profile.md",".md","0","E3B0C44298FC1C149AFBF4C8996FB92427AE41E4649B934CA495991B7852B855","01_BIOLOGY_AND_15_RESEARCH","C:\Users\hpcnd\OneDrive\Desktop\Ramayana\RAMAYAN\ANIMALS\species\owl\species_profile.md","INVENTORIED"
"species","species\owl\vocalization.md","vocalization.md",".md","0","E3B0C44298FC1C149AFBF4C8996FB92427AE41E4649B934CA495991B7852B855","01_BIOLOGY_AND_15_RESEARCH","C:\Users\hpcnd\OneDrive\Desktop\Ramayana\RAMAYAN\ANIMALS\species\owl\vocalization.md","INVENTORIED"
"species","species\parrot\alertness.md","alertness.md",".md","0","E3B0C44298FC1C149AFBF4C8996FB92427AE41E4649B934CA495991B7852B855","01_BIOLOGY_AND_15_RESEARCH","C:\Users\hpcnd\OneDrive\Desktop\Ramayana\RAMAYAN\ANIMALS\species\parrot\alertness.md","INVENTORIED"
"species","species\parrot\anatomy.md","anatomy.md",".md","0","E3B0C44298FC1C149AFBF4C8996FB92427AE41E4649B934CA495991B7852B855","01_BIOLOGY_AND_15_RESEARCH","C:\Users\hpcnd\OneDrive\Desktop\Ramayana\RAMAYAN\ANIMALS\species\parrot\anatomy.md","INVENTORIED"
"species","species\parrot\animation_rules.md","animation_rules.md",".md","0","E3B0C44298FC1C149AFBF4C8996FB92427AE41E4649B934CA495991B7852B855","01_BIOLOGY_AND_15_RESEARCH","C:\Users\hpcnd\OneDrive\Desktop\Ramayana\RAMAYAN\ANIMALS\species\parrot\animation_rules.md","INVENTORIED"
"species","species\parrot\appearance.md","appearance.md",".md","0","E3B0C44298FC1C149AFBF4C8996FB92427AE41E4649B934CA495991B7852B855","01_BIOLOGY_AND_15_RESEARCH","C:\Users\hpcnd\OneDrive\Desktop\Ramayana\RAMAYAN\ANIMALS\species\parrot\appearance.md","INVENTORIED"
"species","species\parrot\behavior_dna.md","behavior_dna.md",".md","0","E3B0C44298FC1C149AFBF4C8996FB92427AE41E4649B934CA495991B7852B855","01_BIOLOGY_AND_15_RESEARCH","C:\Users\hpcnd\OneDrive\Desktop\Ramayana\RAMAYAN\ANIMALS\species\parrot\behavior_dna.md","INVENTORIED"
"species","species\parrot\environmental_response.md","environmental_response.md",".md","0","E3B0C44298FC1C149AFBF4C8996FB92427AE41E4649B934CA495991B7852B855","01_BIOLOGY_AND_15_RESEARCH","C:\Users\hpcnd\OneDrive\Desktop\Ramayana\RAMAYAN\ANIMALS\species\parrot\environmental_response.md","INVENTORIED"
"species","species\parrot\fear_response.md","fear_response.md",".md","0","E3B0C44298FC1C149AFBF4C8996FB92427AE41E4649B934CA495991B7852B855","01_BIOLOGY_AND_15_RESEARCH","C:\Users\hpcnd\OneDrive\Desktop\Ramayana\RAMAYAN\ANIMALS\species\parrot\fear_response.md","INVENTORIED"
"species","species\parrot\feeding.md","feeding.md",".md","0","E3B0C44298FC1C149AFBF4C8996FB92427AE41E4649B934CA495991B7852B855","01_BIOLOGY_AND_15_RESEARCH","C:\Users\hpcnd\OneDrive\Desktop\Ramayana\RAMAYAN\ANIMALS\species\parrot\feeding.md","INVENTORIED"
"species","species\parrot\forbidden_behavior.md","forbidden_behavior.md",".md","0","E3B0C44298FC1C149AFBF4C8996FB92427AE41E4649B934CA495991B7852B855","01_BIOLOGY_AND_15_RESEARCH","C:\Users\hpcnd\OneDrive\Desktop\Ramayana\RAMAYAN\ANIMALS\species\parrot\forbidden_behavior.md","INVENTORIED"
"species","species\parrot\grooming.md","grooming.md",".md","0","E3B0C44298FC1C149AFBF4C8996FB92427AE41E4649B934CA495991B7852B855","01_BIOLOGY_AND_15_RESEARCH","C:\Users\hpcnd\OneDrive\Desktop\Ramayana\RAMAYAN\ANIMALS\species\parrot\grooming.md","INVENTORIED"
"species","species\parrot\group_behavior.md","group_behavior.md",".md","0","E3B0C44298FC1C149AFBF4C8996FB92427AE41E4649B934CA495991B7852B855","01_BIOLOGY_AND_15_RESEARCH","C:\Users\hpcnd\OneDrive\Desktop\Ramayana\RAMAYAN\ANIMALS\species\parrot\group_behavior.md","INVENTORIED"
"species","species\parrot\human_interaction.md","human_interaction.md",".md","0","E3B0C44298FC1C149AFBF4C8996FB92427AE41E4649B934CA495991B7852B855","01_BIOLOGY_AND_15_RESEARCH","C:\Users\hpcnd\OneDrive\Desktop\Ramayana\RAMAYAN\ANIMALS\species\parrot\human_interaction.md","INVENTORIED"
"species","species\parrot\individual_variation.md","individual_variation.md",".md","0","E3B0C44298FC1C149AFBF4C8996FB92427AE41E4649B934CA495991B7852B855","01_BIOLOGY_AND_15_RESEARCH","C:\Users\hpcnd\OneDrive\Desktop\Ramayana\RAMAYAN\ANIMALS\species\parrot\individual_variation.md","INVENTORIED"
"species","species\parrot\locomotion.md","locomotion.md",".md","0","E3B0C44298FC1C149AFBF4C8996FB92427AE41E4649B934CA495991B7852B855","01_BIOLOGY_AND_15_RESEARCH","C:\Users\hpcnd\OneDrive\Desktop\Ramayana\RAMAYAN\ANIMALS\species\parrot\locomotion.md","INVENTORIED"
"species","species\parrot\mother_offspring.md","mother_offspring.md",".md","0","E3B0C44298FC1C149AFBF4C8996FB92427AE41E4649B934CA495991B7852B855","01_BIOLOGY_AND_15_RESEARCH","C:\Users\hpcnd\OneDrive\Desktop\Ramayana\RAMAYAN\ANIMALS\species\parrot\mother_offspring.md","INVENTORIED"
"species","species\parrot\physics.md","physics.md",".md","0","E3B0C44298FC1C149AFBF4C8996FB92427AE41E4649B934CA495991B7852B855","01_BIOLOGY_AND_15_RESEARCH","C:\Users\hpcnd\OneDrive\Desktop\Ramayana\RAMAYAN\ANIMALS\species\parrot\physics.md","INVENTORIED"
"species","species\parrot\predator_response.md","predator_response.md",".md","0","E3B0C44298FC1C149AFBF4C8996FB92427AE41E4649B934CA495991B7852B855","01_BIOLOGY_AND_15_RESEARCH","C:\Users\hpcnd\OneDrive\Desktop\Ramayana\RAMAYAN\ANIMALS\species\parrot\predator_response.md","INVENTORIED"
"species","species\parrot\references.md","references.md",".md","0","E3B0C44298FC1C149AFBF4C8996FB92427AE41E4649B934CA495991B7852B855","01_BIOLOGY_AND_15_RESEARCH","C:\Users\hpcnd\OneDrive\Desktop\Ramayana\RAMAYAN\ANIMALS\species\parrot\references.md","INVENTORIED"
"species","species\parrot\resting.md","resting.md",".md","0","E3B0C44298FC1C149AFBF4C8996FB92427AE41E4649B934CA495991B7852B855","01_BIOLOGY_AND_15_RESEARCH","C:\Users\hpcnd\OneDrive\Desktop\Ramayana\RAMAYAN\ANIMALS\species\parrot\resting.md","INVENTORIED"
"species","species\parrot\social_behavior.md","social_behavior.md",".md","0","E3B0C44298FC1C149AFBF4C8996FB92427AE41E4649B934CA495991B7852B855","01_BIOLOGY_AND_15_RESEARCH","C:\Users\hpcnd\OneDrive\Desktop\Ramayana\RAMAYAN\ANIMALS\species\parrot\social_behavior.md","INVENTORIED"
"species","species\parrot\sources.md","sources.md",".md","0","E3B0C44298FC1C149AFBF4C8996FB92427AE41E4649B934CA495991B7852B855","01_BIOLOGY_AND_15_RESEARCH","C:\Users\hpcnd\OneDrive\Desktop\Ramayana\RAMAYAN\ANIMALS\species\parrot\sources.md","INVENTORIED"
"species","species\parrot\species_profile.md","species_profile.md",".md","0","E3B0C44298FC1C149AFBF4C8996FB92427AE41E4649B934CA495991B7852B855","01_BIOLOGY_AND_15_RESEARCH","C:\Users\hpcnd\OneDrive\Desktop\Ramayana\RAMAYAN\ANIMALS\species\parrot\species_profile.md","INVENTORIED"
"species","species\parrot\vocalization.md","vocalization.md",".md","0","E3B0C44298FC1C149AFBF4C8996FB92427AE41E4649B934CA495991B7852B855","01_BIOLOGY_AND_15_RESEARCH","C:\Users\hpcnd\OneDrive\Desktop\Ramayana\RAMAYAN\ANIMALS\species\parrot\vocalization.md","INVENTORIED"
"species","species\peacock\alertness.md","alertness.md",".md","0","E3B0C44298FC1C149AFBF4C8996FB92427AE41E4649B934CA495991B7852B855","01_BIOLOGY_AND_15_RESEARCH","C:\Users\hpcnd\OneDrive\Desktop\Ramayana\RAMAYAN\ANIMALS\species\peacock\alertness.md","INVENTORIED"
"species","species\peacock\anatomy.md","anatomy.md",".md","0","E3B0C44298FC1C149AFBF4C8996FB92427AE41E4649B934CA495991B7852B855","01_BIOLOGY_AND_15_RESEARCH","C:\Users\hpcnd\OneDrive\Desktop\Ramayana\RAMAYAN\ANIMALS\species\peacock\anatomy.md","INVENTORIED"
"species","species\peacock\animation_rules.md","animation_rules.md",".md","0","E3B0C44298FC1C149AFBF4C8996FB92427AE41E4649B934CA495991B7852B855","01_BIOLOGY_AND_15_RESEARCH","C:\Users\hpcnd\OneDrive\Desktop\Ramayana\RAMAYAN\ANIMALS\species\peacock\animation_rules.md","INVENTORIED"
"species","species\peacock\appearance.md","appearance.md",".md","0","E3B0C44298FC1C149AFBF4C8996FB92427AE41E4649B934CA495991B7852B855","01_BIOLOGY_AND_15_RESEARCH","C:\Users\hpcnd\OneDrive\Desktop\Ramayana\RAMAYAN\ANIMALS\species\peacock\appearance.md","INVENTORIED"
"species","species\peacock\behavior_dna.md","behavior_dna.md",".md","0","E3B0C44298FC1C149AFBF4C8996FB92427AE41E4649B934CA495991B7852B855","01_BIOLOGY_AND_15_RESEARCH","C:\Users\hpcnd\OneDrive\Desktop\Ramayana\RAMAYAN\ANIMALS\species\peacock\behavior_dna.md","INVENTORIED"
"species","species\peacock\environmental_response.md","environmental_response.md",".md","0","E3B0C44298FC1C149AFBF4C8996FB92427AE41E4649B934CA495991B7852B855","01_BIOLOGY_AND_15_RESEARCH","C:\Users\hpcnd\OneDrive\Desktop\Ramayana\RAMAYAN\ANIMALS\species\peacock\environmental_response.md","INVENTORIED"
"species","species\peacock\fear_response.md","fear_response.md",".md","0","E3B0C44298FC1C149AFBF4C8996FB92427AE41E4649B934CA495991B7852B855","01_BIOLOGY_AND_15_RESEARCH","C:\Users\hpcnd\OneDrive\Desktop\Ramayana\RAMAYAN\ANIMALS\species\peacock\fear_response.md","INVENTORIED"
"species","species\peacock\feeding.md","feeding.md",".md","0","E3B0C44298FC1C149AFBF4C8996FB92427AE41E4649B934CA495991B7852B855","01_BIOLOGY_AND_15_RESEARCH","C:\Users\hpcnd\OneDrive\Desktop\Ramayana\RAMAYAN\ANIMALS\species\peacock\feeding.md","INVENTORIED"
"species","species\peacock\forbidden_behavior.md","forbidden_behavior.md",".md","0","E3B0C44298FC1C149AFBF4C8996FB92427AE41E4649B934CA495991B7852B855","01_BIOLOGY_AND_15_RESEARCH","C:\Users\hpcnd\OneDrive\Desktop\Ramayana\RAMAYAN\ANIMALS\species\peacock\forbidden_behavior.md","INVENTORIED"
"species","species\peacock\grooming.md","grooming.md",".md","0","E3B0C44298FC1C149AFBF4C8996FB92427AE41E4649B934CA495991B7852B855","01_BIOLOGY_AND_15_RESEARCH","C:\Users\hpcnd\OneDrive\Desktop\Ramayana\RAMAYAN\ANIMALS\species\peacock\grooming.md","INVENTORIED"
"species","species\peacock\group_behavior.md","group_behavior.md",".md","0","E3B0C44298FC1C149AFBF4C8996FB92427AE41E4649B934CA495991B7852B855","01_BIOLOGY_AND_15_RESEARCH","C:\Users\hpcnd\OneDrive\Desktop\Ramayana\RAMAYAN\ANIMALS\species\peacock\group_behavior.md","INVENTORIED"
"species","species\peacock\human_interaction.md","human_interaction.md",".md","0","E3B0C44298FC1C149AFBF4C8996FB92427AE41E4649B934CA495991B7852B855","01_BIOLOGY_AND_15_RESEARCH","C:\Users\hpcnd\OneDrive\Desktop\Ramayana\RAMAYAN\ANIMALS\species\peacock\human_interaction.md","INVENTORIED"
"species","species\peacock\individual_variation.md","individual_variation.md",".md","0","E3B0C44298FC1C149AFBF4C8996FB92427AE41E4649B934CA495991B7852B855","01_BIOLOGY_AND_15_RESEARCH","C:\Users\hpcnd\OneDrive\Desktop\Ramayana\RAMAYAN\ANIMALS\species\peacock\individual_variation.md","INVENTORIED"
"species","species\peacock\locomotion.md","locomotion.md",".md","0","E3B0C44298FC1C149AFBF4C8996FB92427AE41E4649B934CA495991B7852B855","01_BIOLOGY_AND_15_RESEARCH","C:\Users\hpcnd\OneDrive\Desktop\Ramayana\RAMAYAN\ANIMALS\species\peacock\locomotion.md","INVENTORIED"
"species","species\peacock\mother_offspring.md","mother_offspring.md",".md","0","E3B0C44298FC1C149AFBF4C8996FB92427AE41E4649B934CA495991B7852B855","01_BIOLOGY_AND_15_RESEARCH","C:\Users\hpcnd\OneDrive\Desktop\Ramayana\RAMAYAN\ANIMALS\species\peacock\mother_offspring.md","INVENTORIED"
"species","species\peacock\physics.md","physics.md",".md","0","E3B0C44298FC1C149AFBF4C8996FB92427AE41E4649B934CA495991B7852B855","01_BIOLOGY_AND_15_RESEARCH","C:\Users\hpcnd\OneDrive\Desktop\Ramayana\RAMAYAN\ANIMALS\species\peacock\physics.md","INVENTORIED"
"species","species\peacock\predator_response.md","predator_response.md",".md","0","E3B0C44298FC1C149AFBF4C8996FB92427AE41E4649B934CA495991B7852B855","01_BIOLOGY_AND_15_RESEARCH","C:\Users\hpcnd\OneDrive\Desktop\Ramayana\RAMAYAN\ANIMALS\species\peacock\predator_response.md","INVENTORIED"
"species","species\peacock\references.md","references.md",".md","0","E3B0C44298FC1C149AFBF4C8996FB92427AE41E4649B934CA495991B7852B855","01_BIOLOGY_AND_15_RESEARCH","C:\Users\hpcnd\OneDrive\Desktop\Ramayana\RAMAYAN\ANIMALS\species\peacock\references.md","INVENTORIED"
"species","species\peacock\resting.md","resting.md",".md","0","E3B0C44298FC1C149AFBF4C8996FB92427AE41E4649B934CA495991B7852B855","01_BIOLOGY_AND_15_RESEARCH","C:\Users\hpcnd\OneDrive\Desktop\Ramayana\RAMAYAN\ANIMALS\species\peacock\resting.md","INVENTORIED"
"species","species\peacock\social_behavior.md","social_behavior.md",".md","0","E3B0C44298FC1C149AFBF4C8996FB92427AE41E4649B934CA495991B7852B855","01_BIOLOGY_AND_15_RESEARCH","C:\Users\hpcnd\OneDrive\Desktop\Ramayana\RAMAYAN\ANIMALS\species\peacock\social_behavior.md","INVENTORIED"
"species","species\peacock\sources.md","sources.md",".md","0","E3B0C44298FC1C149AFBF4C8996FB92427AE41E4649B934CA495991B7852B855","01_BIOLOGY_AND_15_RESEARCH","C:\Users\hpcnd\OneDrive\Desktop\Ramayana\RAMAYAN\ANIMALS\species\peacock\sources.md","INVENTORIED"
"species","species\peacock\species_profile.md","species_profile.md",".md","0","E3B0C44298FC1C149AFBF4C8996FB92427AE41E4649B934CA495991B7852B855","01_BIOLOGY_AND_15_RESEARCH","C:\Users\hpcnd\OneDrive\Desktop\Ramayana\RAMAYAN\ANIMALS\species\peacock\species_profile.md","INVENTORIED"
"species","species\peacock\vocalization.md","vocalization.md",".md","0","E3B0C44298FC1C149AFBF4C8996FB92427AE41E4649B934CA495991B7852B855","01_BIOLOGY_AND_15_RESEARCH","C:\Users\hpcnd\OneDrive\Desktop\Ramayana\RAMAYAN\ANIMALS\species\peacock\vocalization.md","INVENTORIED"
"species","species\pigeon\alertness.md","alertness.md",".md","0","E3B0C44298FC1C149AFBF4C8996FB92427AE41E4649B934CA495991B7852B855","01_BIOLOGY_AND_15_RESEARCH","C:\Users\hpcnd\OneDrive\Desktop\Ramayana\RAMAYAN\ANIMALS\species\pigeon\alertness.md","INVENTORIED"
"species","species\pigeon\anatomy.md","anatomy.md",".md","0","E3B0C44298FC1C149AFBF4C8996FB92427AE41E4649B934CA495991B7852B855","01_BIOLOGY_AND_15_RESEARCH","C:\Users\hpcnd\OneDrive\Desktop\Ramayana\RAMAYAN\ANIMALS\species\pigeon\anatomy.md","INVENTORIED"
"species","species\pigeon\animation_rules.md","animation_rules.md",".md","0","E3B0C44298FC1C149AFBF4C8996FB92427AE41E4649B934CA495991B7852B855","01_BIOLOGY_AND_15_RESEARCH","C:\Users\hpcnd\OneDrive\Desktop\Ramayana\RAMAYAN\ANIMALS\species\pigeon\animation_rules.md","INVENTORIED"
"species","species\pigeon\appearance.md","appearance.md",".md","0","E3B0C44298FC1C149AFBF4C8996FB92427AE41E4649B934CA495991B7852B855","01_BIOLOGY_AND_15_RESEARCH","C:\Users\hpcnd\OneDrive\Desktop\Ramayana\RAMAYAN\ANIMALS\species\pigeon\appearance.md","INVENTORIED"
"species","species\pigeon\behavior_dna.md","behavior_dna.md",".md","0","E3B0C44298FC1C149AFBF4C8996FB92427AE41E4649B934CA495991B7852B855","01_BIOLOGY_AND_15_RESEARCH","C:\Users\hpcnd\OneDrive\Desktop\Ramayana\RAMAYAN\ANIMALS\species\pigeon\behavior_dna.md","INVENTORIED"
"species","species\pigeon\environmental_response.md","environmental_response.md",".md","0","E3B0C44298FC1C149AFBF4C8996FB92427AE41E4649B934CA495991B7852B855","01_BIOLOGY_AND_15_RESEARCH","C:\Users\hpcnd\OneDrive\Desktop\Ramayana\RAMAYAN\ANIMALS\species\pigeon\environmental_response.md","INVENTORIED"
"species","species\pigeon\fear_response.md","fear_response.md",".md","0","E3B0C44298FC1C149AFBF4C8996FB92427AE41E4649B934CA495991B7852B855","01_BIOLOGY_AND_15_RESEARCH","C:\Users\hpcnd\OneDrive\Desktop\Ramayana\RAMAYAN\ANIMALS\species\pigeon\fear_response.md","INVENTORIED"
"species","species\pigeon\feeding.md","feeding.md",".md","0","E3B0C44298FC1C149AFBF4C8996FB92427AE41E4649B934CA495991B7852B855","01_BIOLOGY_AND_15_RESEARCH","C:\Users\hpcnd\OneDrive\Desktop\Ramayana\RAMAYAN\ANIMALS\species\pigeon\feeding.md","INVENTORIED"
"species","species\pigeon\forbidden_behavior.md","forbidden_behavior.md",".md","0","E3B0C44298FC1C149AFBF4C8996FB92427AE41E4649B934CA495991B7852B855","01_BIOLOGY_AND_15_RESEARCH","C:\Users\hpcnd\OneDrive\Desktop\Ramayana\RAMAYAN\ANIMALS\species\pigeon\forbidden_behavior.md","INVENTORIED"
"species","species\pigeon\grooming.md","grooming.md",".md","0","E3B0C44298FC1C149AFBF4C8996FB92427AE41E4649B934CA495991B7852B855","01_BIOLOGY_AND_15_RESEARCH","C:\Users\hpcnd\OneDrive\Desktop\Ramayana\RAMAYAN\ANIMALS\species\pigeon\grooming.md","INVENTORIED"
"species","species\pigeon\group_behavior.md","group_behavior.md",".md","0","E3B0C44298FC1C149AFBF4C8996FB92427AE41E4649B934CA495991B7852B855","01_BIOLOGY_AND_15_RESEARCH","C:\Users\hpcnd\OneDrive\Desktop\Ramayana\RAMAYAN\ANIMALS\species\pigeon\group_behavior.md","INVENTORIED"
"species","species\pigeon\human_interaction.md","human_interaction.md",".md","0","E3B0C44298FC1C149AFBF4C8996FB92427AE41E4649B934CA495991B7852B855","01_BIOLOGY_AND_15_RESEARCH","C:\Users\hpcnd\OneDrive\Desktop\Ramayana\RAMAYAN\ANIMALS\species\pigeon\human_interaction.md","INVENTORIED"
"species","species\pigeon\individual_variation.md","individual_variation.md",".md","0","E3B0C44298FC1C149AFBF4C8996FB92427AE41E4649B934CA495991B7852B855","01_BIOLOGY_AND_15_RESEARCH","C:\Users\hpcnd\OneDrive\Desktop\Ramayana\RAMAYAN\ANIMALS\species\pigeon\individual_variation.md","INVENTORIED"
"species","species\pigeon\locomotion.md","locomotion.md",".md","0","E3B0C44298FC1C149AFBF4C8996FB92427AE41E4649B934CA495991B7852B855","01_BIOLOGY_AND_15_RESEARCH","C:\Users\hpcnd\OneDrive\Desktop\Ramayana\RAMAYAN\ANIMALS\species\pigeon\locomotion.md","INVENTORIED"
"species","species\pigeon\mother_offspring.md","mother_offspring.md",".md","0","E3B0C44298FC1C149AFBF4C8996FB92427AE41E4649B934CA495991B7852B855","01_BIOLOGY_AND_15_RESEARCH","C:\Users\hpcnd\OneDrive\Desktop\Ramayana\RAMAYAN\ANIMALS\species\pigeon\mother_offspring.md","INVENTORIED"
"species","species\pigeon\physics.md","physics.md",".md","0","E3B0C44298FC1C149AFBF4C8996FB92427AE41E4649B934CA495991B7852B855","01_BIOLOGY_AND_15_RESEARCH","C:\Users\hpcnd\OneDrive\Desktop\Ramayana\RAMAYAN\ANIMALS\species\pigeon\physics.md","INVENTORIED"
"species","species\pigeon\predator_response.md","predator_response.md",".md","0","E3B0C44298FC1C149AFBF4C8996FB92427AE41E4649B934CA495991B7852B855","01_BIOLOGY_AND_15_RESEARCH","C:\Users\hpcnd\OneDrive\Desktop\Ramayana\RAMAYAN\ANIMALS\species\pigeon\predator_response.md","INVENTORIED"
"species","species\pigeon\references.md","references.md",".md","0","E3B0C44298FC1C149AFBF4C8996FB92427AE41E4649B934CA495991B7852B855","01_BIOLOGY_AND_15_RESEARCH","C:\Users\hpcnd\OneDrive\Desktop\Ramayana\RAMAYAN\ANIMALS\species\pigeon\references.md","INVENTORIED"
"species","species\pigeon\resting.md","resting.md",".md","0","E3B0C44298FC1C149AFBF4C8996FB92427AE41E4649B934CA495991B7852B855","01_BIOLOGY_AND_15_RESEARCH","C:\Users\hpcnd\OneDrive\Desktop\Ramayana\RAMAYAN\ANIMALS\species\pigeon\resting.md","INVENTORIED"
"species","species\pigeon\social_behavior.md","social_behavior.md",".md","0","E3B0C44298FC1C149AFBF4C8996FB92427AE41E4649B934CA495991B7852B855","01_BIOLOGY_AND_15_RESEARCH","C:\Users\hpcnd\OneDrive\Desktop\Ramayana\RAMAYAN\ANIMALS\species\pigeon\social_behavior.md","INVENTORIED"
"species","species\pigeon\sources.md","sources.md",".md","0","E3B0C44298FC1C149AFBF4C8996FB92427AE41E4649B934CA495991B7852B855","01_BIOLOGY_AND_15_RESEARCH","C:\Users\hpcnd\OneDrive\Desktop\Ramayana\RAMAYAN\ANIMALS\species\pigeon\sources.md","INVENTORIED"
"species","species\pigeon\species_profile.md","species_profile.md",".md","0","E3B0C44298FC1C149AFBF4C8996FB92427AE41E4649B934CA495991B7852B855","01_BIOLOGY_AND_15_RESEARCH","C:\Users\hpcnd\OneDrive\Desktop\Ramayana\RAMAYAN\ANIMALS\species\pigeon\species_profile.md","INVENTORIED"
"species","species\pigeon\vocalization.md","vocalization.md",".md","0","E3B0C44298FC1C149AFBF4C8996FB92427AE41E4649B934CA495991B7852B855","01_BIOLOGY_AND_15_RESEARCH","C:\Users\hpcnd\OneDrive\Desktop\Ramayana\RAMAYAN\ANIMALS\species\pigeon\vocalization.md","INVENTORIED"
"species","species\rabbit\alertness.md","alertness.md",".md","0","E3B0C44298FC1C149AFBF4C8996FB92427AE41E4649B934CA495991B7852B855","01_BIOLOGY_AND_15_RESEARCH","C:\Users\hpcnd\OneDrive\Desktop\Ramayana\RAMAYAN\ANIMALS\species\rabbit\alertness.md","INVENTORIED"
"species","species\rabbit\anatomy.md","anatomy.md",".md","0","E3B0C44298FC1C149AFBF4C8996FB92427AE41E4649B934CA495991B7852B855","01_BIOLOGY_AND_15_RESEARCH","C:\Users\hpcnd\OneDrive\Desktop\Ramayana\RAMAYAN\ANIMALS\species\rabbit\anatomy.md","INVENTORIED"
"species","species\rabbit\animation_rules.md","animation_rules.md",".md","0","E3B0C44298FC1C149AFBF4C8996FB92427AE41E4649B934CA495991B7852B855","01_BIOLOGY_AND_15_RESEARCH","C:\Users\hpcnd\OneDrive\Desktop\Ramayana\RAMAYAN\ANIMALS\species\rabbit\animation_rules.md","INVENTORIED"
"species","species\rabbit\appearance.md","appearance.md",".md","0","E3B0C44298FC1C149AFBF4C8996FB92427AE41E4649B934CA495991B7852B855","01_BIOLOGY_AND_15_RESEARCH","C:\Users\hpcnd\OneDrive\Desktop\Ramayana\RAMAYAN\ANIMALS\species\rabbit\appearance.md","INVENTORIED"
"species","species\rabbit\behavior_dna.md","behavior_dna.md",".md","0","E3B0C44298FC1C149AFBF4C8996FB92427AE41E4649B934CA495991B7852B855","01_BIOLOGY_AND_15_RESEARCH","C:\Users\hpcnd\OneDrive\Desktop\Ramayana\RAMAYAN\ANIMALS\species\rabbit\behavior_dna.md","INVENTORIED"
"species","species\rabbit\environmental_response.md","environmental_response.md",".md","0","E3B0C44298FC1C149AFBF4C8996FB92427AE41E4649B934CA495991B7852B855","01_BIOLOGY_AND_15_RESEARCH","C:\Users\hpcnd\OneDrive\Desktop\Ramayana\RAMAYAN\ANIMALS\species\rabbit\environmental_response.md","INVENTORIED"
"species","species\rabbit\fear_response.md","fear_response.md",".md","0","E3B0C44298FC1C149AFBF4C8996FB92427AE41E4649B934CA495991B7852B855","01_BIOLOGY_AND_15_RESEARCH","C:\Users\hpcnd\OneDrive\Desktop\Ramayana\RAMAYAN\ANIMALS\species\rabbit\fear_response.md","INVENTORIED"
"species","species\rabbit\feeding.md","feeding.md",".md","0","E3B0C44298FC1C149AFBF4C8996FB92427AE41E4649B934CA495991B7852B855","01_BIOLOGY_AND_15_RESEARCH","C:\Users\hpcnd\OneDrive\Desktop\Ramayana\RAMAYAN\ANIMALS\species\rabbit\feeding.md","INVENTORIED"
"species","species\rabbit\forbidden_behavior.md","forbidden_behavior.md",".md","0","E3B0C44298FC1C149AFBF4C8996FB92427AE41E4649B934CA495991B7852B855","01_BIOLOGY_AND_15_RESEARCH","C:\Users\hpcnd\OneDrive\Desktop\Ramayana\RAMAYAN\ANIMALS\species\rabbit\forbidden_behavior.md","INVENTORIED"
"species","species\rabbit\grooming.md","grooming.md",".md","0","E3B0C44298FC1C149AFBF4C8996FB92427AE41E4649B934CA495991B7852B855","01_BIOLOGY_AND_15_RESEARCH","C:\Users\hpcnd\OneDrive\Desktop\Ramayana\RAMAYAN\ANIMALS\species\rabbit\grooming.md","INVENTORIED"
"species","species\rabbit\group_behavior.md","group_behavior.md",".md","0","E3B0C44298FC1C149AFBF4C8996FB92427AE41E4649B934CA495991B7852B855","01_BIOLOGY_AND_15_RESEARCH","C:\Users\hpcnd\OneDrive\Desktop\Ramayana\RAMAYAN\ANIMALS\species\rabbit\group_behavior.md","INVENTORIED"
"species","species\rabbit\human_interaction.md","human_interaction.md",".md","0","E3B0C44298FC1C149AFBF4C8996FB92427AE41E4649B934CA495991B7852B855","01_BIOLOGY_AND_15_RESEARCH","C:\Users\hpcnd\OneDrive\Desktop\Ramayana\RAMAYAN\ANIMALS\species\rabbit\human_interaction.md","INVENTORIED"
"species","species\rabbit\individual_variation.md","individual_variation.md",".md","0","E3B0C44298FC1C149AFBF4C8996FB92427AE41E4649B934CA495991B7852B855","01_BIOLOGY_AND_15_RESEARCH","C:\Users\hpcnd\OneDrive\Desktop\Ramayana\RAMAYAN\ANIMALS\species\rabbit\individual_variation.md","INVENTORIED"
"species","species\rabbit\locomotion.md","locomotion.md",".md","0","E3B0C44298FC1C149AFBF4C8996FB92427AE41E4649B934CA495991B7852B855","01_BIOLOGY_AND_15_RESEARCH","C:\Users\hpcnd\OneDrive\Desktop\Ramayana\RAMAYAN\ANIMALS\species\rabbit\locomotion.md","INVENTORIED"
"species","species\rabbit\mother_offspring.md","mother_offspring.md",".md","0","E3B0C44298FC1C149AFBF4C8996FB92427AE41E4649B934CA495991B7852B855","01_BIOLOGY_AND_15_RESEARCH","C:\Users\hpcnd\OneDrive\Desktop\Ramayana\RAMAYAN\ANIMALS\species\rabbit\mother_offspring.md","INVENTORIED"
"species","species\rabbit\physics.md","physics.md",".md","0","E3B0C44298FC1C149AFBF4C8996FB92427AE41E4649B934CA495991B7852B855","01_BIOLOGY_AND_15_RESEARCH","C:\Users\hpcnd\OneDrive\Desktop\Ramayana\RAMAYAN\ANIMALS\species\rabbit\physics.md","INVENTORIED"
"species","species\rabbit\predator_response.md","predator_response.md",".md","0","E3B0C44298FC1C149AFBF4C8996FB92427AE41E4649B934CA495991B7852B855","01_BIOLOGY_AND_15_RESEARCH","C:\Users\hpcnd\OneDrive\Desktop\Ramayana\RAMAYAN\ANIMALS\species\rabbit\predator_response.md","INVENTORIED"
"species","species\rabbit\references.md","references.md",".md","0","E3B0C44298FC1C149AFBF4C8996FB92427AE41E4649B934CA495991B7852B855","01_BIOLOGY_AND_15_RESEARCH","C:\Users\hpcnd\OneDrive\Desktop\Ramayana\RAMAYAN\ANIMALS\species\rabbit\references.md","INVENTORIED"
"species","species\rabbit\resting.md","resting.md",".md","0","E3B0C44298FC1C149AFBF4C8996FB92427AE41E4649B934CA495991B7852B855","01_BIOLOGY_AND_15_RESEARCH","C:\Users\hpcnd\OneDrive\Desktop\Ramayana\RAMAYAN\ANIMALS\species\rabbit\resting.md","INVENTORIED"
"species","species\rabbit\social_behavior.md","social_behavior.md",".md","0","E3B0C44298FC1C149AFBF4C8996FB92427AE41E4649B934CA495991B7852B855","01_BIOLOGY_AND_15_RESEARCH","C:\Users\hpcnd\OneDrive\Desktop\Ramayana\RAMAYAN\ANIMALS\species\rabbit\social_behavior.md","INVENTORIED"
"species","species\rabbit\sources.md","sources.md",".md","0","E3B0C44298FC1C149AFBF4C8996FB92427AE41E4649B934CA495991B7852B855","01_BIOLOGY_AND_15_RESEARCH","C:\Users\hpcnd\OneDrive\Desktop\Ramayana\RAMAYAN\ANIMALS\species\rabbit\sources.md","INVENTORIED"
"species","species\rabbit\species_profile.md","species_profile.md",".md","0","E3B0C44298FC1C149AFBF4C8996FB92427AE41E4649B934CA495991B7852B855","01_BIOLOGY_AND_15_RESEARCH","C:\Users\hpcnd\OneDrive\Desktop\Ramayana\RAMAYAN\ANIMALS\species\rabbit\species_profile.md","INVENTORIED"
"species","species\rabbit\vocalization.md","vocalization.md",".md","0","E3B0C44298FC1C149AFBF4C8996FB92427AE41E4649B934CA495991B7852B855","01_BIOLOGY_AND_15_RESEARCH","C:\Users\hpcnd\OneDrive\Desktop\Ramayana\RAMAYAN\ANIMALS\species\rabbit\vocalization.md","INVENTORIED"
"species","species\sheep\alertness.md","alertness.md",".md","0","E3B0C44298FC1C149AFBF4C8996FB92427AE41E4649B934CA495991B7852B855","01_BIOLOGY_AND_15_RESEARCH","C:\Users\hpcnd\OneDrive\Desktop\Ramayana\RAMAYAN\ANIMALS\species\sheep\alertness.md","INVENTORIED"
"species","species\sheep\anatomy.md","anatomy.md",".md","0","E3B0C44298FC1C149AFBF4C8996FB92427AE41E4649B934CA495991B7852B855","01_BIOLOGY_AND_15_RESEARCH","C:\Users\hpcnd\OneDrive\Desktop\Ramayana\RAMAYAN\ANIMALS\species\sheep\anatomy.md","INVENTORIED"
"species","species\sheep\animation_rules.md","animation_rules.md",".md","0","E3B0C44298FC1C149AFBF4C8996FB92427AE41E4649B934CA495991B7852B855","01_BIOLOGY_AND_15_RESEARCH","C:\Users\hpcnd\OneDrive\Desktop\Ramayana\RAMAYAN\ANIMALS\species\sheep\animation_rules.md","INVENTORIED"
"species","species\sheep\appearance.md","appearance.md",".md","0","E3B0C44298FC1C149AFBF4C8996FB92427AE41E4649B934CA495991B7852B855","01_BIOLOGY_AND_15_RESEARCH","C:\Users\hpcnd\OneDrive\Desktop\Ramayana\RAMAYAN\ANIMALS\species\sheep\appearance.md","INVENTORIED"
"species","species\sheep\behavior_dna.md","behavior_dna.md",".md","0","E3B0C44298FC1C149AFBF4C8996FB92427AE41E4649B934CA495991B7852B855","01_BIOLOGY_AND_15_RESEARCH","C:\Users\hpcnd\OneDrive\Desktop\Ramayana\RAMAYAN\ANIMALS\species\sheep\behavior_dna.md","INVENTORIED"
"species","species\sheep\environmental_response.md","environmental_response.md",".md","0","E3B0C44298FC1C149AFBF4C8996FB92427AE41E4649B934CA495991B7852B855","01_BIOLOGY_AND_15_RESEARCH","C:\Users\hpcnd\OneDrive\Desktop\Ramayana\RAMAYAN\ANIMALS\species\sheep\environmental_response.md","INVENTORIED"
"species","species\sheep\fear_response.md","fear_response.md",".md","0","E3B0C44298FC1C149AFBF4C8996FB92427AE41E4649B934CA495991B7852B855","01_BIOLOGY_AND_15_RESEARCH","C:\Users\hpcnd\OneDrive\Desktop\Ramayana\RAMAYAN\ANIMALS\species\sheep\fear_response.md","INVENTORIED"
"species","species\sheep\feeding.md","feeding.md",".md","0","E3B0C44298FC1C149AFBF4C8996FB92427AE41E4649B934CA495991B7852B855","01_BIOLOGY_AND_15_RESEARCH","C:\Users\hpcnd\OneDrive\Desktop\Ramayana\RAMAYAN\ANIMALS\species\sheep\feeding.md","INVENTORIED"
"species","species\sheep\forbidden_behavior.md","forbidden_behavior.md",".md","0","E3B0C44298FC1C149AFBF4C8996FB92427AE41E4649B934CA495991B7852B855","01_BIOLOGY_AND_15_RESEARCH","C:\Users\hpcnd\OneDrive\Desktop\Ramayana\RAMAYAN\ANIMALS\species\sheep\forbidden_behavior.md","INVENTORIED"
"species","species\sheep\grooming.md","grooming.md",".md","0","E3B0C44298FC1C149AFBF4C8996FB92427AE41E4649B934CA495991B7852B855","01_BIOLOGY_AND_15_RESEARCH","C:\Users\hpcnd\OneDrive\Desktop\Ramayana\RAMAYAN\ANIMALS\species\sheep\grooming.md","INVENTORIED"
"species","species\sheep\group_behavior.md","group_behavior.md",".md","0","E3B0C44298FC1C149AFBF4C8996FB92427AE41E4649B934CA495991B7852B855","01_BIOLOGY_AND_15_RESEARCH","C:\Users\hpcnd\OneDrive\Desktop\Ramayana\RAMAYAN\ANIMALS\species\sheep\group_behavior.md","INVENTORIED"
"species","species\sheep\human_interaction.md","human_interaction.md",".md","0","E3B0C44298FC1C149AFBF4C8996FB92427AE41E4649B934CA495991B7852B855","01_BIOLOGY_AND_15_RESEARCH","C:\Users\hpcnd\OneDrive\Desktop\Ramayana\RAMAYAN\ANIMALS\species\sheep\human_interaction.md","INVENTORIED"
"species","species\sheep\individual_variation.md","individual_variation.md",".md","0","E3B0C44298FC1C149AFBF4C8996FB92427AE41E4649B934CA495991B7852B855","01_BIOLOGY_AND_15_RESEARCH","C:\Users\hpcnd\OneDrive\Desktop\Ramayana\RAMAYAN\ANIMALS\species\sheep\individual_variation.md","INVENTORIED"
"species","species\sheep\locomotion.md","locomotion.md",".md","0","E3B0C44298FC1C149AFBF4C8996FB92427AE41E4649B934CA495991B7852B855","01_BIOLOGY_AND_15_RESEARCH","C:\Users\hpcnd\OneDrive\Desktop\Ramayana\RAMAYAN\ANIMALS\species\sheep\locomotion.md","INVENTORIED"
"species","species\sheep\mother_offspring.md","mother_offspring.md",".md","0","E3B0C44298FC1C149AFBF4C8996FB92427AE41E4649B934CA495991B7852B855","01_BIOLOGY_AND_15_RESEARCH","C:\Users\hpcnd\OneDrive\Desktop\Ramayana\RAMAYAN\ANIMALS\species\sheep\mother_offspring.md","INVENTORIED"
"species","species\sheep\physics.md","physics.md",".md","0","E3B0C44298FC1C149AFBF4C8996FB92427AE41E4649B934CA495991B7852B855","01_BIOLOGY_AND_15_RESEARCH","C:\Users\hpcnd\OneDrive\Desktop\Ramayana\RAMAYAN\ANIMALS\species\sheep\physics.md","INVENTORIED"
"species","species\sheep\predator_response.md","predator_response.md",".md","0","E3B0C44298FC1C149AFBF4C8996FB92427AE41E4649B934CA495991B7852B855","01_BIOLOGY_AND_15_RESEARCH","C:\Users\hpcnd\OneDrive\Desktop\Ramayana\RAMAYAN\ANIMALS\species\sheep\predator_response.md","INVENTORIED"
"species","species\sheep\references.md","references.md",".md","0","E3B0C44298FC1C149AFBF4C8996FB92427AE41E4649B934CA495991B7852B855","01_BIOLOGY_AND_15_RESEARCH","C:\Users\hpcnd\OneDrive\Desktop\Ramayana\RAMAYAN\ANIMALS\species\sheep\references.md","INVENTORIED"
"species","species\sheep\resting.md","resting.md",".md","0","E3B0C44298FC1C149AFBF4C8996FB92427AE41E4649B934CA495991B7852B855","01_BIOLOGY_AND_15_RESEARCH","C:\Users\hpcnd\OneDrive\Desktop\Ramayana\RAMAYAN\ANIMALS\species\sheep\resting.md","INVENTORIED"
"species","species\sheep\social_behavior.md","social_behavior.md",".md","0","E3B0C44298FC1C149AFBF4C8996FB92427AE41E4649B934CA495991B7852B855","01_BIOLOGY_AND_15_RESEARCH","C:\Users\hpcnd\OneDrive\Desktop\Ramayana\RAMAYAN\ANIMALS\species\sheep\social_behavior.md","INVENTORIED"
"species","species\sheep\sources.md","sources.md",".md","0","E3B0C44298FC1C149AFBF4C8996FB92427AE41E4649B934CA495991B7852B855","01_BIOLOGY_AND_15_RESEARCH","C:\Users\hpcnd\OneDrive\Desktop\Ramayana\RAMAYAN\ANIMALS\species\sheep\sources.md","INVENTORIED"
"species","species\sheep\species_profile.md","species_profile.md",".md","0","E3B0C44298FC1C149AFBF4C8996FB92427AE41E4649B934CA495991B7852B855","01_BIOLOGY_AND_15_RESEARCH","C:\Users\hpcnd\OneDrive\Desktop\Ramayana\RAMAYAN\ANIMALS\species\sheep\species_profile.md","INVENTORIED"
"species","species\sheep\vocalization.md","vocalization.md",".md","0","E3B0C44298FC1C149AFBF4C8996FB92427AE41E4649B934CA495991B7852B855","01_BIOLOGY_AND_15_RESEARCH","C:\Users\hpcnd\OneDrive\Desktop\Ramayana\RAMAYAN\ANIMALS\species\sheep\vocalization.md","INVENTORIED"
"species","species\snake\alertness.md","alertness.md",".md","0","E3B0C44298FC1C149AFBF4C8996FB92427AE41E4649B934CA495991B7852B855","01_BIOLOGY_AND_15_RESEARCH","C:\Users\hpcnd\OneDrive\Desktop\Ramayana\RAMAYAN\ANIMALS\species\snake\alertness.md","INVENTORIED"
"species","species\snake\anatomy.md","anatomy.md",".md","0","E3B0C44298FC1C149AFBF4C8996FB92427AE41E4649B934CA495991B7852B855","01_BIOLOGY_AND_15_RESEARCH","C:\Users\hpcnd\OneDrive\Desktop\Ramayana\RAMAYAN\ANIMALS\species\snake\anatomy.md","INVENTORIED"
"species","species\snake\animation_rules.md","animation_rules.md",".md","0","E3B0C44298FC1C149AFBF4C8996FB92427AE41E4649B934CA495991B7852B855","01_BIOLOGY_AND_15_RESEARCH","C:\Users\hpcnd\OneDrive\Desktop\Ramayana\RAMAYAN\ANIMALS\species\snake\animation_rules.md","INVENTORIED"
"species","species\snake\appearance.md","appearance.md",".md","0","E3B0C44298FC1C149AFBF4C8996FB92427AE41E4649B934CA495991B7852B855","01_BIOLOGY_AND_15_RESEARCH","C:\Users\hpcnd\OneDrive\Desktop\Ramayana\RAMAYAN\ANIMALS\species\snake\appearance.md","INVENTORIED"
"species","species\snake\behavior_dna.md","behavior_dna.md",".md","0","E3B0C44298FC1C149AFBF4C8996FB92427AE41E4649B934CA495991B7852B855","01_BIOLOGY_AND_15_RESEARCH","C:\Users\hpcnd\OneDrive\Desktop\Ramayana\RAMAYAN\ANIMALS\species\snake\behavior_dna.md","INVENTORIED"
"species","species\snake\environmental_response.md","environmental_response.md",".md","0","E3B0C44298FC1C149AFBF4C8996FB92427AE41E4649B934CA495991B7852B855","01_BIOLOGY_AND_15_RESEARCH","C:\Users\hpcnd\OneDrive\Desktop\Ramayana\RAMAYAN\ANIMALS\species\snake\environmental_response.md","INVENTORIED"
"species","species\snake\fear_response.md","fear_response.md",".md","0","E3B0C44298FC1C149AFBF4C8996FB92427AE41E4649B934CA495991B7852B855","01_BIOLOGY_AND_15_RESEARCH","C:\Users\hpcnd\OneDrive\Desktop\Ramayana\RAMAYAN\ANIMALS\species\snake\fear_response.md","INVENTORIED"
"species","species\snake\feeding.md","feeding.md",".md","0","E3B0C44298FC1C149AFBF4C8996FB92427AE41E4649B934CA495991B7852B855","01_BIOLOGY_AND_15_RESEARCH","C:\Users\hpcnd\OneDrive\Desktop\Ramayana\RAMAYAN\ANIMALS\species\snake\feeding.md","INVENTORIED"
"species","species\snake\forbidden_behavior.md","forbidden_behavior.md",".md","0","E3B0C44298FC1C149AFBF4C8996FB92427AE41E4649B934CA495991B7852B855","01_BIOLOGY_AND_15_RESEARCH","C:\Users\hpcnd\OneDrive\Desktop\Ramayana\RAMAYAN\ANIMALS\species\snake\forbidden_behavior.md","INVENTORIED"
"species","species\snake\grooming.md","grooming.md",".md","0","E3B0C44298FC1C149AFBF4C8996FB92427AE41E4649B934CA495991B7852B855","01_BIOLOGY_AND_15_RESEARCH","C:\Users\hpcnd\OneDrive\Desktop\Ramayana\RAMAYAN\ANIMALS\species\snake\grooming.md","INVENTORIED"
"species","species\snake\group_behavior.md","group_behavior.md",".md","0","E3B0C44298FC1C149AFBF4C8996FB92427AE41E4649B934CA495991B7852B855","01_BIOLOGY_AND_15_RESEARCH","C:\Users\hpcnd\OneDrive\Desktop\Ramayana\RAMAYAN\ANIMALS\species\snake\group_behavior.md","INVENTORIED"
"species","species\snake\human_interaction.md","human_interaction.md",".md","0","E3B0C44298FC1C149AFBF4C8996FB92427AE41E4649B934CA495991B7852B855","01_BIOLOGY_AND_15_RESEARCH","C:\Users\hpcnd\OneDrive\Desktop\Ramayana\RAMAYAN\ANIMALS\species\snake\human_interaction.md","INVENTORIED"
"species","species\snake\individual_variation.md","individual_variation.md",".md","0","E3B0C44298FC1C149AFBF4C8996FB92427AE41E4649B934CA495991B7852B855","01_BIOLOGY_AND_15_RESEARCH","C:\Users\hpcnd\OneDrive\Desktop\Ramayana\RAMAYAN\ANIMALS\species\snake\individual_variation.md","INVENTORIED"
"species","species\snake\locomotion.md","locomotion.md",".md","0","E3B0C44298FC1C149AFBF4C8996FB92427AE41E4649B934CA495991B7852B855","01_BIOLOGY_AND_15_RESEARCH","C:\Users\hpcnd\OneDrive\Desktop\Ramayana\RAMAYAN\ANIMALS\species\snake\locomotion.md","INVENTORIED"
"species","species\snake\mother_offspring.md","mother_offspring.md",".md","0","E3B0C44298FC1C149AFBF4C8996FB92427AE41E4649B934CA495991B7852B855","01_BIOLOGY_AND_15_RESEARCH","C:\Users\hpcnd\OneDrive\Desktop\Ramayana\RAMAYAN\ANIMALS\species\snake\mother_offspring.md","INVENTORIED"
"species","species\snake\physics.md","physics.md",".md","0","E3B0C44298FC1C149AFBF4C8996FB92427AE41E4649B934CA495991B7852B855","01_BIOLOGY_AND_15_RESEARCH","C:\Users\hpcnd\OneDrive\Desktop\Ramayana\RAMAYAN\ANIMALS\species\snake\physics.md","INVENTORIED"
"species","species\snake\predator_response.md","predator_response.md",".md","0","E3B0C44298FC1C149AFBF4C8996FB92427AE41E4649B934CA495991B7852B855","01_BIOLOGY_AND_15_RESEARCH","C:\Users\hpcnd\OneDrive\Desktop\Ramayana\RAMAYAN\ANIMALS\species\snake\predator_response.md","INVENTORIED"
"species","species\snake\references.md","references.md",".md","0","E3B0C44298FC1C149AFBF4C8996FB92427AE41E4649B934CA495991B7852B855","01_BIOLOGY_AND_15_RESEARCH","C:\Users\hpcnd\OneDrive\Desktop\Ramayana\RAMAYAN\ANIMALS\species\snake\references.md","INVENTORIED"
"species","species\snake\resting.md","resting.md",".md","0","E3B0C44298FC1C149AFBF4C8996FB92427AE41E4649B934CA495991B7852B855","01_BIOLOGY_AND_15_RESEARCH","C:\Users\hpcnd\OneDrive\Desktop\Ramayana\RAMAYAN\ANIMALS\species\snake\resting.md","INVENTORIED"
"species","species\snake\social_behavior.md","social_behavior.md",".md","0","E3B0C44298FC1C149AFBF4C8996FB92427AE41E4649B934CA495991B7852B855","01_BIOLOGY_AND_15_RESEARCH","C:\Users\hpcnd\OneDrive\Desktop\Ramayana\RAMAYAN\ANIMALS\species\snake\social_behavior.md","INVENTORIED"
"species","species\snake\sources.md","sources.md",".md","0","E3B0C44298FC1C149AFBF4C8996FB92427AE41E4649B934CA495991B7852B855","01_BIOLOGY_AND_15_RESEARCH","C:\Users\hpcnd\OneDrive\Desktop\Ramayana\RAMAYAN\ANIMALS\species\snake\sources.md","INVENTORIED"
"species","species\snake\species_profile.md","species_profile.md",".md","0","E3B0C44298FC1C149AFBF4C8996FB92427AE41E4649B934CA495991B7852B855","01_BIOLOGY_AND_15_RESEARCH","C:\Users\hpcnd\OneDrive\Desktop\Ramayana\RAMAYAN\ANIMALS\species\snake\species_profile.md","INVENTORIED"
"species","species\snake\vocalization.md","vocalization.md",".md","0","E3B0C44298FC1C149AFBF4C8996FB92427AE41E4649B934CA495991B7852B855","01_BIOLOGY_AND_15_RESEARCH","C:\Users\hpcnd\OneDrive\Desktop\Ramayana\RAMAYAN\ANIMALS\species\snake\vocalization.md","INVENTORIED"
"species","species\swan\alertness.md","alertness.md",".md","0","E3B0C44298FC1C149AFBF4C8996FB92427AE41E4649B934CA495991B7852B855","01_BIOLOGY_AND_15_RESEARCH","C:\Users\hpcnd\OneDrive\Desktop\Ramayana\RAMAYAN\ANIMALS\species\swan\alertness.md","INVENTORIED"
"species","species\swan\anatomy.md","anatomy.md",".md","0","E3B0C44298FC1C149AFBF4C8996FB92427AE41E4649B934CA495991B7852B855","01_BIOLOGY_AND_15_RESEARCH","C:\Users\hpcnd\OneDrive\Desktop\Ramayana\RAMAYAN\ANIMALS\species\swan\anatomy.md","INVENTORIED"
"species","species\swan\animation_rules.md","animation_rules.md",".md","0","E3B0C44298FC1C149AFBF4C8996FB92427AE41E4649B934CA495991B7852B855","01_BIOLOGY_AND_15_RESEARCH","C:\Users\hpcnd\OneDrive\Desktop\Ramayana\RAMAYAN\ANIMALS\species\swan\animation_rules.md","INVENTORIED"
"species","species\swan\appearance.md","appearance.md",".md","0","E3B0C44298FC1C149AFBF4C8996FB92427AE41E4649B934CA495991B7852B855","01_BIOLOGY_AND_15_RESEARCH","C:\Users\hpcnd\OneDrive\Desktop\Ramayana\RAMAYAN\ANIMALS\species\swan\appearance.md","INVENTORIED"
"species","species\swan\behavior_dna.md","behavior_dna.md",".md","0","E3B0C44298FC1C149AFBF4C8996FB92427AE41E4649B934CA495991B7852B855","01_BIOLOGY_AND_15_RESEARCH","C:\Users\hpcnd\OneDrive\Desktop\Ramayana\RAMAYAN\ANIMALS\species\swan\behavior_dna.md","INVENTORIED"
"species","species\swan\environmental_response.md","environmental_response.md",".md","0","E3B0C44298FC1C149AFBF4C8996FB92427AE41E4649B934CA495991B7852B855","01_BIOLOGY_AND_15_RESEARCH","C:\Users\hpcnd\OneDrive\Desktop\Ramayana\RAMAYAN\ANIMALS\species\swan\environmental_response.md","INVENTORIED"
"species","species\swan\fear_response.md","fear_response.md",".md","0","E3B0C44298FC1C149AFBF4C8996FB92427AE41E4649B934CA495991B7852B855","01_BIOLOGY_AND_15_RESEARCH","C:\Users\hpcnd\OneDrive\Desktop\Ramayana\RAMAYAN\ANIMALS\species\swan\fear_response.md","INVENTORIED"
"species","species\swan\feeding.md","feeding.md",".md","0","E3B0C44298FC1C149AFBF4C8996FB92427AE41E4649B934CA495991B7852B855","01_BIOLOGY_AND_15_RESEARCH","C:\Users\hpcnd\OneDrive\Desktop\Ramayana\RAMAYAN\ANIMALS\species\swan\feeding.md","INVENTORIED"
"species","species\swan\forbidden_behavior.md","forbidden_behavior.md",".md","0","E3B0C44298FC1C149AFBF4C8996FB92427AE41E4649B934CA495991B7852B855","01_BIOLOGY_AND_15_RESEARCH","C:\Users\hpcnd\OneDrive\Desktop\Ramayana\RAMAYAN\ANIMALS\species\swan\forbidden_behavior.md","INVENTORIED"
"species","species\swan\grooming.md","grooming.md",".md","0","E3B0C44298FC1C149AFBF4C8996FB92427AE41E4649B934CA495991B7852B855","01_BIOLOGY_AND_15_RESEARCH","C:\Users\hpcnd\OneDrive\Desktop\Ramayana\RAMAYAN\ANIMALS\species\swan\grooming.md","INVENTORIED"
"species","species\swan\group_behavior.md","group_behavior.md",".md","0","E3B0C44298FC1C149AFBF4C8996FB92427AE41E4649B934CA495991B7852B855","01_BIOLOGY_AND_15_RESEARCH","C:\Users\hpcnd\OneDrive\Desktop\Ramayana\RAMAYAN\ANIMALS\species\swan\group_behavior.md","INVENTORIED"
"species","species\swan\human_interaction.md","human_interaction.md",".md","0","E3B0C44298FC1C149AFBF4C8996FB92427AE41E4649B934CA495991B7852B855","01_BIOLOGY_AND_15_RESEARCH","C:\Users\hpcnd\OneDrive\Desktop\Ramayana\RAMAYAN\ANIMALS\species\swan\human_interaction.md","INVENTORIED"
"species","species\swan\individual_variation.md","individual_variation.md",".md","0","E3B0C44298FC1C149AFBF4C8996FB92427AE41E4649B934CA495991B7852B855","01_BIOLOGY_AND_15_RESEARCH","C:\Users\hpcnd\OneDrive\Desktop\Ramayana\RAMAYAN\ANIMALS\species\swan\individual_variation.md","INVENTORIED"
"species","species\swan\locomotion.md","locomotion.md",".md","0","E3B0C44298FC1C149AFBF4C8996FB92427AE41E4649B934CA495991B7852B855","01_BIOLOGY_AND_15_RESEARCH","C:\Users\hpcnd\OneDrive\Desktop\Ramayana\RAMAYAN\ANIMALS\species\swan\locomotion.md","INVENTORIED"
"species","species\swan\mother_offspring.md","mother_offspring.md",".md","0","E3B0C44298FC1C149AFBF4C8996FB92427AE41E4649B934CA495991B7852B855","01_BIOLOGY_AND_15_RESEARCH","C:\Users\hpcnd\OneDrive\Desktop\Ramayana\RAMAYAN\ANIMALS\species\swan\mother_offspring.md","INVENTORIED"
"species","species\swan\physics.md","physics.md",".md","0","E3B0C44298FC1C149AFBF4C8996FB92427AE41E4649B934CA495991B7852B855","01_BIOLOGY_AND_15_RESEARCH","C:\Users\hpcnd\OneDrive\Desktop\Ramayana\RAMAYAN\ANIMALS\species\swan\physics.md","INVENTORIED"
"species","species\swan\predator_response.md","predator_response.md",".md","0","E3B0C44298FC1C149AFBF4C8996FB92427AE41E4649B934CA495991B7852B855","01_BIOLOGY_AND_15_RESEARCH","C:\Users\hpcnd\OneDrive\Desktop\Ramayana\RAMAYAN\ANIMALS\species\swan\predator_response.md","INVENTORIED"
"species","species\swan\references.md","references.md",".md","0","E3B0C44298FC1C149AFBF4C8996FB92427AE41E4649B934CA495991B7852B855","01_BIOLOGY_AND_15_RESEARCH","C:\Users\hpcnd\OneDrive\Desktop\Ramayana\RAMAYAN\ANIMALS\species\swan\references.md","INVENTORIED"
"species","species\swan\resting.md","resting.md",".md","0","E3B0C44298FC1C149AFBF4C8996FB92427AE41E4649B934CA495991B7852B855","01_BIOLOGY_AND_15_RESEARCH","C:\Users\hpcnd\OneDrive\Desktop\Ramayana\RAMAYAN\ANIMALS\species\swan\resting.md","INVENTORIED"
"species","species\swan\social_behavior.md","social_behavior.md",".md","0","E3B0C44298FC1C149AFBF4C8996FB92427AE41E4649B934CA495991B7852B855","01_BIOLOGY_AND_15_RESEARCH","C:\Users\hpcnd\OneDrive\Desktop\Ramayana\RAMAYAN\ANIMALS\species\swan\social_behavior.md","INVENTORIED"
"species","species\swan\sources.md","sources.md",".md","0","E3B0C44298FC1C149AFBF4C8996FB92427AE41E4649B934CA495991B7852B855","01_BIOLOGY_AND_15_RESEARCH","C:\Users\hpcnd\OneDrive\Desktop\Ramayana\RAMAYAN\ANIMALS\species\swan\sources.md","INVENTORIED"
"species","species\swan\species_profile.md","species_profile.md",".md","0","E3B0C44298FC1C149AFBF4C8996FB92427AE41E4649B934CA495991B7852B855","01_BIOLOGY_AND_15_RESEARCH","C:\Users\hpcnd\OneDrive\Desktop\Ramayana\RAMAYAN\ANIMALS\species\swan\species_profile.md","INVENTORIED"
"species","species\swan\vocalization.md","vocalization.md",".md","0","E3B0C44298FC1C149AFBF4C8996FB92427AE41E4649B934CA495991B7852B855","01_BIOLOGY_AND_15_RESEARCH","C:\Users\hpcnd\OneDrive\Desktop\Ramayana\RAMAYAN\ANIMALS\species\swan\vocalization.md","INVENTORIED"
"species","species\tiger\alertness.md","alertness.md",".md","0","E3B0C44298FC1C149AFBF4C8996FB92427AE41E4649B934CA495991B7852B855","01_BIOLOGY_AND_15_RESEARCH","C:\Users\hpcnd\OneDrive\Desktop\Ramayana\RAMAYAN\ANIMALS\species\tiger\alertness.md","INVENTORIED"
"species","species\tiger\anatomy.md","anatomy.md",".md","0","E3B0C44298FC1C149AFBF4C8996FB92427AE41E4649B934CA495991B7852B855","01_BIOLOGY_AND_15_RESEARCH","C:\Users\hpcnd\OneDrive\Desktop\Ramayana\RAMAYAN\ANIMALS\species\tiger\anatomy.md","INVENTORIED"
"species","species\tiger\animation_rules.md","animation_rules.md",".md","0","E3B0C44298FC1C149AFBF4C8996FB92427AE41E4649B934CA495991B7852B855","01_BIOLOGY_AND_15_RESEARCH","C:\Users\hpcnd\OneDrive\Desktop\Ramayana\RAMAYAN\ANIMALS\species\tiger\animation_rules.md","INVENTORIED"
"species","species\tiger\appearance.md","appearance.md",".md","0","E3B0C44298FC1C149AFBF4C8996FB92427AE41E4649B934CA495991B7852B855","01_BIOLOGY_AND_15_RESEARCH","C:\Users\hpcnd\OneDrive\Desktop\Ramayana\RAMAYAN\ANIMALS\species\tiger\appearance.md","INVENTORIED"
"species","species\tiger\behavior_dna.md","behavior_dna.md",".md","0","E3B0C44298FC1C149AFBF4C8996FB92427AE41E4649B934CA495991B7852B855","01_BIOLOGY_AND_15_RESEARCH","C:\Users\hpcnd\OneDrive\Desktop\Ramayana\RAMAYAN\ANIMALS\species\tiger\behavior_dna.md","INVENTORIED"
"species","species\tiger\environmental_response.md","environmental_response.md",".md","0","E3B0C44298FC1C149AFBF4C8996FB92427AE41E4649B934CA495991B7852B855","01_BIOLOGY_AND_15_RESEARCH","C:\Users\hpcnd\OneDrive\Desktop\Ramayana\RAMAYAN\ANIMALS\species\tiger\environmental_response.md","INVENTORIED"
"species","species\tiger\fear_response.md","fear_response.md",".md","0","E3B0C44298FC1C149AFBF4C8996FB92427AE41E4649B934CA495991B7852B855","01_BIOLOGY_AND_15_RESEARCH","C:\Users\hpcnd\OneDrive\Desktop\Ramayana\RAMAYAN\ANIMALS\species\tiger\fear_response.md","INVENTORIED"
"species","species\tiger\feeding.md","feeding.md",".md","0","E3B0C44298FC1C149AFBF4C8996FB92427AE41E4649B934CA495991B7852B855","01_BIOLOGY_AND_15_RESEARCH","C:\Users\hpcnd\OneDrive\Desktop\Ramayana\RAMAYAN\ANIMALS\species\tiger\feeding.md","INVENTORIED"
"species","species\tiger\forbidden_behavior.md","forbidden_behavior.md",".md","0","E3B0C44298FC1C149AFBF4C8996FB92427AE41E4649B934CA495991B7852B855","01_BIOLOGY_AND_15_RESEARCH","C:\Users\hpcnd\OneDrive\Desktop\Ramayana\RAMAYAN\ANIMALS\species\tiger\forbidden_behavior.md","INVENTORIED"
"species","species\tiger\grooming.md","grooming.md",".md","0","E3B0C44298FC1C149AFBF4C8996FB92427AE41E4649B934CA495991B7852B855","01_BIOLOGY_AND_15_RESEARCH","C:\Users\hpcnd\OneDrive\Desktop\Ramayana\RAMAYAN\ANIMALS\species\tiger\grooming.md","INVENTORIED"
"species","species\tiger\group_behavior.md","group_behavior.md",".md","0","E3B0C44298FC1C149AFBF4C8996FB92427AE41E4649B934CA495991B7852B855","01_BIOLOGY_AND_15_RESEARCH","C:\Users\hpcnd\OneDrive\Desktop\Ramayana\RAMAYAN\ANIMALS\species\tiger\group_behavior.md","INVENTORIED"
"species","species\tiger\human_interaction.md","human_interaction.md",".md","0","E3B0C44298FC1C149AFBF4C8996FB92427AE41E4649B934CA495991B7852B855","01_BIOLOGY_AND_15_RESEARCH","C:\Users\hpcnd\OneDrive\Desktop\Ramayana\RAMAYAN\ANIMALS\species\tiger\human_interaction.md","INVENTORIED"
"species","species\tiger\individual_variation.md","individual_variation.md",".md","0","E3B0C44298FC1C149AFBF4C8996FB92427AE41E4649B934CA495991B7852B855","01_BIOLOGY_AND_15_RESEARCH","C:\Users\hpcnd\OneDrive\Desktop\Ramayana\RAMAYAN\ANIMALS\species\tiger\individual_variation.md","INVENTORIED"
"species","species\tiger\locomotion.md","locomotion.md",".md","0","E3B0C44298FC1C149AFBF4C8996FB92427AE41E4649B934CA495991B7852B855","01_BIOLOGY_AND_15_RESEARCH","C:\Users\hpcnd\OneDrive\Desktop\Ramayana\RAMAYAN\ANIMALS\species\tiger\locomotion.md","INVENTORIED"
"species","species\tiger\mother_offspring.md","mother_offspring.md",".md","0","E3B0C44298FC1C149AFBF4C8996FB92427AE41E4649B934CA495991B7852B855","01_BIOLOGY_AND_15_RESEARCH","C:\Users\hpcnd\OneDrive\Desktop\Ramayana\RAMAYAN\ANIMALS\species\tiger\mother_offspring.md","INVENTORIED"
"species","species\tiger\physics.md","physics.md",".md","0","E3B0C44298FC1C149AFBF4C8996FB92427AE41E4649B934CA495991B7852B855","01_BIOLOGY_AND_15_RESEARCH","C:\Users\hpcnd\OneDrive\Desktop\Ramayana\RAMAYAN\ANIMALS\species\tiger\physics.md","INVENTORIED"
"species","species\tiger\predator_response.md","predator_response.md",".md","0","E3B0C44298FC1C149AFBF4C8996FB92427AE41E4649B934CA495991B7852B855","01_BIOLOGY_AND_15_RESEARCH","C:\Users\hpcnd\OneDrive\Desktop\Ramayana\RAMAYAN\ANIMALS\species\tiger\predator_response.md","INVENTORIED"
"species","species\tiger\references.md","references.md",".md","0","E3B0C44298FC1C149AFBF4C8996FB92427AE41E4649B934CA495991B7852B855","01_BIOLOGY_AND_15_RESEARCH","C:\Users\hpcnd\OneDrive\Desktop\Ramayana\RAMAYAN\ANIMALS\species\tiger\references.md","INVENTORIED"
"species","species\tiger\resting.md","resting.md",".md","0","E3B0C44298FC1C149AFBF4C8996FB92427AE41E4649B934CA495991B7852B855","01_BIOLOGY_AND_15_RESEARCH","C:\Users\hpcnd\OneDrive\Desktop\Ramayana\RAMAYAN\ANIMALS\species\tiger\resting.md","INVENTORIED"
"species","species\tiger\social_behavior.md","social_behavior.md",".md","0","E3B0C44298FC1C149AFBF4C8996FB92427AE41E4649B934CA495991B7852B855","01_BIOLOGY_AND_15_RESEARCH","C:\Users\hpcnd\OneDrive\Desktop\Ramayana\RAMAYAN\ANIMALS\species\tiger\social_behavior.md","INVENTORIED"
"species","species\tiger\sources.md","sources.md",".md","0","E3B0C44298FC1C149AFBF4C8996FB92427AE41E4649B934CA495991B7852B855","01_BIOLOGY_AND_15_RESEARCH","C:\Users\hpcnd\OneDrive\Desktop\Ramayana\RAMAYAN\ANIMALS\species\tiger\sources.md","INVENTORIED"
"species","species\tiger\species_profile.md","species_profile.md",".md","0","E3B0C44298FC1C149AFBF4C8996FB92427AE41E4649B934CA495991B7852B855","01_BIOLOGY_AND_15_RESEARCH","C:\Users\hpcnd\OneDrive\Desktop\Ramayana\RAMAYAN\ANIMALS\species\tiger\species_profile.md","INVENTORIED"
"species","species\tiger\vocalization.md","vocalization.md",".md","0","E3B0C44298FC1C149AFBF4C8996FB92427AE41E4649B934CA495991B7852B855","01_BIOLOGY_AND_15_RESEARCH","C:\Users\hpcnd\OneDrive\Desktop\Ramayana\RAMAYAN\ANIMALS\species\tiger\vocalization.md","INVENTORIED"
"species","species\turtle\alertness.md","alertness.md",".md","0","E3B0C44298FC1C149AFBF4C8996FB92427AE41E4649B934CA495991B7852B855","01_BIOLOGY_AND_15_RESEARCH","C:\Users\hpcnd\OneDrive\Desktop\Ramayana\RAMAYAN\ANIMALS\species\turtle\alertness.md","INVENTORIED"
"species","species\turtle\anatomy.md","anatomy.md",".md","0","E3B0C44298FC1C149AFBF4C8996FB92427AE41E4649B934CA495991B7852B855","01_BIOLOGY_AND_15_RESEARCH","C:\Users\hpcnd\OneDrive\Desktop\Ramayana\RAMAYAN\ANIMALS\species\turtle\anatomy.md","INVENTORIED"
"species","species\turtle\animation_rules.md","animation_rules.md",".md","0","E3B0C44298FC1C149AFBF4C8996FB92427AE41E4649B934CA495991B7852B855","01_BIOLOGY_AND_15_RESEARCH","C:\Users\hpcnd\OneDrive\Desktop\Ramayana\RAMAYAN\ANIMALS\species\turtle\animation_rules.md","INVENTORIED"
"species","species\turtle\appearance.md","appearance.md",".md","0","E3B0C44298FC1C149AFBF4C8996FB92427AE41E4649B934CA495991B7852B855","01_BIOLOGY_AND_15_RESEARCH","C:\Users\hpcnd\OneDrive\Desktop\Ramayana\RAMAYAN\ANIMALS\species\turtle\appearance.md","INVENTORIED"
"species","species\turtle\behavior_dna.md","behavior_dna.md",".md","0","E3B0C44298FC1C149AFBF4C8996FB92427AE41E4649B934CA495991B7852B855","01_BIOLOGY_AND_15_RESEARCH","C:\Users\hpcnd\OneDrive\Desktop\Ramayana\RAMAYAN\ANIMALS\species\turtle\behavior_dna.md","INVENTORIED"
"species","species\turtle\environmental_response.md","environmental_response.md",".md","0","E3B0C44298FC1C149AFBF4C8996FB92427AE41E4649B934CA495991B7852B855","01_BIOLOGY_AND_15_RESEARCH","C:\Users\hpcnd\OneDrive\Desktop\Ramayana\RAMAYAN\ANIMALS\species\turtle\environmental_response.md","INVENTORIED"
"species","species\turtle\fear_response.md","fear_response.md",".md","0","E3B0C44298FC1C149AFBF4C8996FB92427AE41E4649B934CA495991B7852B855","01_BIOLOGY_AND_15_RESEARCH","C:\Users\hpcnd\OneDrive\Desktop\Ramayana\RAMAYAN\ANIMALS\species\turtle\fear_response.md","INVENTORIED"
"species","species\turtle\feeding.md","feeding.md",".md","0","E3B0C44298FC1C149AFBF4C8996FB92427AE41E4649B934CA495991B7852B855","01_BIOLOGY_AND_15_RESEARCH","C:\Users\hpcnd\OneDrive\Desktop\Ramayana\RAMAYAN\ANIMALS\species\turtle\feeding.md","INVENTORIED"
"species","species\turtle\forbidden_behavior.md","forbidden_behavior.md",".md","0","E3B0C44298FC1C149AFBF4C8996FB92427AE41E4649B934CA495991B7852B855","01_BIOLOGY_AND_15_RESEARCH","C:\Users\hpcnd\OneDrive\Desktop\Ramayana\RAMAYAN\ANIMALS\species\turtle\forbidden_behavior.md","INVENTORIED"
"species","species\turtle\grooming.md","grooming.md",".md","0","E3B0C44298FC1C149AFBF4C8996FB92427AE41E4649B934CA495991B7852B855","01_BIOLOGY_AND_15_RESEARCH","C:\Users\hpcnd\OneDrive\Desktop\Ramayana\RAMAYAN\ANIMALS\species\turtle\grooming.md","INVENTORIED"
"species","species\turtle\group_behavior.md","group_behavior.md",".md","0","E3B0C44298FC1C149AFBF4C8996FB92427AE41E4649B934CA495991B7852B855","01_BIOLOGY_AND_15_RESEARCH","C:\Users\hpcnd\OneDrive\Desktop\Ramayana\RAMAYAN\ANIMALS\species\turtle\group_behavior.md","INVENTORIED"
"species","species\turtle\human_interaction.md","human_interaction.md",".md","0","E3B0C44298FC1C149AFBF4C8996FB92427AE41E4649B934CA495991B7852B855","01_BIOLOGY_AND_15_RESEARCH","C:\Users\hpcnd\OneDrive\Desktop\Ramayana\RAMAYAN\ANIMALS\species\turtle\human_interaction.md","INVENTORIED"
"species","species\turtle\individual_variation.md","individual_variation.md",".md","0","E3B0C44298FC1C149AFBF4C8996FB92427AE41E4649B934CA495991B7852B855","01_BIOLOGY_AND_15_RESEARCH","C:\Users\hpcnd\OneDrive\Desktop\Ramayana\RAMAYAN\ANIMALS\species\turtle\individual_variation.md","INVENTORIED"
"species","species\turtle\locomotion.md","locomotion.md",".md","0","E3B0C44298FC1C149AFBF4C8996FB92427AE41E4649B934CA495991B7852B855","01_BIOLOGY_AND_15_RESEARCH","C:\Users\hpcnd\OneDrive\Desktop\Ramayana\RAMAYAN\ANIMALS\species\turtle\locomotion.md","INVENTORIED"
"species","species\turtle\mother_offspring.md","mother_offspring.md",".md","0","E3B0C44298FC1C149AFBF4C8996FB92427AE41E4649B934CA495991B7852B855","01_BIOLOGY_AND_15_RESEARCH","C:\Users\hpcnd\OneDrive\Desktop\Ramayana\RAMAYAN\ANIMALS\species\turtle\mother_offspring.md","INVENTORIED"
"species","species\turtle\physics.md","physics.md",".md","0","E3B0C44298FC1C149AFBF4C8996FB92427AE41E4649B934CA495991B7852B855","01_BIOLOGY_AND_15_RESEARCH","C:\Users\hpcnd\OneDrive\Desktop\Ramayana\RAMAYAN\ANIMALS\species\turtle\physics.md","INVENTORIED"
"species","species\turtle\predator_response.md","predator_response.md",".md","0","E3B0C44298FC1C149AFBF4C8996FB92427AE41E4649B934CA495991B7852B855","01_BIOLOGY_AND_15_RESEARCH","C:\Users\hpcnd\OneDrive\Desktop\Ramayana\RAMAYAN\ANIMALS\species\turtle\predator_response.md","INVENTORIED"
"species","species\turtle\references.md","references.md",".md","0","E3B0C44298FC1C149AFBF4C8996FB92427AE41E4649B934CA495991B7852B855","01_BIOLOGY_AND_15_RESEARCH","C:\Users\hpcnd\OneDrive\Desktop\Ramayana\RAMAYAN\ANIMALS\species\turtle\references.md","INVENTORIED"
"species","species\turtle\resting.md","resting.md",".md","0","E3B0C44298FC1C149AFBF4C8996FB92427AE41E4649B934CA495991B7852B855","01_BIOLOGY_AND_15_RESEARCH","C:\Users\hpcnd\OneDrive\Desktop\Ramayana\RAMAYAN\ANIMALS\species\turtle\resting.md","INVENTORIED"
"species","species\turtle\social_behavior.md","social_behavior.md",".md","0","E3B0C44298FC1C149AFBF4C8996FB92427AE41E4649B934CA495991B7852B855","01_BIOLOGY_AND_15_RESEARCH","C:\Users\hpcnd\OneDrive\Desktop\Ramayana\RAMAYAN\ANIMALS\species\turtle\social_behavior.md","INVENTORIED"
"species","species\turtle\sources.md","sources.md",".md","0","E3B0C44298FC1C149AFBF4C8996FB92427AE41E4649B934CA495991B7852B855","01_BIOLOGY_AND_15_RESEARCH","C:\Users\hpcnd\OneDrive\Desktop\Ramayana\RAMAYAN\ANIMALS\species\turtle\sources.md","INVENTORIED"
"species","species\turtle\species_profile.md","species_profile.md",".md","0","E3B0C44298FC1C149AFBF4C8996FB92427AE41E4649B934CA495991B7852B855","01_BIOLOGY_AND_15_RESEARCH","C:\Users\hpcnd\OneDrive\Desktop\Ramayana\RAMAYAN\ANIMALS\species\turtle\species_profile.md","INVENTORIED"
"species","species\turtle\vocalization.md","vocalization.md",".md","0","E3B0C44298FC1C149AFBF4C8996FB92427AE41E4649B934CA495991B7852B855","01_BIOLOGY_AND_15_RESEARCH","C:\Users\hpcnd\OneDrive\Desktop\Ramayana\RAMAYAN\ANIMALS\species\turtle\vocalization.md","INVENTORIED"
"species","species\vulture\alertness.md","alertness.md",".md","0","E3B0C44298FC1C149AFBF4C8996FB92427AE41E4649B934CA495991B7852B855","01_BIOLOGY_AND_15_RESEARCH","C:\Users\hpcnd\OneDrive\Desktop\Ramayana\RAMAYAN\ANIMALS\species\vulture\alertness.md","INVENTORIED"
"species","species\vulture\anatomy.md","anatomy.md",".md","0","E3B0C44298FC1C149AFBF4C8996FB92427AE41E4649B934CA495991B7852B855","01_BIOLOGY_AND_15_RESEARCH","C:\Users\hpcnd\OneDrive\Desktop\Ramayana\RAMAYAN\ANIMALS\species\vulture\anatomy.md","INVENTORIED"
"species","species\vulture\animation_rules.md","animation_rules.md",".md","0","E3B0C44298FC1C149AFBF4C8996FB92427AE41E4649B934CA495991B7852B855","01_BIOLOGY_AND_15_RESEARCH","C:\Users\hpcnd\OneDrive\Desktop\Ramayana\RAMAYAN\ANIMALS\species\vulture\animation_rules.md","INVENTORIED"
"species","species\vulture\appearance.md","appearance.md",".md","0","E3B0C44298FC1C149AFBF4C8996FB92427AE41E4649B934CA495991B7852B855","01_BIOLOGY_AND_15_RESEARCH","C:\Users\hpcnd\OneDrive\Desktop\Ramayana\RAMAYAN\ANIMALS\species\vulture\appearance.md","INVENTORIED"
"species","species\vulture\behavior_dna.md","behavior_dna.md",".md","0","E3B0C44298FC1C149AFBF4C8996FB92427AE41E4649B934CA495991B7852B855","01_BIOLOGY_AND_15_RESEARCH","C:\Users\hpcnd\OneDrive\Desktop\Ramayana\RAMAYAN\ANIMALS\species\vulture\behavior_dna.md","INVENTORIED"
"species","species\vulture\environmental_response.md","environmental_response.md",".md","0","E3B0C44298FC1C149AFBF4C8996FB92427AE41E4649B934CA495991B7852B855","01_BIOLOGY_AND_15_RESEARCH","C:\Users\hpcnd\OneDrive\Desktop\Ramayana\RAMAYAN\ANIMALS\species\vulture\environmental_response.md","INVENTORIED"
"species","species\vulture\fear_response.md","fear_response.md",".md","0","E3B0C44298FC1C149AFBF4C8996FB92427AE41E4649B934CA495991B7852B855","01_BIOLOGY_AND_15_RESEARCH","C:\Users\hpcnd\OneDrive\Desktop\Ramayana\RAMAYAN\ANIMALS\species\vulture\fear_response.md","INVENTORIED"
"species","species\vulture\feeding.md","feeding.md",".md","0","E3B0C44298FC1C149AFBF4C8996FB92427AE41E4649B934CA495991B7852B855","01_BIOLOGY_AND_15_RESEARCH","C:\Users\hpcnd\OneDrive\Desktop\Ramayana\RAMAYAN\ANIMALS\species\vulture\feeding.md","INVENTORIED"
"species","species\vulture\forbidden_behavior.md","forbidden_behavior.md",".md","0","E3B0C44298FC1C149AFBF4C8996FB92427AE41E4649B934CA495991B7852B855","01_BIOLOGY_AND_15_RESEARCH","C:\Users\hpcnd\OneDrive\Desktop\Ramayana\RAMAYAN\ANIMALS\species\vulture\forbidden_behavior.md","INVENTORIED"
"species","species\vulture\grooming.md","grooming.md",".md","0","E3B0C44298FC1C149AFBF4C8996FB92427AE41E4649B934CA495991B7852B855","01_BIOLOGY_AND_15_RESEARCH","C:\Users\hpcnd\OneDrive\Desktop\Ramayana\RAMAYAN\ANIMALS\species\vulture\grooming.md","INVENTORIED"
"species","species\vulture\group_behavior.md","group_behavior.md",".md","0","E3B0C44298FC1C149AFBF4C8996FB92427AE41E4649B934CA495991B7852B855","01_BIOLOGY_AND_15_RESEARCH","C:\Users\hpcnd\OneDrive\Desktop\Ramayana\RAMAYAN\ANIMALS\species\vulture\group_behavior.md","INVENTORIED"
"species","species\vulture\human_interaction.md","human_interaction.md",".md","0","E3B0C44298FC1C149AFBF4C8996FB92427AE41E4649B934CA495991B7852B855","01_BIOLOGY_AND_15_RESEARCH","C:\Users\hpcnd\OneDrive\Desktop\Ramayana\RAMAYAN\ANIMALS\species\vulture\human_interaction.md","INVENTORIED"
"species","species\vulture\individual_variation.md","individual_variation.md",".md","0","E3B0C44298FC1C149AFBF4C8996FB92427AE41E4649B934CA495991B7852B855","01_BIOLOGY_AND_15_RESEARCH","C:\Users\hpcnd\OneDrive\Desktop\Ramayana\RAMAYAN\ANIMALS\species\vulture\individual_variation.md","INVENTORIED"
"species","species\vulture\locomotion.md","locomotion.md",".md","0","E3B0C44298FC1C149AFBF4C8996FB92427AE41E4649B934CA495991B7852B855","01_BIOLOGY_AND_15_RESEARCH","C:\Users\hpcnd\OneDrive\Desktop\Ramayana\RAMAYAN\ANIMALS\species\vulture\locomotion.md","INVENTORIED"
"species","species\vulture\mother_offspring.md","mother_offspring.md",".md","0","E3B0C44298FC1C149AFBF4C8996FB92427AE41E4649B934CA495991B7852B855","01_BIOLOGY_AND_15_RESEARCH","C:\Users\hpcnd\OneDrive\Desktop\Ramayana\RAMAYAN\ANIMALS\species\vulture\mother_offspring.md","INVENTORIED"
"species","species\vulture\physics.md","physics.md",".md","0","E3B0C44298FC1C149AFBF4C8996FB92427AE41E4649B934CA495991B7852B855","01_BIOLOGY_AND_15_RESEARCH","C:\Users\hpcnd\OneDrive\Desktop\Ramayana\RAMAYAN\ANIMALS\species\vulture\physics.md","INVENTORIED"
"species","species\vulture\predator_response.md","predator_response.md",".md","0","E3B0C44298FC1C149AFBF4C8996FB92427AE41E4649B934CA495991B7852B855","01_BIOLOGY_AND_15_RESEARCH","C:\Users\hpcnd\OneDrive\Desktop\Ramayana\RAMAYAN\ANIMALS\species\vulture\predator_response.md","INVENTORIED"
"species","species\vulture\references.md","references.md",".md","0","E3B0C44298FC1C149AFBF4C8996FB92427AE41E4649B934CA495991B7852B855","01_BIOLOGY_AND_15_RESEARCH","C:\Users\hpcnd\OneDrive\Desktop\Ramayana\RAMAYAN\ANIMALS\species\vulture\references.md","INVENTORIED"
"species","species\vulture\resting.md","resting.md",".md","0","E3B0C44298FC1C149AFBF4C8996FB92427AE41E4649B934CA495991B7852B855","01_BIOLOGY_AND_15_RESEARCH","C:\Users\hpcnd\OneDrive\Desktop\Ramayana\RAMAYAN\ANIMALS\species\vulture\resting.md","INVENTORIED"
"species","species\vulture\social_behavior.md","social_behavior.md",".md","0","E3B0C44298FC1C149AFBF4C8996FB92427AE41E4649B934CA495991B7852B855","01_BIOLOGY_AND_15_RESEARCH","C:\Users\hpcnd\OneDrive\Desktop\Ramayana\RAMAYAN\ANIMALS\species\vulture\social_behavior.md","INVENTORIED"
"species","species\vulture\sources.md","sources.md",".md","0","E3B0C44298FC1C149AFBF4C8996FB92427AE41E4649B934CA495991B7852B855","01_BIOLOGY_AND_15_RESEARCH","C:\Users\hpcnd\OneDrive\Desktop\Ramayana\RAMAYAN\ANIMALS\species\vulture\sources.md","INVENTORIED"
"species","species\vulture\species_profile.md","species_profile.md",".md","0","E3B0C44298FC1C149AFBF4C8996FB92427AE41E4649B934CA495991B7852B855","01_BIOLOGY_AND_15_RESEARCH","C:\Users\hpcnd\OneDrive\Desktop\Ramayana\RAMAYAN\ANIMALS\species\vulture\species_profile.md","INVENTORIED"
"species","species\vulture\vocalization.md","vocalization.md",".md","0","E3B0C44298FC1C149AFBF4C8996FB92427AE41E4649B934CA495991B7852B855","01_BIOLOGY_AND_15_RESEARCH","C:\Users\hpcnd\OneDrive\Desktop\Ramayana\RAMAYAN\ANIMALS\species\vulture\vocalization.md","INVENTORIED"
"species","species\wolf\alertness.md","alertness.md",".md","0","E3B0C44298FC1C149AFBF4C8996FB92427AE41E4649B934CA495991B7852B855","01_BIOLOGY_AND_15_RESEARCH","C:\Users\hpcnd\OneDrive\Desktop\Ramayana\RAMAYAN\ANIMALS\species\wolf\alertness.md","INVENTORIED"
"species","species\wolf\anatomy.md","anatomy.md",".md","0","E3B0C44298FC1C149AFBF4C8996FB92427AE41E4649B934CA495991B7852B855","01_BIOLOGY_AND_15_RESEARCH","C:\Users\hpcnd\OneDrive\Desktop\Ramayana\RAMAYAN\ANIMALS\species\wolf\anatomy.md","INVENTORIED"
"species","species\wolf\animation_rules.md","animation_rules.md",".md","0","E3B0C44298FC1C149AFBF4C8996FB92427AE41E4649B934CA495991B7852B855","01_BIOLOGY_AND_15_RESEARCH","C:\Users\hpcnd\OneDrive\Desktop\Ramayana\RAMAYAN\ANIMALS\species\wolf\animation_rules.md","INVENTORIED"
"species","species\wolf\appearance.md","appearance.md",".md","0","E3B0C44298FC1C149AFBF4C8996FB92427AE41E4649B934CA495991B7852B855","01_BIOLOGY_AND_15_RESEARCH","C:\Users\hpcnd\OneDrive\Desktop\Ramayana\RAMAYAN\ANIMALS\species\wolf\appearance.md","INVENTORIED"
"species","species\wolf\behavior_dna.md","behavior_dna.md",".md","0","E3B0C44298FC1C149AFBF4C8996FB92427AE41E4649B934CA495991B7852B855","01_BIOLOGY_AND_15_RESEARCH","C:\Users\hpcnd\OneDrive\Desktop\Ramayana\RAMAYAN\ANIMALS\species\wolf\behavior_dna.md","INVENTORIED"
"species","species\wolf\environmental_response.md","environmental_response.md",".md","0","E3B0C44298FC1C149AFBF4C8996FB92427AE41E4649B934CA495991B7852B855","01_BIOLOGY_AND_15_RESEARCH","C:\Users\hpcnd\OneDrive\Desktop\Ramayana\RAMAYAN\ANIMALS\species\wolf\environmental_response.md","INVENTORIED"
"species","species\wolf\fear_response.md","fear_response.md",".md","0","E3B0C44298FC1C149AFBF4C8996FB92427AE41E4649B934CA495991B7852B855","01_BIOLOGY_AND_15_RESEARCH","C:\Users\hpcnd\OneDrive\Desktop\Ramayana\RAMAYAN\ANIMALS\species\wolf\fear_response.md","INVENTORIED"
"species","species\wolf\feeding.md","feeding.md",".md","0","E3B0C44298FC1C149AFBF4C8996FB92427AE41E4649B934CA495991B7852B855","01_BIOLOGY_AND_15_RESEARCH","C:\Users\hpcnd\OneDrive\Desktop\Ramayana\RAMAYAN\ANIMALS\species\wolf\feeding.md","INVENTORIED"
"species","species\wolf\forbidden_behavior.md","forbidden_behavior.md",".md","0","E3B0C44298FC1C149AFBF4C8996FB92427AE41E4649B934CA495991B7852B855","01_BIOLOGY_AND_15_RESEARCH","C:\Users\hpcnd\OneDrive\Desktop\Ramayana\RAMAYAN\ANIMALS\species\wolf\forbidden_behavior.md","INVENTORIED"
"species","species\wolf\grooming.md","grooming.md",".md","0","E3B0C44298FC1C149AFBF4C8996FB92427AE41E4649B934CA495991B7852B855","01_BIOLOGY_AND_15_RESEARCH","C:\Users\hpcnd\OneDrive\Desktop\Ramayana\RAMAYAN\ANIMALS\species\wolf\grooming.md","INVENTORIED"
"species","species\wolf\group_behavior.md","group_behavior.md",".md","0","E3B0C44298FC1C149AFBF4C8996FB92427AE41E4649B934CA495991B7852B855","01_BIOLOGY_AND_15_RESEARCH","C:\Users\hpcnd\OneDrive\Desktop\Ramayana\RAMAYAN\ANIMALS\species\wolf\group_behavior.md","INVENTORIED"
"species","species\wolf\human_interaction.md","human_interaction.md",".md","0","E3B0C44298FC1C149AFBF4C8996FB92427AE41E4649B934CA495991B7852B855","01_BIOLOGY_AND_15_RESEARCH","C:\Users\hpcnd\OneDrive\Desktop\Ramayana\RAMAYAN\ANIMALS\species\wolf\human_interaction.md","INVENTORIED"
"species","species\wolf\individual_variation.md","individual_variation.md",".md","0","E3B0C44298FC1C149AFBF4C8996FB92427AE41E4649B934CA495991B7852B855","01_BIOLOGY_AND_15_RESEARCH","C:\Users\hpcnd\OneDrive\Desktop\Ramayana\RAMAYAN\ANIMALS\species\wolf\individual_variation.md","INVENTORIED"
"species","species\wolf\locomotion.md","locomotion.md",".md","0","E3B0C44298FC1C149AFBF4C8996FB92427AE41E4649B934CA495991B7852B855","01_BIOLOGY_AND_15_RESEARCH","C:\Users\hpcnd\OneDrive\Desktop\Ramayana\RAMAYAN\ANIMALS\species\wolf\locomotion.md","INVENTORIED"
"species","species\wolf\mother_offspring.md","mother_offspring.md",".md","0","E3B0C44298FC1C149AFBF4C8996FB92427AE41E4649B934CA495991B7852B855","01_BIOLOGY_AND_15_RESEARCH","C:\Users\hpcnd\OneDrive\Desktop\Ramayana\RAMAYAN\ANIMALS\species\wolf\mother_offspring.md","INVENTORIED"
"species","species\wolf\physics.md","physics.md",".md","0","E3B0C44298FC1C149AFBF4C8996FB92427AE41E4649B934CA495991B7852B855","01_BIOLOGY_AND_15_RESEARCH","C:\Users\hpcnd\OneDrive\Desktop\Ramayana\RAMAYAN\ANIMALS\species\wolf\physics.md","INVENTORIED"
"species","species\wolf\predator_response.md","predator_response.md",".md","0","E3B0C44298FC1C149AFBF4C8996FB92427AE41E4649B934CA495991B7852B855","01_BIOLOGY_AND_15_RESEARCH","C:\Users\hpcnd\OneDrive\Desktop\Ramayana\RAMAYAN\ANIMALS\species\wolf\predator_response.md","INVENTORIED"
"species","species\wolf\references.md","references.md",".md","0","E3B0C44298FC1C149AFBF4C8996FB92427AE41E4649B934CA495991B7852B855","01_BIOLOGY_AND_15_RESEARCH","C:\Users\hpcnd\OneDrive\Desktop\Ramayana\RAMAYAN\ANIMALS\species\wolf\references.md","INVENTORIED"
"species","species\wolf\resting.md","resting.md",".md","0","E3B0C44298FC1C149AFBF4C8996FB92427AE41E4649B934CA495991B7852B855","01_BIOLOGY_AND_15_RESEARCH","C:\Users\hpcnd\OneDrive\Desktop\Ramayana\RAMAYAN\ANIMALS\species\wolf\resting.md","INVENTORIED"
"species","species\wolf\social_behavior.md","social_behavior.md",".md","0","E3B0C44298FC1C149AFBF4C8996FB92427AE41E4649B934CA495991B7852B855","01_BIOLOGY_AND_15_RESEARCH","C:\Users\hpcnd\OneDrive\Desktop\Ramayana\RAMAYAN\ANIMALS\species\wolf\social_behavior.md","INVENTORIED"
"species","species\wolf\sources.md","sources.md",".md","0","E3B0C44298FC1C149AFBF4C8996FB92427AE41E4649B934CA495991B7852B855","01_BIOLOGY_AND_15_RESEARCH","C:\Users\hpcnd\OneDrive\Desktop\Ramayana\RAMAYAN\ANIMALS\species\wolf\sources.md","INVENTORIED"
"species","species\wolf\species_profile.md","species_profile.md",".md","0","E3B0C44298FC1C149AFBF4C8996FB92427AE41E4649B934CA495991B7852B855","01_BIOLOGY_AND_15_RESEARCH","C:\Users\hpcnd\OneDrive\Desktop\Ramayana\RAMAYAN\ANIMALS\species\wolf\species_profile.md","INVENTORIED"
"species","species\wolf\vocalization.md","vocalization.md",".md","0","E3B0C44298FC1C149AFBF4C8996FB92427AE41E4649B934CA495991B7852B855","01_BIOLOGY_AND_15_RESEARCH","C:\Users\hpcnd\OneDrive\Desktop\Ramayana\RAMAYAN\ANIMALS\species\wolf\vocalization.md","INVENTORIED"
