"OldPath","OldBytes","OldCharacters","OldHeadings","Classification","BestCurrentPath","BestSimilarityPercent","SecondCurrentPath","SecondSimilarityPercent","ThirdCurrentPath","ThirdSimilarityPercent","ExactHashMatchPaths"
"README.md","926","908","MATERIALS | Material pipeline | Most important rule","PARTIAL_CANDIDATE_REVIEW","02_MATERIAL_DATABASE\91_animal_derived_materials.md","12.02","02_MATERIAL_DATABASE\17_water_and_aqueous_materials.md","10.76","02_MATERIAL_DATABASE\16_charcoal_ash_soot_particulates.md","10.71",""
"AI\material_consistency.md","0","0","","EMPTY_OLD_FILE_REVIEW","04_SURFACE_STRUCTURE\surface_renderer_validation_register.csv","0","04_SURFACE_STRUCTURE\surface_renderer_test_matrix.md","0","04_SURFACE_STRUCTURE\surface_renderer_confirmation_note.md","0","05_BEHAVIOR\aging.md | 05_BEHAVIOR\damage.md | 05_BEHAVIOR\dust_dirt_mud.md | 05_BEHAVIOR\environmental_response.md | 05_BEHAVIOR\repair.md | 05_BEHAVIOR\water_wetting_absorption.md | 05_BEHAVIOR\wear.md | 05_BEHAVIOR\weathering.md | 06_STATES\condition_states.md | 06_STATES\material_state_model.md | 06_STATES\state_continuity.md | 06_STATES\state_transitions.md | 06_STATES\thermal_states.md | 06_STATES\wet_dry_states.md | 07_HISTORICAL_CANONICAL\canonical_material_usage.md | 07_HISTORICAL_CANONICAL\conflicts_uncertainty.md | 07_HISTORICAL_CANONICAL\historical_material_availability.md | 07_HISTORICAL_CANONICAL\material_evidence.md | 07_HISTORICAL_CANONICAL\traditional_indian_materials.md | 07_HISTORICAL_CANONICAL\traditional_manufacturing.md | 08_INTERACTION\animal_interaction.md | 08_INTERACTION\architecture_interaction.md | 08_INTERACTION\environment_interaction.md | 08_INTERACTION\human_interaction.md | 08_INTERACTION\prop_interaction.md | 09_AI_PRODUCTION\artifact_prevention.md | 09_AI_PRODUCTION\candidate_selection.md | 09_AI_PRODUCTION\material_generation_validation.md | 09_AI_PRODUCTION\material_prompting.md | 09_AI_PRODUCTION\negative_constraints.md | 09_AI_PRODUCTION\reference_strategy.md | 10_CONTINUITY_QA\approval_criteria.md | 10_CONTINUITY_QA\cross_episode_consistency.md | 10_CONTINUITY_QA\cross_scene_consistency.md | 10_CONTINUITY_QA\cross_shot_consistency.md | 10_CONTINUITY_QA\material_continuity.md | 10_CONTINUITY_QA\realism_qa.md | 10_CONTINUITY_QA\temporal_consistency.md | 11_PRODUCTION_HANDOFF\3d_handoff.md | 11_PRODUCTION_HANDOFF\lighting_handoff.md | 11_PRODUCTION_HANDOFF\physics_handoff.md | 11_PRODUCTION_HANDOFF\render_validation.md | 11_PRODUCTION_HANDOFF\shader_handoff.md | 11_PRODUCTION_HANDOFF\texture_handoff.md | 11_PRODUCTION_HANDOFF\vfx_handoff.md | 12_REGISTRY\change_control.md | 12_REGISTRY\material_registry.md | 12_REGISTRY\material_variants.md | 12_REGISTRY\material_versions.md"
"AI\material_drift.md","0","0","","EMPTY_OLD_FILE_REVIEW","04_SURFACE_STRUCTURE\surface_renderer_validation_register.csv","0","04_SURFACE_STRUCTURE\surface_renderer_test_matrix.md","0","04_SURFACE_STRUCTURE\surface_renderer_confirmation_note.md","0","05_BEHAVIOR\aging.md | 05_BEHAVIOR\damage.md | 05_BEHAVIOR\dust_dirt_mud.md | 05_BEHAVIOR\environmental_response.md | 05_BEHAVIOR\repair.md | 05_BEHAVIOR\water_wetting_absorption.md | 05_BEHAVIOR\wear.md | 05_BEHAVIOR\weathering.md | 06_STATES\condition_states.md | 06_STATES\material_state_model.md | 06_STATES\state_continuity.md | 06_STATES\state_transitions.md | 06_STATES\thermal_states.md | 06_STATES\wet_dry_states.md | 07_HISTORICAL_CANONICAL\canonical_material_usage.md | 07_HISTORICAL_CANONICAL\conflicts_uncertainty.md | 07_HISTORICAL_CANONICAL\historical_material_availability.md | 07_HISTORICAL_CANONICAL\material_evidence.md | 07_HISTORICAL_CANONICAL\traditional_indian_materials.md | 07_HISTORICAL_CANONICAL\traditional_manufacturing.md | 08_INTERACTION\animal_interaction.md | 08_INTERACTION\architecture_interaction.md | 08_INTERACTION\environment_interaction.md | 08_INTERACTION\human_interaction.md | 08_INTERACTION\prop_interaction.md | 09_AI_PRODUCTION\artifact_prevention.md | 09_AI_PRODUCTION\candidate_selection.md | 09_AI_PRODUCTION\material_generation_validation.md | 09_AI_PRODUCTION\material_prompting.md | 09_AI_PRODUCTION\negative_constraints.md | 09_AI_PRODUCTION\reference_strategy.md | 10_CONTINUITY_QA\approval_criteria.md | 10_CONTINUITY_QA\cross_episode_consistency.md | 10_CONTINUITY_QA\cross_scene_consistency.md | 10_CONTINUITY_QA\cross_shot_consistency.md | 10_CONTINUITY_QA\material_continuity.md | 10_CONTINUITY_QA\realism_qa.md | 10_CONTINUITY_QA\temporal_consistency.md | 11_PRODUCTION_HANDOFF\3d_handoff.md | 11_PRODUCTION_HANDOFF\lighting_handoff.md | 11_PRODUCTION_HANDOFF\physics_handoff.md | 11_PRODUCTION_HANDOFF\render_validation.md | 11_PRODUCTION_HANDOFF\shader_handoff.md | 11_PRODUCTION_HANDOFF\texture_handoff.md | 11_PRODUCTION_HANDOFF\vfx_handoff.md | 12_REGISTRY\change_control.md | 12_REGISTRY\material_registry.md | 12_REGISTRY\material_variants.md | 12_REGISTRY\material_versions.md"
"AI\material_generation_qa.md","0","0","","EMPTY_OLD_FILE_REVIEW","04_SURFACE_STRUCTURE\surface_renderer_validation_register.csv","0","04_SURFACE_STRUCTURE\surface_renderer_test_matrix.md","0","04_SURFACE_STRUCTURE\surface_renderer_confirmation_note.md","0","05_BEHAVIOR\aging.md | 05_BEHAVIOR\damage.md | 05_BEHAVIOR\dust_dirt_mud.md | 05_BEHAVIOR\environmental_response.md | 05_BEHAVIOR\repair.md | 05_BEHAVIOR\water_wetting_absorption.md | 05_BEHAVIOR\wear.md | 05_BEHAVIOR\weathering.md | 06_STATES\condition_states.md | 06_STATES\material_state_model.md | 06_STATES\state_continuity.md | 06_STATES\state_transitions.md | 06_STATES\thermal_states.md | 06_STATES\wet_dry_states.md | 07_HISTORICAL_CANONICAL\canonical_material_usage.md | 07_HISTORICAL_CANONICAL\conflicts_uncertainty.md | 07_HISTORICAL_CANONICAL\historical_material_availability.md | 07_HISTORICAL_CANONICAL\material_evidence.md | 07_HISTORICAL_CANONICAL\traditional_indian_materials.md | 07_HISTORICAL_CANONICAL\traditional_manufacturing.md | 08_INTERACTION\animal_interaction.md | 08_INTERACTION\architecture_interaction.md | 08_INTERACTION\environment_interaction.md | 08_INTERACTION\human_interaction.md | 08_INTERACTION\prop_interaction.md | 09_AI_PRODUCTION\artifact_prevention.md | 09_AI_PRODUCTION\candidate_selection.md | 09_AI_PRODUCTION\material_generation_validation.md | 09_AI_PRODUCTION\material_prompting.md | 09_AI_PRODUCTION\negative_constraints.md | 09_AI_PRODUCTION\reference_strategy.md | 10_CONTINUITY_QA\approval_criteria.md | 10_CONTINUITY_QA\cross_episode_consistency.md | 10_CONTINUITY_QA\cross_scene_consistency.md | 10_CONTINUITY_QA\cross_shot_consistency.md | 10_CONTINUITY_QA\material_continuity.md | 10_CONTINUITY_QA\realism_qa.md | 10_CONTINUITY_QA\temporal_consistency.md | 11_PRODUCTION_HANDOFF\3d_handoff.md | 11_PRODUCTION_HANDOFF\lighting_handoff.md | 11_PRODUCTION_HANDOFF\physics_handoff.md | 11_PRODUCTION_HANDOFF\render_validation.md | 11_PRODUCTION_HANDOFF\shader_handoff.md | 11_PRODUCTION_HANDOFF\texture_handoff.md | 11_PRODUCTION_HANDOFF\vfx_handoff.md | 12_REGISTRY\change_control.md | 12_REGISTRY\material_registry.md | 12_REGISTRY\material_variants.md | 12_REGISTRY\material_versions.md"
"AI\material_prompt_rules.md","0","0","","EMPTY_OLD_FILE_REVIEW","04_SURFACE_STRUCTURE\surface_renderer_validation_register.csv","0","04_SURFACE_STRUCTURE\surface_renderer_test_matrix.md","0","04_SURFACE_STRUCTURE\surface_renderer_confirmation_note.md","0","05_BEHAVIOR\aging.md | 05_BEHAVIOR\damage.md | 05_BEHAVIOR\dust_dirt_mud.md | 05_BEHAVIOR\environmental_response.md | 05_BEHAVIOR\repair.md | 05_BEHAVIOR\water_wetting_absorption.md | 05_BEHAVIOR\wear.md | 05_BEHAVIOR\weathering.md | 06_STATES\condition_states.md | 06_STATES\material_state_model.md | 06_STATES\state_continuity.md | 06_STATES\state_transitions.md | 06_STATES\thermal_states.md | 06_STATES\wet_dry_states.md | 07_HISTORICAL_CANONICAL\canonical_material_usage.md | 07_HISTORICAL_CANONICAL\conflicts_uncertainty.md | 07_HISTORICAL_CANONICAL\historical_material_availability.md | 07_HISTORICAL_CANONICAL\material_evidence.md | 07_HISTORICAL_CANONICAL\traditional_indian_materials.md | 07_HISTORICAL_CANONICAL\traditional_manufacturing.md | 08_INTERACTION\animal_interaction.md | 08_INTERACTION\architecture_interaction.md | 08_INTERACTION\environment_interaction.md | 08_INTERACTION\human_interaction.md | 08_INTERACTION\prop_interaction.md | 09_AI_PRODUCTION\artifact_prevention.md | 09_AI_PRODUCTION\candidate_selection.md | 09_AI_PRODUCTION\material_generation_validation.md | 09_AI_PRODUCTION\material_prompting.md | 09_AI_PRODUCTION\negative_constraints.md | 09_AI_PRODUCTION\reference_strategy.md | 10_CONTINUITY_QA\approval_criteria.md | 10_CONTINUITY_QA\cross_episode_consistency.md | 10_CONTINUITY_QA\cross_scene_consistency.md | 10_CONTINUITY_QA\cross_shot_consistency.md | 10_CONTINUITY_QA\material_continuity.md | 10_CONTINUITY_QA\realism_qa.md | 10_CONTINUITY_QA\temporal_consistency.md | 11_PRODUCTION_HANDOFF\3d_handoff.md | 11_PRODUCTION_HANDOFF\lighting_handoff.md | 11_PRODUCTION_HANDOFF\physics_handoff.md | 11_PRODUCTION_HANDOFF\render_validation.md | 11_PRODUCTION_HANDOFF\shader_handoff.md | 11_PRODUCTION_HANDOFF\texture_handoff.md | 11_PRODUCTION_HANDOFF\vfx_handoff.md | 12_REGISTRY\change_control.md | 12_REGISTRY\material_registry.md | 12_REGISTRY\material_variants.md | 12_REGISTRY\material_versions.md"
"AI\material_provenance.md","0","0","","EMPTY_OLD_FILE_REVIEW","04_SURFACE_STRUCTURE\surface_renderer_validation_register.csv","0","04_SURFACE_STRUCTURE\surface_renderer_test_matrix.md","0","04_SURFACE_STRUCTURE\surface_renderer_confirmation_note.md","0","05_BEHAVIOR\aging.md | 05_BEHAVIOR\damage.md | 05_BEHAVIOR\dust_dirt_mud.md | 05_BEHAVIOR\environmental_response.md | 05_BEHAVIOR\repair.md | 05_BEHAVIOR\water_wetting_absorption.md | 05_BEHAVIOR\wear.md | 05_BEHAVIOR\weathering.md | 06_STATES\condition_states.md | 06_STATES\material_state_model.md | 06_STATES\state_continuity.md | 06_STATES\state_transitions.md | 06_STATES\thermal_states.md | 06_STATES\wet_dry_states.md | 07_HISTORICAL_CANONICAL\canonical_material_usage.md | 07_HISTORICAL_CANONICAL\conflicts_uncertainty.md | 07_HISTORICAL_CANONICAL\historical_material_availability.md | 07_HISTORICAL_CANONICAL\material_evidence.md | 07_HISTORICAL_CANONICAL\traditional_indian_materials.md | 07_HISTORICAL_CANONICAL\traditional_manufacturing.md | 08_INTERACTION\animal_interaction.md | 08_INTERACTION\architecture_interaction.md | 08_INTERACTION\environment_interaction.md | 08_INTERACTION\human_interaction.md | 08_INTERACTION\prop_interaction.md | 09_AI_PRODUCTION\artifact_prevention.md | 09_AI_PRODUCTION\candidate_selection.md | 09_AI_PRODUCTION\material_generation_validation.md | 09_AI_PRODUCTION\material_prompting.md | 09_AI_PRODUCTION\negative_constraints.md | 09_AI_PRODUCTION\reference_strategy.md | 10_CONTINUITY_QA\approval_criteria.md | 10_CONTINUITY_QA\cross_episode_consistency.md | 10_CONTINUITY_QA\cross_scene_consistency.md | 10_CONTINUITY_QA\cross_shot_consistency.md | 10_CONTINUITY_QA\material_continuity.md | 10_CONTINUITY_QA\realism_qa.md | 10_CONTINUITY_QA\temporal_consistency.md | 11_PRODUCTION_HANDOFF\3d_handoff.md | 11_PRODUCTION_HANDOFF\lighting_handoff.md | 11_PRODUCTION_HANDOFF\physics_handoff.md | 11_PRODUCTION_HANDOFF\render_validation.md | 11_PRODUCTION_HANDOFF\shader_handoff.md | 11_PRODUCTION_HANDOFF\texture_handoff.md | 11_PRODUCTION_HANDOFF\vfx_handoff.md | 12_REGISTRY\change_control.md | 12_REGISTRY\material_registry.md | 12_REGISTRY\material_variants.md | 12_REGISTRY\material_versions.md"
"ARCHITECTURAL_MATERIALS\decorative_surfaces.md","0","0","","EMPTY_OLD_FILE_REVIEW","04_SURFACE_STRUCTURE\surface_renderer_validation_register.csv","0","04_SURFACE_STRUCTURE\surface_renderer_test_matrix.md","0","04_SURFACE_STRUCTURE\surface_renderer_confirmation_note.md","0","05_BEHAVIOR\aging.md | 05_BEHAVIOR\damage.md | 05_BEHAVIOR\dust_dirt_mud.md | 05_BEHAVIOR\environmental_response.md | 05_BEHAVIOR\repair.md | 05_BEHAVIOR\water_wetting_absorption.md | 05_BEHAVIOR\wear.md | 05_BEHAVIOR\weathering.md | 06_STATES\condition_states.md | 06_STATES\material_state_model.md | 06_STATES\state_continuity.md | 06_STATES\state_transitions.md | 06_STATES\thermal_states.md | 06_STATES\wet_dry_states.md | 07_HISTORICAL_CANONICAL\canonical_material_usage.md | 07_HISTORICAL_CANONICAL\conflicts_uncertainty.md | 07_HISTORICAL_CANONICAL\historical_material_availability.md | 07_HISTORICAL_CANONICAL\material_evidence.md | 07_HISTORICAL_CANONICAL\traditional_indian_materials.md | 07_HISTORICAL_CANONICAL\traditional_manufacturing.md | 08_INTERACTION\animal_interaction.md | 08_INTERACTION\architecture_interaction.md | 08_INTERACTION\environment_interaction.md | 08_INTERACTION\human_interaction.md | 08_INTERACTION\prop_interaction.md | 09_AI_PRODUCTION\artifact_prevention.md | 09_AI_PRODUCTION\candidate_selection.md | 09_AI_PRODUCTION\material_generation_validation.md | 09_AI_PRODUCTION\material_prompting.md | 09_AI_PRODUCTION\negative_constraints.md | 09_AI_PRODUCTION\reference_strategy.md | 10_CONTINUITY_QA\approval_criteria.md | 10_CONTINUITY_QA\cross_episode_consistency.md | 10_CONTINUITY_QA\cross_scene_consistency.md | 10_CONTINUITY_QA\cross_shot_consistency.md | 10_CONTINUITY_QA\material_continuity.md | 10_CONTINUITY_QA\realism_qa.md | 10_CONTINUITY_QA\temporal_consistency.md | 11_PRODUCTION_HANDOFF\3d_handoff.md | 11_PRODUCTION_HANDOFF\lighting_handoff.md | 11_PRODUCTION_HANDOFF\physics_handoff.md | 11_PRODUCTION_HANDOFF\render_validation.md | 11_PRODUCTION_HANDOFF\shader_handoff.md | 11_PRODUCTION_HANDOFF\texture_handoff.md | 11_PRODUCTION_HANDOFF\vfx_handoff.md | 12_REGISTRY\change_control.md | 12_REGISTRY\material_registry.md | 12_REGISTRY\material_variants.md | 12_REGISTRY\material_versions.md"
"ARCHITECTURAL_MATERIALS\doors.md","0","0","","EMPTY_OLD_FILE_REVIEW","04_SURFACE_STRUCTURE\surface_renderer_validation_register.csv","0","04_SURFACE_STRUCTURE\surface_renderer_test_matrix.md","0","04_SURFACE_STRUCTURE\surface_renderer_confirmation_note.md","0","05_BEHAVIOR\aging.md | 05_BEHAVIOR\damage.md | 05_BEHAVIOR\dust_dirt_mud.md | 05_BEHAVIOR\environmental_response.md | 05_BEHAVIOR\repair.md | 05_BEHAVIOR\water_wetting_absorption.md | 05_BEHAVIOR\wear.md | 05_BEHAVIOR\weathering.md | 06_STATES\condition_states.md | 06_STATES\material_state_model.md | 06_STATES\state_continuity.md | 06_STATES\state_transitions.md | 06_STATES\thermal_states.md | 06_STATES\wet_dry_states.md | 07_HISTORICAL_CANONICAL\canonical_material_usage.md | 07_HISTORICAL_CANONICAL\conflicts_uncertainty.md | 07_HISTORICAL_CANONICAL\historical_material_availability.md | 07_HISTORICAL_CANONICAL\material_evidence.md | 07_HISTORICAL_CANONICAL\traditional_indian_materials.md | 07_HISTORICAL_CANONICAL\traditional_manufacturing.md | 08_INTERACTION\animal_interaction.md | 08_INTERACTION\architecture_interaction.md | 08_INTERACTION\environment_interaction.md | 08_INTERACTION\human_interaction.md | 08_INTERACTION\prop_interaction.md | 09_AI_PRODUCTION\artifact_prevention.md | 09_AI_PRODUCTION\candidate_selection.md | 09_AI_PRODUCTION\material_generation_validation.md | 09_AI_PRODUCTION\material_prompting.md | 09_AI_PRODUCTION\negative_constraints.md | 09_AI_PRODUCTION\reference_strategy.md | 10_CONTINUITY_QA\approval_criteria.md | 10_CONTINUITY_QA\cross_episode_consistency.md | 10_CONTINUITY_QA\cross_scene_consistency.md | 10_CONTINUITY_QA\cross_shot_consistency.md | 10_CONTINUITY_QA\material_continuity.md | 10_CONTINUITY_QA\realism_qa.md | 10_CONTINUITY_QA\temporal_consistency.md | 11_PRODUCTION_HANDOFF\3d_handoff.md | 11_PRODUCTION_HANDOFF\lighting_handoff.md | 11_PRODUCTION_HANDOFF\physics_handoff.md | 11_PRODUCTION_HANDOFF\render_validation.md | 11_PRODUCTION_HANDOFF\shader_handoff.md | 11_PRODUCTION_HANDOFF\texture_handoff.md | 11_PRODUCTION_HANDOFF\vfx_handoff.md | 12_REGISTRY\change_control.md | 12_REGISTRY\material_registry.md | 12_REGISTRY\material_variants.md | 12_REGISTRY\material_versions.md"
"ARCHITECTURAL_MATERIALS\floors.md","0","0","","EMPTY_OLD_FILE_REVIEW","04_SURFACE_STRUCTURE\surface_renderer_validation_register.csv","0","04_SURFACE_STRUCTURE\surface_renderer_test_matrix.md","0","04_SURFACE_STRUCTURE\surface_renderer_confirmation_note.md","0","05_BEHAVIOR\aging.md | 05_BEHAVIOR\damage.md | 05_BEHAVIOR\dust_dirt_mud.md | 05_BEHAVIOR\environmental_response.md | 05_BEHAVIOR\repair.md | 05_BEHAVIOR\water_wetting_absorption.md | 05_BEHAVIOR\wear.md | 05_BEHAVIOR\weathering.md | 06_STATES\condition_states.md | 06_STATES\material_state_model.md | 06_STATES\state_continuity.md | 06_STATES\state_transitions.md | 06_STATES\thermal_states.md | 06_STATES\wet_dry_states.md | 07_HISTORICAL_CANONICAL\canonical_material_usage.md | 07_HISTORICAL_CANONICAL\conflicts_uncertainty.md | 07_HISTORICAL_CANONICAL\historical_material_availability.md | 07_HISTORICAL_CANONICAL\material_evidence.md | 07_HISTORICAL_CANONICAL\traditional_indian_materials.md | 07_HISTORICAL_CANONICAL\traditional_manufacturing.md | 08_INTERACTION\animal_interaction.md | 08_INTERACTION\architecture_interaction.md | 08_INTERACTION\environment_interaction.md | 08_INTERACTION\human_interaction.md | 08_INTERACTION\prop_interaction.md | 09_AI_PRODUCTION\artifact_prevention.md | 09_AI_PRODUCTION\candidate_selection.md | 09_AI_PRODUCTION\material_generation_validation.md | 09_AI_PRODUCTION\material_prompting.md | 09_AI_PRODUCTION\negative_constraints.md | 09_AI_PRODUCTION\reference_strategy.md | 10_CONTINUITY_QA\approval_criteria.md | 10_CONTINUITY_QA\cross_episode_consistency.md | 10_CONTINUITY_QA\cross_scene_consistency.md | 10_CONTINUITY_QA\cross_shot_consistency.md | 10_CONTINUITY_QA\material_continuity.md | 10_CONTINUITY_QA\realism_qa.md | 10_CONTINUITY_QA\temporal_consistency.md | 11_PRODUCTION_HANDOFF\3d_handoff.md | 11_PRODUCTION_HANDOFF\lighting_handoff.md | 11_PRODUCTION_HANDOFF\physics_handoff.md | 11_PRODUCTION_HANDOFF\render_validation.md | 11_PRODUCTION_HANDOFF\shader_handoff.md | 11_PRODUCTION_HANDOFF\texture_handoff.md | 11_PRODUCTION_HANDOFF\vfx_handoff.md | 12_REGISTRY\change_control.md | 12_REGISTRY\material_registry.md | 12_REGISTRY\material_variants.md | 12_REGISTRY\material_versions.md"
"ARCHITECTURAL_MATERIALS\pillars.md","0","0","","EMPTY_OLD_FILE_REVIEW","04_SURFACE_STRUCTURE\surface_renderer_validation_register.csv","0","04_SURFACE_STRUCTURE\surface_renderer_test_matrix.md","0","04_SURFACE_STRUCTURE\surface_renderer_confirmation_note.md","0","05_BEHAVIOR\aging.md | 05_BEHAVIOR\damage.md | 05_BEHAVIOR\dust_dirt_mud.md | 05_BEHAVIOR\environmental_response.md | 05_BEHAVIOR\repair.md | 05_BEHAVIOR\water_wetting_absorption.md | 05_BEHAVIOR\wear.md | 05_BEHAVIOR\weathering.md | 06_STATES\condition_states.md | 06_STATES\material_state_model.md | 06_STATES\state_continuity.md | 06_STATES\state_transitions.md | 06_STATES\thermal_states.md | 06_STATES\wet_dry_states.md | 07_HISTORICAL_CANONICAL\canonical_material_usage.md | 07_HISTORICAL_CANONICAL\conflicts_uncertainty.md | 07_HISTORICAL_CANONICAL\historical_material_availability.md | 07_HISTORICAL_CANONICAL\material_evidence.md | 07_HISTORICAL_CANONICAL\traditional_indian_materials.md | 07_HISTORICAL_CANONICAL\traditional_manufacturing.md | 08_INTERACTION\animal_interaction.md | 08_INTERACTION\architecture_interaction.md | 08_INTERACTION\environment_interaction.md | 08_INTERACTION\human_interaction.md | 08_INTERACTION\prop_interaction.md | 09_AI_PRODUCTION\artifact_prevention.md | 09_AI_PRODUCTION\candidate_selection.md | 09_AI_PRODUCTION\material_generation_validation.md | 09_AI_PRODUCTION\material_prompting.md | 09_AI_PRODUCTION\negative_constraints.md | 09_AI_PRODUCTION\reference_strategy.md | 10_CONTINUITY_QA\approval_criteria.md | 10_CONTINUITY_QA\cross_episode_consistency.md | 10_CONTINUITY_QA\cross_scene_consistency.md | 10_CONTINUITY_QA\cross_shot_consistency.md | 10_CONTINUITY_QA\material_continuity.md | 10_CONTINUITY_QA\realism_qa.md | 10_CONTINUITY_QA\temporal_consistency.md | 11_PRODUCTION_HANDOFF\3d_handoff.md | 11_PRODUCTION_HANDOFF\lighting_handoff.md | 11_PRODUCTION_HANDOFF\physics_handoff.md | 11_PRODUCTION_HANDOFF\render_validation.md | 11_PRODUCTION_HANDOFF\shader_handoff.md | 11_PRODUCTION_HANDOFF\texture_handoff.md | 11_PRODUCTION_HANDOFF\vfx_handoff.md | 12_REGISTRY\change_control.md | 12_REGISTRY\material_registry.md | 12_REGISTRY\material_variants.md | 12_REGISTRY\material_versions.md"
"ARCHITECTURAL_MATERIALS\platforms.md","0","0","","EMPTY_OLD_FILE_REVIEW","04_SURFACE_STRUCTURE\surface_renderer_validation_register.csv","0","04_SURFACE_STRUCTURE\surface_renderer_test_matrix.md","0","04_SURFACE_STRUCTURE\surface_renderer_confirmation_note.md","0","05_BEHAVIOR\aging.md | 05_BEHAVIOR\damage.md | 05_BEHAVIOR\dust_dirt_mud.md | 05_BEHAVIOR\environmental_response.md | 05_BEHAVIOR\repair.md | 05_BEHAVIOR\water_wetting_absorption.md | 05_BEHAVIOR\wear.md | 05_BEHAVIOR\weathering.md | 06_STATES\condition_states.md | 06_STATES\material_state_model.md | 06_STATES\state_continuity.md | 06_STATES\state_transitions.md | 06_STATES\thermal_states.md | 06_STATES\wet_dry_states.md | 07_HISTORICAL_CANONICAL\canonical_material_usage.md | 07_HISTORICAL_CANONICAL\conflicts_uncertainty.md | 07_HISTORICAL_CANONICAL\historical_material_availability.md | 07_HISTORICAL_CANONICAL\material_evidence.md | 07_HISTORICAL_CANONICAL\traditional_indian_materials.md | 07_HISTORICAL_CANONICAL\traditional_manufacturing.md | 08_INTERACTION\animal_interaction.md | 08_INTERACTION\architecture_interaction.md | 08_INTERACTION\environment_interaction.md | 08_INTERACTION\human_interaction.md | 08_INTERACTION\prop_interaction.md | 09_AI_PRODUCTION\artifact_prevention.md | 09_AI_PRODUCTION\candidate_selection.md | 09_AI_PRODUCTION\material_generation_validation.md | 09_AI_PRODUCTION\material_prompting.md | 09_AI_PRODUCTION\negative_constraints.md | 09_AI_PRODUCTION\reference_strategy.md | 10_CONTINUITY_QA\approval_criteria.md | 10_CONTINUITY_QA\cross_episode_consistency.md | 10_CONTINUITY_QA\cross_scene_consistency.md | 10_CONTINUITY_QA\cross_shot_consistency.md | 10_CONTINUITY_QA\material_continuity.md | 10_CONTINUITY_QA\realism_qa.md | 10_CONTINUITY_QA\temporal_consistency.md | 11_PRODUCTION_HANDOFF\3d_handoff.md | 11_PRODUCTION_HANDOFF\lighting_handoff.md | 11_PRODUCTION_HANDOFF\physics_handoff.md | 11_PRODUCTION_HANDOFF\render_validation.md | 11_PRODUCTION_HANDOFF\shader_handoff.md | 11_PRODUCTION_HANDOFF\texture_handoff.md | 11_PRODUCTION_HANDOFF\vfx_handoff.md | 12_REGISTRY\change_control.md | 12_REGISTRY\material_registry.md | 12_REGISTRY\material_variants.md | 12_REGISTRY\material_versions.md"
"ARCHITECTURAL_MATERIALS\roofs.md","0","0","","EMPTY_OLD_FILE_REVIEW","04_SURFACE_STRUCTURE\surface_renderer_validation_register.csv","0","04_SURFACE_STRUCTURE\surface_renderer_test_matrix.md","0","04_SURFACE_STRUCTURE\surface_renderer_confirmation_note.md","0","05_BEHAVIOR\aging.md | 05_BEHAVIOR\damage.md | 05_BEHAVIOR\dust_dirt_mud.md | 05_BEHAVIOR\environmental_response.md | 05_BEHAVIOR\repair.md | 05_BEHAVIOR\water_wetting_absorption.md | 05_BEHAVIOR\wear.md | 05_BEHAVIOR\weathering.md | 06_STATES\condition_states.md | 06_STATES\material_state_model.md | 06_STATES\state_continuity.md | 06_STATES\state_transitions.md | 06_STATES\thermal_states.md | 06_STATES\wet_dry_states.md | 07_HISTORICAL_CANONICAL\canonical_material_usage.md | 07_HISTORICAL_CANONICAL\conflicts_uncertainty.md | 07_HISTORICAL_CANONICAL\historical_material_availability.md | 07_HISTORICAL_CANONICAL\material_evidence.md | 07_HISTORICAL_CANONICAL\traditional_indian_materials.md | 07_HISTORICAL_CANONICAL\traditional_manufacturing.md | 08_INTERACTION\animal_interaction.md | 08_INTERACTION\architecture_interaction.md | 08_INTERACTION\environment_interaction.md | 08_INTERACTION\human_interaction.md | 08_INTERACTION\prop_interaction.md | 09_AI_PRODUCTION\artifact_prevention.md | 09_AI_PRODUCTION\candidate_selection.md | 09_AI_PRODUCTION\material_generation_validation.md | 09_AI_PRODUCTION\material_prompting.md | 09_AI_PRODUCTION\negative_constraints.md | 09_AI_PRODUCTION\reference_strategy.md | 10_CONTINUITY_QA\approval_criteria.md | 10_CONTINUITY_QA\cross_episode_consistency.md | 10_CONTINUITY_QA\cross_scene_consistency.md | 10_CONTINUITY_QA\cross_shot_consistency.md | 10_CONTINUITY_QA\material_continuity.md | 10_CONTINUITY_QA\realism_qa.md | 10_CONTINUITY_QA\temporal_consistency.md | 11_PRODUCTION_HANDOFF\3d_handoff.md | 11_PRODUCTION_HANDOFF\lighting_handoff.md | 11_PRODUCTION_HANDOFF\physics_handoff.md | 11_PRODUCTION_HANDOFF\render_validation.md | 11_PRODUCTION_HANDOFF\shader_handoff.md | 11_PRODUCTION_HANDOFF\texture_handoff.md | 11_PRODUCTION_HANDOFF\vfx_handoff.md | 12_REGISTRY\change_control.md | 12_REGISTRY\material_registry.md | 12_REGISTRY\material_variants.md | 12_REGISTRY\material_versions.md"
"ARCHITECTURAL_MATERIALS\stairs.md","0","0","","EMPTY_OLD_FILE_REVIEW","04_SURFACE_STRUCTURE\surface_renderer_validation_register.csv","0","04_SURFACE_STRUCTURE\surface_renderer_test_matrix.md","0","04_SURFACE_STRUCTURE\surface_renderer_confirmation_note.md","0","05_BEHAVIOR\aging.md | 05_BEHAVIOR\damage.md | 05_BEHAVIOR\dust_dirt_mud.md | 05_BEHAVIOR\environmental_response.md | 05_BEHAVIOR\repair.md | 05_BEHAVIOR\water_wetting_absorption.md | 05_BEHAVIOR\wear.md | 05_BEHAVIOR\weathering.md | 06_STATES\condition_states.md | 06_STATES\material_state_model.md | 06_STATES\state_continuity.md | 06_STATES\state_transitions.md | 06_STATES\thermal_states.md | 06_STATES\wet_dry_states.md | 07_HISTORICAL_CANONICAL\canonical_material_usage.md | 07_HISTORICAL_CANONICAL\conflicts_uncertainty.md | 07_HISTORICAL_CANONICAL\historical_material_availability.md | 07_HISTORICAL_CANONICAL\material_evidence.md | 07_HISTORICAL_CANONICAL\traditional_indian_materials.md | 07_HISTORICAL_CANONICAL\traditional_manufacturing.md | 08_INTERACTION\animal_interaction.md | 08_INTERACTION\architecture_interaction.md | 08_INTERACTION\environment_interaction.md | 08_INTERACTION\human_interaction.md | 08_INTERACTION\prop_interaction.md | 09_AI_PRODUCTION\artifact_prevention.md | 09_AI_PRODUCTION\candidate_selection.md | 09_AI_PRODUCTION\material_generation_validation.md | 09_AI_PRODUCTION\material_prompting.md | 09_AI_PRODUCTION\negative_constraints.md | 09_AI_PRODUCTION\reference_strategy.md | 10_CONTINUITY_QA\approval_criteria.md | 10_CONTINUITY_QA\cross_episode_consistency.md | 10_CONTINUITY_QA\cross_scene_consistency.md | 10_CONTINUITY_QA\cross_shot_consistency.md | 10_CONTINUITY_QA\material_continuity.md | 10_CONTINUITY_QA\realism_qa.md | 10_CONTINUITY_QA\temporal_consistency.md | 11_PRODUCTION_HANDOFF\3d_handoff.md | 11_PRODUCTION_HANDOFF\lighting_handoff.md | 11_PRODUCTION_HANDOFF\physics_handoff.md | 11_PRODUCTION_HANDOFF\render_validation.md | 11_PRODUCTION_HANDOFF\shader_handoff.md | 11_PRODUCTION_HANDOFF\texture_handoff.md | 11_PRODUCTION_HANDOFF\vfx_handoff.md | 12_REGISTRY\change_control.md | 12_REGISTRY\material_registry.md | 12_REGISTRY\material_variants.md | 12_REGISTRY\material_versions.md"
"ARCHITECTURAL_MATERIALS\walls.md","0","0","","EMPTY_OLD_FILE_REVIEW","04_SURFACE_STRUCTURE\surface_renderer_validation_register.csv","0","04_SURFACE_STRUCTURE\surface_renderer_test_matrix.md","0","04_SURFACE_STRUCTURE\surface_renderer_confirmation_note.md","0","05_BEHAVIOR\aging.md | 05_BEHAVIOR\damage.md | 05_BEHAVIOR\dust_dirt_mud.md | 05_BEHAVIOR\environmental_response.md | 05_BEHAVIOR\repair.md | 05_BEHAVIOR\water_wetting_absorption.md | 05_BEHAVIOR\wear.md | 05_BEHAVIOR\weathering.md | 06_STATES\condition_states.md | 06_STATES\material_state_model.md | 06_STATES\state_continuity.md | 06_STATES\state_transitions.md | 06_STATES\thermal_states.md | 06_STATES\wet_dry_states.md | 07_HISTORICAL_CANONICAL\canonical_material_usage.md | 07_HISTORICAL_CANONICAL\conflicts_uncertainty.md | 07_HISTORICAL_CANONICAL\historical_material_availability.md | 07_HISTORICAL_CANONICAL\material_evidence.md | 07_HISTORICAL_CANONICAL\traditional_indian_materials.md | 07_HISTORICAL_CANONICAL\traditional_manufacturing.md | 08_INTERACTION\animal_interaction.md | 08_INTERACTION\architecture_interaction.md | 08_INTERACTION\environment_interaction.md | 08_INTERACTION\human_interaction.md | 08_INTERACTION\prop_interaction.md | 09_AI_PRODUCTION\artifact_prevention.md | 09_AI_PRODUCTION\candidate_selection.md | 09_AI_PRODUCTION\material_generation_validation.md | 09_AI_PRODUCTION\material_prompting.md | 09_AI_PRODUCTION\negative_constraints.md | 09_AI_PRODUCTION\reference_strategy.md | 10_CONTINUITY_QA\approval_criteria.md | 10_CONTINUITY_QA\cross_episode_consistency.md | 10_CONTINUITY_QA\cross_scene_consistency.md | 10_CONTINUITY_QA\cross_shot_consistency.md | 10_CONTINUITY_QA\material_continuity.md | 10_CONTINUITY_QA\realism_qa.md | 10_CONTINUITY_QA\temporal_consistency.md | 11_PRODUCTION_HANDOFF\3d_handoff.md | 11_PRODUCTION_HANDOFF\lighting_handoff.md | 11_PRODUCTION_HANDOFF\physics_handoff.md | 11_PRODUCTION_HANDOFF\render_validation.md | 11_PRODUCTION_HANDOFF\shader_handoff.md | 11_PRODUCTION_HANDOFF\texture_handoff.md | 11_PRODUCTION_HANDOFF\vfx_handoff.md | 12_REGISTRY\change_control.md | 12_REGISTRY\material_registry.md | 12_REGISTRY\material_variants.md | 12_REGISTRY\material_versions.md"
"ARCHITECTURAL_MATERIALS\windows.md","0","0","","EMPTY_OLD_FILE_REVIEW","04_SURFACE_STRUCTURE\surface_renderer_validation_register.csv","0","04_SURFACE_STRUCTURE\surface_renderer_test_matrix.md","0","04_SURFACE_STRUCTURE\surface_renderer_confirmation_note.md","0","05_BEHAVIOR\aging.md | 05_BEHAVIOR\damage.md | 05_BEHAVIOR\dust_dirt_mud.md | 05_BEHAVIOR\environmental_response.md | 05_BEHAVIOR\repair.md | 05_BEHAVIOR\water_wetting_absorption.md | 05_BEHAVIOR\wear.md | 05_BEHAVIOR\weathering.md | 06_STATES\condition_states.md | 06_STATES\material_state_model.md | 06_STATES\state_continuity.md | 06_STATES\state_transitions.md | 06_STATES\thermal_states.md | 06_STATES\wet_dry_states.md | 07_HISTORICAL_CANONICAL\canonical_material_usage.md | 07_HISTORICAL_CANONICAL\conflicts_uncertainty.md | 07_HISTORICAL_CANONICAL\historical_material_availability.md | 07_HISTORICAL_CANONICAL\material_evidence.md | 07_HISTORICAL_CANONICAL\traditional_indian_materials.md | 07_HISTORICAL_CANONICAL\traditional_manufacturing.md | 08_INTERACTION\animal_interaction.md | 08_INTERACTION\architecture_interaction.md | 08_INTERACTION\environment_interaction.md | 08_INTERACTION\human_interaction.md | 08_INTERACTION\prop_interaction.md | 09_AI_PRODUCTION\artifact_prevention.md | 09_AI_PRODUCTION\candidate_selection.md | 09_AI_PRODUCTION\material_generation_validation.md | 09_AI_PRODUCTION\material_prompting.md | 09_AI_PRODUCTION\negative_constraints.md | 09_AI_PRODUCTION\reference_strategy.md | 10_CONTINUITY_QA\approval_criteria.md | 10_CONTINUITY_QA\cross_episode_consistency.md | 10_CONTINUITY_QA\cross_scene_consistency.md | 10_CONTINUITY_QA\cross_shot_consistency.md | 10_CONTINUITY_QA\material_continuity.md | 10_CONTINUITY_QA\realism_qa.md | 10_CONTINUITY_QA\temporal_consistency.md | 11_PRODUCTION_HANDOFF\3d_handoff.md | 11_PRODUCTION_HANDOFF\lighting_handoff.md | 11_PRODUCTION_HANDOFF\physics_handoff.md | 11_PRODUCTION_HANDOFF\render_validation.md | 11_PRODUCTION_HANDOFF\shader_handoff.md | 11_PRODUCTION_HANDOFF\texture_handoff.md | 11_PRODUCTION_HANDOFF\vfx_handoff.md | 12_REGISTRY\change_control.md | 12_REGISTRY\material_registry.md | 12_REGISTRY\material_variants.md | 12_REGISTRY\material_versions.md"
"CHARACTER_MATERIALS\body_material_rules.md","0","0","","EMPTY_OLD_FILE_REVIEW","04_SURFACE_STRUCTURE\surface_renderer_validation_register.csv","0","04_SURFACE_STRUCTURE\surface_renderer_test_matrix.md","0","04_SURFACE_STRUCTURE\surface_renderer_confirmation_note.md","0","05_BEHAVIOR\aging.md | 05_BEHAVIOR\damage.md | 05_BEHAVIOR\dust_dirt_mud.md | 05_BEHAVIOR\environmental_response.md | 05_BEHAVIOR\repair.md | 05_BEHAVIOR\water_wetting_absorption.md | 05_BEHAVIOR\wear.md | 05_BEHAVIOR\weathering.md | 06_STATES\condition_states.md | 06_STATES\material_state_model.md | 06_STATES\state_continuity.md | 06_STATES\state_transitions.md | 06_STATES\thermal_states.md | 06_STATES\wet_dry_states.md | 07_HISTORICAL_CANONICAL\canonical_material_usage.md | 07_HISTORICAL_CANONICAL\conflicts_uncertainty.md | 07_HISTORICAL_CANONICAL\historical_material_availability.md | 07_HISTORICAL_CANONICAL\material_evidence.md | 07_HISTORICAL_CANONICAL\traditional_indian_materials.md | 07_HISTORICAL_CANONICAL\traditional_manufacturing.md | 08_INTERACTION\animal_interaction.md | 08_INTERACTION\architecture_interaction.md | 08_INTERACTION\environment_interaction.md | 08_INTERACTION\human_interaction.md | 08_INTERACTION\prop_interaction.md | 09_AI_PRODUCTION\artifact_prevention.md | 09_AI_PRODUCTION\candidate_selection.md | 09_AI_PRODUCTION\material_generation_validation.md | 09_AI_PRODUCTION\material_prompting.md | 09_AI_PRODUCTION\negative_constraints.md | 09_AI_PRODUCTION\reference_strategy.md | 10_CONTINUITY_QA\approval_criteria.md | 10_CONTINUITY_QA\cross_episode_consistency.md | 10_CONTINUITY_QA\cross_scene_consistency.md | 10_CONTINUITY_QA\cross_shot_consistency.md | 10_CONTINUITY_QA\material_continuity.md | 10_CONTINUITY_QA\realism_qa.md | 10_CONTINUITY_QA\temporal_consistency.md | 11_PRODUCTION_HANDOFF\3d_handoff.md | 11_PRODUCTION_HANDOFF\lighting_handoff.md | 11_PRODUCTION_HANDOFF\physics_handoff.md | 11_PRODUCTION_HANDOFF\render_validation.md | 11_PRODUCTION_HANDOFF\shader_handoff.md | 11_PRODUCTION_HANDOFF\texture_handoff.md | 11_PRODUCTION_HANDOFF\vfx_handoff.md | 12_REGISTRY\change_control.md | 12_REGISTRY\material_registry.md | 12_REGISTRY\material_variants.md | 12_REGISTRY\material_versions.md"
"CHARACTER_MATERIALS\hair.md","0","0","","EMPTY_OLD_FILE_REVIEW","04_SURFACE_STRUCTURE\surface_renderer_validation_register.csv","0","04_SURFACE_STRUCTURE\surface_renderer_test_matrix.md","0","04_SURFACE_STRUCTURE\surface_renderer_confirmation_note.md","0","05_BEHAVIOR\aging.md | 05_BEHAVIOR\damage.md | 05_BEHAVIOR\dust_dirt_mud.md | 05_BEHAVIOR\environmental_response.md | 05_BEHAVIOR\repair.md | 05_BEHAVIOR\water_wetting_absorption.md | 05_BEHAVIOR\wear.md | 05_BEHAVIOR\weathering.md | 06_STATES\condition_states.md | 06_STATES\material_state_model.md | 06_STATES\state_continuity.md | 06_STATES\state_transitions.md | 06_STATES\thermal_states.md | 06_STATES\wet_dry_states.md | 07_HISTORICAL_CANONICAL\canonical_material_usage.md | 07_HISTORICAL_CANONICAL\conflicts_uncertainty.md | 07_HISTORICAL_CANONICAL\historical_material_availability.md | 07_HISTORICAL_CANONICAL\material_evidence.md | 07_HISTORICAL_CANONICAL\traditional_indian_materials.md | 07_HISTORICAL_CANONICAL\traditional_manufacturing.md | 08_INTERACTION\animal_interaction.md | 08_INTERACTION\architecture_interaction.md | 08_INTERACTION\environment_interaction.md | 08_INTERACTION\human_interaction.md | 08_INTERACTION\prop_interaction.md | 09_AI_PRODUCTION\artifact_prevention.md | 09_AI_PRODUCTION\candidate_selection.md | 09_AI_PRODUCTION\material_generation_validation.md | 09_AI_PRODUCTION\material_prompting.md | 09_AI_PRODUCTION\negative_constraints.md | 09_AI_PRODUCTION\reference_strategy.md | 10_CONTINUITY_QA\approval_criteria.md | 10_CONTINUITY_QA\cross_episode_consistency.md | 10_CONTINUITY_QA\cross_scene_consistency.md | 10_CONTINUITY_QA\cross_shot_consistency.md | 10_CONTINUITY_QA\material_continuity.md | 10_CONTINUITY_QA\realism_qa.md | 10_CONTINUITY_QA\temporal_consistency.md | 11_PRODUCTION_HANDOFF\3d_handoff.md | 11_PRODUCTION_HANDOFF\lighting_handoff.md | 11_PRODUCTION_HANDOFF\physics_handoff.md | 11_PRODUCTION_HANDOFF\render_validation.md | 11_PRODUCTION_HANDOFF\shader_handoff.md | 11_PRODUCTION_HANDOFF\texture_handoff.md | 11_PRODUCTION_HANDOFF\vfx_handoff.md | 12_REGISTRY\change_control.md | 12_REGISTRY\material_registry.md | 12_REGISTRY\material_variants.md | 12_REGISTRY\material_versions.md"
"CHARACTER_MATERIALS\nails.md","0","0","","EMPTY_OLD_FILE_REVIEW","04_SURFACE_STRUCTURE\surface_renderer_validation_register.csv","0","04_SURFACE_STRUCTURE\surface_renderer_test_matrix.md","0","04_SURFACE_STRUCTURE\surface_renderer_confirmation_note.md","0","05_BEHAVIOR\aging.md | 05_BEHAVIOR\damage.md | 05_BEHAVIOR\dust_dirt_mud.md | 05_BEHAVIOR\environmental_response.md | 05_BEHAVIOR\repair.md | 05_BEHAVIOR\water_wetting_absorption.md | 05_BEHAVIOR\wear.md | 05_BEHAVIOR\weathering.md | 06_STATES\condition_states.md | 06_STATES\material_state_model.md | 06_STATES\state_continuity.md | 06_STATES\state_transitions.md | 06_STATES\thermal_states.md | 06_STATES\wet_dry_states.md | 07_HISTORICAL_CANONICAL\canonical_material_usage.md | 07_HISTORICAL_CANONICAL\conflicts_uncertainty.md | 07_HISTORICAL_CANONICAL\historical_material_availability.md | 07_HISTORICAL_CANONICAL\material_evidence.md | 07_HISTORICAL_CANONICAL\traditional_indian_materials.md | 07_HISTORICAL_CANONICAL\traditional_manufacturing.md | 08_INTERACTION\animal_interaction.md | 08_INTERACTION\architecture_interaction.md | 08_INTERACTION\environment_interaction.md | 08_INTERACTION\human_interaction.md | 08_INTERACTION\prop_interaction.md | 09_AI_PRODUCTION\artifact_prevention.md | 09_AI_PRODUCTION\candidate_selection.md | 09_AI_PRODUCTION\material_generation_validation.md | 09_AI_PRODUCTION\material_prompting.md | 09_AI_PRODUCTION\negative_constraints.md | 09_AI_PRODUCTION\reference_strategy.md | 10_CONTINUITY_QA\approval_criteria.md | 10_CONTINUITY_QA\cross_episode_consistency.md | 10_CONTINUITY_QA\cross_scene_consistency.md | 10_CONTINUITY_QA\cross_shot_consistency.md | 10_CONTINUITY_QA\material_continuity.md | 10_CONTINUITY_QA\realism_qa.md | 10_CONTINUITY_QA\temporal_consistency.md | 11_PRODUCTION_HANDOFF\3d_handoff.md | 11_PRODUCTION_HANDOFF\lighting_handoff.md | 11_PRODUCTION_HANDOFF\physics_handoff.md | 11_PRODUCTION_HANDOFF\render_validation.md | 11_PRODUCTION_HANDOFF\shader_handoff.md | 11_PRODUCTION_HANDOFF\texture_handoff.md | 11_PRODUCTION_HANDOFF\vfx_handoff.md | 12_REGISTRY\change_control.md | 12_REGISTRY\material_registry.md | 12_REGISTRY\material_variants.md | 12_REGISTRY\material_versions.md"
"CHARACTER_MATERIALS\skin.md","0","0","","EMPTY_OLD_FILE_REVIEW","04_SURFACE_STRUCTURE\surface_renderer_validation_register.csv","0","04_SURFACE_STRUCTURE\surface_renderer_test_matrix.md","0","04_SURFACE_STRUCTURE\surface_renderer_confirmation_note.md","0","05_BEHAVIOR\aging.md | 05_BEHAVIOR\damage.md | 05_BEHAVIOR\dust_dirt_mud.md | 05_BEHAVIOR\environmental_response.md | 05_BEHAVIOR\repair.md | 05_BEHAVIOR\water_wetting_absorption.md | 05_BEHAVIOR\wear.md | 05_BEHAVIOR\weathering.md | 06_STATES\condition_states.md | 06_STATES\material_state_model.md | 06_STATES\state_continuity.md | 06_STATES\state_transitions.md | 06_STATES\thermal_states.md | 06_STATES\wet_dry_states.md | 07_HISTORICAL_CANONICAL\canonical_material_usage.md | 07_HISTORICAL_CANONICAL\conflicts_uncertainty.md | 07_HISTORICAL_CANONICAL\historical_material_availability.md | 07_HISTORICAL_CANONICAL\material_evidence.md | 07_HISTORICAL_CANONICAL\traditional_indian_materials.md | 07_HISTORICAL_CANONICAL\traditional_manufacturing.md | 08_INTERACTION\animal_interaction.md | 08_INTERACTION\architecture_interaction.md | 08_INTERACTION\environment_interaction.md | 08_INTERACTION\human_interaction.md | 08_INTERACTION\prop_interaction.md | 09_AI_PRODUCTION\artifact_prevention.md | 09_AI_PRODUCTION\candidate_selection.md | 09_AI_PRODUCTION\material_generation_validation.md | 09_AI_PRODUCTION\material_prompting.md | 09_AI_PRODUCTION\negative_constraints.md | 09_AI_PRODUCTION\reference_strategy.md | 10_CONTINUITY_QA\approval_criteria.md | 10_CONTINUITY_QA\cross_episode_consistency.md | 10_CONTINUITY_QA\cross_scene_consistency.md | 10_CONTINUITY_QA\cross_shot_consistency.md | 10_CONTINUITY_QA\material_continuity.md | 10_CONTINUITY_QA\realism_qa.md | 10_CONTINUITY_QA\temporal_consistency.md | 11_PRODUCTION_HANDOFF\3d_handoff.md | 11_PRODUCTION_HANDOFF\lighting_handoff.md | 11_PRODUCTION_HANDOFF\physics_handoff.md | 11_PRODUCTION_HANDOFF\render_validation.md | 11_PRODUCTION_HANDOFF\shader_handoff.md | 11_PRODUCTION_HANDOFF\texture_handoff.md | 11_PRODUCTION_HANDOFF\vfx_handoff.md | 12_REGISTRY\change_control.md | 12_REGISTRY\material_registry.md | 12_REGISTRY\material_variants.md | 12_REGISTRY\material_versions.md"
"CHARACTER_MATERIALS\teeth.md","0","0","","EMPTY_OLD_FILE_REVIEW","04_SURFACE_STRUCTURE\surface_renderer_validation_register.csv","0","04_SURFACE_STRUCTURE\surface_renderer_test_matrix.md","0","04_SURFACE_STRUCTURE\surface_renderer_confirmation_note.md","0","05_BEHAVIOR\aging.md | 05_BEHAVIOR\damage.md | 05_BEHAVIOR\dust_dirt_mud.md | 05_BEHAVIOR\environmental_response.md | 05_BEHAVIOR\repair.md | 05_BEHAVIOR\water_wetting_absorption.md | 05_BEHAVIOR\wear.md | 05_BEHAVIOR\weathering.md | 06_STATES\condition_states.md | 06_STATES\material_state_model.md | 06_STATES\state_continuity.md | 06_STATES\state_transitions.md | 06_STATES\thermal_states.md | 06_STATES\wet_dry_states.md | 07_HISTORICAL_CANONICAL\canonical_material_usage.md | 07_HISTORICAL_CANONICAL\conflicts_uncertainty.md | 07_HISTORICAL_CANONICAL\historical_material_availability.md | 07_HISTORICAL_CANONICAL\material_evidence.md | 07_HISTORICAL_CANONICAL\traditional_indian_materials.md | 07_HISTORICAL_CANONICAL\traditional_manufacturing.md | 08_INTERACTION\animal_interaction.md | 08_INTERACTION\architecture_interaction.md | 08_INTERACTION\environment_interaction.md | 08_INTERACTION\human_interaction.md | 08_INTERACTION\prop_interaction.md | 09_AI_PRODUCTION\artifact_prevention.md | 09_AI_PRODUCTION\candidate_selection.md | 09_AI_PRODUCTION\material_generation_validation.md | 09_AI_PRODUCTION\material_prompting.md | 09_AI_PRODUCTION\negative_constraints.md | 09_AI_PRODUCTION\reference_strategy.md | 10_CONTINUITY_QA\approval_criteria.md | 10_CONTINUITY_QA\cross_episode_consistency.md | 10_CONTINUITY_QA\cross_scene_consistency.md | 10_CONTINUITY_QA\cross_shot_consistency.md | 10_CONTINUITY_QA\material_continuity.md | 10_CONTINUITY_QA\realism_qa.md | 10_CONTINUITY_QA\temporal_consistency.md | 11_PRODUCTION_HANDOFF\3d_handoff.md | 11_PRODUCTION_HANDOFF\lighting_handoff.md | 11_PRODUCTION_HANDOFF\physics_handoff.md | 11_PRODUCTION_HANDOFF\render_validation.md | 11_PRODUCTION_HANDOFF\shader_handoff.md | 11_PRODUCTION_HANDOFF\texture_handoff.md | 11_PRODUCTION_HANDOFF\vfx_handoff.md | 12_REGISTRY\change_control.md | 12_REGISTRY\material_registry.md | 12_REGISTRY\material_variants.md | 12_REGISTRY\material_versions.md"
"CONSTRUCTION_MATERIALS\flooring_materials.md","0","0","","EMPTY_OLD_FILE_REVIEW","04_SURFACE_STRUCTURE\surface_renderer_validation_register.csv","0","04_SURFACE_STRUCTURE\surface_renderer_test_matrix.md","0","04_SURFACE_STRUCTURE\surface_renderer_confirmation_note.md","0","05_BEHAVIOR\aging.md | 05_BEHAVIOR\damage.md | 05_BEHAVIOR\dust_dirt_mud.md | 05_BEHAVIOR\environmental_response.md | 05_BEHAVIOR\repair.md | 05_BEHAVIOR\water_wetting_absorption.md | 05_BEHAVIOR\wear.md | 05_BEHAVIOR\weathering.md | 06_STATES\condition_states.md | 06_STATES\material_state_model.md | 06_STATES\state_continuity.md | 06_STATES\state_transitions.md | 06_STATES\thermal_states.md | 06_STATES\wet_dry_states.md | 07_HISTORICAL_CANONICAL\canonical_material_usage.md | 07_HISTORICAL_CANONICAL\conflicts_uncertainty.md | 07_HISTORICAL_CANONICAL\historical_material_availability.md | 07_HISTORICAL_CANONICAL\material_evidence.md | 07_HISTORICAL_CANONICAL\traditional_indian_materials.md | 07_HISTORICAL_CANONICAL\traditional_manufacturing.md | 08_INTERACTION\animal_interaction.md | 08_INTERACTION\architecture_interaction.md | 08_INTERACTION\environment_interaction.md | 08_INTERACTION\human_interaction.md | 08_INTERACTION\prop_interaction.md | 09_AI_PRODUCTION\artifact_prevention.md | 09_AI_PRODUCTION\candidate_selection.md | 09_AI_PRODUCTION\material_generation_validation.md | 09_AI_PRODUCTION\material_prompting.md | 09_AI_PRODUCTION\negative_constraints.md | 09_AI_PRODUCTION\reference_strategy.md | 10_CONTINUITY_QA\approval_criteria.md | 10_CONTINUITY_QA\cross_episode_consistency.md | 10_CONTINUITY_QA\cross_scene_consistency.md | 10_CONTINUITY_QA\cross_shot_consistency.md | 10_CONTINUITY_QA\material_continuity.md | 10_CONTINUITY_QA\realism_qa.md | 10_CONTINUITY_QA\temporal_consistency.md | 11_PRODUCTION_HANDOFF\3d_handoff.md | 11_PRODUCTION_HANDOFF\lighting_handoff.md | 11_PRODUCTION_HANDOFF\physics_handoff.md | 11_PRODUCTION_HANDOFF\render_validation.md | 11_PRODUCTION_HANDOFF\shader_handoff.md | 11_PRODUCTION_HANDOFF\texture_handoff.md | 11_PRODUCTION_HANDOFF\vfx_handoff.md | 12_REGISTRY\change_control.md | 12_REGISTRY\material_registry.md | 12_REGISTRY\material_variants.md | 12_REGISTRY\material_versions.md"
"CONSTRUCTION_MATERIALS\lime.md","0","0","","EMPTY_OLD_FILE_REVIEW","04_SURFACE_STRUCTURE\surface_renderer_validation_register.csv","0","04_SURFACE_STRUCTURE\surface_renderer_test_matrix.md","0","04_SURFACE_STRUCTURE\surface_renderer_confirmation_note.md","0","05_BEHAVIOR\aging.md | 05_BEHAVIOR\damage.md | 05_BEHAVIOR\dust_dirt_mud.md | 05_BEHAVIOR\environmental_response.md | 05_BEHAVIOR\repair.md | 05_BEHAVIOR\water_wetting_absorption.md | 05_BEHAVIOR\wear.md | 05_BEHAVIOR\weathering.md | 06_STATES\condition_states.md | 06_STATES\material_state_model.md | 06_STATES\state_continuity.md | 06_STATES\state_transitions.md | 06_STATES\thermal_states.md | 06_STATES\wet_dry_states.md | 07_HISTORICAL_CANONICAL\canonical_material_usage.md | 07_HISTORICAL_CANONICAL\conflicts_uncertainty.md | 07_HISTORICAL_CANONICAL\historical_material_availability.md | 07_HISTORICAL_CANONICAL\material_evidence.md | 07_HISTORICAL_CANONICAL\traditional_indian_materials.md | 07_HISTORICAL_CANONICAL\traditional_manufacturing.md | 08_INTERACTION\animal_interaction.md | 08_INTERACTION\architecture_interaction.md | 08_INTERACTION\environment_interaction.md | 08_INTERACTION\human_interaction.md | 08_INTERACTION\prop_interaction.md | 09_AI_PRODUCTION\artifact_prevention.md | 09_AI_PRODUCTION\candidate_selection.md | 09_AI_PRODUCTION\material_generation_validation.md | 09_AI_PRODUCTION\material_prompting.md | 09_AI_PRODUCTION\negative_constraints.md | 09_AI_PRODUCTION\reference_strategy.md | 10_CONTINUITY_QA\approval_criteria.md | 10_CONTINUITY_QA\cross_episode_consistency.md | 10_CONTINUITY_QA\cross_scene_consistency.md | 10_CONTINUITY_QA\cross_shot_consistency.md | 10_CONTINUITY_QA\material_continuity.md | 10_CONTINUITY_QA\realism_qa.md | 10_CONTINUITY_QA\temporal_consistency.md | 11_PRODUCTION_HANDOFF\3d_handoff.md | 11_PRODUCTION_HANDOFF\lighting_handoff.md | 11_PRODUCTION_HANDOFF\physics_handoff.md | 11_PRODUCTION_HANDOFF\render_validation.md | 11_PRODUCTION_HANDOFF\shader_handoff.md | 11_PRODUCTION_HANDOFF\texture_handoff.md | 11_PRODUCTION_HANDOFF\vfx_handoff.md | 12_REGISTRY\change_control.md | 12_REGISTRY\material_registry.md | 12_REGISTRY\material_variants.md | 12_REGISTRY\material_versions.md"
"CONSTRUCTION_MATERIALS\mortar.md","0","0","","EMPTY_OLD_FILE_REVIEW","04_SURFACE_STRUCTURE\surface_renderer_validation_register.csv","0","04_SURFACE_STRUCTURE\surface_renderer_test_matrix.md","0","04_SURFACE_STRUCTURE\surface_renderer_confirmation_note.md","0","05_BEHAVIOR\aging.md | 05_BEHAVIOR\damage.md | 05_BEHAVIOR\dust_dirt_mud.md | 05_BEHAVIOR\environmental_response.md | 05_BEHAVIOR\repair.md | 05_BEHAVIOR\water_wetting_absorption.md | 05_BEHAVIOR\wear.md | 05_BEHAVIOR\weathering.md | 06_STATES\condition_states.md | 06_STATES\material_state_model.md | 06_STATES\state_continuity.md | 06_STATES\state_transitions.md | 06_STATES\thermal_states.md | 06_STATES\wet_dry_states.md | 07_HISTORICAL_CANONICAL\canonical_material_usage.md | 07_HISTORICAL_CANONICAL\conflicts_uncertainty.md | 07_HISTORICAL_CANONICAL\historical_material_availability.md | 07_HISTORICAL_CANONICAL\material_evidence.md | 07_HISTORICAL_CANONICAL\traditional_indian_materials.md | 07_HISTORICAL_CANONICAL\traditional_manufacturing.md | 08_INTERACTION\animal_interaction.md | 08_INTERACTION\architecture_interaction.md | 08_INTERACTION\environment_interaction.md | 08_INTERACTION\human_interaction.md | 08_INTERACTION\prop_interaction.md | 09_AI_PRODUCTION\artifact_prevention.md | 09_AI_PRODUCTION\candidate_selection.md | 09_AI_PRODUCTION\material_generation_validation.md | 09_AI_PRODUCTION\material_prompting.md | 09_AI_PRODUCTION\negative_constraints.md | 09_AI_PRODUCTION\reference_strategy.md | 10_CONTINUITY_QA\approval_criteria.md | 10_CONTINUITY_QA\cross_episode_consistency.md | 10_CONTINUITY_QA\cross_scene_consistency.md | 10_CONTINUITY_QA\cross_shot_consistency.md | 10_CONTINUITY_QA\material_continuity.md | 10_CONTINUITY_QA\realism_qa.md | 10_CONTINUITY_QA\temporal_consistency.md | 11_PRODUCTION_HANDOFF\3d_handoff.md | 11_PRODUCTION_HANDOFF\lighting_handoff.md | 11_PRODUCTION_HANDOFF\physics_handoff.md | 11_PRODUCTION_HANDOFF\render_validation.md | 11_PRODUCTION_HANDOFF\shader_handoff.md | 11_PRODUCTION_HANDOFF\texture_handoff.md | 11_PRODUCTION_HANDOFF\vfx_handoff.md | 12_REGISTRY\change_control.md | 12_REGISTRY\material_registry.md | 12_REGISTRY\material_variants.md | 12_REGISTRY\material_versions.md"
"CONSTRUCTION_MATERIALS\pigment_binder.md","0","0","","EMPTY_OLD_FILE_REVIEW","04_SURFACE_STRUCTURE\surface_renderer_validation_register.csv","0","04_SURFACE_STRUCTURE\surface_renderer_test_matrix.md","0","04_SURFACE_STRUCTURE\surface_renderer_confirmation_note.md","0","05_BEHAVIOR\aging.md | 05_BEHAVIOR\damage.md | 05_BEHAVIOR\dust_dirt_mud.md | 05_BEHAVIOR\environmental_response.md | 05_BEHAVIOR\repair.md | 05_BEHAVIOR\water_wetting_absorption.md | 05_BEHAVIOR\wear.md | 05_BEHAVIOR\weathering.md | 06_STATES\condition_states.md | 06_STATES\material_state_model.md | 06_STATES\state_continuity.md | 06_STATES\state_transitions.md | 06_STATES\thermal_states.md | 06_STATES\wet_dry_states.md | 07_HISTORICAL_CANONICAL\canonical_material_usage.md | 07_HISTORICAL_CANONICAL\conflicts_uncertainty.md | 07_HISTORICAL_CANONICAL\historical_material_availability.md | 07_HISTORICAL_CANONICAL\material_evidence.md | 07_HISTORICAL_CANONICAL\traditional_indian_materials.md | 07_HISTORICAL_CANONICAL\traditional_manufacturing.md | 08_INTERACTION\animal_interaction.md | 08_INTERACTION\architecture_interaction.md | 08_INTERACTION\environment_interaction.md | 08_INTERACTION\human_interaction.md | 08_INTERACTION\prop_interaction.md | 09_AI_PRODUCTION\artifact_prevention.md | 09_AI_PRODUCTION\candidate_selection.md | 09_AI_PRODUCTION\material_generation_validation.md | 09_AI_PRODUCTION\material_prompting.md | 09_AI_PRODUCTION\negative_constraints.md | 09_AI_PRODUCTION\reference_strategy.md | 10_CONTINUITY_QA\approval_criteria.md | 10_CONTINUITY_QA\cross_episode_consistency.md | 10_CONTINUITY_QA\cross_scene_consistency.md | 10_CONTINUITY_QA\cross_shot_consistency.md | 10_CONTINUITY_QA\material_continuity.md | 10_CONTINUITY_QA\realism_qa.md | 10_CONTINUITY_QA\temporal_consistency.md | 11_PRODUCTION_HANDOFF\3d_handoff.md | 11_PRODUCTION_HANDOFF\lighting_handoff.md | 11_PRODUCTION_HANDOFF\physics_handoff.md | 11_PRODUCTION_HANDOFF\render_validation.md | 11_PRODUCTION_HANDOFF\shader_handoff.md | 11_PRODUCTION_HANDOFF\texture_handoff.md | 11_PRODUCTION_HANDOFF\vfx_handoff.md | 12_REGISTRY\change_control.md | 12_REGISTRY\material_registry.md | 12_REGISTRY\material_variants.md | 12_REGISTRY\material_versions.md"
"CONSTRUCTION_MATERIALS\plaster.md","0","0","","EMPTY_OLD_FILE_REVIEW","04_SURFACE_STRUCTURE\surface_renderer_validation_register.csv","0","04_SURFACE_STRUCTURE\surface_renderer_test_matrix.md","0","04_SURFACE_STRUCTURE\surface_renderer_confirmation_note.md","0","05_BEHAVIOR\aging.md | 05_BEHAVIOR\damage.md | 05_BEHAVIOR\dust_dirt_mud.md | 05_BEHAVIOR\environmental_response.md | 05_BEHAVIOR\repair.md | 05_BEHAVIOR\water_wetting_absorption.md | 05_BEHAVIOR\wear.md | 05_BEHAVIOR\weathering.md | 06_STATES\condition_states.md | 06_STATES\material_state_model.md | 06_STATES\state_continuity.md | 06_STATES\state_transitions.md | 06_STATES\thermal_states.md | 06_STATES\wet_dry_states.md | 07_HISTORICAL_CANONICAL\canonical_material_usage.md | 07_HISTORICAL_CANONICAL\conflicts_uncertainty.md | 07_HISTORICAL_CANONICAL\historical_material_availability.md | 07_HISTORICAL_CANONICAL\material_evidence.md | 07_HISTORICAL_CANONICAL\traditional_indian_materials.md | 07_HISTORICAL_CANONICAL\traditional_manufacturing.md | 08_INTERACTION\animal_interaction.md | 08_INTERACTION\architecture_interaction.md | 08_INTERACTION\environment_interaction.md | 08_INTERACTION\human_interaction.md | 08_INTERACTION\prop_interaction.md | 09_AI_PRODUCTION\artifact_prevention.md | 09_AI_PRODUCTION\candidate_selection.md | 09_AI_PRODUCTION\material_generation_validation.md | 09_AI_PRODUCTION\material_prompting.md | 09_AI_PRODUCTION\negative_constraints.md | 09_AI_PRODUCTION\reference_strategy.md | 10_CONTINUITY_QA\approval_criteria.md | 10_CONTINUITY_QA\cross_episode_consistency.md | 10_CONTINUITY_QA\cross_scene_consistency.md | 10_CONTINUITY_QA\cross_shot_consistency.md | 10_CONTINUITY_QA\material_continuity.md | 10_CONTINUITY_QA\realism_qa.md | 10_CONTINUITY_QA\temporal_consistency.md | 11_PRODUCTION_HANDOFF\3d_handoff.md | 11_PRODUCTION_HANDOFF\lighting_handoff.md | 11_PRODUCTION_HANDOFF\physics_handoff.md | 11_PRODUCTION_HANDOFF\render_validation.md | 11_PRODUCTION_HANDOFF\shader_handoff.md | 11_PRODUCTION_HANDOFF\texture_handoff.md | 11_PRODUCTION_HANDOFF\vfx_handoff.md | 12_REGISTRY\change_control.md | 12_REGISTRY\material_registry.md | 12_REGISTRY\material_variants.md | 12_REGISTRY\material_versions.md"
"CONSTRUCTION_MATERIALS\roofing_materials.md","0","0","","EMPTY_OLD_FILE_REVIEW","04_SURFACE_STRUCTURE\surface_renderer_validation_register.csv","0","04_SURFACE_STRUCTURE\surface_renderer_test_matrix.md","0","04_SURFACE_STRUCTURE\surface_renderer_confirmation_note.md","0","05_BEHAVIOR\aging.md | 05_BEHAVIOR\damage.md | 05_BEHAVIOR\dust_dirt_mud.md | 05_BEHAVIOR\environmental_response.md | 05_BEHAVIOR\repair.md | 05_BEHAVIOR\water_wetting_absorption.md | 05_BEHAVIOR\wear.md | 05_BEHAVIOR\weathering.md | 06_STATES\condition_states.md | 06_STATES\material_state_model.md | 06_STATES\state_continuity.md | 06_STATES\state_transitions.md | 06_STATES\thermal_states.md | 06_STATES\wet_dry_states.md | 07_HISTORICAL_CANONICAL\canonical_material_usage.md | 07_HISTORICAL_CANONICAL\conflicts_uncertainty.md | 07_HISTORICAL_CANONICAL\historical_material_availability.md | 07_HISTORICAL_CANONICAL\material_evidence.md | 07_HISTORICAL_CANONICAL\traditional_indian_materials.md | 07_HISTORICAL_CANONICAL\traditional_manufacturing.md | 08_INTERACTION\animal_interaction.md | 08_INTERACTION\architecture_interaction.md | 08_INTERACTION\environment_interaction.md | 08_INTERACTION\human_interaction.md | 08_INTERACTION\prop_interaction.md | 09_AI_PRODUCTION\artifact_prevention.md | 09_AI_PRODUCTION\candidate_selection.md | 09_AI_PRODUCTION\material_generation_validation.md | 09_AI_PRODUCTION\material_prompting.md | 09_AI_PRODUCTION\negative_constraints.md | 09_AI_PRODUCTION\reference_strategy.md | 10_CONTINUITY_QA\approval_criteria.md | 10_CONTINUITY_QA\cross_episode_consistency.md | 10_CONTINUITY_QA\cross_scene_consistency.md | 10_CONTINUITY_QA\cross_shot_consistency.md | 10_CONTINUITY_QA\material_continuity.md | 10_CONTINUITY_QA\realism_qa.md | 10_CONTINUITY_QA\temporal_consistency.md | 11_PRODUCTION_HANDOFF\3d_handoff.md | 11_PRODUCTION_HANDOFF\lighting_handoff.md | 11_PRODUCTION_HANDOFF\physics_handoff.md | 11_PRODUCTION_HANDOFF\render_validation.md | 11_PRODUCTION_HANDOFF\shader_handoff.md | 11_PRODUCTION_HANDOFF\texture_handoff.md | 11_PRODUCTION_HANDOFF\vfx_handoff.md | 12_REGISTRY\change_control.md | 12_REGISTRY\material_registry.md | 12_REGISTRY\material_variants.md | 12_REGISTRY\material_versions.md"
"CORE\material_classification.md","0","0","","EMPTY_OLD_FILE_REVIEW","04_SURFACE_STRUCTURE\surface_renderer_validation_register.csv","0","04_SURFACE_STRUCTURE\surface_renderer_test_matrix.md","0","04_SURFACE_STRUCTURE\surface_renderer_confirmation_note.md","0","05_BEHAVIOR\aging.md | 05_BEHAVIOR\damage.md | 05_BEHAVIOR\dust_dirt_mud.md | 05_BEHAVIOR\environmental_response.md | 05_BEHAVIOR\repair.md | 05_BEHAVIOR\water_wetting_absorption.md | 05_BEHAVIOR\wear.md | 05_BEHAVIOR\weathering.md | 06_STATES\condition_states.md | 06_STATES\material_state_model.md | 06_STATES\state_continuity.md | 06_STATES\state_transitions.md | 06_STATES\thermal_states.md | 06_STATES\wet_dry_states.md | 07_HISTORICAL_CANONICAL\canonical_material_usage.md | 07_HISTORICAL_CANONICAL\conflicts_uncertainty.md | 07_HISTORICAL_CANONICAL\historical_material_availability.md | 07_HISTORICAL_CANONICAL\material_evidence.md | 07_HISTORICAL_CANONICAL\traditional_indian_materials.md | 07_HISTORICAL_CANONICAL\traditional_manufacturing.md | 08_INTERACTION\animal_interaction.md | 08_INTERACTION\architecture_interaction.md | 08_INTERACTION\environment_interaction.md | 08_INTERACTION\human_interaction.md | 08_INTERACTION\prop_interaction.md | 09_AI_PRODUCTION\artifact_prevention.md | 09_AI_PRODUCTION\candidate_selection.md | 09_AI_PRODUCTION\material_generation_validation.md | 09_AI_PRODUCTION\material_prompting.md | 09_AI_PRODUCTION\negative_constraints.md | 09_AI_PRODUCTION\reference_strategy.md | 10_CONTINUITY_QA\approval_criteria.md | 10_CONTINUITY_QA\cross_episode_consistency.md | 10_CONTINUITY_QA\cross_scene_consistency.md | 10_CONTINUITY_QA\cross_shot_consistency.md | 10_CONTINUITY_QA\material_continuity.md | 10_CONTINUITY_QA\realism_qa.md | 10_CONTINUITY_QA\temporal_consistency.md | 11_PRODUCTION_HANDOFF\3d_handoff.md | 11_PRODUCTION_HANDOFF\lighting_handoff.md | 11_PRODUCTION_HANDOFF\physics_handoff.md | 11_PRODUCTION_HANDOFF\render_validation.md | 11_PRODUCTION_HANDOFF\shader_handoff.md | 11_PRODUCTION_HANDOFF\texture_handoff.md | 11_PRODUCTION_HANDOFF\vfx_handoff.md | 12_REGISTRY\change_control.md | 12_REGISTRY\material_registry.md | 12_REGISTRY\material_variants.md | 12_REGISTRY\material_versions.md"
"CORE\material_continuity.md","0","0","","EMPTY_OLD_FILE_REVIEW","04_SURFACE_STRUCTURE\surface_renderer_validation_register.csv","0","04_SURFACE_STRUCTURE\surface_renderer_test_matrix.md","0","04_SURFACE_STRUCTURE\surface_renderer_confirmation_note.md","0","05_BEHAVIOR\aging.md | 05_BEHAVIOR\damage.md | 05_BEHAVIOR\dust_dirt_mud.md | 05_BEHAVIOR\environmental_response.md | 05_BEHAVIOR\repair.md | 05_BEHAVIOR\water_wetting_absorption.md | 05_BEHAVIOR\wear.md | 05_BEHAVIOR\weathering.md | 06_STATES\condition_states.md | 06_STATES\material_state_model.md | 06_STATES\state_continuity.md | 06_STATES\state_transitions.md | 06_STATES\thermal_states.md | 06_STATES\wet_dry_states.md | 07_HISTORICAL_CANONICAL\canonical_material_usage.md | 07_HISTORICAL_CANONICAL\conflicts_uncertainty.md | 07_HISTORICAL_CANONICAL\historical_material_availability.md | 07_HISTORICAL_CANONICAL\material_evidence.md | 07_HISTORICAL_CANONICAL\traditional_indian_materials.md | 07_HISTORICAL_CANONICAL\traditional_manufacturing.md | 08_INTERACTION\animal_interaction.md | 08_INTERACTION\architecture_interaction.md | 08_INTERACTION\environment_interaction.md | 08_INTERACTION\human_interaction.md | 08_INTERACTION\prop_interaction.md | 09_AI_PRODUCTION\artifact_prevention.md | 09_AI_PRODUCTION\candidate_selection.md | 09_AI_PRODUCTION\material_generation_validation.md | 09_AI_PRODUCTION\material_prompting.md | 09_AI_PRODUCTION\negative_constraints.md | 09_AI_PRODUCTION\reference_strategy.md | 10_CONTINUITY_QA\approval_criteria.md | 10_CONTINUITY_QA\cross_episode_consistency.md | 10_CONTINUITY_QA\cross_scene_consistency.md | 10_CONTINUITY_QA\cross_shot_consistency.md | 10_CONTINUITY_QA\material_continuity.md | 10_CONTINUITY_QA\realism_qa.md | 10_CONTINUITY_QA\temporal_consistency.md | 11_PRODUCTION_HANDOFF\3d_handoff.md | 11_PRODUCTION_HANDOFF\lighting_handoff.md | 11_PRODUCTION_HANDOFF\physics_handoff.md | 11_PRODUCTION_HANDOFF\render_validation.md | 11_PRODUCTION_HANDOFF\shader_handoff.md | 11_PRODUCTION_HANDOFF\texture_handoff.md | 11_PRODUCTION_HANDOFF\vfx_handoff.md | 12_REGISTRY\change_control.md | 12_REGISTRY\material_registry.md | 12_REGISTRY\material_variants.md | 12_REGISTRY\material_versions.md"
"CORE\material_decision_log.md","0","0","","EMPTY_OLD_FILE_REVIEW","04_SURFACE_STRUCTURE\surface_renderer_validation_register.csv","0","04_SURFACE_STRUCTURE\surface_renderer_test_matrix.md","0","04_SURFACE_STRUCTURE\surface_renderer_confirmation_note.md","0","05_BEHAVIOR\aging.md | 05_BEHAVIOR\damage.md | 05_BEHAVIOR\dust_dirt_mud.md | 05_BEHAVIOR\environmental_response.md | 05_BEHAVIOR\repair.md | 05_BEHAVIOR\water_wetting_absorption.md | 05_BEHAVIOR\wear.md | 05_BEHAVIOR\weathering.md | 06_STATES\condition_states.md | 06_STATES\material_state_model.md | 06_STATES\state_continuity.md | 06_STATES\state_transitions.md | 06_STATES\thermal_states.md | 06_STATES\wet_dry_states.md | 07_HISTORICAL_CANONICAL\canonical_material_usage.md | 07_HISTORICAL_CANONICAL\conflicts_uncertainty.md | 07_HISTORICAL_CANONICAL\historical_material_availability.md | 07_HISTORICAL_CANONICAL\material_evidence.md | 07_HISTORICAL_CANONICAL\traditional_indian_materials.md | 07_HISTORICAL_CANONICAL\traditional_manufacturing.md | 08_INTERACTION\animal_interaction.md | 08_INTERACTION\architecture_interaction.md | 08_INTERACTION\environment_interaction.md | 08_INTERACTION\human_interaction.md | 08_INTERACTION\prop_interaction.md | 09_AI_PRODUCTION\artifact_prevention.md | 09_AI_PRODUCTION\candidate_selection.md | 09_AI_PRODUCTION\material_generation_validation.md | 09_AI_PRODUCTION\material_prompting.md | 09_AI_PRODUCTION\negative_constraints.md | 09_AI_PRODUCTION\reference_strategy.md | 10_CONTINUITY_QA\approval_criteria.md | 10_CONTINUITY_QA\cross_episode_consistency.md | 10_CONTINUITY_QA\cross_scene_consistency.md | 10_CONTINUITY_QA\cross_shot_consistency.md | 10_CONTINUITY_QA\material_continuity.md | 10_CONTINUITY_QA\realism_qa.md | 10_CONTINUITY_QA\temporal_consistency.md | 11_PRODUCTION_HANDOFF\3d_handoff.md | 11_PRODUCTION_HANDOFF\lighting_handoff.md | 11_PRODUCTION_HANDOFF\physics_handoff.md | 11_PRODUCTION_HANDOFF\render_validation.md | 11_PRODUCTION_HANDOFF\shader_handoff.md | 11_PRODUCTION_HANDOFF\texture_handoff.md | 11_PRODUCTION_HANDOFF\vfx_handoff.md | 12_REGISTRY\change_control.md | 12_REGISTRY\material_registry.md | 12_REGISTRY\material_variants.md | 12_REGISTRY\material_versions.md"
"CORE\material_evidence_rules.md","668","668","MATERIAL EVIDENCE RULES","PARTIAL_CANDIDATE_REVIEW","02_MATERIAL_DATABASE\03_source_and_evidence_rules.md","15.53","02_MATERIAL_DATABASE\38_material_synonyms_and_translation_control.md","13.57","02_MATERIAL_DATABASE\17_water_and_aqueous_materials.md","10.46",""
"CORE\material_identity_rules.md","0","0","","EMPTY_OLD_FILE_REVIEW","04_SURFACE_STRUCTURE\surface_renderer_validation_register.csv","0","04_SURFACE_STRUCTURE\surface_renderer_test_matrix.md","0","04_SURFACE_STRUCTURE\surface_renderer_confirmation_note.md","0","05_BEHAVIOR\aging.md | 05_BEHAVIOR\damage.md | 05_BEHAVIOR\dust_dirt_mud.md | 05_BEHAVIOR\environmental_response.md | 05_BEHAVIOR\repair.md | 05_BEHAVIOR\water_wetting_absorption.md | 05_BEHAVIOR\wear.md | 05_BEHAVIOR\weathering.md | 06_STATES\condition_states.md | 06_STATES\material_state_model.md | 06_STATES\state_continuity.md | 06_STATES\state_transitions.md | 06_STATES\thermal_states.md | 06_STATES\wet_dry_states.md | 07_HISTORICAL_CANONICAL\canonical_material_usage.md | 07_HISTORICAL_CANONICAL\conflicts_uncertainty.md | 07_HISTORICAL_CANONICAL\historical_material_availability.md | 07_HISTORICAL_CANONICAL\material_evidence.md | 07_HISTORICAL_CANONICAL\traditional_indian_materials.md | 07_HISTORICAL_CANONICAL\traditional_manufacturing.md | 08_INTERACTION\animal_interaction.md | 08_INTERACTION\architecture_interaction.md | 08_INTERACTION\environment_interaction.md | 08_INTERACTION\human_interaction.md | 08_INTERACTION\prop_interaction.md | 09_AI_PRODUCTION\artifact_prevention.md | 09_AI_PRODUCTION\candidate_selection.md | 09_AI_PRODUCTION\material_generation_validation.md | 09_AI_PRODUCTION\material_prompting.md | 09_AI_PRODUCTION\negative_constraints.md | 09_AI_PRODUCTION\reference_strategy.md | 10_CONTINUITY_QA\approval_criteria.md | 10_CONTINUITY_QA\cross_episode_consistency.md | 10_CONTINUITY_QA\cross_scene_consistency.md | 10_CONTINUITY_QA\cross_shot_consistency.md | 10_CONTINUITY_QA\material_continuity.md | 10_CONTINUITY_QA\realism_qa.md | 10_CONTINUITY_QA\temporal_consistency.md | 11_PRODUCTION_HANDOFF\3d_handoff.md | 11_PRODUCTION_HANDOFF\lighting_handoff.md | 11_PRODUCTION_HANDOFF\physics_handoff.md | 11_PRODUCTION_HANDOFF\render_validation.md | 11_PRODUCTION_HANDOFF\shader_handoff.md | 11_PRODUCTION_HANDOFF\texture_handoff.md | 11_PRODUCTION_HANDOFF\vfx_handoff.md | 12_REGISTRY\change_control.md | 12_REGISTRY\material_registry.md | 12_REGISTRY\material_variants.md | 12_REGISTRY\material_versions.md"
"CORE\material_lock_system.md","605","595","MATERIAL LOCK SYSTEM","PARTIAL_CANDIDATE_REVIEW","02_MATERIAL_DATABASE\39_material_research_queue.md","11.48","03_PHYSICS\organic_material_physics.md","10.2","01_CORE\material_identity.md","8.58",""
"CORE\material_policy.md","0","0","","EMPTY_OLD_FILE_REVIEW","04_SURFACE_STRUCTURE\surface_renderer_validation_register.csv","0","04_SURFACE_STRUCTURE\surface_renderer_test_matrix.md","0","04_SURFACE_STRUCTURE\surface_renderer_confirmation_note.md","0","05_BEHAVIOR\aging.md | 05_BEHAVIOR\damage.md | 05_BEHAVIOR\dust_dirt_mud.md | 05_BEHAVIOR\environmental_response.md | 05_BEHAVIOR\repair.md | 05_BEHAVIOR\water_wetting_absorption.md | 05_BEHAVIOR\wear.md | 05_BEHAVIOR\weathering.md | 06_STATES\condition_states.md | 06_STATES\material_state_model.md | 06_STATES\state_continuity.md | 06_STATES\state_transitions.md | 06_STATES\thermal_states.md | 06_STATES\wet_dry_states.md | 07_HISTORICAL_CANONICAL\canonical_material_usage.md | 07_HISTORICAL_CANONICAL\conflicts_uncertainty.md | 07_HISTORICAL_CANONICAL\historical_material_availability.md | 07_HISTORICAL_CANONICAL\material_evidence.md | 07_HISTORICAL_CANONICAL\traditional_indian_materials.md | 07_HISTORICAL_CANONICAL\traditional_manufacturing.md | 08_INTERACTION\animal_interaction.md | 08_INTERACTION\architecture_interaction.md | 08_INTERACTION\environment_interaction.md | 08_INTERACTION\human_interaction.md | 08_INTERACTION\prop_interaction.md | 09_AI_PRODUCTION\artifact_prevention.md | 09_AI_PRODUCTION\candidate_selection.md | 09_AI_PRODUCTION\material_generation_validation.md | 09_AI_PRODUCTION\material_prompting.md | 09_AI_PRODUCTION\negative_constraints.md | 09_AI_PRODUCTION\reference_strategy.md | 10_CONTINUITY_QA\approval_criteria.md | 10_CONTINUITY_QA\cross_episode_consistency.md | 10_CONTINUITY_QA\cross_scene_consistency.md | 10_CONTINUITY_QA\cross_shot_consistency.md | 10_CONTINUITY_QA\material_continuity.md | 10_CONTINUITY_QA\realism_qa.md | 10_CONTINUITY_QA\temporal_consistency.md | 11_PRODUCTION_HANDOFF\3d_handoff.md | 11_PRODUCTION_HANDOFF\lighting_handoff.md | 11_PRODUCTION_HANDOFF\physics_handoff.md | 11_PRODUCTION_HANDOFF\render_validation.md | 11_PRODUCTION_HANDOFF\shader_handoff.md | 11_PRODUCTION_HANDOFF\texture_handoff.md | 11_PRODUCTION_HANDOFF\vfx_handoff.md | 12_REGISTRY\change_control.md | 12_REGISTRY\material_registry.md | 12_REGISTRY\material_variants.md | 12_REGISTRY\material_versions.md"
"CORE\material_qa.md","958","958","MATERIAL QA | Identity | Physical behavior | Scale | State | Continuity | AI | Rendering","PARTIAL_CANDIDATE_REVIEW","04_SURFACE_STRUCTURE\surface_interfaces_and_layers.md","10.52","04_SURFACE_STRUCTURE\surface_scale_and_filtering.md","8.12","02_MATERIAL_DATABASE\17_water_and_aqueous_materials.md","8.11",""
"CORE\material_registry.md","0","0","","EMPTY_OLD_FILE_REVIEW","04_SURFACE_STRUCTURE\surface_renderer_validation_register.csv","0","04_SURFACE_STRUCTURE\surface_renderer_test_matrix.md","0","04_SURFACE_STRUCTURE\surface_renderer_confirmation_note.md","0","05_BEHAVIOR\aging.md | 05_BEHAVIOR\damage.md | 05_BEHAVIOR\dust_dirt_mud.md | 05_BEHAVIOR\environmental_response.md | 05_BEHAVIOR\repair.md | 05_BEHAVIOR\water_wetting_absorption.md | 05_BEHAVIOR\wear.md | 05_BEHAVIOR\weathering.md | 06_STATES\condition_states.md | 06_STATES\material_state_model.md | 06_STATES\state_continuity.md | 06_STATES\state_transitions.md | 06_STATES\thermal_states.md | 06_STATES\wet_dry_states.md | 07_HISTORICAL_CANONICAL\canonical_material_usage.md | 07_HISTORICAL_CANONICAL\conflicts_uncertainty.md | 07_HISTORICAL_CANONICAL\historical_material_availability.md | 07_HISTORICAL_CANONICAL\material_evidence.md | 07_HISTORICAL_CANONICAL\traditional_indian_materials.md | 07_HISTORICAL_CANONICAL\traditional_manufacturing.md | 08_INTERACTION\animal_interaction.md | 08_INTERACTION\architecture_interaction.md | 08_INTERACTION\environment_interaction.md | 08_INTERACTION\human_interaction.md | 08_INTERACTION\prop_interaction.md | 09_AI_PRODUCTION\artifact_prevention.md | 09_AI_PRODUCTION\candidate_selection.md | 09_AI_PRODUCTION\material_generation_validation.md | 09_AI_PRODUCTION\material_prompting.md | 09_AI_PRODUCTION\negative_constraints.md | 09_AI_PRODUCTION\reference_strategy.md | 10_CONTINUITY_QA\approval_criteria.md | 10_CONTINUITY_QA\cross_episode_consistency.md | 10_CONTINUITY_QA\cross_scene_consistency.md | 10_CONTINUITY_QA\cross_shot_consistency.md | 10_CONTINUITY_QA\material_continuity.md | 10_CONTINUITY_QA\realism_qa.md | 10_CONTINUITY_QA\temporal_consistency.md | 11_PRODUCTION_HANDOFF\3d_handoff.md | 11_PRODUCTION_HANDOFF\lighting_handoff.md | 11_PRODUCTION_HANDOFF\physics_handoff.md | 11_PRODUCTION_HANDOFF\render_validation.md | 11_PRODUCTION_HANDOFF\shader_handoff.md | 11_PRODUCTION_HANDOFF\texture_handoff.md | 11_PRODUCTION_HANDOFF\vfx_handoff.md | 12_REGISTRY\change_control.md | 12_REGISTRY\material_registry.md | 12_REGISTRY\material_variants.md | 12_REGISTRY\material_versions.md"
"CORE\material_scale_rules.md","0","0","","EMPTY_OLD_FILE_REVIEW","04_SURFACE_STRUCTURE\surface_renderer_validation_register.csv","0","04_SURFACE_STRUCTURE\surface_renderer_test_matrix.md","0","04_SURFACE_STRUCTURE\surface_renderer_confirmation_note.md","0","05_BEHAVIOR\aging.md | 05_BEHAVIOR\damage.md | 05_BEHAVIOR\dust_dirt_mud.md | 05_BEHAVIOR\environmental_response.md | 05_BEHAVIOR\repair.md | 05_BEHAVIOR\water_wetting_absorption.md | 05_BEHAVIOR\wear.md | 05_BEHAVIOR\weathering.md | 06_STATES\condition_states.md | 06_STATES\material_state_model.md | 06_STATES\state_continuity.md | 06_STATES\state_transitions.md | 06_STATES\thermal_states.md | 06_STATES\wet_dry_states.md | 07_HISTORICAL_CANONICAL\canonical_material_usage.md | 07_HISTORICAL_CANONICAL\conflicts_uncertainty.md | 07_HISTORICAL_CANONICAL\historical_material_availability.md | 07_HISTORICAL_CANONICAL\material_evidence.md | 07_HISTORICAL_CANONICAL\traditional_indian_materials.md | 07_HISTORICAL_CANONICAL\traditional_manufacturing.md | 08_INTERACTION\animal_interaction.md | 08_INTERACTION\architecture_interaction.md | 08_INTERACTION\environment_interaction.md | 08_INTERACTION\human_interaction.md | 08_INTERACTION\prop_interaction.md | 09_AI_PRODUCTION\artifact_prevention.md | 09_AI_PRODUCTION\candidate_selection.md | 09_AI_PRODUCTION\material_generation_validation.md | 09_AI_PRODUCTION\material_prompting.md | 09_AI_PRODUCTION\negative_constraints.md | 09_AI_PRODUCTION\reference_strategy.md | 10_CONTINUITY_QA\approval_criteria.md | 10_CONTINUITY_QA\cross_episode_consistency.md | 10_CONTINUITY_QA\cross_scene_consistency.md | 10_CONTINUITY_QA\cross_shot_consistency.md | 10_CONTINUITY_QA\material_continuity.md | 10_CONTINUITY_QA\realism_qa.md | 10_CONTINUITY_QA\temporal_consistency.md | 11_PRODUCTION_HANDOFF\3d_handoff.md | 11_PRODUCTION_HANDOFF\lighting_handoff.md | 11_PRODUCTION_HANDOFF\physics_handoff.md | 11_PRODUCTION_HANDOFF\render_validation.md | 11_PRODUCTION_HANDOFF\shader_handoff.md | 11_PRODUCTION_HANDOFF\texture_handoff.md | 11_PRODUCTION_HANDOFF\vfx_handoff.md | 12_REGISTRY\change_control.md | 12_REGISTRY\material_registry.md | 12_REGISTRY\material_variants.md | 12_REGISTRY\material_versions.md"
"CORE\material_selection_rules.md","496","496","MATERIAL SELECTION RULES","PARTIAL_CANDIDATE_REVIEW","02_MATERIAL_DATABASE\17_water_and_aqueous_materials.md","12.31","02_MATERIAL_DATABASE\38_material_synonyms_and_translation_control.md","12.02","02_MATERIAL_DATABASE\02_material_id_rules.md","11.2",""
"CORE\material_source_policy.md","0","0","","EMPTY_OLD_FILE_REVIEW","04_SURFACE_STRUCTURE\surface_renderer_validation_register.csv","0","04_SURFACE_STRUCTURE\surface_renderer_test_matrix.md","0","04_SURFACE_STRUCTURE\surface_renderer_confirmation_note.md","0","05_BEHAVIOR\aging.md | 05_BEHAVIOR\damage.md | 05_BEHAVIOR\dust_dirt_mud.md | 05_BEHAVIOR\environmental_response.md | 05_BEHAVIOR\repair.md | 05_BEHAVIOR\water_wetting_absorption.md | 05_BEHAVIOR\wear.md | 05_BEHAVIOR\weathering.md | 06_STATES\condition_states.md | 06_STATES\material_state_model.md | 06_STATES\state_continuity.md | 06_STATES\state_transitions.md | 06_STATES\thermal_states.md | 06_STATES\wet_dry_states.md | 07_HISTORICAL_CANONICAL\canonical_material_usage.md | 07_HISTORICAL_CANONICAL\conflicts_uncertainty.md | 07_HISTORICAL_CANONICAL\historical_material_availability.md | 07_HISTORICAL_CANONICAL\material_evidence.md | 07_HISTORICAL_CANONICAL\traditional_indian_materials.md | 07_HISTORICAL_CANONICAL\traditional_manufacturing.md | 08_INTERACTION\animal_interaction.md | 08_INTERACTION\architecture_interaction.md | 08_INTERACTION\environment_interaction.md | 08_INTERACTION\human_interaction.md | 08_INTERACTION\prop_interaction.md | 09_AI_PRODUCTION\artifact_prevention.md | 09_AI_PRODUCTION\candidate_selection.md | 09_AI_PRODUCTION\material_generation_validation.md | 09_AI_PRODUCTION\material_prompting.md | 09_AI_PRODUCTION\negative_constraints.md | 09_AI_PRODUCTION\reference_strategy.md | 10_CONTINUITY_QA\approval_criteria.md | 10_CONTINUITY_QA\cross_episode_consistency.md | 10_CONTINUITY_QA\cross_scene_consistency.md | 10_CONTINUITY_QA\cross_shot_consistency.md | 10_CONTINUITY_QA\material_continuity.md | 10_CONTINUITY_QA\realism_qa.md | 10_CONTINUITY_QA\temporal_consistency.md | 11_PRODUCTION_HANDOFF\3d_handoff.md | 11_PRODUCTION_HANDOFF\lighting_handoff.md | 11_PRODUCTION_HANDOFF\physics_handoff.md | 11_PRODUCTION_HANDOFF\render_validation.md | 11_PRODUCTION_HANDOFF\shader_handoff.md | 11_PRODUCTION_HANDOFF\texture_handoff.md | 11_PRODUCTION_HANDOFF\vfx_handoff.md | 12_REGISTRY\change_control.md | 12_REGISTRY\material_registry.md | 12_REGISTRY\material_variants.md | 12_REGISTRY\material_versions.md"
"CORE\material_state_system.md","901","901","MATERIAL STATE SYSTEM | Base identity | States | State changes must have causes. | State persistence","PARTIAL_CANDIDATE_REVIEW","04_SURFACE_STRUCTURE\surface_environment_interaction.md","9.41","02_MATERIAL_DATABASE\20_wood_species.md","7.99","02_MATERIAL_DATABASE\17_water_and_aqueous_materials.md","6.88",""
"CORE\material_substitution_rules.md","0","0","","EMPTY_OLD_FILE_REVIEW","04_SURFACE_STRUCTURE\surface_renderer_validation_register.csv","0","04_SURFACE_STRUCTURE\surface_renderer_test_matrix.md","0","04_SURFACE_STRUCTURE\surface_renderer_confirmation_note.md","0","05_BEHAVIOR\aging.md | 05_BEHAVIOR\damage.md | 05_BEHAVIOR\dust_dirt_mud.md | 05_BEHAVIOR\environmental_response.md | 05_BEHAVIOR\repair.md | 05_BEHAVIOR\water_wetting_absorption.md | 05_BEHAVIOR\wear.md | 05_BEHAVIOR\weathering.md | 06_STATES\condition_states.md | 06_STATES\material_state_model.md | 06_STATES\state_continuity.md | 06_STATES\state_transitions.md | 06_STATES\thermal_states.md | 06_STATES\wet_dry_states.md | 07_HISTORICAL_CANONICAL\canonical_material_usage.md | 07_HISTORICAL_CANONICAL\conflicts_uncertainty.md | 07_HISTORICAL_CANONICAL\historical_material_availability.md | 07_HISTORICAL_CANONICAL\material_evidence.md | 07_HISTORICAL_CANONICAL\traditional_indian_materials.md | 07_HISTORICAL_CANONICAL\traditional_manufacturing.md | 08_INTERACTION\animal_interaction.md | 08_INTERACTION\architecture_interaction.md | 08_INTERACTION\environment_interaction.md | 08_INTERACTION\human_interaction.md | 08_INTERACTION\prop_interaction.md | 09_AI_PRODUCTION\artifact_prevention.md | 09_AI_PRODUCTION\candidate_selection.md | 09_AI_PRODUCTION\material_generation_validation.md | 09_AI_PRODUCTION\material_prompting.md | 09_AI_PRODUCTION\negative_constraints.md | 09_AI_PRODUCTION\reference_strategy.md | 10_CONTINUITY_QA\approval_criteria.md | 10_CONTINUITY_QA\cross_episode_consistency.md | 10_CONTINUITY_QA\cross_scene_consistency.md | 10_CONTINUITY_QA\cross_shot_consistency.md | 10_CONTINUITY_QA\material_continuity.md | 10_CONTINUITY_QA\realism_qa.md | 10_CONTINUITY_QA\temporal_consistency.md | 11_PRODUCTION_HANDOFF\3d_handoff.md | 11_PRODUCTION_HANDOFF\lighting_handoff.md | 11_PRODUCTION_HANDOFF\physics_handoff.md | 11_PRODUCTION_HANDOFF\render_validation.md | 11_PRODUCTION_HANDOFF\shader_handoff.md | 11_PRODUCTION_HANDOFF\texture_handoff.md | 11_PRODUCTION_HANDOFF\vfx_handoff.md | 12_REGISTRY\change_control.md | 12_REGISTRY\material_registry.md | 12_REGISTRY\material_variants.md | 12_REGISTRY\material_versions.md"
"CORE\material_system.md","1403","1401","MATERIALS SYSTEM | Domain boundaries | Material identity | Core principle","PARTIAL_CANDIDATE_REVIEW","01_CORE\material_identity.md","11.31","02_MATERIAL_DATABASE\02_material_id_rules.md","10.92","02_MATERIAL_DATABASE\36_material_composites_and_layered_systems.md","9.99",""
"EARTHEN_AND_CERAMIC\ceramic.md","0","0","","EMPTY_OLD_FILE_REVIEW","04_SURFACE_STRUCTURE\surface_renderer_validation_register.csv","0","04_SURFACE_STRUCTURE\surface_renderer_test_matrix.md","0","04_SURFACE_STRUCTURE\surface_renderer_confirmation_note.md","0","05_BEHAVIOR\aging.md | 05_BEHAVIOR\damage.md | 05_BEHAVIOR\dust_dirt_mud.md | 05_BEHAVIOR\environmental_response.md | 05_BEHAVIOR\repair.md | 05_BEHAVIOR\water_wetting_absorption.md | 05_BEHAVIOR\wear.md | 05_BEHAVIOR\weathering.md | 06_STATES\condition_states.md | 06_STATES\material_state_model.md | 06_STATES\state_continuity.md | 06_STATES\state_transitions.md | 06_STATES\thermal_states.md | 06_STATES\wet_dry_states.md | 07_HISTORICAL_CANONICAL\canonical_material_usage.md | 07_HISTORICAL_CANONICAL\conflicts_uncertainty.md | 07_HISTORICAL_CANONICAL\historical_material_availability.md | 07_HISTORICAL_CANONICAL\material_evidence.md | 07_HISTORICAL_CANONICAL\traditional_indian_materials.md | 07_HISTORICAL_CANONICAL\traditional_manufacturing.md | 08_INTERACTION\animal_interaction.md | 08_INTERACTION\architecture_interaction.md | 08_INTERACTION\environment_interaction.md | 08_INTERACTION\human_interaction.md | 08_INTERACTION\prop_interaction.md | 09_AI_PRODUCTION\artifact_prevention.md | 09_AI_PRODUCTION\candidate_selection.md | 09_AI_PRODUCTION\material_generation_validation.md | 09_AI_PRODUCTION\material_prompting.md | 09_AI_PRODUCTION\negative_constraints.md | 09_AI_PRODUCTION\reference_strategy.md | 10_CONTINUITY_QA\approval_criteria.md | 10_CONTINUITY_QA\cross_episode_consistency.md | 10_CONTINUITY_QA\cross_scene_consistency.md | 10_CONTINUITY_QA\cross_shot_consistency.md | 10_CONTINUITY_QA\material_continuity.md | 10_CONTINUITY_QA\realism_qa.md | 10_CONTINUITY_QA\temporal_consistency.md | 11_PRODUCTION_HANDOFF\3d_handoff.md | 11_PRODUCTION_HANDOFF\lighting_handoff.md | 11_PRODUCTION_HANDOFF\physics_handoff.md | 11_PRODUCTION_HANDOFF\render_validation.md | 11_PRODUCTION_HANDOFF\shader_handoff.md | 11_PRODUCTION_HANDOFF\texture_handoff.md | 11_PRODUCTION_HANDOFF\vfx_handoff.md | 12_REGISTRY\change_control.md | 12_REGISTRY\material_registry.md | 12_REGISTRY\material_variants.md | 12_REGISTRY\material_versions.md"
"EARTHEN_AND_CERAMIC\fired_clay.md","0","0","","EMPTY_OLD_FILE_REVIEW","04_SURFACE_STRUCTURE\surface_renderer_validation_register.csv","0","04_SURFACE_STRUCTURE\surface_renderer_test_matrix.md","0","04_SURFACE_STRUCTURE\surface_renderer_confirmation_note.md","0","05_BEHAVIOR\aging.md | 05_BEHAVIOR\damage.md | 05_BEHAVIOR\dust_dirt_mud.md | 05_BEHAVIOR\environmental_response.md | 05_BEHAVIOR\repair.md | 05_BEHAVIOR\water_wetting_absorption.md | 05_BEHAVIOR\wear.md | 05_BEHAVIOR\weathering.md | 06_STATES\condition_states.md | 06_STATES\material_state_model.md | 06_STATES\state_continuity.md | 06_STATES\state_transitions.md | 06_STATES\thermal_states.md | 06_STATES\wet_dry_states.md | 07_HISTORICAL_CANONICAL\canonical_material_usage.md | 07_HISTORICAL_CANONICAL\conflicts_uncertainty.md | 07_HISTORICAL_CANONICAL\historical_material_availability.md | 07_HISTORICAL_CANONICAL\material_evidence.md | 07_HISTORICAL_CANONICAL\traditional_indian_materials.md | 07_HISTORICAL_CANONICAL\traditional_manufacturing.md | 08_INTERACTION\animal_interaction.md | 08_INTERACTION\architecture_interaction.md | 08_INTERACTION\environment_interaction.md | 08_INTERACTION\human_interaction.md | 08_INTERACTION\prop_interaction.md | 09_AI_PRODUCTION\artifact_prevention.md | 09_AI_PRODUCTION\candidate_selection.md | 09_AI_PRODUCTION\material_generation_validation.md | 09_AI_PRODUCTION\material_prompting.md | 09_AI_PRODUCTION\negative_constraints.md | 09_AI_PRODUCTION\reference_strategy.md | 10_CONTINUITY_QA\approval_criteria.md | 10_CONTINUITY_QA\cross_episode_consistency.md | 10_CONTINUITY_QA\cross_scene_consistency.md | 10_CONTINUITY_QA\cross_shot_consistency.md | 10_CONTINUITY_QA\material_continuity.md | 10_CONTINUITY_QA\realism_qa.md | 10_CONTINUITY_QA\temporal_consistency.md | 11_PRODUCTION_HANDOFF\3d_handoff.md | 11_PRODUCTION_HANDOFF\lighting_handoff.md | 11_PRODUCTION_HANDOFF\physics_handoff.md | 11_PRODUCTION_HANDOFF\render_validation.md | 11_PRODUCTION_HANDOFF\shader_handoff.md | 11_PRODUCTION_HANDOFF\texture_handoff.md | 11_PRODUCTION_HANDOFF\vfx_handoff.md | 12_REGISTRY\change_control.md | 12_REGISTRY\material_registry.md | 12_REGISTRY\material_variants.md | 12_REGISTRY\material_versions.md"
"EARTHEN_AND_CERAMIC\glazed_surfaces.md","0","0","","EMPTY_OLD_FILE_REVIEW","04_SURFACE_STRUCTURE\surface_renderer_validation_register.csv","0","04_SURFACE_STRUCTURE\surface_renderer_test_matrix.md","0","04_SURFACE_STRUCTURE\surface_renderer_confirmation_note.md","0","05_BEHAVIOR\aging.md | 05_BEHAVIOR\damage.md | 05_BEHAVIOR\dust_dirt_mud.md | 05_BEHAVIOR\environmental_response.md | 05_BEHAVIOR\repair.md | 05_BEHAVIOR\water_wetting_absorption.md | 05_BEHAVIOR\wear.md | 05_BEHAVIOR\weathering.md | 06_STATES\condition_states.md | 06_STATES\material_state_model.md | 06_STATES\state_continuity.md | 06_STATES\state_transitions.md | 06_STATES\thermal_states.md | 06_STATES\wet_dry_states.md | 07_HISTORICAL_CANONICAL\canonical_material_usage.md | 07_HISTORICAL_CANONICAL\conflicts_uncertainty.md | 07_HISTORICAL_CANONICAL\historical_material_availability.md | 07_HISTORICAL_CANONICAL\material_evidence.md | 07_HISTORICAL_CANONICAL\traditional_indian_materials.md | 07_HISTORICAL_CANONICAL\traditional_manufacturing.md | 08_INTERACTION\animal_interaction.md | 08_INTERACTION\architecture_interaction.md | 08_INTERACTION\environment_interaction.md | 08_INTERACTION\human_interaction.md | 08_INTERACTION\prop_interaction.md | 09_AI_PRODUCTION\artifact_prevention.md | 09_AI_PRODUCTION\candidate_selection.md | 09_AI_PRODUCTION\material_generation_validation.md | 09_AI_PRODUCTION\material_prompting.md | 09_AI_PRODUCTION\negative_constraints.md | 09_AI_PRODUCTION\reference_strategy.md | 10_CONTINUITY_QA\approval_criteria.md | 10_CONTINUITY_QA\cross_episode_consistency.md | 10_CONTINUITY_QA\cross_scene_consistency.md | 10_CONTINUITY_QA\cross_shot_consistency.md | 10_CONTINUITY_QA\material_continuity.md | 10_CONTINUITY_QA\realism_qa.md | 10_CONTINUITY_QA\temporal_consistency.md | 11_PRODUCTION_HANDOFF\3d_handoff.md | 11_PRODUCTION_HANDOFF\lighting_handoff.md | 11_PRODUCTION_HANDOFF\physics_handoff.md | 11_PRODUCTION_HANDOFF\render_validation.md | 11_PRODUCTION_HANDOFF\shader_handoff.md | 11_PRODUCTION_HANDOFF\texture_handoff.md | 11_PRODUCTION_HANDOFF\vfx_handoff.md | 12_REGISTRY\change_control.md | 12_REGISTRY\material_registry.md | 12_REGISTRY\material_variants.md | 12_REGISTRY\material_versions.md"
"EARTHEN_AND_CERAMIC\pottery.md","0","0","","EMPTY_OLD_FILE_REVIEW","04_SURFACE_STRUCTURE\surface_renderer_validation_register.csv","0","04_SURFACE_STRUCTURE\surface_renderer_test_matrix.md","0","04_SURFACE_STRUCTURE\surface_renderer_confirmation_note.md","0","05_BEHAVIOR\aging.md | 05_BEHAVIOR\damage.md | 05_BEHAVIOR\dust_dirt_mud.md | 05_BEHAVIOR\environmental_response.md | 05_BEHAVIOR\repair.md | 05_BEHAVIOR\water_wetting_absorption.md | 05_BEHAVIOR\wear.md | 05_BEHAVIOR\weathering.md | 06_STATES\condition_states.md | 06_STATES\material_state_model.md | 06_STATES\state_continuity.md | 06_STATES\state_transitions.md | 06_STATES\thermal_states.md | 06_STATES\wet_dry_states.md | 07_HISTORICAL_CANONICAL\canonical_material_usage.md | 07_HISTORICAL_CANONICAL\conflicts_uncertainty.md | 07_HISTORICAL_CANONICAL\historical_material_availability.md | 07_HISTORICAL_CANONICAL\material_evidence.md | 07_HISTORICAL_CANONICAL\traditional_indian_materials.md | 07_HISTORICAL_CANONICAL\traditional_manufacturing.md | 08_INTERACTION\animal_interaction.md | 08_INTERACTION\architecture_interaction.md | 08_INTERACTION\environment_interaction.md | 08_INTERACTION\human_interaction.md | 08_INTERACTION\prop_interaction.md | 09_AI_PRODUCTION\artifact_prevention.md | 09_AI_PRODUCTION\candidate_selection.md | 09_AI_PRODUCTION\material_generation_validation.md | 09_AI_PRODUCTION\material_prompting.md | 09_AI_PRODUCTION\negative_constraints.md | 09_AI_PRODUCTION\reference_strategy.md | 10_CONTINUITY_QA\approval_criteria.md | 10_CONTINUITY_QA\cross_episode_consistency.md | 10_CONTINUITY_QA\cross_scene_consistency.md | 10_CONTINUITY_QA\cross_shot_consistency.md | 10_CONTINUITY_QA\material_continuity.md | 10_CONTINUITY_QA\realism_qa.md | 10_CONTINUITY_QA\temporal_consistency.md | 11_PRODUCTION_HANDOFF\3d_handoff.md | 11_PRODUCTION_HANDOFF\lighting_handoff.md | 11_PRODUCTION_HANDOFF\physics_handoff.md | 11_PRODUCTION_HANDOFF\render_validation.md | 11_PRODUCTION_HANDOFF\shader_handoff.md | 11_PRODUCTION_HANDOFF\texture_handoff.md | 11_PRODUCTION_HANDOFF\vfx_handoff.md | 12_REGISTRY\change_control.md | 12_REGISTRY\material_registry.md | 12_REGISTRY\material_variants.md | 12_REGISTRY\material_versions.md"
"EARTHEN_AND_CERAMIC\terracotta.md","0","0","","EMPTY_OLD_FILE_REVIEW","04_SURFACE_STRUCTURE\surface_renderer_validation_register.csv","0","04_SURFACE_STRUCTURE\surface_renderer_test_matrix.md","0","04_SURFACE_STRUCTURE\surface_renderer_confirmation_note.md","0","05_BEHAVIOR\aging.md | 05_BEHAVIOR\damage.md | 05_BEHAVIOR\dust_dirt_mud.md | 05_BEHAVIOR\environmental_response.md | 05_BEHAVIOR\repair.md | 05_BEHAVIOR\water_wetting_absorption.md | 05_BEHAVIOR\wear.md | 05_BEHAVIOR\weathering.md | 06_STATES\condition_states.md | 06_STATES\material_state_model.md | 06_STATES\state_continuity.md | 06_STATES\state_transitions.md | 06_STATES\thermal_states.md | 06_STATES\wet_dry_states.md | 07_HISTORICAL_CANONICAL\canonical_material_usage.md | 07_HISTORICAL_CANONICAL\conflicts_uncertainty.md | 07_HISTORICAL_CANONICAL\historical_material_availability.md | 07_HISTORICAL_CANONICAL\material_evidence.md | 07_HISTORICAL_CANONICAL\traditional_indian_materials.md | 07_HISTORICAL_CANONICAL\traditional_manufacturing.md | 08_INTERACTION\animal_interaction.md | 08_INTERACTION\architecture_interaction.md | 08_INTERACTION\environment_interaction.md | 08_INTERACTION\human_interaction.md | 08_INTERACTION\prop_interaction.md | 09_AI_PRODUCTION\artifact_prevention.md | 09_AI_PRODUCTION\candidate_selection.md | 09_AI_PRODUCTION\material_generation_validation.md | 09_AI_PRODUCTION\material_prompting.md | 09_AI_PRODUCTION\negative_constraints.md | 09_AI_PRODUCTION\reference_strategy.md | 10_CONTINUITY_QA\approval_criteria.md | 10_CONTINUITY_QA\cross_episode_consistency.md | 10_CONTINUITY_QA\cross_scene_consistency.md | 10_CONTINUITY_QA\cross_shot_consistency.md | 10_CONTINUITY_QA\material_continuity.md | 10_CONTINUITY_QA\realism_qa.md | 10_CONTINUITY_QA\temporal_consistency.md | 11_PRODUCTION_HANDOFF\3d_handoff.md | 11_PRODUCTION_HANDOFF\lighting_handoff.md | 11_PRODUCTION_HANDOFF\physics_handoff.md | 11_PRODUCTION_HANDOFF\render_validation.md | 11_PRODUCTION_HANDOFF\shader_handoff.md | 11_PRODUCTION_HANDOFF\texture_handoff.md | 11_PRODUCTION_HANDOFF\vfx_handoff.md | 12_REGISTRY\change_control.md | 12_REGISTRY\material_registry.md | 12_REGISTRY\material_variants.md | 12_REGISTRY\material_versions.md"
"GLASS_AND_MINERAL_MATERIALS\crystal.md","0","0","","EMPTY_OLD_FILE_REVIEW","04_SURFACE_STRUCTURE\surface_renderer_validation_register.csv","0","04_SURFACE_STRUCTURE\surface_renderer_test_matrix.md","0","04_SURFACE_STRUCTURE\surface_renderer_confirmation_note.md","0","05_BEHAVIOR\aging.md | 05_BEHAVIOR\damage.md | 05_BEHAVIOR\dust_dirt_mud.md | 05_BEHAVIOR\environmental_response.md | 05_BEHAVIOR\repair.md | 05_BEHAVIOR\water_wetting_absorption.md | 05_BEHAVIOR\wear.md | 05_BEHAVIOR\weathering.md | 06_STATES\condition_states.md | 06_STATES\material_state_model.md | 06_STATES\state_continuity.md | 06_STATES\state_transitions.md | 06_STATES\thermal_states.md | 06_STATES\wet_dry_states.md | 07_HISTORICAL_CANONICAL\canonical_material_usage.md | 07_HISTORICAL_CANONICAL\conflicts_uncertainty.md | 07_HISTORICAL_CANONICAL\historical_material_availability.md | 07_HISTORICAL_CANONICAL\material_evidence.md | 07_HISTORICAL_CANONICAL\traditional_indian_materials.md | 07_HISTORICAL_CANONICAL\traditional_manufacturing.md | 08_INTERACTION\animal_interaction.md | 08_INTERACTION\architecture_interaction.md | 08_INTERACTION\environment_interaction.md | 08_INTERACTION\human_interaction.md | 08_INTERACTION\prop_interaction.md | 09_AI_PRODUCTION\artifact_prevention.md | 09_AI_PRODUCTION\candidate_selection.md | 09_AI_PRODUCTION\material_generation_validation.md | 09_AI_PRODUCTION\material_prompting.md | 09_AI_PRODUCTION\negative_constraints.md | 09_AI_PRODUCTION\reference_strategy.md | 10_CONTINUITY_QA\approval_criteria.md | 10_CONTINUITY_QA\cross_episode_consistency.md | 10_CONTINUITY_QA\cross_scene_consistency.md | 10_CONTINUITY_QA\cross_shot_consistency.md | 10_CONTINUITY_QA\material_continuity.md | 10_CONTINUITY_QA\realism_qa.md | 10_CONTINUITY_QA\temporal_consistency.md | 11_PRODUCTION_HANDOFF\3d_handoff.md | 11_PRODUCTION_HANDOFF\lighting_handoff.md | 11_PRODUCTION_HANDOFF\physics_handoff.md | 11_PRODUCTION_HANDOFF\render_validation.md | 11_PRODUCTION_HANDOFF\shader_handoff.md | 11_PRODUCTION_HANDOFF\texture_handoff.md | 11_PRODUCTION_HANDOFF\vfx_handoff.md | 12_REGISTRY\change_control.md | 12_REGISTRY\material_registry.md | 12_REGISTRY\material_variants.md | 12_REGISTRY\material_versions.md"
"GLASS_AND_MINERAL_MATERIALS\gemstone.md","0","0","","EMPTY_OLD_FILE_REVIEW","04_SURFACE_STRUCTURE\surface_renderer_validation_register.csv","0","04_SURFACE_STRUCTURE\surface_renderer_test_matrix.md","0","04_SURFACE_STRUCTURE\surface_renderer_confirmation_note.md","0","05_BEHAVIOR\aging.md | 05_BEHAVIOR\damage.md | 05_BEHAVIOR\dust_dirt_mud.md | 05_BEHAVIOR\environmental_response.md | 05_BEHAVIOR\repair.md | 05_BEHAVIOR\water_wetting_absorption.md | 05_BEHAVIOR\wear.md | 05_BEHAVIOR\weathering.md | 06_STATES\condition_states.md | 06_STATES\material_state_model.md | 06_STATES\state_continuity.md | 06_STATES\state_transitions.md | 06_STATES\thermal_states.md | 06_STATES\wet_dry_states.md | 07_HISTORICAL_CANONICAL\canonical_material_usage.md | 07_HISTORICAL_CANONICAL\conflicts_uncertainty.md | 07_HISTORICAL_CANONICAL\historical_material_availability.md | 07_HISTORICAL_CANONICAL\material_evidence.md | 07_HISTORICAL_CANONICAL\traditional_indian_materials.md | 07_HISTORICAL_CANONICAL\traditional_manufacturing.md | 08_INTERACTION\animal_interaction.md | 08_INTERACTION\architecture_interaction.md | 08_INTERACTION\environment_interaction.md | 08_INTERACTION\human_interaction.md | 08_INTERACTION\prop_interaction.md | 09_AI_PRODUCTION\artifact_prevention.md | 09_AI_PRODUCTION\candidate_selection.md | 09_AI_PRODUCTION\material_generation_validation.md | 09_AI_PRODUCTION\material_prompting.md | 09_AI_PRODUCTION\negative_constraints.md | 09_AI_PRODUCTION\reference_strategy.md | 10_CONTINUITY_QA\approval_criteria.md | 10_CONTINUITY_QA\cross_episode_consistency.md | 10_CONTINUITY_QA\cross_scene_consistency.md | 10_CONTINUITY_QA\cross_shot_consistency.md | 10_CONTINUITY_QA\material_continuity.md | 10_CONTINUITY_QA\realism_qa.md | 10_CONTINUITY_QA\temporal_consistency.md | 11_PRODUCTION_HANDOFF\3d_handoff.md | 11_PRODUCTION_HANDOFF\lighting_handoff.md | 11_PRODUCTION_HANDOFF\physics_handoff.md | 11_PRODUCTION_HANDOFF\render_validation.md | 11_PRODUCTION_HANDOFF\shader_handoff.md | 11_PRODUCTION_HANDOFF\texture_handoff.md | 11_PRODUCTION_HANDOFF\vfx_handoff.md | 12_REGISTRY\change_control.md | 12_REGISTRY\material_registry.md | 12_REGISTRY\material_variants.md | 12_REGISTRY\material_versions.md"
"GLASS_AND_MINERAL_MATERIALS\glass.md","0","0","","EMPTY_OLD_FILE_REVIEW","04_SURFACE_STRUCTURE\surface_renderer_validation_register.csv","0","04_SURFACE_STRUCTURE\surface_renderer_test_matrix.md","0","04_SURFACE_STRUCTURE\surface_renderer_confirmation_note.md","0","05_BEHAVIOR\aging.md | 05_BEHAVIOR\damage.md | 05_BEHAVIOR\dust_dirt_mud.md | 05_BEHAVIOR\environmental_response.md | 05_BEHAVIOR\repair.md | 05_BEHAVIOR\water_wetting_absorption.md | 05_BEHAVIOR\wear.md | 05_BEHAVIOR\weathering.md | 06_STATES\condition_states.md | 06_STATES\material_state_model.md | 06_STATES\state_continuity.md | 06_STATES\state_transitions.md | 06_STATES\thermal_states.md | 06_STATES\wet_dry_states.md | 07_HISTORICAL_CANONICAL\canonical_material_usage.md | 07_HISTORICAL_CANONICAL\conflicts_uncertainty.md | 07_HISTORICAL_CANONICAL\historical_material_availability.md | 07_HISTORICAL_CANONICAL\material_evidence.md | 07_HISTORICAL_CANONICAL\traditional_indian_materials.md | 07_HISTORICAL_CANONICAL\traditional_manufacturing.md | 08_INTERACTION\animal_interaction.md | 08_INTERACTION\architecture_interaction.md | 08_INTERACTION\environment_interaction.md | 08_INTERACTION\human_interaction.md | 08_INTERACTION\prop_interaction.md | 09_AI_PRODUCTION\artifact_prevention.md | 09_AI_PRODUCTION\candidate_selection.md | 09_AI_PRODUCTION\material_generation_validation.md | 09_AI_PRODUCTION\material_prompting.md | 09_AI_PRODUCTION\negative_constraints.md | 09_AI_PRODUCTION\reference_strategy.md | 10_CONTINUITY_QA\approval_criteria.md | 10_CONTINUITY_QA\cross_episode_consistency.md | 10_CONTINUITY_QA\cross_scene_consistency.md | 10_CONTINUITY_QA\cross_shot_consistency.md | 10_CONTINUITY_QA\material_continuity.md | 10_CONTINUITY_QA\realism_qa.md | 10_CONTINUITY_QA\temporal_consistency.md | 11_PRODUCTION_HANDOFF\3d_handoff.md | 11_PRODUCTION_HANDOFF\lighting_handoff.md | 11_PRODUCTION_HANDOFF\physics_handoff.md | 11_PRODUCTION_HANDOFF\render_validation.md | 11_PRODUCTION_HANDOFF\shader_handoff.md | 11_PRODUCTION_HANDOFF\texture_handoff.md | 11_PRODUCTION_HANDOFF\vfx_handoff.md | 12_REGISTRY\change_control.md | 12_REGISTRY\material_registry.md | 12_REGISTRY\material_variants.md | 12_REGISTRY\material_versions.md"
"GLASS_AND_MINERAL_MATERIALS\mica.md","0","0","","EMPTY_OLD_FILE_REVIEW","04_SURFACE_STRUCTURE\surface_renderer_validation_register.csv","0","04_SURFACE_STRUCTURE\surface_renderer_test_matrix.md","0","04_SURFACE_STRUCTURE\surface_renderer_confirmation_note.md","0","05_BEHAVIOR\aging.md | 05_BEHAVIOR\damage.md | 05_BEHAVIOR\dust_dirt_mud.md | 05_BEHAVIOR\environmental_response.md | 05_BEHAVIOR\repair.md | 05_BEHAVIOR\water_wetting_absorption.md | 05_BEHAVIOR\wear.md | 05_BEHAVIOR\weathering.md | 06_STATES\condition_states.md | 06_STATES\material_state_model.md | 06_STATES\state_continuity.md | 06_STATES\state_transitions.md | 06_STATES\thermal_states.md | 06_STATES\wet_dry_states.md | 07_HISTORICAL_CANONICAL\canonical_material_usage.md | 07_HISTORICAL_CANONICAL\conflicts_uncertainty.md | 07_HISTORICAL_CANONICAL\historical_material_availability.md | 07_HISTORICAL_CANONICAL\material_evidence.md | 07_HISTORICAL_CANONICAL\traditional_indian_materials.md | 07_HISTORICAL_CANONICAL\traditional_manufacturing.md | 08_INTERACTION\animal_interaction.md | 08_INTERACTION\architecture_interaction.md | 08_INTERACTION\environment_interaction.md | 08_INTERACTION\human_interaction.md | 08_INTERACTION\prop_interaction.md | 09_AI_PRODUCTION\artifact_prevention.md | 09_AI_PRODUCTION\candidate_selection.md | 09_AI_PRODUCTION\material_generation_validation.md | 09_AI_PRODUCTION\material_prompting.md | 09_AI_PRODUCTION\negative_constraints.md | 09_AI_PRODUCTION\reference_strategy.md | 10_CONTINUITY_QA\approval_criteria.md | 10_CONTINUITY_QA\cross_episode_consistency.md | 10_CONTINUITY_QA\cross_scene_consistency.md | 10_CONTINUITY_QA\cross_shot_consistency.md | 10_CONTINUITY_QA\material_continuity.md | 10_CONTINUITY_QA\realism_qa.md | 10_CONTINUITY_QA\temporal_consistency.md | 11_PRODUCTION_HANDOFF\3d_handoff.md | 11_PRODUCTION_HANDOFF\lighting_handoff.md | 11_PRODUCTION_HANDOFF\physics_handoff.md | 11_PRODUCTION_HANDOFF\render_validation.md | 11_PRODUCTION_HANDOFF\shader_handoff.md | 11_PRODUCTION_HANDOFF\texture_handoff.md | 11_PRODUCTION_HANDOFF\vfx_handoff.md | 12_REGISTRY\change_control.md | 12_REGISTRY\material_registry.md | 12_REGISTRY\material_variants.md | 12_REGISTRY\material_versions.md"
"GLASS_AND_MINERAL_MATERIALS\mineral_surfaces.md","0","0","","EMPTY_OLD_FILE_REVIEW","04_SURFACE_STRUCTURE\surface_renderer_validation_register.csv","0","04_SURFACE_STRUCTURE\surface_renderer_test_matrix.md","0","04_SURFACE_STRUCTURE\surface_renderer_confirmation_note.md","0","05_BEHAVIOR\aging.md | 05_BEHAVIOR\damage.md | 05_BEHAVIOR\dust_dirt_mud.md | 05_BEHAVIOR\environmental_response.md | 05_BEHAVIOR\repair.md | 05_BEHAVIOR\water_wetting_absorption.md | 05_BEHAVIOR\wear.md | 05_BEHAVIOR\weathering.md | 06_STATES\condition_states.md | 06_STATES\material_state_model.md | 06_STATES\state_continuity.md | 06_STATES\state_transitions.md | 06_STATES\thermal_states.md | 06_STATES\wet_dry_states.md | 07_HISTORICAL_CANONICAL\canonical_material_usage.md | 07_HISTORICAL_CANONICAL\conflicts_uncertainty.md | 07_HISTORICAL_CANONICAL\historical_material_availability.md | 07_HISTORICAL_CANONICAL\material_evidence.md | 07_HISTORICAL_CANONICAL\traditional_indian_materials.md | 07_HISTORICAL_CANONICAL\traditional_manufacturing.md | 08_INTERACTION\animal_interaction.md | 08_INTERACTION\architecture_interaction.md | 08_INTERACTION\environment_interaction.md | 08_INTERACTION\human_interaction.md | 08_INTERACTION\prop_interaction.md | 09_AI_PRODUCTION\artifact_prevention.md | 09_AI_PRODUCTION\candidate_selection.md | 09_AI_PRODUCTION\material_generation_validation.md | 09_AI_PRODUCTION\material_prompting.md | 09_AI_PRODUCTION\negative_constraints.md | 09_AI_PRODUCTION\reference_strategy.md | 10_CONTINUITY_QA\approval_criteria.md | 10_CONTINUITY_QA\cross_episode_consistency.md | 10_CONTINUITY_QA\cross_scene_consistency.md | 10_CONTINUITY_QA\cross_shot_consistency.md | 10_CONTINUITY_QA\material_continuity.md | 10_CONTINUITY_QA\realism_qa.md | 10_CONTINUITY_QA\temporal_consistency.md | 11_PRODUCTION_HANDOFF\3d_handoff.md | 11_PRODUCTION_HANDOFF\lighting_handoff.md | 11_PRODUCTION_HANDOFF\physics_handoff.md | 11_PRODUCTION_HANDOFF\render_validation.md | 11_PRODUCTION_HANDOFF\shader_handoff.md | 11_PRODUCTION_HANDOFF\texture_handoff.md | 11_PRODUCTION_HANDOFF\vfx_handoff.md | 12_REGISTRY\change_control.md | 12_REGISTRY\material_registry.md | 12_REGISTRY\material_variants.md | 12_REGISTRY\material_versions.md"
"GLASS_AND_MINERAL_MATERIALS\pearl.md","0","0","","EMPTY_OLD_FILE_REVIEW","04_SURFACE_STRUCTURE\surface_renderer_validation_register.csv","0","04_SURFACE_STRUCTURE\surface_renderer_test_matrix.md","0","04_SURFACE_STRUCTURE\surface_renderer_confirmation_note.md","0","05_BEHAVIOR\aging.md | 05_BEHAVIOR\damage.md | 05_BEHAVIOR\dust_dirt_mud.md | 05_BEHAVIOR\environmental_response.md | 05_BEHAVIOR\repair.md | 05_BEHAVIOR\water_wetting_absorption.md | 05_BEHAVIOR\wear.md | 05_BEHAVIOR\weathering.md | 06_STATES\condition_states.md | 06_STATES\material_state_model.md | 06_STATES\state_continuity.md | 06_STATES\state_transitions.md | 06_STATES\thermal_states.md | 06_STATES\wet_dry_states.md | 07_HISTORICAL_CANONICAL\canonical_material_usage.md | 07_HISTORICAL_CANONICAL\conflicts_uncertainty.md | 07_HISTORICAL_CANONICAL\historical_material_availability.md | 07_HISTORICAL_CANONICAL\material_evidence.md | 07_HISTORICAL_CANONICAL\traditional_indian_materials.md | 07_HISTORICAL_CANONICAL\traditional_manufacturing.md | 08_INTERACTION\animal_interaction.md | 08_INTERACTION\architecture_interaction.md | 08_INTERACTION\environment_interaction.md | 08_INTERACTION\human_interaction.md | 08_INTERACTION\prop_interaction.md | 09_AI_PRODUCTION\artifact_prevention.md | 09_AI_PRODUCTION\candidate_selection.md | 09_AI_PRODUCTION\material_generation_validation.md | 09_AI_PRODUCTION\material_prompting.md | 09_AI_PRODUCTION\negative_constraints.md | 09_AI_PRODUCTION\reference_strategy.md | 10_CONTINUITY_QA\approval_criteria.md | 10_CONTINUITY_QA\cross_episode_consistency.md | 10_CONTINUITY_QA\cross_scene_consistency.md | 10_CONTINUITY_QA\cross_shot_consistency.md | 10_CONTINUITY_QA\material_continuity.md | 10_CONTINUITY_QA\realism_qa.md | 10_CONTINUITY_QA\temporal_consistency.md | 11_PRODUCTION_HANDOFF\3d_handoff.md | 11_PRODUCTION_HANDOFF\lighting_handoff.md | 11_PRODUCTION_HANDOFF\physics_handoff.md | 11_PRODUCTION_HANDOFF\render_validation.md | 11_PRODUCTION_HANDOFF\shader_handoff.md | 11_PRODUCTION_HANDOFF\texture_handoff.md | 11_PRODUCTION_HANDOFF\vfx_handoff.md | 12_REGISTRY\change_control.md | 12_REGISTRY\material_registry.md | 12_REGISTRY\material_variants.md | 12_REGISTRY\material_versions.md"
"LEATHER_AND_ANIMAL_MATERIALS\bone.md","0","0","","EMPTY_OLD_FILE_REVIEW","04_SURFACE_STRUCTURE\surface_renderer_validation_register.csv","0","04_SURFACE_STRUCTURE\surface_renderer_test_matrix.md","0","04_SURFACE_STRUCTURE\surface_renderer_confirmation_note.md","0","05_BEHAVIOR\aging.md | 05_BEHAVIOR\damage.md | 05_BEHAVIOR\dust_dirt_mud.md | 05_BEHAVIOR\environmental_response.md | 05_BEHAVIOR\repair.md | 05_BEHAVIOR\water_wetting_absorption.md | 05_BEHAVIOR\wear.md | 05_BEHAVIOR\weathering.md | 06_STATES\condition_states.md | 06_STATES\material_state_model.md | 06_STATES\state_continuity.md | 06_STATES\state_transitions.md | 06_STATES\thermal_states.md | 06_STATES\wet_dry_states.md | 07_HISTORICAL_CANONICAL\canonical_material_usage.md | 07_HISTORICAL_CANONICAL\conflicts_uncertainty.md | 07_HISTORICAL_CANONICAL\historical_material_availability.md | 07_HISTORICAL_CANONICAL\material_evidence.md | 07_HISTORICAL_CANONICAL\traditional_indian_materials.md | 07_HISTORICAL_CANONICAL\traditional_manufacturing.md | 08_INTERACTION\animal_interaction.md | 08_INTERACTION\architecture_interaction.md | 08_INTERACTION\environment_interaction.md | 08_INTERACTION\human_interaction.md | 08_INTERACTION\prop_interaction.md | 09_AI_PRODUCTION\artifact_prevention.md | 09_AI_PRODUCTION\candidate_selection.md | 09_AI_PRODUCTION\material_generation_validation.md | 09_AI_PRODUCTION\material_prompting.md | 09_AI_PRODUCTION\negative_constraints.md | 09_AI_PRODUCTION\reference_strategy.md | 10_CONTINUITY_QA\approval_criteria.md | 10_CONTINUITY_QA\cross_episode_consistency.md | 10_CONTINUITY_QA\cross_scene_consistency.md | 10_CONTINUITY_QA\cross_shot_consistency.md | 10_CONTINUITY_QA\material_continuity.md | 10_CONTINUITY_QA\realism_qa.md | 10_CONTINUITY_QA\temporal_consistency.md | 11_PRODUCTION_HANDOFF\3d_handoff.md | 11_PRODUCTION_HANDOFF\lighting_handoff.md | 11_PRODUCTION_HANDOFF\physics_handoff.md | 11_PRODUCTION_HANDOFF\render_validation.md | 11_PRODUCTION_HANDOFF\shader_handoff.md | 11_PRODUCTION_HANDOFF\texture_handoff.md | 11_PRODUCTION_HANDOFF\vfx_handoff.md | 12_REGISTRY\change_control.md | 12_REGISTRY\material_registry.md | 12_REGISTRY\material_variants.md | 12_REGISTRY\material_versions.md"
"LEATHER_AND_ANIMAL_MATERIALS\feather_material.md","0","0","","EMPTY_OLD_FILE_REVIEW","04_SURFACE_STRUCTURE\surface_renderer_validation_register.csv","0","04_SURFACE_STRUCTURE\surface_renderer_test_matrix.md","0","04_SURFACE_STRUCTURE\surface_renderer_confirmation_note.md","0","05_BEHAVIOR\aging.md | 05_BEHAVIOR\damage.md | 05_BEHAVIOR\dust_dirt_mud.md | 05_BEHAVIOR\environmental_response.md | 05_BEHAVIOR\repair.md | 05_BEHAVIOR\water_wetting_absorption.md | 05_BEHAVIOR\wear.md | 05_BEHAVIOR\weathering.md | 06_STATES\condition_states.md | 06_STATES\material_state_model.md | 06_STATES\state_continuity.md | 06_STATES\state_transitions.md | 06_STATES\thermal_states.md | 06_STATES\wet_dry_states.md | 07_HISTORICAL_CANONICAL\canonical_material_usage.md | 07_HISTORICAL_CANONICAL\conflicts_uncertainty.md | 07_HISTORICAL_CANONICAL\historical_material_availability.md | 07_HISTORICAL_CANONICAL\material_evidence.md | 07_HISTORICAL_CANONICAL\traditional_indian_materials.md | 07_HISTORICAL_CANONICAL\traditional_manufacturing.md | 08_INTERACTION\animal_interaction.md | 08_INTERACTION\architecture_interaction.md | 08_INTERACTION\environment_interaction.md | 08_INTERACTION\human_interaction.md | 08_INTERACTION\prop_interaction.md | 09_AI_PRODUCTION\artifact_prevention.md | 09_AI_PRODUCTION\candidate_selection.md | 09_AI_PRODUCTION\material_generation_validation.md | 09_AI_PRODUCTION\material_prompting.md | 09_AI_PRODUCTION\negative_constraints.md | 09_AI_PRODUCTION\reference_strategy.md | 10_CONTINUITY_QA\approval_criteria.md | 10_CONTINUITY_QA\cross_episode_consistency.md | 10_CONTINUITY_QA\cross_scene_consistency.md | 10_CONTINUITY_QA\cross_shot_consistency.md | 10_CONTINUITY_QA\material_continuity.md | 10_CONTINUITY_QA\realism_qa.md | 10_CONTINUITY_QA\temporal_consistency.md | 11_PRODUCTION_HANDOFF\3d_handoff.md | 11_PRODUCTION_HANDOFF\lighting_handoff.md | 11_PRODUCTION_HANDOFF\physics_handoff.md | 11_PRODUCTION_HANDOFF\render_validation.md | 11_PRODUCTION_HANDOFF\shader_handoff.md | 11_PRODUCTION_HANDOFF\texture_handoff.md | 11_PRODUCTION_HANDOFF\vfx_handoff.md | 12_REGISTRY\change_control.md | 12_REGISTRY\material_registry.md | 12_REGISTRY\material_variants.md | 12_REGISTRY\material_versions.md"
"LEATHER_AND_ANIMAL_MATERIALS\hide.md","0","0","","EMPTY_OLD_FILE_REVIEW","04_SURFACE_STRUCTURE\surface_renderer_validation_register.csv","0","04_SURFACE_STRUCTURE\surface_renderer_test_matrix.md","0","04_SURFACE_STRUCTURE\surface_renderer_confirmation_note.md","0","05_BEHAVIOR\aging.md | 05_BEHAVIOR\damage.md | 05_BEHAVIOR\dust_dirt_mud.md | 05_BEHAVIOR\environmental_response.md | 05_BEHAVIOR\repair.md | 05_BEHAVIOR\water_wetting_absorption.md | 05_BEHAVIOR\wear.md | 05_BEHAVIOR\weathering.md | 06_STATES\condition_states.md | 06_STATES\material_state_model.md | 06_STATES\state_continuity.md | 06_STATES\state_transitions.md | 06_STATES\thermal_states.md | 06_STATES\wet_dry_states.md | 07_HISTORICAL_CANONICAL\canonical_material_usage.md | 07_HISTORICAL_CANONICAL\conflicts_uncertainty.md | 07_HISTORICAL_CANONICAL\historical_material_availability.md | 07_HISTORICAL_CANONICAL\material_evidence.md | 07_HISTORICAL_CANONICAL\traditional_indian_materials.md | 07_HISTORICAL_CANONICAL\traditional_manufacturing.md | 08_INTERACTION\animal_interaction.md | 08_INTERACTION\architecture_interaction.md | 08_INTERACTION\environment_interaction.md | 08_INTERACTION\human_interaction.md | 08_INTERACTION\prop_interaction.md | 09_AI_PRODUCTION\artifact_prevention.md | 09_AI_PRODUCTION\candidate_selection.md | 09_AI_PRODUCTION\material_generation_validation.md | 09_AI_PRODUCTION\material_prompting.md | 09_AI_PRODUCTION\negative_constraints.md | 09_AI_PRODUCTION\reference_strategy.md | 10_CONTINUITY_QA\approval_criteria.md | 10_CONTINUITY_QA\cross_episode_consistency.md | 10_CONTINUITY_QA\cross_scene_consistency.md | 10_CONTINUITY_QA\cross_shot_consistency.md | 10_CONTINUITY_QA\material_continuity.md | 10_CONTINUITY_QA\realism_qa.md | 10_CONTINUITY_QA\temporal_consistency.md | 11_PRODUCTION_HANDOFF\3d_handoff.md | 11_PRODUCTION_HANDOFF\lighting_handoff.md | 11_PRODUCTION_HANDOFF\physics_handoff.md | 11_PRODUCTION_HANDOFF\render_validation.md | 11_PRODUCTION_HANDOFF\shader_handoff.md | 11_PRODUCTION_HANDOFF\texture_handoff.md | 11_PRODUCTION_HANDOFF\vfx_handoff.md | 12_REGISTRY\change_control.md | 12_REGISTRY\material_registry.md | 12_REGISTRY\material_variants.md | 12_REGISTRY\material_versions.md"
"LEATHER_AND_ANIMAL_MATERIALS\horn.md","0","0","","EMPTY_OLD_FILE_REVIEW","04_SURFACE_STRUCTURE\surface_renderer_validation_register.csv","0","04_SURFACE_STRUCTURE\surface_renderer_test_matrix.md","0","04_SURFACE_STRUCTURE\surface_renderer_confirmation_note.md","0","05_BEHAVIOR\aging.md | 05_BEHAVIOR\damage.md | 05_BEHAVIOR\dust_dirt_mud.md | 05_BEHAVIOR\environmental_response.md | 05_BEHAVIOR\repair.md | 05_BEHAVIOR\water_wetting_absorption.md | 05_BEHAVIOR\wear.md | 05_BEHAVIOR\weathering.md | 06_STATES\condition_states.md | 06_STATES\material_state_model.md | 06_STATES\state_continuity.md | 06_STATES\state_transitions.md | 06_STATES\thermal_states.md | 06_STATES\wet_dry_states.md | 07_HISTORICAL_CANONICAL\canonical_material_usage.md | 07_HISTORICAL_CANONICAL\conflicts_uncertainty.md | 07_HISTORICAL_CANONICAL\historical_material_availability.md | 07_HISTORICAL_CANONICAL\material_evidence.md | 07_HISTORICAL_CANONICAL\traditional_indian_materials.md | 07_HISTORICAL_CANONICAL\traditional_manufacturing.md | 08_INTERACTION\animal_interaction.md | 08_INTERACTION\architecture_interaction.md | 08_INTERACTION\environment_interaction.md | 08_INTERACTION\human_interaction.md | 08_INTERACTION\prop_interaction.md | 09_AI_PRODUCTION\artifact_prevention.md | 09_AI_PRODUCTION\candidate_selection.md | 09_AI_PRODUCTION\material_generation_validation.md | 09_AI_PRODUCTION\material_prompting.md | 09_AI_PRODUCTION\negative_constraints.md | 09_AI_PRODUCTION\reference_strategy.md | 10_CONTINUITY_QA\approval_criteria.md | 10_CONTINUITY_QA\cross_episode_consistency.md | 10_CONTINUITY_QA\cross_scene_consistency.md | 10_CONTINUITY_QA\cross_shot_consistency.md | 10_CONTINUITY_QA\material_continuity.md | 10_CONTINUITY_QA\realism_qa.md | 10_CONTINUITY_QA\temporal_consistency.md | 11_PRODUCTION_HANDOFF\3d_handoff.md | 11_PRODUCTION_HANDOFF\lighting_handoff.md | 11_PRODUCTION_HANDOFF\physics_handoff.md | 11_PRODUCTION_HANDOFF\render_validation.md | 11_PRODUCTION_HANDOFF\shader_handoff.md | 11_PRODUCTION_HANDOFF\texture_handoff.md | 11_PRODUCTION_HANDOFF\vfx_handoff.md | 12_REGISTRY\change_control.md | 12_REGISTRY\material_registry.md | 12_REGISTRY\material_variants.md | 12_REGISTRY\material_versions.md"
"LEATHER_AND_ANIMAL_MATERIALS\ivory_research.md","0","0","","EMPTY_OLD_FILE_REVIEW","04_SURFACE_STRUCTURE\surface_renderer_validation_register.csv","0","04_SURFACE_STRUCTURE\surface_renderer_test_matrix.md","0","04_SURFACE_STRUCTURE\surface_renderer_confirmation_note.md","0","05_BEHAVIOR\aging.md | 05_BEHAVIOR\damage.md | 05_BEHAVIOR\dust_dirt_mud.md | 05_BEHAVIOR\environmental_response.md | 05_BEHAVIOR\repair.md | 05_BEHAVIOR\water_wetting_absorption.md | 05_BEHAVIOR\wear.md | 05_BEHAVIOR\weathering.md | 06_STATES\condition_states.md | 06_STATES\material_state_model.md | 06_STATES\state_continuity.md | 06_STATES\state_transitions.md | 06_STATES\thermal_states.md | 06_STATES\wet_dry_states.md | 07_HISTORICAL_CANONICAL\canonical_material_usage.md | 07_HISTORICAL_CANONICAL\conflicts_uncertainty.md | 07_HISTORICAL_CANONICAL\historical_material_availability.md | 07_HISTORICAL_CANONICAL\material_evidence.md | 07_HISTORICAL_CANONICAL\traditional_indian_materials.md | 07_HISTORICAL_CANONICAL\traditional_manufacturing.md | 08_INTERACTION\animal_interaction.md | 08_INTERACTION\architecture_interaction.md | 08_INTERACTION\environment_interaction.md | 08_INTERACTION\human_interaction.md | 08_INTERACTION\prop_interaction.md | 09_AI_PRODUCTION\artifact_prevention.md | 09_AI_PRODUCTION\candidate_selection.md | 09_AI_PRODUCTION\material_generation_validation.md | 09_AI_PRODUCTION\material_prompting.md | 09_AI_PRODUCTION\negative_constraints.md | 09_AI_PRODUCTION\reference_strategy.md | 10_CONTINUITY_QA\approval_criteria.md | 10_CONTINUITY_QA\cross_episode_consistency.md | 10_CONTINUITY_QA\cross_scene_consistency.md | 10_CONTINUITY_QA\cross_shot_consistency.md | 10_CONTINUITY_QA\material_continuity.md | 10_CONTINUITY_QA\realism_qa.md | 10_CONTINUITY_QA\temporal_consistency.md | 11_PRODUCTION_HANDOFF\3d_handoff.md | 11_PRODUCTION_HANDOFF\lighting_handoff.md | 11_PRODUCTION_HANDOFF\physics_handoff.md | 11_PRODUCTION_HANDOFF\render_validation.md | 11_PRODUCTION_HANDOFF\shader_handoff.md | 11_PRODUCTION_HANDOFF\texture_handoff.md | 11_PRODUCTION_HANDOFF\vfx_handoff.md | 12_REGISTRY\change_control.md | 12_REGISTRY\material_registry.md | 12_REGISTRY\material_variants.md | 12_REGISTRY\material_versions.md"
"LEATHER_AND_ANIMAL_MATERIALS\leather.md","0","0","","EMPTY_OLD_FILE_REVIEW","04_SURFACE_STRUCTURE\surface_renderer_validation_register.csv","0","04_SURFACE_STRUCTURE\surface_renderer_test_matrix.md","0","04_SURFACE_STRUCTURE\surface_renderer_confirmation_note.md","0","05_BEHAVIOR\aging.md | 05_BEHAVIOR\damage.md | 05_BEHAVIOR\dust_dirt_mud.md | 05_BEHAVIOR\environmental_response.md | 05_BEHAVIOR\repair.md | 05_BEHAVIOR\water_wetting_absorption.md | 05_BEHAVIOR\wear.md | 05_BEHAVIOR\weathering.md | 06_STATES\condition_states.md | 06_STATES\material_state_model.md | 06_STATES\state_continuity.md | 06_STATES\state_transitions.md | 06_STATES\thermal_states.md | 06_STATES\wet_dry_states.md | 07_HISTORICAL_CANONICAL\canonical_material_usage.md | 07_HISTORICAL_CANONICAL\conflicts_uncertainty.md | 07_HISTORICAL_CANONICAL\historical_material_availability.md | 07_HISTORICAL_CANONICAL\material_evidence.md | 07_HISTORICAL_CANONICAL\traditional_indian_materials.md | 07_HISTORICAL_CANONICAL\traditional_manufacturing.md | 08_INTERACTION\animal_interaction.md | 08_INTERACTION\architecture_interaction.md | 08_INTERACTION\environment_interaction.md | 08_INTERACTION\human_interaction.md | 08_INTERACTION\prop_interaction.md | 09_AI_PRODUCTION\artifact_prevention.md | 09_AI_PRODUCTION\candidate_selection.md | 09_AI_PRODUCTION\material_generation_validation.md | 09_AI_PRODUCTION\material_prompting.md | 09_AI_PRODUCTION\negative_constraints.md | 09_AI_PRODUCTION\reference_strategy.md | 10_CONTINUITY_QA\approval_criteria.md | 10_CONTINUITY_QA\cross_episode_consistency.md | 10_CONTINUITY_QA\cross_scene_consistency.md | 10_CONTINUITY_QA\cross_shot_consistency.md | 10_CONTINUITY_QA\material_continuity.md | 10_CONTINUITY_QA\realism_qa.md | 10_CONTINUITY_QA\temporal_consistency.md | 11_PRODUCTION_HANDOFF\3d_handoff.md | 11_PRODUCTION_HANDOFF\lighting_handoff.md | 11_PRODUCTION_HANDOFF\physics_handoff.md | 11_PRODUCTION_HANDOFF\render_validation.md | 11_PRODUCTION_HANDOFF\shader_handoff.md | 11_PRODUCTION_HANDOFF\texture_handoff.md | 11_PRODUCTION_HANDOFF\vfx_handoff.md | 12_REGISTRY\change_control.md | 12_REGISTRY\material_registry.md | 12_REGISTRY\material_variants.md | 12_REGISTRY\material_versions.md"
"LEATHER_AND_ANIMAL_MATERIALS\shell.md","0","0","","EMPTY_OLD_FILE_REVIEW","04_SURFACE_STRUCTURE\surface_renderer_validation_register.csv","0","04_SURFACE_STRUCTURE\surface_renderer_test_matrix.md","0","04_SURFACE_STRUCTURE\surface_renderer_confirmation_note.md","0","05_BEHAVIOR\aging.md | 05_BEHAVIOR\damage.md | 05_BEHAVIOR\dust_dirt_mud.md | 05_BEHAVIOR\environmental_response.md | 05_BEHAVIOR\repair.md | 05_BEHAVIOR\water_wetting_absorption.md | 05_BEHAVIOR\wear.md | 05_BEHAVIOR\weathering.md | 06_STATES\condition_states.md | 06_STATES\material_state_model.md | 06_STATES\state_continuity.md | 06_STATES\state_transitions.md | 06_STATES\thermal_states.md | 06_STATES\wet_dry_states.md | 07_HISTORICAL_CANONICAL\canonical_material_usage.md | 07_HISTORICAL_CANONICAL\conflicts_uncertainty.md | 07_HISTORICAL_CANONICAL\historical_material_availability.md | 07_HISTORICAL_CANONICAL\material_evidence.md | 07_HISTORICAL_CANONICAL\traditional_indian_materials.md | 07_HISTORICAL_CANONICAL\traditional_manufacturing.md | 08_INTERACTION\animal_interaction.md | 08_INTERACTION\architecture_interaction.md | 08_INTERACTION\environment_interaction.md | 08_INTERACTION\human_interaction.md | 08_INTERACTION\prop_interaction.md | 09_AI_PRODUCTION\artifact_prevention.md | 09_AI_PRODUCTION\candidate_selection.md | 09_AI_PRODUCTION\material_generation_validation.md | 09_AI_PRODUCTION\material_prompting.md | 09_AI_PRODUCTION\negative_constraints.md | 09_AI_PRODUCTION\reference_strategy.md | 10_CONTINUITY_QA\approval_criteria.md | 10_CONTINUITY_QA\cross_episode_consistency.md | 10_CONTINUITY_QA\cross_scene_consistency.md | 10_CONTINUITY_QA\cross_shot_consistency.md | 10_CONTINUITY_QA\material_continuity.md | 10_CONTINUITY_QA\realism_qa.md | 10_CONTINUITY_QA\temporal_consistency.md | 11_PRODUCTION_HANDOFF\3d_handoff.md | 11_PRODUCTION_HANDOFF\lighting_handoff.md | 11_PRODUCTION_HANDOFF\physics_handoff.md | 11_PRODUCTION_HANDOFF\render_validation.md | 11_PRODUCTION_HANDOFF\shader_handoff.md | 11_PRODUCTION_HANDOFF\texture_handoff.md | 11_PRODUCTION_HANDOFF\vfx_handoff.md | 12_REGISTRY\change_control.md | 12_REGISTRY\material_registry.md | 12_REGISTRY\material_variants.md | 12_REGISTRY\material_versions.md"
"MATERIAL_COMBINATIONS\composite_materials.md","0","0","","EMPTY_OLD_FILE_REVIEW","04_SURFACE_STRUCTURE\surface_renderer_validation_register.csv","0","04_SURFACE_STRUCTURE\surface_renderer_test_matrix.md","0","04_SURFACE_STRUCTURE\surface_renderer_confirmation_note.md","0","05_BEHAVIOR\aging.md | 05_BEHAVIOR\damage.md | 05_BEHAVIOR\dust_dirt_mud.md | 05_BEHAVIOR\environmental_response.md | 05_BEHAVIOR\repair.md | 05_BEHAVIOR\water_wetting_absorption.md | 05_BEHAVIOR\wear.md | 05_BEHAVIOR\weathering.md | 06_STATES\condition_states.md | 06_STATES\material_state_model.md | 06_STATES\state_continuity.md | 06_STATES\state_transitions.md | 06_STATES\thermal_states.md | 06_STATES\wet_dry_states.md | 07_HISTORICAL_CANONICAL\canonical_material_usage.md | 07_HISTORICAL_CANONICAL\conflicts_uncertainty.md | 07_HISTORICAL_CANONICAL\historical_material_availability.md | 07_HISTORICAL_CANONICAL\material_evidence.md | 07_HISTORICAL_CANONICAL\traditional_indian_materials.md | 07_HISTORICAL_CANONICAL\traditional_manufacturing.md | 08_INTERACTION\animal_interaction.md | 08_INTERACTION\architecture_interaction.md | 08_INTERACTION\environment_interaction.md | 08_INTERACTION\human_interaction.md | 08_INTERACTION\prop_interaction.md | 09_AI_PRODUCTION\artifact_prevention.md | 09_AI_PRODUCTION\candidate_selection.md | 09_AI_PRODUCTION\material_generation_validation.md | 09_AI_PRODUCTION\material_prompting.md | 09_AI_PRODUCTION\negative_constraints.md | 09_AI_PRODUCTION\reference_strategy.md | 10_CONTINUITY_QA\approval_criteria.md | 10_CONTINUITY_QA\cross_episode_consistency.md | 10_CONTINUITY_QA\cross_scene_consistency.md | 10_CONTINUITY_QA\cross_shot_consistency.md | 10_CONTINUITY_QA\material_continuity.md | 10_CONTINUITY_QA\realism_qa.md | 10_CONTINUITY_QA\temporal_consistency.md | 11_PRODUCTION_HANDOFF\3d_handoff.md | 11_PRODUCTION_HANDOFF\lighting_handoff.md | 11_PRODUCTION_HANDOFF\physics_handoff.md | 11_PRODUCTION_HANDOFF\render_validation.md | 11_PRODUCTION_HANDOFF\shader_handoff.md | 11_PRODUCTION_HANDOFF\texture_handoff.md | 11_PRODUCTION_HANDOFF\vfx_handoff.md | 12_REGISTRY\change_control.md | 12_REGISTRY\material_registry.md | 12_REGISTRY\material_variants.md | 12_REGISTRY\material_versions.md"
"MATERIAL_COMBINATIONS\glass_metal.md","0","0","","EMPTY_OLD_FILE_REVIEW","04_SURFACE_STRUCTURE\surface_renderer_validation_register.csv","0","04_SURFACE_STRUCTURE\surface_renderer_test_matrix.md","0","04_SURFACE_STRUCTURE\surface_renderer_confirmation_note.md","0","05_BEHAVIOR\aging.md | 05_BEHAVIOR\damage.md | 05_BEHAVIOR\dust_dirt_mud.md | 05_BEHAVIOR\environmental_response.md | 05_BEHAVIOR\repair.md | 05_BEHAVIOR\water_wetting_absorption.md | 05_BEHAVIOR\wear.md | 05_BEHAVIOR\weathering.md | 06_STATES\condition_states.md | 06_STATES\material_state_model.md | 06_STATES\state_continuity.md | 06_STATES\state_transitions.md | 06_STATES\thermal_states.md | 06_STATES\wet_dry_states.md | 07_HISTORICAL_CANONICAL\canonical_material_usage.md | 07_HISTORICAL_CANONICAL\conflicts_uncertainty.md | 07_HISTORICAL_CANONICAL\historical_material_availability.md | 07_HISTORICAL_CANONICAL\material_evidence.md | 07_HISTORICAL_CANONICAL\traditional_indian_materials.md | 07_HISTORICAL_CANONICAL\traditional_manufacturing.md | 08_INTERACTION\animal_interaction.md | 08_INTERACTION\architecture_interaction.md | 08_INTERACTION\environment_interaction.md | 08_INTERACTION\human_interaction.md | 08_INTERACTION\prop_interaction.md | 09_AI_PRODUCTION\artifact_prevention.md | 09_AI_PRODUCTION\candidate_selection.md | 09_AI_PRODUCTION\material_generation_validation.md | 09_AI_PRODUCTION\material_prompting.md | 09_AI_PRODUCTION\negative_constraints.md | 09_AI_PRODUCTION\reference_strategy.md | 10_CONTINUITY_QA\approval_criteria.md | 10_CONTINUITY_QA\cross_episode_consistency.md | 10_CONTINUITY_QA\cross_scene_consistency.md | 10_CONTINUITY_QA\cross_shot_consistency.md | 10_CONTINUITY_QA\material_continuity.md | 10_CONTINUITY_QA\realism_qa.md | 10_CONTINUITY_QA\temporal_consistency.md | 11_PRODUCTION_HANDOFF\3d_handoff.md | 11_PRODUCTION_HANDOFF\lighting_handoff.md | 11_PRODUCTION_HANDOFF\physics_handoff.md | 11_PRODUCTION_HANDOFF\render_validation.md | 11_PRODUCTION_HANDOFF\shader_handoff.md | 11_PRODUCTION_HANDOFF\texture_handoff.md | 11_PRODUCTION_HANDOFF\vfx_handoff.md | 12_REGISTRY\change_control.md | 12_REGISTRY\material_registry.md | 12_REGISTRY\material_variants.md | 12_REGISTRY\material_versions.md"
"MATERIAL_COMBINATIONS\metal_stone.md","0","0","","EMPTY_OLD_FILE_REVIEW","04_SURFACE_STRUCTURE\surface_renderer_validation_register.csv","0","04_SURFACE_STRUCTURE\surface_renderer_test_matrix.md","0","04_SURFACE_STRUCTURE\surface_renderer_confirmation_note.md","0","05_BEHAVIOR\aging.md | 05_BEHAVIOR\damage.md | 05_BEHAVIOR\dust_dirt_mud.md | 05_BEHAVIOR\environmental_response.md | 05_BEHAVIOR\repair.md | 05_BEHAVIOR\water_wetting_absorption.md | 05_BEHAVIOR\wear.md | 05_BEHAVIOR\weathering.md | 06_STATES\condition_states.md | 06_STATES\material_state_model.md | 06_STATES\state_continuity.md | 06_STATES\state_transitions.md | 06_STATES\thermal_states.md | 06_STATES\wet_dry_states.md | 07_HISTORICAL_CANONICAL\canonical_material_usage.md | 07_HISTORICAL_CANONICAL\conflicts_uncertainty.md | 07_HISTORICAL_CANONICAL\historical_material_availability.md | 07_HISTORICAL_CANONICAL\material_evidence.md | 07_HISTORICAL_CANONICAL\traditional_indian_materials.md | 07_HISTORICAL_CANONICAL\traditional_manufacturing.md | 08_INTERACTION\animal_interaction.md | 08_INTERACTION\architecture_interaction.md | 08_INTERACTION\environment_interaction.md | 08_INTERACTION\human_interaction.md | 08_INTERACTION\prop_interaction.md | 09_AI_PRODUCTION\artifact_prevention.md | 09_AI_PRODUCTION\candidate_selection.md | 09_AI_PRODUCTION\material_generation_validation.md | 09_AI_PRODUCTION\material_prompting.md | 09_AI_PRODUCTION\negative_constraints.md | 09_AI_PRODUCTION\reference_strategy.md | 10_CONTINUITY_QA\approval_criteria.md | 10_CONTINUITY_QA\cross_episode_consistency.md | 10_CONTINUITY_QA\cross_scene_consistency.md | 10_CONTINUITY_QA\cross_shot_consistency.md | 10_CONTINUITY_QA\material_continuity.md | 10_CONTINUITY_QA\realism_qa.md | 10_CONTINUITY_QA\temporal_consistency.md | 11_PRODUCTION_HANDOFF\3d_handoff.md | 11_PRODUCTION_HANDOFF\lighting_handoff.md | 11_PRODUCTION_HANDOFF\physics_handoff.md | 11_PRODUCTION_HANDOFF\render_validation.md | 11_PRODUCTION_HANDOFF\shader_handoff.md | 11_PRODUCTION_HANDOFF\texture_handoff.md | 11_PRODUCTION_HANDOFF\vfx_handoff.md | 12_REGISTRY\change_control.md | 12_REGISTRY\material_registry.md | 12_REGISTRY\material_variants.md | 12_REGISTRY\material_versions.md"
"MATERIAL_COMBINATIONS\metal_wood.md","0","0","","EMPTY_OLD_FILE_REVIEW","04_SURFACE_STRUCTURE\surface_renderer_validation_register.csv","0","04_SURFACE_STRUCTURE\surface_renderer_test_matrix.md","0","04_SURFACE_STRUCTURE\surface_renderer_confirmation_note.md","0","05_BEHAVIOR\aging.md | 05_BEHAVIOR\damage.md | 05_BEHAVIOR\dust_dirt_mud.md | 05_BEHAVIOR\environmental_response.md | 05_BEHAVIOR\repair.md | 05_BEHAVIOR\water_wetting_absorption.md | 05_BEHAVIOR\wear.md | 05_BEHAVIOR\weathering.md | 06_STATES\condition_states.md | 06_STATES\material_state_model.md | 06_STATES\state_continuity.md | 06_STATES\state_transitions.md | 06_STATES\thermal_states.md | 06_STATES\wet_dry_states.md | 07_HISTORICAL_CANONICAL\canonical_material_usage.md | 07_HISTORICAL_CANONICAL\conflicts_uncertainty.md | 07_HISTORICAL_CANONICAL\historical_material_availability.md | 07_HISTORICAL_CANONICAL\material_evidence.md | 07_HISTORICAL_CANONICAL\traditional_indian_materials.md | 07_HISTORICAL_CANONICAL\traditional_manufacturing.md | 08_INTERACTION\animal_interaction.md | 08_INTERACTION\architecture_interaction.md | 08_INTERACTION\environment_interaction.md | 08_INTERACTION\human_interaction.md | 08_INTERACTION\prop_interaction.md | 09_AI_PRODUCTION\artifact_prevention.md | 09_AI_PRODUCTION\candidate_selection.md | 09_AI_PRODUCTION\material_generation_validation.md | 09_AI_PRODUCTION\material_prompting.md | 09_AI_PRODUCTION\negative_constraints.md | 09_AI_PRODUCTION\reference_strategy.md | 10_CONTINUITY_QA\approval_criteria.md | 10_CONTINUITY_QA\cross_episode_consistency.md | 10_CONTINUITY_QA\cross_scene_consistency.md | 10_CONTINUITY_QA\cross_shot_consistency.md | 10_CONTINUITY_QA\material_continuity.md | 10_CONTINUITY_QA\realism_qa.md | 10_CONTINUITY_QA\temporal_consistency.md | 11_PRODUCTION_HANDOFF\3d_handoff.md | 11_PRODUCTION_HANDOFF\lighting_handoff.md | 11_PRODUCTION_HANDOFF\physics_handoff.md | 11_PRODUCTION_HANDOFF\render_validation.md | 11_PRODUCTION_HANDOFF\shader_handoff.md | 11_PRODUCTION_HANDOFF\texture_handoff.md | 11_PRODUCTION_HANDOFF\vfx_handoff.md | 12_REGISTRY\change_control.md | 12_REGISTRY\material_registry.md | 12_REGISTRY\material_variants.md | 12_REGISTRY\material_versions.md"
"MATERIAL_COMBINATIONS\stone_wood.md","0","0","","EMPTY_OLD_FILE_REVIEW","04_SURFACE_STRUCTURE\surface_renderer_validation_register.csv","0","04_SURFACE_STRUCTURE\surface_renderer_test_matrix.md","0","04_SURFACE_STRUCTURE\surface_renderer_confirmation_note.md","0","05_BEHAVIOR\aging.md | 05_BEHAVIOR\damage.md | 05_BEHAVIOR\dust_dirt_mud.md | 05_BEHAVIOR\environmental_response.md | 05_BEHAVIOR\repair.md | 05_BEHAVIOR\water_wetting_absorption.md | 05_BEHAVIOR\wear.md | 05_BEHAVIOR\weathering.md | 06_STATES\condition_states.md | 06_STATES\material_state_model.md | 06_STATES\state_continuity.md | 06_STATES\state_transitions.md | 06_STATES\thermal_states.md | 06_STATES\wet_dry_states.md | 07_HISTORICAL_CANONICAL\canonical_material_usage.md | 07_HISTORICAL_CANONICAL\conflicts_uncertainty.md | 07_HISTORICAL_CANONICAL\historical_material_availability.md | 07_HISTORICAL_CANONICAL\material_evidence.md | 07_HISTORICAL_CANONICAL\traditional_indian_materials.md | 07_HISTORICAL_CANONICAL\traditional_manufacturing.md | 08_INTERACTION\animal_interaction.md | 08_INTERACTION\architecture_interaction.md | 08_INTERACTION\environment_interaction.md | 08_INTERACTION\human_interaction.md | 08_INTERACTION\prop_interaction.md | 09_AI_PRODUCTION\artifact_prevention.md | 09_AI_PRODUCTION\candidate_selection.md | 09_AI_PRODUCTION\material_generation_validation.md | 09_AI_PRODUCTION\material_prompting.md | 09_AI_PRODUCTION\negative_constraints.md | 09_AI_PRODUCTION\reference_strategy.md | 10_CONTINUITY_QA\approval_criteria.md | 10_CONTINUITY_QA\cross_episode_consistency.md | 10_CONTINUITY_QA\cross_scene_consistency.md | 10_CONTINUITY_QA\cross_shot_consistency.md | 10_CONTINUITY_QA\material_continuity.md | 10_CONTINUITY_QA\realism_qa.md | 10_CONTINUITY_QA\temporal_consistency.md | 11_PRODUCTION_HANDOFF\3d_handoff.md | 11_PRODUCTION_HANDOFF\lighting_handoff.md | 11_PRODUCTION_HANDOFF\physics_handoff.md | 11_PRODUCTION_HANDOFF\render_validation.md | 11_PRODUCTION_HANDOFF\shader_handoff.md | 11_PRODUCTION_HANDOFF\texture_handoff.md | 11_PRODUCTION_HANDOFF\vfx_handoff.md | 12_REGISTRY\change_control.md | 12_REGISTRY\material_registry.md | 12_REGISTRY\material_variants.md | 12_REGISTRY\material_versions.md"
"MATERIAL_COMBINATIONS\textile_leather.md","0","0","","EMPTY_OLD_FILE_REVIEW","04_SURFACE_STRUCTURE\surface_renderer_validation_register.csv","0","04_SURFACE_STRUCTURE\surface_renderer_test_matrix.md","0","04_SURFACE_STRUCTURE\surface_renderer_confirmation_note.md","0","05_BEHAVIOR\aging.md | 05_BEHAVIOR\damage.md | 05_BEHAVIOR\dust_dirt_mud.md | 05_BEHAVIOR\environmental_response.md | 05_BEHAVIOR\repair.md | 05_BEHAVIOR\water_wetting_absorption.md | 05_BEHAVIOR\wear.md | 05_BEHAVIOR\weathering.md | 06_STATES\condition_states.md | 06_STATES\material_state_model.md | 06_STATES\state_continuity.md | 06_STATES\state_transitions.md | 06_STATES\thermal_states.md | 06_STATES\wet_dry_states.md | 07_HISTORICAL_CANONICAL\canonical_material_usage.md | 07_HISTORICAL_CANONICAL\conflicts_uncertainty.md | 07_HISTORICAL_CANONICAL\historical_material_availability.md | 07_HISTORICAL_CANONICAL\material_evidence.md | 07_HISTORICAL_CANONICAL\traditional_indian_materials.md | 07_HISTORICAL_CANONICAL\traditional_manufacturing.md | 08_INTERACTION\animal_interaction.md | 08_INTERACTION\architecture_interaction.md | 08_INTERACTION\environment_interaction.md | 08_INTERACTION\human_interaction.md | 08_INTERACTION\prop_interaction.md | 09_AI_PRODUCTION\artifact_prevention.md | 09_AI_PRODUCTION\candidate_selection.md | 09_AI_PRODUCTION\material_generation_validation.md | 09_AI_PRODUCTION\material_prompting.md | 09_AI_PRODUCTION\negative_constraints.md | 09_AI_PRODUCTION\reference_strategy.md | 10_CONTINUITY_QA\approval_criteria.md | 10_CONTINUITY_QA\cross_episode_consistency.md | 10_CONTINUITY_QA\cross_scene_consistency.md | 10_CONTINUITY_QA\cross_shot_consistency.md | 10_CONTINUITY_QA\material_continuity.md | 10_CONTINUITY_QA\realism_qa.md | 10_CONTINUITY_QA\temporal_consistency.md | 11_PRODUCTION_HANDOFF\3d_handoff.md | 11_PRODUCTION_HANDOFF\lighting_handoff.md | 11_PRODUCTION_HANDOFF\physics_handoff.md | 11_PRODUCTION_HANDOFF\render_validation.md | 11_PRODUCTION_HANDOFF\shader_handoff.md | 11_PRODUCTION_HANDOFF\texture_handoff.md | 11_PRODUCTION_HANDOFF\vfx_handoff.md | 12_REGISTRY\change_control.md | 12_REGISTRY\material_registry.md | 12_REGISTRY\material_variants.md | 12_REGISTRY\material_versions.md"
"MATERIAL_COMBINATIONS\textile_metal.md","0","0","","EMPTY_OLD_FILE_REVIEW","04_SURFACE_STRUCTURE\surface_renderer_validation_register.csv","0","04_SURFACE_STRUCTURE\surface_renderer_test_matrix.md","0","04_SURFACE_STRUCTURE\surface_renderer_confirmation_note.md","0","05_BEHAVIOR\aging.md | 05_BEHAVIOR\damage.md | 05_BEHAVIOR\dust_dirt_mud.md | 05_BEHAVIOR\environmental_response.md | 05_BEHAVIOR\repair.md | 05_BEHAVIOR\water_wetting_absorption.md | 05_BEHAVIOR\wear.md | 05_BEHAVIOR\weathering.md | 06_STATES\condition_states.md | 06_STATES\material_state_model.md | 06_STATES\state_continuity.md | 06_STATES\state_transitions.md | 06_STATES\thermal_states.md | 06_STATES\wet_dry_states.md | 07_HISTORICAL_CANONICAL\canonical_material_usage.md | 07_HISTORICAL_CANONICAL\conflicts_uncertainty.md | 07_HISTORICAL_CANONICAL\historical_material_availability.md | 07_HISTORICAL_CANONICAL\material_evidence.md | 07_HISTORICAL_CANONICAL\traditional_indian_materials.md | 07_HISTORICAL_CANONICAL\traditional_manufacturing.md | 08_INTERACTION\animal_interaction.md | 08_INTERACTION\architecture_interaction.md | 08_INTERACTION\environment_interaction.md | 08_INTERACTION\human_interaction.md | 08_INTERACTION\prop_interaction.md | 09_AI_PRODUCTION\artifact_prevention.md | 09_AI_PRODUCTION\candidate_selection.md | 09_AI_PRODUCTION\material_generation_validation.md | 09_AI_PRODUCTION\material_prompting.md | 09_AI_PRODUCTION\negative_constraints.md | 09_AI_PRODUCTION\reference_strategy.md | 10_CONTINUITY_QA\approval_criteria.md | 10_CONTINUITY_QA\cross_episode_consistency.md | 10_CONTINUITY_QA\cross_scene_consistency.md | 10_CONTINUITY_QA\cross_shot_consistency.md | 10_CONTINUITY_QA\material_continuity.md | 10_CONTINUITY_QA\realism_qa.md | 10_CONTINUITY_QA\temporal_consistency.md | 11_PRODUCTION_HANDOFF\3d_handoff.md | 11_PRODUCTION_HANDOFF\lighting_handoff.md | 11_PRODUCTION_HANDOFF\physics_handoff.md | 11_PRODUCTION_HANDOFF\render_validation.md | 11_PRODUCTION_HANDOFF\shader_handoff.md | 11_PRODUCTION_HANDOFF\texture_handoff.md | 11_PRODUCTION_HANDOFF\vfx_handoff.md | 12_REGISTRY\change_control.md | 12_REGISTRY\material_registry.md | 12_REGISTRY\material_variants.md | 12_REGISTRY\material_versions.md"
"MATERIAL_COMBINATIONS\wood_textile.md","0","0","","EMPTY_OLD_FILE_REVIEW","04_SURFACE_STRUCTURE\surface_renderer_validation_register.csv","0","04_SURFACE_STRUCTURE\surface_renderer_test_matrix.md","0","04_SURFACE_STRUCTURE\surface_renderer_confirmation_note.md","0","05_BEHAVIOR\aging.md | 05_BEHAVIOR\damage.md | 05_BEHAVIOR\dust_dirt_mud.md | 05_BEHAVIOR\environmental_response.md | 05_BEHAVIOR\repair.md | 05_BEHAVIOR\water_wetting_absorption.md | 05_BEHAVIOR\wear.md | 05_BEHAVIOR\weathering.md | 06_STATES\condition_states.md | 06_STATES\material_state_model.md | 06_STATES\state_continuity.md | 06_STATES\state_transitions.md | 06_STATES\thermal_states.md | 06_STATES\wet_dry_states.md | 07_HISTORICAL_CANONICAL\canonical_material_usage.md | 07_HISTORICAL_CANONICAL\conflicts_uncertainty.md | 07_HISTORICAL_CANONICAL\historical_material_availability.md | 07_HISTORICAL_CANONICAL\material_evidence.md | 07_HISTORICAL_CANONICAL\traditional_indian_materials.md | 07_HISTORICAL_CANONICAL\traditional_manufacturing.md | 08_INTERACTION\animal_interaction.md | 08_INTERACTION\architecture_interaction.md | 08_INTERACTION\environment_interaction.md | 08_INTERACTION\human_interaction.md | 08_INTERACTION\prop_interaction.md | 09_AI_PRODUCTION\artifact_prevention.md | 09_AI_PRODUCTION\candidate_selection.md | 09_AI_PRODUCTION\material_generation_validation.md | 09_AI_PRODUCTION\material_prompting.md | 09_AI_PRODUCTION\negative_constraints.md | 09_AI_PRODUCTION\reference_strategy.md | 10_CONTINUITY_QA\approval_criteria.md | 10_CONTINUITY_QA\cross_episode_consistency.md | 10_CONTINUITY_QA\cross_scene_consistency.md | 10_CONTINUITY_QA\cross_shot_consistency.md | 10_CONTINUITY_QA\material_continuity.md | 10_CONTINUITY_QA\realism_qa.md | 10_CONTINUITY_QA\temporal_consistency.md | 11_PRODUCTION_HANDOFF\3d_handoff.md | 11_PRODUCTION_HANDOFF\lighting_handoff.md | 11_PRODUCTION_HANDOFF\physics_handoff.md | 11_PRODUCTION_HANDOFF\render_validation.md | 11_PRODUCTION_HANDOFF\shader_handoff.md | 11_PRODUCTION_HANDOFF\texture_handoff.md | 11_PRODUCTION_HANDOFF\vfx_handoff.md | 12_REGISTRY\change_control.md | 12_REGISTRY\material_registry.md | 12_REGISTRY\material_variants.md | 12_REGISTRY\material_versions.md"
"MATERIAL_INTERACTION\cold_interaction.md","0","0","","EMPTY_OLD_FILE_REVIEW","04_SURFACE_STRUCTURE\surface_renderer_validation_register.csv","0","04_SURFACE_STRUCTURE\surface_renderer_test_matrix.md","0","04_SURFACE_STRUCTURE\surface_renderer_confirmation_note.md","0","05_BEHAVIOR\aging.md | 05_BEHAVIOR\damage.md | 05_BEHAVIOR\dust_dirt_mud.md | 05_BEHAVIOR\environmental_response.md | 05_BEHAVIOR\repair.md | 05_BEHAVIOR\water_wetting_absorption.md | 05_BEHAVIOR\wear.md | 05_BEHAVIOR\weathering.md | 06_STATES\condition_states.md | 06_STATES\material_state_model.md | 06_STATES\state_continuity.md | 06_STATES\state_transitions.md | 06_STATES\thermal_states.md | 06_STATES\wet_dry_states.md | 07_HISTORICAL_CANONICAL\canonical_material_usage.md | 07_HISTORICAL_CANONICAL\conflicts_uncertainty.md | 07_HISTORICAL_CANONICAL\historical_material_availability.md | 07_HISTORICAL_CANONICAL\material_evidence.md | 07_HISTORICAL_CANONICAL\traditional_indian_materials.md | 07_HISTORICAL_CANONICAL\traditional_manufacturing.md | 08_INTERACTION\animal_interaction.md | 08_INTERACTION\architecture_interaction.md | 08_INTERACTION\environment_interaction.md | 08_INTERACTION\human_interaction.md | 08_INTERACTION\prop_interaction.md | 09_AI_PRODUCTION\artifact_prevention.md | 09_AI_PRODUCTION\candidate_selection.md | 09_AI_PRODUCTION\material_generation_validation.md | 09_AI_PRODUCTION\material_prompting.md | 09_AI_PRODUCTION\negative_constraints.md | 09_AI_PRODUCTION\reference_strategy.md | 10_CONTINUITY_QA\approval_criteria.md | 10_CONTINUITY_QA\cross_episode_consistency.md | 10_CONTINUITY_QA\cross_scene_consistency.md | 10_CONTINUITY_QA\cross_shot_consistency.md | 10_CONTINUITY_QA\material_continuity.md | 10_CONTINUITY_QA\realism_qa.md | 10_CONTINUITY_QA\temporal_consistency.md | 11_PRODUCTION_HANDOFF\3d_handoff.md | 11_PRODUCTION_HANDOFF\lighting_handoff.md | 11_PRODUCTION_HANDOFF\physics_handoff.md | 11_PRODUCTION_HANDOFF\render_validation.md | 11_PRODUCTION_HANDOFF\shader_handoff.md | 11_PRODUCTION_HANDOFF\texture_handoff.md | 11_PRODUCTION_HANDOFF\vfx_handoff.md | 12_REGISTRY\change_control.md | 12_REGISTRY\material_registry.md | 12_REGISTRY\material_variants.md | 12_REGISTRY\material_versions.md"
"MATERIAL_INTERACTION\contact_interaction.md","0","0","","EMPTY_OLD_FILE_REVIEW","04_SURFACE_STRUCTURE\surface_renderer_validation_register.csv","0","04_SURFACE_STRUCTURE\surface_renderer_test_matrix.md","0","04_SURFACE_STRUCTURE\surface_renderer_confirmation_note.md","0","05_BEHAVIOR\aging.md | 05_BEHAVIOR\damage.md | 05_BEHAVIOR\dust_dirt_mud.md | 05_BEHAVIOR\environmental_response.md | 05_BEHAVIOR\repair.md | 05_BEHAVIOR\water_wetting_absorption.md | 05_BEHAVIOR\wear.md | 05_BEHAVIOR\weathering.md | 06_STATES\condition_states.md | 06_STATES\material_state_model.md | 06_STATES\state_continuity.md | 06_STATES\state_transitions.md | 06_STATES\thermal_states.md | 06_STATES\wet_dry_states.md | 07_HISTORICAL_CANONICAL\canonical_material_usage.md | 07_HISTORICAL_CANONICAL\conflicts_uncertainty.md | 07_HISTORICAL_CANONICAL\historical_material_availability.md | 07_HISTORICAL_CANONICAL\material_evidence.md | 07_HISTORICAL_CANONICAL\traditional_indian_materials.md | 07_HISTORICAL_CANONICAL\traditional_manufacturing.md | 08_INTERACTION\animal_interaction.md | 08_INTERACTION\architecture_interaction.md | 08_INTERACTION\environment_interaction.md | 08_INTERACTION\human_interaction.md | 08_INTERACTION\prop_interaction.md | 09_AI_PRODUCTION\artifact_prevention.md | 09_AI_PRODUCTION\candidate_selection.md | 09_AI_PRODUCTION\material_generation_validation.md | 09_AI_PRODUCTION\material_prompting.md | 09_AI_PRODUCTION\negative_constraints.md | 09_AI_PRODUCTION\reference_strategy.md | 10_CONTINUITY_QA\approval_criteria.md | 10_CONTINUITY_QA\cross_episode_consistency.md | 10_CONTINUITY_QA\cross_scene_consistency.md | 10_CONTINUITY_QA\cross_shot_consistency.md | 10_CONTINUITY_QA\material_continuity.md | 10_CONTINUITY_QA\realism_qa.md | 10_CONTINUITY_QA\temporal_consistency.md | 11_PRODUCTION_HANDOFF\3d_handoff.md | 11_PRODUCTION_HANDOFF\lighting_handoff.md | 11_PRODUCTION_HANDOFF\physics_handoff.md | 11_PRODUCTION_HANDOFF\render_validation.md | 11_PRODUCTION_HANDOFF\shader_handoff.md | 11_PRODUCTION_HANDOFF\texture_handoff.md | 11_PRODUCTION_HANDOFF\vfx_handoff.md | 12_REGISTRY\change_control.md | 12_REGISTRY\material_registry.md | 12_REGISTRY\material_variants.md | 12_REGISTRY\material_versions.md"
"MATERIAL_INTERACTION\dust_interaction.md","0","0","","EMPTY_OLD_FILE_REVIEW","04_SURFACE_STRUCTURE\surface_renderer_validation_register.csv","0","04_SURFACE_STRUCTURE\surface_renderer_test_matrix.md","0","04_SURFACE_STRUCTURE\surface_renderer_confirmation_note.md","0","05_BEHAVIOR\aging.md | 05_BEHAVIOR\damage.md | 05_BEHAVIOR\dust_dirt_mud.md | 05_BEHAVIOR\environmental_response.md | 05_BEHAVIOR\repair.md | 05_BEHAVIOR\water_wetting_absorption.md | 05_BEHAVIOR\wear.md | 05_BEHAVIOR\weathering.md | 06_STATES\condition_states.md | 06_STATES\material_state_model.md | 06_STATES\state_continuity.md | 06_STATES\state_transitions.md | 06_STATES\thermal_states.md | 06_STATES\wet_dry_states.md | 07_HISTORICAL_CANONICAL\canonical_material_usage.md | 07_HISTORICAL_CANONICAL\conflicts_uncertainty.md | 07_HISTORICAL_CANONICAL\historical_material_availability.md | 07_HISTORICAL_CANONICAL\material_evidence.md | 07_HISTORICAL_CANONICAL\traditional_indian_materials.md | 07_HISTORICAL_CANONICAL\traditional_manufacturing.md | 08_INTERACTION\animal_interaction.md | 08_INTERACTION\architecture_interaction.md | 08_INTERACTION\environment_interaction.md | 08_INTERACTION\human_interaction.md | 08_INTERACTION\prop_interaction.md | 09_AI_PRODUCTION\artifact_prevention.md | 09_AI_PRODUCTION\candidate_selection.md | 09_AI_PRODUCTION\material_generation_validation.md | 09_AI_PRODUCTION\material_prompting.md | 09_AI_PRODUCTION\negative_constraints.md | 09_AI_PRODUCTION\reference_strategy.md | 10_CONTINUITY_QA\approval_criteria.md | 10_CONTINUITY_QA\cross_episode_consistency.md | 10_CONTINUITY_QA\cross_scene_consistency.md | 10_CONTINUITY_QA\cross_shot_consistency.md | 10_CONTINUITY_QA\material_continuity.md | 10_CONTINUITY_QA\realism_qa.md | 10_CONTINUITY_QA\temporal_consistency.md | 11_PRODUCTION_HANDOFF\3d_handoff.md | 11_PRODUCTION_HANDOFF\lighting_handoff.md | 11_PRODUCTION_HANDOFF\physics_handoff.md | 11_PRODUCTION_HANDOFF\render_validation.md | 11_PRODUCTION_HANDOFF\shader_handoff.md | 11_PRODUCTION_HANDOFF\texture_handoff.md | 11_PRODUCTION_HANDOFF\vfx_handoff.md | 12_REGISTRY\change_control.md | 12_REGISTRY\material_registry.md | 12_REGISTRY\material_variants.md | 12_REGISTRY\material_versions.md"
"MATERIAL_INTERACTION\fire_interaction.md","0","0","","EMPTY_OLD_FILE_REVIEW","04_SURFACE_STRUCTURE\surface_renderer_validation_register.csv","0","04_SURFACE_STRUCTURE\surface_renderer_test_matrix.md","0","04_SURFACE_STRUCTURE\surface_renderer_confirmation_note.md","0","05_BEHAVIOR\aging.md | 05_BEHAVIOR\damage.md | 05_BEHAVIOR\dust_dirt_mud.md | 05_BEHAVIOR\environmental_response.md | 05_BEHAVIOR\repair.md | 05_BEHAVIOR\water_wetting_absorption.md | 05_BEHAVIOR\wear.md | 05_BEHAVIOR\weathering.md | 06_STATES\condition_states.md | 06_STATES\material_state_model.md | 06_STATES\state_continuity.md | 06_STATES\state_transitions.md | 06_STATES\thermal_states.md | 06_STATES\wet_dry_states.md | 07_HISTORICAL_CANONICAL\canonical_material_usage.md | 07_HISTORICAL_CANONICAL\conflicts_uncertainty.md | 07_HISTORICAL_CANONICAL\historical_material_availability.md | 07_HISTORICAL_CANONICAL\material_evidence.md | 07_HISTORICAL_CANONICAL\traditional_indian_materials.md | 07_HISTORICAL_CANONICAL\traditional_manufacturing.md | 08_INTERACTION\animal_interaction.md | 08_INTERACTION\architecture_interaction.md | 08_INTERACTION\environment_interaction.md | 08_INTERACTION\human_interaction.md | 08_INTERACTION\prop_interaction.md | 09_AI_PRODUCTION\artifact_prevention.md | 09_AI_PRODUCTION\candidate_selection.md | 09_AI_PRODUCTION\material_generation_validation.md | 09_AI_PRODUCTION\material_prompting.md | 09_AI_PRODUCTION\negative_constraints.md | 09_AI_PRODUCTION\reference_strategy.md | 10_CONTINUITY_QA\approval_criteria.md | 10_CONTINUITY_QA\cross_episode_consistency.md | 10_CONTINUITY_QA\cross_scene_consistency.md | 10_CONTINUITY_QA\cross_shot_consistency.md | 10_CONTINUITY_QA\material_continuity.md | 10_CONTINUITY_QA\realism_qa.md | 10_CONTINUITY_QA\temporal_consistency.md | 11_PRODUCTION_HANDOFF\3d_handoff.md | 11_PRODUCTION_HANDOFF\lighting_handoff.md | 11_PRODUCTION_HANDOFF\physics_handoff.md | 11_PRODUCTION_HANDOFF\render_validation.md | 11_PRODUCTION_HANDOFF\shader_handoff.md | 11_PRODUCTION_HANDOFF\texture_handoff.md | 11_PRODUCTION_HANDOFF\vfx_handoff.md | 12_REGISTRY\change_control.md | 12_REGISTRY\material_registry.md | 12_REGISTRY\material_variants.md | 12_REGISTRY\material_versions.md"
"MATERIAL_INTERACTION\heat_interaction.md","0","0","","EMPTY_OLD_FILE_REVIEW","04_SURFACE_STRUCTURE\surface_renderer_validation_register.csv","0","04_SURFACE_STRUCTURE\surface_renderer_test_matrix.md","0","04_SURFACE_STRUCTURE\surface_renderer_confirmation_note.md","0","05_BEHAVIOR\aging.md | 05_BEHAVIOR\damage.md | 05_BEHAVIOR\dust_dirt_mud.md | 05_BEHAVIOR\environmental_response.md | 05_BEHAVIOR\repair.md | 05_BEHAVIOR\water_wetting_absorption.md | 05_BEHAVIOR\wear.md | 05_BEHAVIOR\weathering.md | 06_STATES\condition_states.md | 06_STATES\material_state_model.md | 06_STATES\state_continuity.md | 06_STATES\state_transitions.md | 06_STATES\thermal_states.md | 06_STATES\wet_dry_states.md | 07_HISTORICAL_CANONICAL\canonical_material_usage.md | 07_HISTORICAL_CANONICAL\conflicts_uncertainty.md | 07_HISTORICAL_CANONICAL\historical_material_availability.md | 07_HISTORICAL_CANONICAL\material_evidence.md | 07_HISTORICAL_CANONICAL\traditional_indian_materials.md | 07_HISTORICAL_CANONICAL\traditional_manufacturing.md | 08_INTERACTION\animal_interaction.md | 08_INTERACTION\architecture_interaction.md | 08_INTERACTION\environment_interaction.md | 08_INTERACTION\human_interaction.md | 08_INTERACTION\prop_interaction.md | 09_AI_PRODUCTION\artifact_prevention.md | 09_AI_PRODUCTION\candidate_selection.md | 09_AI_PRODUCTION\material_generation_validation.md | 09_AI_PRODUCTION\material_prompting.md | 09_AI_PRODUCTION\negative_constraints.md | 09_AI_PRODUCTION\reference_strategy.md | 10_CONTINUITY_QA\approval_criteria.md | 10_CONTINUITY_QA\cross_episode_consistency.md | 10_CONTINUITY_QA\cross_scene_consistency.md | 10_CONTINUITY_QA\cross_shot_consistency.md | 10_CONTINUITY_QA\material_continuity.md | 10_CONTINUITY_QA\realism_qa.md | 10_CONTINUITY_QA\temporal_consistency.md | 11_PRODUCTION_HANDOFF\3d_handoff.md | 11_PRODUCTION_HANDOFF\lighting_handoff.md | 11_PRODUCTION_HANDOFF\physics_handoff.md | 11_PRODUCTION_HANDOFF\render_validation.md | 11_PRODUCTION_HANDOFF\shader_handoff.md | 11_PRODUCTION_HANDOFF\texture_handoff.md | 11_PRODUCTION_HANDOFF\vfx_handoff.md | 12_REGISTRY\change_control.md | 12_REGISTRY\material_registry.md | 12_REGISTRY\material_variants.md | 12_REGISTRY\material_versions.md"
"MATERIAL_INTERACTION\moonlight_interaction.md","0","0","","EMPTY_OLD_FILE_REVIEW","04_SURFACE_STRUCTURE\surface_renderer_validation_register.csv","0","04_SURFACE_STRUCTURE\surface_renderer_test_matrix.md","0","04_SURFACE_STRUCTURE\surface_renderer_confirmation_note.md","0","05_BEHAVIOR\aging.md | 05_BEHAVIOR\damage.md | 05_BEHAVIOR\dust_dirt_mud.md | 05_BEHAVIOR\environmental_response.md | 05_BEHAVIOR\repair.md | 05_BEHAVIOR\water_wetting_absorption.md | 05_BEHAVIOR\wear.md | 05_BEHAVIOR\weathering.md | 06_STATES\condition_states.md | 06_STATES\material_state_model.md | 06_STATES\state_continuity.md | 06_STATES\state_transitions.md | 06_STATES\thermal_states.md | 06_STATES\wet_dry_states.md | 07_HISTORICAL_CANONICAL\canonical_material_usage.md | 07_HISTORICAL_CANONICAL\conflicts_uncertainty.md | 07_HISTORICAL_CANONICAL\historical_material_availability.md | 07_HISTORICAL_CANONICAL\material_evidence.md | 07_HISTORICAL_CANONICAL\traditional_indian_materials.md | 07_HISTORICAL_CANONICAL\traditional_manufacturing.md | 08_INTERACTION\animal_interaction.md | 08_INTERACTION\architecture_interaction.md | 08_INTERACTION\environment_interaction.md | 08_INTERACTION\human_interaction.md | 08_INTERACTION\prop_interaction.md | 09_AI_PRODUCTION\artifact_prevention.md | 09_AI_PRODUCTION\candidate_selection.md | 09_AI_PRODUCTION\material_generation_validation.md | 09_AI_PRODUCTION\material_prompting.md | 09_AI_PRODUCTION\negative_constraints.md | 09_AI_PRODUCTION\reference_strategy.md | 10_CONTINUITY_QA\approval_criteria.md | 10_CONTINUITY_QA\cross_episode_consistency.md | 10_CONTINUITY_QA\cross_scene_consistency.md | 10_CONTINUITY_QA\cross_shot_consistency.md | 10_CONTINUITY_QA\material_continuity.md | 10_CONTINUITY_QA\realism_qa.md | 10_CONTINUITY_QA\temporal_consistency.md | 11_PRODUCTION_HANDOFF\3d_handoff.md | 11_PRODUCTION_HANDOFF\lighting_handoff.md | 11_PRODUCTION_HANDOFF\physics_handoff.md | 11_PRODUCTION_HANDOFF\render_validation.md | 11_PRODUCTION_HANDOFF\shader_handoff.md | 11_PRODUCTION_HANDOFF\texture_handoff.md | 11_PRODUCTION_HANDOFF\vfx_handoff.md | 12_REGISTRY\change_control.md | 12_REGISTRY\material_registry.md | 12_REGISTRY\material_variants.md | 12_REGISTRY\material_versions.md"
"MATERIAL_INTERACTION\smoke_interaction.md","0","0","","EMPTY_OLD_FILE_REVIEW","04_SURFACE_STRUCTURE\surface_renderer_validation_register.csv","0","04_SURFACE_STRUCTURE\surface_renderer_test_matrix.md","0","04_SURFACE_STRUCTURE\surface_renderer_confirmation_note.md","0","05_BEHAVIOR\aging.md | 05_BEHAVIOR\damage.md | 05_BEHAVIOR\dust_dirt_mud.md | 05_BEHAVIOR\environmental_response.md | 05_BEHAVIOR\repair.md | 05_BEHAVIOR\water_wetting_absorption.md | 05_BEHAVIOR\wear.md | 05_BEHAVIOR\weathering.md | 06_STATES\condition_states.md | 06_STATES\material_state_model.md | 06_STATES\state_continuity.md | 06_STATES\state_transitions.md | 06_STATES\thermal_states.md | 06_STATES\wet_dry_states.md | 07_HISTORICAL_CANONICAL\canonical_material_usage.md | 07_HISTORICAL_CANONICAL\conflicts_uncertainty.md | 07_HISTORICAL_CANONICAL\historical_material_availability.md | 07_HISTORICAL_CANONICAL\material_evidence.md | 07_HISTORICAL_CANONICAL\traditional_indian_materials.md | 07_HISTORICAL_CANONICAL\traditional_manufacturing.md | 08_INTERACTION\animal_interaction.md | 08_INTERACTION\architecture_interaction.md | 08_INTERACTION\environment_interaction.md | 08_INTERACTION\human_interaction.md | 08_INTERACTION\prop_interaction.md | 09_AI_PRODUCTION\artifact_prevention.md | 09_AI_PRODUCTION\candidate_selection.md | 09_AI_PRODUCTION\material_generation_validation.md | 09_AI_PRODUCTION\material_prompting.md | 09_AI_PRODUCTION\negative_constraints.md | 09_AI_PRODUCTION\reference_strategy.md | 10_CONTINUITY_QA\approval_criteria.md | 10_CONTINUITY_QA\cross_episode_consistency.md | 10_CONTINUITY_QA\cross_scene_consistency.md | 10_CONTINUITY_QA\cross_shot_consistency.md | 10_CONTINUITY_QA\material_continuity.md | 10_CONTINUITY_QA\realism_qa.md | 10_CONTINUITY_QA\temporal_consistency.md | 11_PRODUCTION_HANDOFF\3d_handoff.md | 11_PRODUCTION_HANDOFF\lighting_handoff.md | 11_PRODUCTION_HANDOFF\physics_handoff.md | 11_PRODUCTION_HANDOFF\render_validation.md | 11_PRODUCTION_HANDOFF\shader_handoff.md | 11_PRODUCTION_HANDOFF\texture_handoff.md | 11_PRODUCTION_HANDOFF\vfx_handoff.md | 12_REGISTRY\change_control.md | 12_REGISTRY\material_registry.md | 12_REGISTRY\material_variants.md | 12_REGISTRY\material_versions.md"
"MATERIAL_INTERACTION\sunlight_interaction.md","0","0","","EMPTY_OLD_FILE_REVIEW","04_SURFACE_STRUCTURE\surface_renderer_validation_register.csv","0","04_SURFACE_STRUCTURE\surface_renderer_test_matrix.md","0","04_SURFACE_STRUCTURE\surface_renderer_confirmation_note.md","0","05_BEHAVIOR\aging.md | 05_BEHAVIOR\damage.md | 05_BEHAVIOR\dust_dirt_mud.md | 05_BEHAVIOR\environmental_response.md | 05_BEHAVIOR\repair.md | 05_BEHAVIOR\water_wetting_absorption.md | 05_BEHAVIOR\wear.md | 05_BEHAVIOR\weathering.md | 06_STATES\condition_states.md | 06_STATES\material_state_model.md | 06_STATES\state_continuity.md | 06_STATES\state_transitions.md | 06_STATES\thermal_states.md | 06_STATES\wet_dry_states.md | 07_HISTORICAL_CANONICAL\canonical_material_usage.md | 07_HISTORICAL_CANONICAL\conflicts_uncertainty.md | 07_HISTORICAL_CANONICAL\historical_material_availability.md | 07_HISTORICAL_CANONICAL\material_evidence.md | 07_HISTORICAL_CANONICAL\traditional_indian_materials.md | 07_HISTORICAL_CANONICAL\traditional_manufacturing.md | 08_INTERACTION\animal_interaction.md | 08_INTERACTION\architecture_interaction.md | 08_INTERACTION\environment_interaction.md | 08_INTERACTION\human_interaction.md | 08_INTERACTION\prop_interaction.md | 09_AI_PRODUCTION\artifact_prevention.md | 09_AI_PRODUCTION\candidate_selection.md | 09_AI_PRODUCTION\material_generation_validation.md | 09_AI_PRODUCTION\material_prompting.md | 09_AI_PRODUCTION\negative_constraints.md | 09_AI_PRODUCTION\reference_strategy.md | 10_CONTINUITY_QA\approval_criteria.md | 10_CONTINUITY_QA\cross_episode_consistency.md | 10_CONTINUITY_QA\cross_scene_consistency.md | 10_CONTINUITY_QA\cross_shot_consistency.md | 10_CONTINUITY_QA\material_continuity.md | 10_CONTINUITY_QA\realism_qa.md | 10_CONTINUITY_QA\temporal_consistency.md | 11_PRODUCTION_HANDOFF\3d_handoff.md | 11_PRODUCTION_HANDOFF\lighting_handoff.md | 11_PRODUCTION_HANDOFF\physics_handoff.md | 11_PRODUCTION_HANDOFF\render_validation.md | 11_PRODUCTION_HANDOFF\shader_handoff.md | 11_PRODUCTION_HANDOFF\texture_handoff.md | 11_PRODUCTION_HANDOFF\vfx_handoff.md | 12_REGISTRY\change_control.md | 12_REGISTRY\material_registry.md | 12_REGISTRY\material_variants.md | 12_REGISTRY\material_versions.md"
"MATERIAL_INTERACTION\water_interaction.md","0","0","","EMPTY_OLD_FILE_REVIEW","04_SURFACE_STRUCTURE\surface_renderer_validation_register.csv","0","04_SURFACE_STRUCTURE\surface_renderer_test_matrix.md","0","04_SURFACE_STRUCTURE\surface_renderer_confirmation_note.md","0","05_BEHAVIOR\aging.md | 05_BEHAVIOR\damage.md | 05_BEHAVIOR\dust_dirt_mud.md | 05_BEHAVIOR\environmental_response.md | 05_BEHAVIOR\repair.md | 05_BEHAVIOR\water_wetting_absorption.md | 05_BEHAVIOR\wear.md | 05_BEHAVIOR\weathering.md | 06_STATES\condition_states.md | 06_STATES\material_state_model.md | 06_STATES\state_continuity.md | 06_STATES\state_transitions.md | 06_STATES\thermal_states.md | 06_STATES\wet_dry_states.md | 07_HISTORICAL_CANONICAL\canonical_material_usage.md | 07_HISTORICAL_CANONICAL\conflicts_uncertainty.md | 07_HISTORICAL_CANONICAL\historical_material_availability.md | 07_HISTORICAL_CANONICAL\material_evidence.md | 07_HISTORICAL_CANONICAL\traditional_indian_materials.md | 07_HISTORICAL_CANONICAL\traditional_manufacturing.md | 08_INTERACTION\animal_interaction.md | 08_INTERACTION\architecture_interaction.md | 08_INTERACTION\environment_interaction.md | 08_INTERACTION\human_interaction.md | 08_INTERACTION\prop_interaction.md | 09_AI_PRODUCTION\artifact_prevention.md | 09_AI_PRODUCTION\candidate_selection.md | 09_AI_PRODUCTION\material_generation_validation.md | 09_AI_PRODUCTION\material_prompting.md | 09_AI_PRODUCTION\negative_constraints.md | 09_AI_PRODUCTION\reference_strategy.md | 10_CONTINUITY_QA\approval_criteria.md | 10_CONTINUITY_QA\cross_episode_consistency.md | 10_CONTINUITY_QA\cross_scene_consistency.md | 10_CONTINUITY_QA\cross_shot_consistency.md | 10_CONTINUITY_QA\material_continuity.md | 10_CONTINUITY_QA\realism_qa.md | 10_CONTINUITY_QA\temporal_consistency.md | 11_PRODUCTION_HANDOFF\3d_handoff.md | 11_PRODUCTION_HANDOFF\lighting_handoff.md | 11_PRODUCTION_HANDOFF\physics_handoff.md | 11_PRODUCTION_HANDOFF\render_validation.md | 11_PRODUCTION_HANDOFF\shader_handoff.md | 11_PRODUCTION_HANDOFF\texture_handoff.md | 11_PRODUCTION_HANDOFF\vfx_handoff.md | 12_REGISTRY\change_control.md | 12_REGISTRY\material_registry.md | 12_REGISTRY\material_variants.md | 12_REGISTRY\material_versions.md"
"MATERIAL_INTERACTION\wind_interaction.md","0","0","","EMPTY_OLD_FILE_REVIEW","04_SURFACE_STRUCTURE\surface_renderer_validation_register.csv","0","04_SURFACE_STRUCTURE\surface_renderer_test_matrix.md","0","04_SURFACE_STRUCTURE\surface_renderer_confirmation_note.md","0","05_BEHAVIOR\aging.md | 05_BEHAVIOR\damage.md | 05_BEHAVIOR\dust_dirt_mud.md | 05_BEHAVIOR\environmental_response.md | 05_BEHAVIOR\repair.md | 05_BEHAVIOR\water_wetting_absorption.md | 05_BEHAVIOR\wear.md | 05_BEHAVIOR\weathering.md | 06_STATES\condition_states.md | 06_STATES\material_state_model.md | 06_STATES\state_continuity.md | 06_STATES\state_transitions.md | 06_STATES\thermal_states.md | 06_STATES\wet_dry_states.md | 07_HISTORICAL_CANONICAL\canonical_material_usage.md | 07_HISTORICAL_CANONICAL\conflicts_uncertainty.md | 07_HISTORICAL_CANONICAL\historical_material_availability.md | 07_HISTORICAL_CANONICAL\material_evidence.md | 07_HISTORICAL_CANONICAL\traditional_indian_materials.md | 07_HISTORICAL_CANONICAL\traditional_manufacturing.md | 08_INTERACTION\animal_interaction.md | 08_INTERACTION\architecture_interaction.md | 08_INTERACTION\environment_interaction.md | 08_INTERACTION\human_interaction.md | 08_INTERACTION\prop_interaction.md | 09_AI_PRODUCTION\artifact_prevention.md | 09_AI_PRODUCTION\candidate_selection.md | 09_AI_PRODUCTION\material_generation_validation.md | 09_AI_PRODUCTION\material_prompting.md | 09_AI_PRODUCTION\negative_constraints.md | 09_AI_PRODUCTION\reference_strategy.md | 10_CONTINUITY_QA\approval_criteria.md | 10_CONTINUITY_QA\cross_episode_consistency.md | 10_CONTINUITY_QA\cross_scene_consistency.md | 10_CONTINUITY_QA\cross_shot_consistency.md | 10_CONTINUITY_QA\material_continuity.md | 10_CONTINUITY_QA\realism_qa.md | 10_CONTINUITY_QA\temporal_consistency.md | 11_PRODUCTION_HANDOFF\3d_handoff.md | 11_PRODUCTION_HANDOFF\lighting_handoff.md | 11_PRODUCTION_HANDOFF\physics_handoff.md | 11_PRODUCTION_HANDOFF\render_validation.md | 11_PRODUCTION_HANDOFF\shader_handoff.md | 11_PRODUCTION_HANDOFF\texture_handoff.md | 11_PRODUCTION_HANDOFF\vfx_handoff.md | 12_REGISTRY\change_control.md | 12_REGISTRY\material_registry.md | 12_REGISTRY\material_variants.md | 12_REGISTRY\material_versions.md"
"MATERIAL_STATES\aging.md","0","0","","EMPTY_OLD_FILE_REVIEW","04_SURFACE_STRUCTURE\surface_renderer_validation_register.csv","0","04_SURFACE_STRUCTURE\surface_renderer_test_matrix.md","0","04_SURFACE_STRUCTURE\surface_renderer_confirmation_note.md","0","05_BEHAVIOR\aging.md | 05_BEHAVIOR\damage.md | 05_BEHAVIOR\dust_dirt_mud.md | 05_BEHAVIOR\environmental_response.md | 05_BEHAVIOR\repair.md | 05_BEHAVIOR\water_wetting_absorption.md | 05_BEHAVIOR\wear.md | 05_BEHAVIOR\weathering.md | 06_STATES\condition_states.md | 06_STATES\material_state_model.md | 06_STATES\state_continuity.md | 06_STATES\state_transitions.md | 06_STATES\thermal_states.md | 06_STATES\wet_dry_states.md | 07_HISTORICAL_CANONICAL\canonical_material_usage.md | 07_HISTORICAL_CANONICAL\conflicts_uncertainty.md | 07_HISTORICAL_CANONICAL\historical_material_availability.md | 07_HISTORICAL_CANONICAL\material_evidence.md | 07_HISTORICAL_CANONICAL\traditional_indian_materials.md | 07_HISTORICAL_CANONICAL\traditional_manufacturing.md | 08_INTERACTION\animal_interaction.md | 08_INTERACTION\architecture_interaction.md | 08_INTERACTION\environment_interaction.md | 08_INTERACTION\human_interaction.md | 08_INTERACTION\prop_interaction.md | 09_AI_PRODUCTION\artifact_prevention.md | 09_AI_PRODUCTION\candidate_selection.md | 09_AI_PRODUCTION\material_generation_validation.md | 09_AI_PRODUCTION\material_prompting.md | 09_AI_PRODUCTION\negative_constraints.md | 09_AI_PRODUCTION\reference_strategy.md | 10_CONTINUITY_QA\approval_criteria.md | 10_CONTINUITY_QA\cross_episode_consistency.md | 10_CONTINUITY_QA\cross_scene_consistency.md | 10_CONTINUITY_QA\cross_shot_consistency.md | 10_CONTINUITY_QA\material_continuity.md | 10_CONTINUITY_QA\realism_qa.md | 10_CONTINUITY_QA\temporal_consistency.md | 11_PRODUCTION_HANDOFF\3d_handoff.md | 11_PRODUCTION_HANDOFF\lighting_handoff.md | 11_PRODUCTION_HANDOFF\physics_handoff.md | 11_PRODUCTION_HANDOFF\render_validation.md | 11_PRODUCTION_HANDOFF\shader_handoff.md | 11_PRODUCTION_HANDOFF\texture_handoff.md | 11_PRODUCTION_HANDOFF\vfx_handoff.md | 12_REGISTRY\change_control.md | 12_REGISTRY\material_registry.md | 12_REGISTRY\material_variants.md | 12_REGISTRY\material_versions.md"
"MATERIAL_STATES\biological_growth.md","0","0","","EMPTY_OLD_FILE_REVIEW","04_SURFACE_STRUCTURE\surface_renderer_validation_register.csv","0","04_SURFACE_STRUCTURE\surface_renderer_test_matrix.md","0","04_SURFACE_STRUCTURE\surface_renderer_confirmation_note.md","0","05_BEHAVIOR\aging.md | 05_BEHAVIOR\damage.md | 05_BEHAVIOR\dust_dirt_mud.md | 05_BEHAVIOR\environmental_response.md | 05_BEHAVIOR\repair.md | 05_BEHAVIOR\water_wetting_absorption.md | 05_BEHAVIOR\wear.md | 05_BEHAVIOR\weathering.md | 06_STATES\condition_states.md | 06_STATES\material_state_model.md | 06_STATES\state_continuity.md | 06_STATES\state_transitions.md | 06_STATES\thermal_states.md | 06_STATES\wet_dry_states.md | 07_HISTORICAL_CANONICAL\canonical_material_usage.md | 07_HISTORICAL_CANONICAL\conflicts_uncertainty.md | 07_HISTORICAL_CANONICAL\historical_material_availability.md | 07_HISTORICAL_CANONICAL\material_evidence.md | 07_HISTORICAL_CANONICAL\traditional_indian_materials.md | 07_HISTORICAL_CANONICAL\traditional_manufacturing.md | 08_INTERACTION\animal_interaction.md | 08_INTERACTION\architecture_interaction.md | 08_INTERACTION\environment_interaction.md | 08_INTERACTION\human_interaction.md | 08_INTERACTION\prop_interaction.md | 09_AI_PRODUCTION\artifact_prevention.md | 09_AI_PRODUCTION\candidate_selection.md | 09_AI_PRODUCTION\material_generation_validation.md | 09_AI_PRODUCTION\material_prompting.md | 09_AI_PRODUCTION\negative_constraints.md | 09_AI_PRODUCTION\reference_strategy.md | 10_CONTINUITY_QA\approval_criteria.md | 10_CONTINUITY_QA\cross_episode_consistency.md | 10_CONTINUITY_QA\cross_scene_consistency.md | 10_CONTINUITY_QA\cross_shot_consistency.md | 10_CONTINUITY_QA\material_continuity.md | 10_CONTINUITY_QA\realism_qa.md | 10_CONTINUITY_QA\temporal_consistency.md | 11_PRODUCTION_HANDOFF\3d_handoff.md | 11_PRODUCTION_HANDOFF\lighting_handoff.md | 11_PRODUCTION_HANDOFF\physics_handoff.md | 11_PRODUCTION_HANDOFF\render_validation.md | 11_PRODUCTION_HANDOFF\shader_handoff.md | 11_PRODUCTION_HANDOFF\texture_handoff.md | 11_PRODUCTION_HANDOFF\vfx_handoff.md | 12_REGISTRY\change_control.md | 12_REGISTRY\material_registry.md | 12_REGISTRY\material_variants.md | 12_REGISTRY\material_versions.md"
"MATERIAL_STATES\damage.md","0","0","","EMPTY_OLD_FILE_REVIEW","04_SURFACE_STRUCTURE\surface_renderer_validation_register.csv","0","04_SURFACE_STRUCTURE\surface_renderer_test_matrix.md","0","04_SURFACE_STRUCTURE\surface_renderer_confirmation_note.md","0","05_BEHAVIOR\aging.md | 05_BEHAVIOR\damage.md | 05_BEHAVIOR\dust_dirt_mud.md | 05_BEHAVIOR\environmental_response.md | 05_BEHAVIOR\repair.md | 05_BEHAVIOR\water_wetting_absorption.md | 05_BEHAVIOR\wear.md | 05_BEHAVIOR\weathering.md | 06_STATES\condition_states.md | 06_STATES\material_state_model.md | 06_STATES\state_continuity.md | 06_STATES\state_transitions.md | 06_STATES\thermal_states.md | 06_STATES\wet_dry_states.md | 07_HISTORICAL_CANONICAL\canonical_material_usage.md | 07_HISTORICAL_CANONICAL\conflicts_uncertainty.md | 07_HISTORICAL_CANONICAL\historical_material_availability.md | 07_HISTORICAL_CANONICAL\material_evidence.md | 07_HISTORICAL_CANONICAL\traditional_indian_materials.md | 07_HISTORICAL_CANONICAL\traditional_manufacturing.md | 08_INTERACTION\animal_interaction.md | 08_INTERACTION\architecture_interaction.md | 08_INTERACTION\environment_interaction.md | 08_INTERACTION\human_interaction.md | 08_INTERACTION\prop_interaction.md | 09_AI_PRODUCTION\artifact_prevention.md | 09_AI_PRODUCTION\candidate_selection.md | 09_AI_PRODUCTION\material_generation_validation.md | 09_AI_PRODUCTION\material_prompting.md | 09_AI_PRODUCTION\negative_constraints.md | 09_AI_PRODUCTION\reference_strategy.md | 10_CONTINUITY_QA\approval_criteria.md | 10_CONTINUITY_QA\cross_episode_consistency.md | 10_CONTINUITY_QA\cross_scene_consistency.md | 10_CONTINUITY_QA\cross_shot_consistency.md | 10_CONTINUITY_QA\material_continuity.md | 10_CONTINUITY_QA\realism_qa.md | 10_CONTINUITY_QA\temporal_consistency.md | 11_PRODUCTION_HANDOFF\3d_handoff.md | 11_PRODUCTION_HANDOFF\lighting_handoff.md | 11_PRODUCTION_HANDOFF\physics_handoff.md | 11_PRODUCTION_HANDOFF\render_validation.md | 11_PRODUCTION_HANDOFF\shader_handoff.md | 11_PRODUCTION_HANDOFF\texture_handoff.md | 11_PRODUCTION_HANDOFF\vfx_handoff.md | 12_REGISTRY\change_control.md | 12_REGISTRY\material_registry.md | 12_REGISTRY\material_variants.md | 12_REGISTRY\material_versions.md"
"MATERIAL_STATES\destruction.md","0","0","","EMPTY_OLD_FILE_REVIEW","04_SURFACE_STRUCTURE\surface_renderer_validation_register.csv","0","04_SURFACE_STRUCTURE\surface_renderer_test_matrix.md","0","04_SURFACE_STRUCTURE\surface_renderer_confirmation_note.md","0","05_BEHAVIOR\aging.md | 05_BEHAVIOR\damage.md | 05_BEHAVIOR\dust_dirt_mud.md | 05_BEHAVIOR\environmental_response.md | 05_BEHAVIOR\repair.md | 05_BEHAVIOR\water_wetting_absorption.md | 05_BEHAVIOR\wear.md | 05_BEHAVIOR\weathering.md | 06_STATES\condition_states.md | 06_STATES\material_state_model.md | 06_STATES\state_continuity.md | 06_STATES\state_transitions.md | 06_STATES\thermal_states.md | 06_STATES\wet_dry_states.md | 07_HISTORICAL_CANONICAL\canonical_material_usage.md | 07_HISTORICAL_CANONICAL\conflicts_uncertainty.md | 07_HISTORICAL_CANONICAL\historical_material_availability.md | 07_HISTORICAL_CANONICAL\material_evidence.md | 07_HISTORICAL_CANONICAL\traditional_indian_materials.md | 07_HISTORICAL_CANONICAL\traditional_manufacturing.md | 08_INTERACTION\animal_interaction.md | 08_INTERACTION\architecture_interaction.md | 08_INTERACTION\environment_interaction.md | 08_INTERACTION\human_interaction.md | 08_INTERACTION\prop_interaction.md | 09_AI_PRODUCTION\artifact_prevention.md | 09_AI_PRODUCTION\candidate_selection.md | 09_AI_PRODUCTION\material_generation_validation.md | 09_AI_PRODUCTION\material_prompting.md | 09_AI_PRODUCTION\negative_constraints.md | 09_AI_PRODUCTION\reference_strategy.md | 10_CONTINUITY_QA\approval_criteria.md | 10_CONTINUITY_QA\cross_episode_consistency.md | 10_CONTINUITY_QA\cross_scene_consistency.md | 10_CONTINUITY_QA\cross_shot_consistency.md | 10_CONTINUITY_QA\material_continuity.md | 10_CONTINUITY_QA\realism_qa.md | 10_CONTINUITY_QA\temporal_consistency.md | 11_PRODUCTION_HANDOFF\3d_handoff.md | 11_PRODUCTION_HANDOFF\lighting_handoff.md | 11_PRODUCTION_HANDOFF\physics_handoff.md | 11_PRODUCTION_HANDOFF\render_validation.md | 11_PRODUCTION_HANDOFF\shader_handoff.md | 11_PRODUCTION_HANDOFF\texture_handoff.md | 11_PRODUCTION_HANDOFF\vfx_handoff.md | 12_REGISTRY\change_control.md | 12_REGISTRY\material_registry.md | 12_REGISTRY\material_variants.md | 12_REGISTRY\material_versions.md"
"MATERIAL_STATES\fire_damage.md","0","0","","EMPTY_OLD_FILE_REVIEW","04_SURFACE_STRUCTURE\surface_renderer_validation_register.csv","0","04_SURFACE_STRUCTURE\surface_renderer_test_matrix.md","0","04_SURFACE_STRUCTURE\surface_renderer_confirmation_note.md","0","05_BEHAVIOR\aging.md | 05_BEHAVIOR\damage.md | 05_BEHAVIOR\dust_dirt_mud.md | 05_BEHAVIOR\environmental_response.md | 05_BEHAVIOR\repair.md | 05_BEHAVIOR\water_wetting_absorption.md | 05_BEHAVIOR\wear.md | 05_BEHAVIOR\weathering.md | 06_STATES\condition_states.md | 06_STATES\material_state_model.md | 06_STATES\state_continuity.md | 06_STATES\state_transitions.md | 06_STATES\thermal_states.md | 06_STATES\wet_dry_states.md | 07_HISTORICAL_CANONICAL\canonical_material_usage.md | 07_HISTORICAL_CANONICAL\conflicts_uncertainty.md | 07_HISTORICAL_CANONICAL\historical_material_availability.md | 07_HISTORICAL_CANONICAL\material_evidence.md | 07_HISTORICAL_CANONICAL\traditional_indian_materials.md | 07_HISTORICAL_CANONICAL\traditional_manufacturing.md | 08_INTERACTION\animal_interaction.md | 08_INTERACTION\architecture_interaction.md | 08_INTERACTION\environment_interaction.md | 08_INTERACTION\human_interaction.md | 08_INTERACTION\prop_interaction.md | 09_AI_PRODUCTION\artifact_prevention.md | 09_AI_PRODUCTION\candidate_selection.md | 09_AI_PRODUCTION\material_generation_validation.md | 09_AI_PRODUCTION\material_prompting.md | 09_AI_PRODUCTION\negative_constraints.md | 09_AI_PRODUCTION\reference_strategy.md | 10_CONTINUITY_QA\approval_criteria.md | 10_CONTINUITY_QA\cross_episode_consistency.md | 10_CONTINUITY_QA\cross_scene_consistency.md | 10_CONTINUITY_QA\cross_shot_consistency.md | 10_CONTINUITY_QA\material_continuity.md | 10_CONTINUITY_QA\realism_qa.md | 10_CONTINUITY_QA\temporal_consistency.md | 11_PRODUCTION_HANDOFF\3d_handoff.md | 11_PRODUCTION_HANDOFF\lighting_handoff.md | 11_PRODUCTION_HANDOFF\physics_handoff.md | 11_PRODUCTION_HANDOFF\render_validation.md | 11_PRODUCTION_HANDOFF\shader_handoff.md | 11_PRODUCTION_HANDOFF\texture_handoff.md | 11_PRODUCTION_HANDOFF\vfx_handoff.md | 12_REGISTRY\change_control.md | 12_REGISTRY\material_registry.md | 12_REGISTRY\material_variants.md | 12_REGISTRY\material_versions.md"
"MATERIAL_STATES\normal_use.md","0","0","","EMPTY_OLD_FILE_REVIEW","04_SURFACE_STRUCTURE\surface_renderer_validation_register.csv","0","04_SURFACE_STRUCTURE\surface_renderer_test_matrix.md","0","04_SURFACE_STRUCTURE\surface_renderer_confirmation_note.md","0","05_BEHAVIOR\aging.md | 05_BEHAVIOR\damage.md | 05_BEHAVIOR\dust_dirt_mud.md | 05_BEHAVIOR\environmental_response.md | 05_BEHAVIOR\repair.md | 05_BEHAVIOR\water_wetting_absorption.md | 05_BEHAVIOR\wear.md | 05_BEHAVIOR\weathering.md | 06_STATES\condition_states.md | 06_STATES\material_state_model.md | 06_STATES\state_continuity.md | 06_STATES\state_transitions.md | 06_STATES\thermal_states.md | 06_STATES\wet_dry_states.md | 07_HISTORICAL_CANONICAL\canonical_material_usage.md | 07_HISTORICAL_CANONICAL\conflicts_uncertainty.md | 07_HISTORICAL_CANONICAL\historical_material_availability.md | 07_HISTORICAL_CANONICAL\material_evidence.md | 07_HISTORICAL_CANONICAL\traditional_indian_materials.md | 07_HISTORICAL_CANONICAL\traditional_manufacturing.md | 08_INTERACTION\animal_interaction.md | 08_INTERACTION\architecture_interaction.md | 08_INTERACTION\environment_interaction.md | 08_INTERACTION\human_interaction.md | 08_INTERACTION\prop_interaction.md | 09_AI_PRODUCTION\artifact_prevention.md | 09_AI_PRODUCTION\candidate_selection.md | 09_AI_PRODUCTION\material_generation_validation.md | 09_AI_PRODUCTION\material_prompting.md | 09_AI_PRODUCTION\negative_constraints.md | 09_AI_PRODUCTION\reference_strategy.md | 10_CONTINUITY_QA\approval_criteria.md | 10_CONTINUITY_QA\cross_episode_consistency.md | 10_CONTINUITY_QA\cross_scene_consistency.md | 10_CONTINUITY_QA\cross_shot_consistency.md | 10_CONTINUITY_QA\material_continuity.md | 10_CONTINUITY_QA\realism_qa.md | 10_CONTINUITY_QA\temporal_consistency.md | 11_PRODUCTION_HANDOFF\3d_handoff.md | 11_PRODUCTION_HANDOFF\lighting_handoff.md | 11_PRODUCTION_HANDOFF\physics_handoff.md | 11_PRODUCTION_HANDOFF\render_validation.md | 11_PRODUCTION_HANDOFF\shader_handoff.md | 11_PRODUCTION_HANDOFF\texture_handoff.md | 11_PRODUCTION_HANDOFF\vfx_handoff.md | 12_REGISTRY\change_control.md | 12_REGISTRY\material_registry.md | 12_REGISTRY\material_variants.md | 12_REGISTRY\material_versions.md"
"MATERIAL_STATES\pristine.md","0","0","","EMPTY_OLD_FILE_REVIEW","04_SURFACE_STRUCTURE\surface_renderer_validation_register.csv","0","04_SURFACE_STRUCTURE\surface_renderer_test_matrix.md","0","04_SURFACE_STRUCTURE\surface_renderer_confirmation_note.md","0","05_BEHAVIOR\aging.md | 05_BEHAVIOR\damage.md | 05_BEHAVIOR\dust_dirt_mud.md | 05_BEHAVIOR\environmental_response.md | 05_BEHAVIOR\repair.md | 05_BEHAVIOR\water_wetting_absorption.md | 05_BEHAVIOR\wear.md | 05_BEHAVIOR\weathering.md | 06_STATES\condition_states.md | 06_STATES\material_state_model.md | 06_STATES\state_continuity.md | 06_STATES\state_transitions.md | 06_STATES\thermal_states.md | 06_STATES\wet_dry_states.md | 07_HISTORICAL_CANONICAL\canonical_material_usage.md | 07_HISTORICAL_CANONICAL\conflicts_uncertainty.md | 07_HISTORICAL_CANONICAL\historical_material_availability.md | 07_HISTORICAL_CANONICAL\material_evidence.md | 07_HISTORICAL_CANONICAL\traditional_indian_materials.md | 07_HISTORICAL_CANONICAL\traditional_manufacturing.md | 08_INTERACTION\animal_interaction.md | 08_INTERACTION\architecture_interaction.md | 08_INTERACTION\environment_interaction.md | 08_INTERACTION\human_interaction.md | 08_INTERACTION\prop_interaction.md | 09_AI_PRODUCTION\artifact_prevention.md | 09_AI_PRODUCTION\candidate_selection.md | 09_AI_PRODUCTION\material_generation_validation.md | 09_AI_PRODUCTION\material_prompting.md | 09_AI_PRODUCTION\negative_constraints.md | 09_AI_PRODUCTION\reference_strategy.md | 10_CONTINUITY_QA\approval_criteria.md | 10_CONTINUITY_QA\cross_episode_consistency.md | 10_CONTINUITY_QA\cross_scene_consistency.md | 10_CONTINUITY_QA\cross_shot_consistency.md | 10_CONTINUITY_QA\material_continuity.md | 10_CONTINUITY_QA\realism_qa.md | 10_CONTINUITY_QA\temporal_consistency.md | 11_PRODUCTION_HANDOFF\3d_handoff.md | 11_PRODUCTION_HANDOFF\lighting_handoff.md | 11_PRODUCTION_HANDOFF\physics_handoff.md | 11_PRODUCTION_HANDOFF\render_validation.md | 11_PRODUCTION_HANDOFF\shader_handoff.md | 11_PRODUCTION_HANDOFF\texture_handoff.md | 11_PRODUCTION_HANDOFF\vfx_handoff.md | 12_REGISTRY\change_control.md | 12_REGISTRY\material_registry.md | 12_REGISTRY\material_variants.md | 12_REGISTRY\material_versions.md"
"MATERIAL_STATES\repair.md","0","0","","EMPTY_OLD_FILE_REVIEW","04_SURFACE_STRUCTURE\surface_renderer_validation_register.csv","0","04_SURFACE_STRUCTURE\surface_renderer_test_matrix.md","0","04_SURFACE_STRUCTURE\surface_renderer_confirmation_note.md","0","05_BEHAVIOR\aging.md | 05_BEHAVIOR\damage.md | 05_BEHAVIOR\dust_dirt_mud.md | 05_BEHAVIOR\environmental_response.md | 05_BEHAVIOR\repair.md | 05_BEHAVIOR\water_wetting_absorption.md | 05_BEHAVIOR\wear.md | 05_BEHAVIOR\weathering.md | 06_STATES\condition_states.md | 06_STATES\material_state_model.md | 06_STATES\state_continuity.md | 06_STATES\state_transitions.md | 06_STATES\thermal_states.md | 06_STATES\wet_dry_states.md | 07_HISTORICAL_CANONICAL\canonical_material_usage.md | 07_HISTORICAL_CANONICAL\conflicts_uncertainty.md | 07_HISTORICAL_CANONICAL\historical_material_availability.md | 07_HISTORICAL_CANONICAL\material_evidence.md | 07_HISTORICAL_CANONICAL\traditional_indian_materials.md | 07_HISTORICAL_CANONICAL\traditional_manufacturing.md | 08_INTERACTION\animal_interaction.md | 08_INTERACTION\architecture_interaction.md | 08_INTERACTION\environment_interaction.md | 08_INTERACTION\human_interaction.md | 08_INTERACTION\prop_interaction.md | 09_AI_PRODUCTION\artifact_prevention.md | 09_AI_PRODUCTION\candidate_selection.md | 09_AI_PRODUCTION\material_generation_validation.md | 09_AI_PRODUCTION\material_prompting.md | 09_AI_PRODUCTION\negative_constraints.md | 09_AI_PRODUCTION\reference_strategy.md | 10_CONTINUITY_QA\approval_criteria.md | 10_CONTINUITY_QA\cross_episode_consistency.md | 10_CONTINUITY_QA\cross_scene_consistency.md | 10_CONTINUITY_QA\cross_shot_consistency.md | 10_CONTINUITY_QA\material_continuity.md | 10_CONTINUITY_QA\realism_qa.md | 10_CONTINUITY_QA\temporal_consistency.md | 11_PRODUCTION_HANDOFF\3d_handoff.md | 11_PRODUCTION_HANDOFF\lighting_handoff.md | 11_PRODUCTION_HANDOFF\physics_handoff.md | 11_PRODUCTION_HANDOFF\render_validation.md | 11_PRODUCTION_HANDOFF\shader_handoff.md | 11_PRODUCTION_HANDOFF\texture_handoff.md | 11_PRODUCTION_HANDOFF\vfx_handoff.md | 12_REGISTRY\change_control.md | 12_REGISTRY\material_registry.md | 12_REGISTRY\material_variants.md | 12_REGISTRY\material_versions.md"
"MATERIAL_STATES\restoration.md","0","0","","EMPTY_OLD_FILE_REVIEW","04_SURFACE_STRUCTURE\surface_renderer_validation_register.csv","0","04_SURFACE_STRUCTURE\surface_renderer_test_matrix.md","0","04_SURFACE_STRUCTURE\surface_renderer_confirmation_note.md","0","05_BEHAVIOR\aging.md | 05_BEHAVIOR\damage.md | 05_BEHAVIOR\dust_dirt_mud.md | 05_BEHAVIOR\environmental_response.md | 05_BEHAVIOR\repair.md | 05_BEHAVIOR\water_wetting_absorption.md | 05_BEHAVIOR\wear.md | 05_BEHAVIOR\weathering.md | 06_STATES\condition_states.md | 06_STATES\material_state_model.md | 06_STATES\state_continuity.md | 06_STATES\state_transitions.md | 06_STATES\thermal_states.md | 06_STATES\wet_dry_states.md | 07_HISTORICAL_CANONICAL\canonical_material_usage.md | 07_HISTORICAL_CANONICAL\conflicts_uncertainty.md | 07_HISTORICAL_CANONICAL\historical_material_availability.md | 07_HISTORICAL_CANONICAL\material_evidence.md | 07_HISTORICAL_CANONICAL\traditional_indian_materials.md | 07_HISTORICAL_CANONICAL\traditional_manufacturing.md | 08_INTERACTION\animal_interaction.md | 08_INTERACTION\architecture_interaction.md | 08_INTERACTION\environment_interaction.md | 08_INTERACTION\human_interaction.md | 08_INTERACTION\prop_interaction.md | 09_AI_PRODUCTION\artifact_prevention.md | 09_AI_PRODUCTION\candidate_selection.md | 09_AI_PRODUCTION\material_generation_validation.md | 09_AI_PRODUCTION\material_prompting.md | 09_AI_PRODUCTION\negative_constraints.md | 09_AI_PRODUCTION\reference_strategy.md | 10_CONTINUITY_QA\approval_criteria.md | 10_CONTINUITY_QA\cross_episode_consistency.md | 10_CONTINUITY_QA\cross_scene_consistency.md | 10_CONTINUITY_QA\cross_shot_consistency.md | 10_CONTINUITY_QA\material_continuity.md | 10_CONTINUITY_QA\realism_qa.md | 10_CONTINUITY_QA\temporal_consistency.md | 11_PRODUCTION_HANDOFF\3d_handoff.md | 11_PRODUCTION_HANDOFF\lighting_handoff.md | 11_PRODUCTION_HANDOFF\physics_handoff.md | 11_PRODUCTION_HANDOFF\render_validation.md | 11_PRODUCTION_HANDOFF\shader_handoff.md | 11_PRODUCTION_HANDOFF\texture_handoff.md | 11_PRODUCTION_HANDOFF\vfx_handoff.md | 12_REGISTRY\change_control.md | 12_REGISTRY\material_registry.md | 12_REGISTRY\material_variants.md | 12_REGISTRY\material_versions.md"
"MATERIAL_STATES\water_damage.md","0","0","","EMPTY_OLD_FILE_REVIEW","04_SURFACE_STRUCTURE\surface_renderer_validation_register.csv","0","04_SURFACE_STRUCTURE\surface_renderer_test_matrix.md","0","04_SURFACE_STRUCTURE\surface_renderer_confirmation_note.md","0","05_BEHAVIOR\aging.md | 05_BEHAVIOR\damage.md | 05_BEHAVIOR\dust_dirt_mud.md | 05_BEHAVIOR\environmental_response.md | 05_BEHAVIOR\repair.md | 05_BEHAVIOR\water_wetting_absorption.md | 05_BEHAVIOR\wear.md | 05_BEHAVIOR\weathering.md | 06_STATES\condition_states.md | 06_STATES\material_state_model.md | 06_STATES\state_continuity.md | 06_STATES\state_transitions.md | 06_STATES\thermal_states.md | 06_STATES\wet_dry_states.md | 07_HISTORICAL_CANONICAL\canonical_material_usage.md | 07_HISTORICAL_CANONICAL\conflicts_uncertainty.md | 07_HISTORICAL_CANONICAL\historical_material_availability.md | 07_HISTORICAL_CANONICAL\material_evidence.md | 07_HISTORICAL_CANONICAL\traditional_indian_materials.md | 07_HISTORICAL_CANONICAL\traditional_manufacturing.md | 08_INTERACTION\animal_interaction.md | 08_INTERACTION\architecture_interaction.md | 08_INTERACTION\environment_interaction.md | 08_INTERACTION\human_interaction.md | 08_INTERACTION\prop_interaction.md | 09_AI_PRODUCTION\artifact_prevention.md | 09_AI_PRODUCTION\candidate_selection.md | 09_AI_PRODUCTION\material_generation_validation.md | 09_AI_PRODUCTION\material_prompting.md | 09_AI_PRODUCTION\negative_constraints.md | 09_AI_PRODUCTION\reference_strategy.md | 10_CONTINUITY_QA\approval_criteria.md | 10_CONTINUITY_QA\cross_episode_consistency.md | 10_CONTINUITY_QA\cross_scene_consistency.md | 10_CONTINUITY_QA\cross_shot_consistency.md | 10_CONTINUITY_QA\material_continuity.md | 10_CONTINUITY_QA\realism_qa.md | 10_CONTINUITY_QA\temporal_consistency.md | 11_PRODUCTION_HANDOFF\3d_handoff.md | 11_PRODUCTION_HANDOFF\lighting_handoff.md | 11_PRODUCTION_HANDOFF\physics_handoff.md | 11_PRODUCTION_HANDOFF\render_validation.md | 11_PRODUCTION_HANDOFF\shader_handoff.md | 11_PRODUCTION_HANDOFF\texture_handoff.md | 11_PRODUCTION_HANDOFF\vfx_handoff.md | 12_REGISTRY\change_control.md | 12_REGISTRY\material_registry.md | 12_REGISTRY\material_variants.md | 12_REGISTRY\material_versions.md"
"MATERIAL_STATES\weathering.md","0","0","","EMPTY_OLD_FILE_REVIEW","04_SURFACE_STRUCTURE\surface_renderer_validation_register.csv","0","04_SURFACE_STRUCTURE\surface_renderer_test_matrix.md","0","04_SURFACE_STRUCTURE\surface_renderer_confirmation_note.md","0","05_BEHAVIOR\aging.md | 05_BEHAVIOR\damage.md | 05_BEHAVIOR\dust_dirt_mud.md | 05_BEHAVIOR\environmental_response.md | 05_BEHAVIOR\repair.md | 05_BEHAVIOR\water_wetting_absorption.md | 05_BEHAVIOR\wear.md | 05_BEHAVIOR\weathering.md | 06_STATES\condition_states.md | 06_STATES\material_state_model.md | 06_STATES\state_continuity.md | 06_STATES\state_transitions.md | 06_STATES\thermal_states.md | 06_STATES\wet_dry_states.md | 07_HISTORICAL_CANONICAL\canonical_material_usage.md | 07_HISTORICAL_CANONICAL\conflicts_uncertainty.md | 07_HISTORICAL_CANONICAL\historical_material_availability.md | 07_HISTORICAL_CANONICAL\material_evidence.md | 07_HISTORICAL_CANONICAL\traditional_indian_materials.md | 07_HISTORICAL_CANONICAL\traditional_manufacturing.md | 08_INTERACTION\animal_interaction.md | 08_INTERACTION\architecture_interaction.md | 08_INTERACTION\environment_interaction.md | 08_INTERACTION\human_interaction.md | 08_INTERACTION\prop_interaction.md | 09_AI_PRODUCTION\artifact_prevention.md | 09_AI_PRODUCTION\candidate_selection.md | 09_AI_PRODUCTION\material_generation_validation.md | 09_AI_PRODUCTION\material_prompting.md | 09_AI_PRODUCTION\negative_constraints.md | 09_AI_PRODUCTION\reference_strategy.md | 10_CONTINUITY_QA\approval_criteria.md | 10_CONTINUITY_QA\cross_episode_consistency.md | 10_CONTINUITY_QA\cross_scene_consistency.md | 10_CONTINUITY_QA\cross_shot_consistency.md | 10_CONTINUITY_QA\material_continuity.md | 10_CONTINUITY_QA\realism_qa.md | 10_CONTINUITY_QA\temporal_consistency.md | 11_PRODUCTION_HANDOFF\3d_handoff.md | 11_PRODUCTION_HANDOFF\lighting_handoff.md | 11_PRODUCTION_HANDOFF\physics_handoff.md | 11_PRODUCTION_HANDOFF\render_validation.md | 11_PRODUCTION_HANDOFF\shader_handoff.md | 11_PRODUCTION_HANDOFF\texture_handoff.md | 11_PRODUCTION_HANDOFF\vfx_handoff.md | 12_REGISTRY\change_control.md | 12_REGISTRY\material_registry.md | 12_REGISTRY\material_variants.md | 12_REGISTRY\material_versions.md"
"METALS\brass.md","0","0","","EMPTY_OLD_FILE_REVIEW","04_SURFACE_STRUCTURE\surface_renderer_validation_register.csv","0","04_SURFACE_STRUCTURE\surface_renderer_test_matrix.md","0","04_SURFACE_STRUCTURE\surface_renderer_confirmation_note.md","0","05_BEHAVIOR\aging.md | 05_BEHAVIOR\damage.md | 05_BEHAVIOR\dust_dirt_mud.md | 05_BEHAVIOR\environmental_response.md | 05_BEHAVIOR\repair.md | 05_BEHAVIOR\water_wetting_absorption.md | 05_BEHAVIOR\wear.md | 05_BEHAVIOR\weathering.md | 06_STATES\condition_states.md | 06_STATES\material_state_model.md | 06_STATES\state_continuity.md | 06_STATES\state_transitions.md | 06_STATES\thermal_states.md | 06_STATES\wet_dry_states.md | 07_HISTORICAL_CANONICAL\canonical_material_usage.md | 07_HISTORICAL_CANONICAL\conflicts_uncertainty.md | 07_HISTORICAL_CANONICAL\historical_material_availability.md | 07_HISTORICAL_CANONICAL\material_evidence.md | 07_HISTORICAL_CANONICAL\traditional_indian_materials.md | 07_HISTORICAL_CANONICAL\traditional_manufacturing.md | 08_INTERACTION\animal_interaction.md | 08_INTERACTION\architecture_interaction.md | 08_INTERACTION\environment_interaction.md | 08_INTERACTION\human_interaction.md | 08_INTERACTION\prop_interaction.md | 09_AI_PRODUCTION\artifact_prevention.md | 09_AI_PRODUCTION\candidate_selection.md | 09_AI_PRODUCTION\material_generation_validation.md | 09_AI_PRODUCTION\material_prompting.md | 09_AI_PRODUCTION\negative_constraints.md | 09_AI_PRODUCTION\reference_strategy.md | 10_CONTINUITY_QA\approval_criteria.md | 10_CONTINUITY_QA\cross_episode_consistency.md | 10_CONTINUITY_QA\cross_scene_consistency.md | 10_CONTINUITY_QA\cross_shot_consistency.md | 10_CONTINUITY_QA\material_continuity.md | 10_CONTINUITY_QA\realism_qa.md | 10_CONTINUITY_QA\temporal_consistency.md | 11_PRODUCTION_HANDOFF\3d_handoff.md | 11_PRODUCTION_HANDOFF\lighting_handoff.md | 11_PRODUCTION_HANDOFF\physics_handoff.md | 11_PRODUCTION_HANDOFF\render_validation.md | 11_PRODUCTION_HANDOFF\shader_handoff.md | 11_PRODUCTION_HANDOFF\texture_handoff.md | 11_PRODUCTION_HANDOFF\vfx_handoff.md | 12_REGISTRY\change_control.md | 12_REGISTRY\material_registry.md | 12_REGISTRY\material_variants.md | 12_REGISTRY\material_versions.md"
"METALS\bronze.md","0","0","","EMPTY_OLD_FILE_REVIEW","04_SURFACE_STRUCTURE\surface_renderer_validation_register.csv","0","04_SURFACE_STRUCTURE\surface_renderer_test_matrix.md","0","04_SURFACE_STRUCTURE\surface_renderer_confirmation_note.md","0","05_BEHAVIOR\aging.md | 05_BEHAVIOR\damage.md | 05_BEHAVIOR\dust_dirt_mud.md | 05_BEHAVIOR\environmental_response.md | 05_BEHAVIOR\repair.md | 05_BEHAVIOR\water_wetting_absorption.md | 05_BEHAVIOR\wear.md | 05_BEHAVIOR\weathering.md | 06_STATES\condition_states.md | 06_STATES\material_state_model.md | 06_STATES\state_continuity.md | 06_STATES\state_transitions.md | 06_STATES\thermal_states.md | 06_STATES\wet_dry_states.md | 07_HISTORICAL_CANONICAL\canonical_material_usage.md | 07_HISTORICAL_CANONICAL\conflicts_uncertainty.md | 07_HISTORICAL_CANONICAL\historical_material_availability.md | 07_HISTORICAL_CANONICAL\material_evidence.md | 07_HISTORICAL_CANONICAL\traditional_indian_materials.md | 07_HISTORICAL_CANONICAL\traditional_manufacturing.md | 08_INTERACTION\animal_interaction.md | 08_INTERACTION\architecture_interaction.md | 08_INTERACTION\environment_interaction.md | 08_INTERACTION\human_interaction.md | 08_INTERACTION\prop_interaction.md | 09_AI_PRODUCTION\artifact_prevention.md | 09_AI_PRODUCTION\candidate_selection.md | 09_AI_PRODUCTION\material_generation_validation.md | 09_AI_PRODUCTION\material_prompting.md | 09_AI_PRODUCTION\negative_constraints.md | 09_AI_PRODUCTION\reference_strategy.md | 10_CONTINUITY_QA\approval_criteria.md | 10_CONTINUITY_QA\cross_episode_consistency.md | 10_CONTINUITY_QA\cross_scene_consistency.md | 10_CONTINUITY_QA\cross_shot_consistency.md | 10_CONTINUITY_QA\material_continuity.md | 10_CONTINUITY_QA\realism_qa.md | 10_CONTINUITY_QA\temporal_consistency.md | 11_PRODUCTION_HANDOFF\3d_handoff.md | 11_PRODUCTION_HANDOFF\lighting_handoff.md | 11_PRODUCTION_HANDOFF\physics_handoff.md | 11_PRODUCTION_HANDOFF\render_validation.md | 11_PRODUCTION_HANDOFF\shader_handoff.md | 11_PRODUCTION_HANDOFF\texture_handoff.md | 11_PRODUCTION_HANDOFF\vfx_handoff.md | 12_REGISTRY\change_control.md | 12_REGISTRY\material_registry.md | 12_REGISTRY\material_variants.md | 12_REGISTRY\material_versions.md"
"METALS\copper.md","0","0","","EMPTY_OLD_FILE_REVIEW","04_SURFACE_STRUCTURE\surface_renderer_validation_register.csv","0","04_SURFACE_STRUCTURE\surface_renderer_test_matrix.md","0","04_SURFACE_STRUCTURE\surface_renderer_confirmation_note.md","0","05_BEHAVIOR\aging.md | 05_BEHAVIOR\damage.md | 05_BEHAVIOR\dust_dirt_mud.md | 05_BEHAVIOR\environmental_response.md | 05_BEHAVIOR\repair.md | 05_BEHAVIOR\water_wetting_absorption.md | 05_BEHAVIOR\wear.md | 05_BEHAVIOR\weathering.md | 06_STATES\condition_states.md | 06_STATES\material_state_model.md | 06_STATES\state_continuity.md | 06_STATES\state_transitions.md | 06_STATES\thermal_states.md | 06_STATES\wet_dry_states.md | 07_HISTORICAL_CANONICAL\canonical_material_usage.md | 07_HISTORICAL_CANONICAL\conflicts_uncertainty.md | 07_HISTORICAL_CANONICAL\historical_material_availability.md | 07_HISTORICAL_CANONICAL\material_evidence.md | 07_HISTORICAL_CANONICAL\traditional_indian_materials.md | 07_HISTORICAL_CANONICAL\traditional_manufacturing.md | 08_INTERACTION\animal_interaction.md | 08_INTERACTION\architecture_interaction.md | 08_INTERACTION\environment_interaction.md | 08_INTERACTION\human_interaction.md | 08_INTERACTION\prop_interaction.md | 09_AI_PRODUCTION\artifact_prevention.md | 09_AI_PRODUCTION\candidate_selection.md | 09_AI_PRODUCTION\material_generation_validation.md | 09_AI_PRODUCTION\material_prompting.md | 09_AI_PRODUCTION\negative_constraints.md | 09_AI_PRODUCTION\reference_strategy.md | 10_CONTINUITY_QA\approval_criteria.md | 10_CONTINUITY_QA\cross_episode_consistency.md | 10_CONTINUITY_QA\cross_scene_consistency.md | 10_CONTINUITY_QA\cross_shot_consistency.md | 10_CONTINUITY_QA\material_continuity.md | 10_CONTINUITY_QA\realism_qa.md | 10_CONTINUITY_QA\temporal_consistency.md | 11_PRODUCTION_HANDOFF\3d_handoff.md | 11_PRODUCTION_HANDOFF\lighting_handoff.md | 11_PRODUCTION_HANDOFF\physics_handoff.md | 11_PRODUCTION_HANDOFF\render_validation.md | 11_PRODUCTION_HANDOFF\shader_handoff.md | 11_PRODUCTION_HANDOFF\texture_handoff.md | 11_PRODUCTION_HANDOFF\vfx_handoff.md | 12_REGISTRY\change_control.md | 12_REGISTRY\material_registry.md | 12_REGISTRY\material_variants.md | 12_REGISTRY\material_versions.md"
"METALS\gold.md","0","0","","EMPTY_OLD_FILE_REVIEW","04_SURFACE_STRUCTURE\surface_renderer_validation_register.csv","0","04_SURFACE_STRUCTURE\surface_renderer_test_matrix.md","0","04_SURFACE_STRUCTURE\surface_renderer_confirmation_note.md","0","05_BEHAVIOR\aging.md | 05_BEHAVIOR\damage.md | 05_BEHAVIOR\dust_dirt_mud.md | 05_BEHAVIOR\environmental_response.md | 05_BEHAVIOR\repair.md | 05_BEHAVIOR\water_wetting_absorption.md | 05_BEHAVIOR\wear.md | 05_BEHAVIOR\weathering.md | 06_STATES\condition_states.md | 06_STATES\material_state_model.md | 06_STATES\state_continuity.md | 06_STATES\state_transitions.md | 06_STATES\thermal_states.md | 06_STATES\wet_dry_states.md | 07_HISTORICAL_CANONICAL\canonical_material_usage.md | 07_HISTORICAL_CANONICAL\conflicts_uncertainty.md | 07_HISTORICAL_CANONICAL\historical_material_availability.md | 07_HISTORICAL_CANONICAL\material_evidence.md | 07_HISTORICAL_CANONICAL\traditional_indian_materials.md | 07_HISTORICAL_CANONICAL\traditional_manufacturing.md | 08_INTERACTION\animal_interaction.md | 08_INTERACTION\architecture_interaction.md | 08_INTERACTION\environment_interaction.md | 08_INTERACTION\human_interaction.md | 08_INTERACTION\prop_interaction.md | 09_AI_PRODUCTION\artifact_prevention.md | 09_AI_PRODUCTION\candidate_selection.md | 09_AI_PRODUCTION\material_generation_validation.md | 09_AI_PRODUCTION\material_prompting.md | 09_AI_PRODUCTION\negative_constraints.md | 09_AI_PRODUCTION\reference_strategy.md | 10_CONTINUITY_QA\approval_criteria.md | 10_CONTINUITY_QA\cross_episode_consistency.md | 10_CONTINUITY_QA\cross_scene_consistency.md | 10_CONTINUITY_QA\cross_shot_consistency.md | 10_CONTINUITY_QA\material_continuity.md | 10_CONTINUITY_QA\realism_qa.md | 10_CONTINUITY_QA\temporal_consistency.md | 11_PRODUCTION_HANDOFF\3d_handoff.md | 11_PRODUCTION_HANDOFF\lighting_handoff.md | 11_PRODUCTION_HANDOFF\physics_handoff.md | 11_PRODUCTION_HANDOFF\render_validation.md | 11_PRODUCTION_HANDOFF\shader_handoff.md | 11_PRODUCTION_HANDOFF\texture_handoff.md | 11_PRODUCTION_HANDOFF\vfx_handoff.md | 12_REGISTRY\change_control.md | 12_REGISTRY\material_registry.md | 12_REGISTRY\material_variants.md | 12_REGISTRY\material_versions.md"
"METALS\iron.md","0","0","","EMPTY_OLD_FILE_REVIEW","04_SURFACE_STRUCTURE\surface_renderer_validation_register.csv","0","04_SURFACE_STRUCTURE\surface_renderer_test_matrix.md","0","04_SURFACE_STRUCTURE\surface_renderer_confirmation_note.md","0","05_BEHAVIOR\aging.md | 05_BEHAVIOR\damage.md | 05_BEHAVIOR\dust_dirt_mud.md | 05_BEHAVIOR\environmental_response.md | 05_BEHAVIOR\repair.md | 05_BEHAVIOR\water_wetting_absorption.md | 05_BEHAVIOR\wear.md | 05_BEHAVIOR\weathering.md | 06_STATES\condition_states.md | 06_STATES\material_state_model.md | 06_STATES\state_continuity.md | 06_STATES\state_transitions.md | 06_STATES\thermal_states.md | 06_STATES\wet_dry_states.md | 07_HISTORICAL_CANONICAL\canonical_material_usage.md | 07_HISTORICAL_CANONICAL\conflicts_uncertainty.md | 07_HISTORICAL_CANONICAL\historical_material_availability.md | 07_HISTORICAL_CANONICAL\material_evidence.md | 07_HISTORICAL_CANONICAL\traditional_indian_materials.md | 07_HISTORICAL_CANONICAL\traditional_manufacturing.md | 08_INTERACTION\animal_interaction.md | 08_INTERACTION\architecture_interaction.md | 08_INTERACTION\environment_interaction.md | 08_INTERACTION\human_interaction.md | 08_INTERACTION\prop_interaction.md | 09_AI_PRODUCTION\artifact_prevention.md | 09_AI_PRODUCTION\candidate_selection.md | 09_AI_PRODUCTION\material_generation_validation.md | 09_AI_PRODUCTION\material_prompting.md | 09_AI_PRODUCTION\negative_constraints.md | 09_AI_PRODUCTION\reference_strategy.md | 10_CONTINUITY_QA\approval_criteria.md | 10_CONTINUITY_QA\cross_episode_consistency.md | 10_CONTINUITY_QA\cross_scene_consistency.md | 10_CONTINUITY_QA\cross_shot_consistency.md | 10_CONTINUITY_QA\material_continuity.md | 10_CONTINUITY_QA\realism_qa.md | 10_CONTINUITY_QA\temporal_consistency.md | 11_PRODUCTION_HANDOFF\3d_handoff.md | 11_PRODUCTION_HANDOFF\lighting_handoff.md | 11_PRODUCTION_HANDOFF\physics_handoff.md | 11_PRODUCTION_HANDOFF\render_validation.md | 11_PRODUCTION_HANDOFF\shader_handoff.md | 11_PRODUCTION_HANDOFF\texture_handoff.md | 11_PRODUCTION_HANDOFF\vfx_handoff.md | 12_REGISTRY\change_control.md | 12_REGISTRY\material_registry.md | 12_REGISTRY\material_variants.md | 12_REGISTRY\material_versions.md"
"METALS\silver.md","0","0","","EMPTY_OLD_FILE_REVIEW","04_SURFACE_STRUCTURE\surface_renderer_validation_register.csv","0","04_SURFACE_STRUCTURE\surface_renderer_test_matrix.md","0","04_SURFACE_STRUCTURE\surface_renderer_confirmation_note.md","0","05_BEHAVIOR\aging.md | 05_BEHAVIOR\damage.md | 05_BEHAVIOR\dust_dirt_mud.md | 05_BEHAVIOR\environmental_response.md | 05_BEHAVIOR\repair.md | 05_BEHAVIOR\water_wetting_absorption.md | 05_BEHAVIOR\wear.md | 05_BEHAVIOR\weathering.md | 06_STATES\condition_states.md | 06_STATES\material_state_model.md | 06_STATES\state_continuity.md | 06_STATES\state_transitions.md | 06_STATES\thermal_states.md | 06_STATES\wet_dry_states.md | 07_HISTORICAL_CANONICAL\canonical_material_usage.md | 07_HISTORICAL_CANONICAL\conflicts_uncertainty.md | 07_HISTORICAL_CANONICAL\historical_material_availability.md | 07_HISTORICAL_CANONICAL\material_evidence.md | 07_HISTORICAL_CANONICAL\traditional_indian_materials.md | 07_HISTORICAL_CANONICAL\traditional_manufacturing.md | 08_INTERACTION\animal_interaction.md | 08_INTERACTION\architecture_interaction.md | 08_INTERACTION\environment_interaction.md | 08_INTERACTION\human_interaction.md | 08_INTERACTION\prop_interaction.md | 09_AI_PRODUCTION\artifact_prevention.md | 09_AI_PRODUCTION\candidate_selection.md | 09_AI_PRODUCTION\material_generation_validation.md | 09_AI_PRODUCTION\material_prompting.md | 09_AI_PRODUCTION\negative_constraints.md | 09_AI_PRODUCTION\reference_strategy.md | 10_CONTINUITY_QA\approval_criteria.md | 10_CONTINUITY_QA\cross_episode_consistency.md | 10_CONTINUITY_QA\cross_scene_consistency.md | 10_CONTINUITY_QA\cross_shot_consistency.md | 10_CONTINUITY_QA\material_continuity.md | 10_CONTINUITY_QA\realism_qa.md | 10_CONTINUITY_QA\temporal_consistency.md | 11_PRODUCTION_HANDOFF\3d_handoff.md | 11_PRODUCTION_HANDOFF\lighting_handoff.md | 11_PRODUCTION_HANDOFF\physics_handoff.md | 11_PRODUCTION_HANDOFF\render_validation.md | 11_PRODUCTION_HANDOFF\shader_handoff.md | 11_PRODUCTION_HANDOFF\texture_handoff.md | 11_PRODUCTION_HANDOFF\vfx_handoff.md | 12_REGISTRY\change_control.md | 12_REGISTRY\material_registry.md | 12_REGISTRY\material_variants.md | 12_REGISTRY\material_versions.md"
"METALS\steel.md","0","0","","EMPTY_OLD_FILE_REVIEW","04_SURFACE_STRUCTURE\surface_renderer_validation_register.csv","0","04_SURFACE_STRUCTURE\surface_renderer_test_matrix.md","0","04_SURFACE_STRUCTURE\surface_renderer_confirmation_note.md","0","05_BEHAVIOR\aging.md | 05_BEHAVIOR\damage.md | 05_BEHAVIOR\dust_dirt_mud.md | 05_BEHAVIOR\environmental_response.md | 05_BEHAVIOR\repair.md | 05_BEHAVIOR\water_wetting_absorption.md | 05_BEHAVIOR\wear.md | 05_BEHAVIOR\weathering.md | 06_STATES\condition_states.md | 06_STATES\material_state_model.md | 06_STATES\state_continuity.md | 06_STATES\state_transitions.md | 06_STATES\thermal_states.md | 06_STATES\wet_dry_states.md | 07_HISTORICAL_CANONICAL\canonical_material_usage.md | 07_HISTORICAL_CANONICAL\conflicts_uncertainty.md | 07_HISTORICAL_CANONICAL\historical_material_availability.md | 07_HISTORICAL_CANONICAL\material_evidence.md | 07_HISTORICAL_CANONICAL\traditional_indian_materials.md | 07_HISTORICAL_CANONICAL\traditional_manufacturing.md | 08_INTERACTION\animal_interaction.md | 08_INTERACTION\architecture_interaction.md | 08_INTERACTION\environment_interaction.md | 08_INTERACTION\human_interaction.md | 08_INTERACTION\prop_interaction.md | 09_AI_PRODUCTION\artifact_prevention.md | 09_AI_PRODUCTION\candidate_selection.md | 09_AI_PRODUCTION\material_generation_validation.md | 09_AI_PRODUCTION\material_prompting.md | 09_AI_PRODUCTION\negative_constraints.md | 09_AI_PRODUCTION\reference_strategy.md | 10_CONTINUITY_QA\approval_criteria.md | 10_CONTINUITY_QA\cross_episode_consistency.md | 10_CONTINUITY_QA\cross_scene_consistency.md | 10_CONTINUITY_QA\cross_shot_consistency.md | 10_CONTINUITY_QA\material_continuity.md | 10_CONTINUITY_QA\realism_qa.md | 10_CONTINUITY_QA\temporal_consistency.md | 11_PRODUCTION_HANDOFF\3d_handoff.md | 11_PRODUCTION_HANDOFF\lighting_handoff.md | 11_PRODUCTION_HANDOFF\physics_handoff.md | 11_PRODUCTION_HANDOFF\render_validation.md | 11_PRODUCTION_HANDOFF\shader_handoff.md | 11_PRODUCTION_HANDOFF\texture_handoff.md | 11_PRODUCTION_HANDOFF\vfx_handoff.md | 12_REGISTRY\change_control.md | 12_REGISTRY\material_registry.md | 12_REGISTRY\material_variants.md | 12_REGISTRY\material_versions.md"
"ORGANIC_AND_NATURAL\flowers.md","0","0","","EMPTY_OLD_FILE_REVIEW","04_SURFACE_STRUCTURE\surface_renderer_validation_register.csv","0","04_SURFACE_STRUCTURE\surface_renderer_test_matrix.md","0","04_SURFACE_STRUCTURE\surface_renderer_confirmation_note.md","0","05_BEHAVIOR\aging.md | 05_BEHAVIOR\damage.md | 05_BEHAVIOR\dust_dirt_mud.md | 05_BEHAVIOR\environmental_response.md | 05_BEHAVIOR\repair.md | 05_BEHAVIOR\water_wetting_absorption.md | 05_BEHAVIOR\wear.md | 05_BEHAVIOR\weathering.md | 06_STATES\condition_states.md | 06_STATES\material_state_model.md | 06_STATES\state_continuity.md | 06_STATES\state_transitions.md | 06_STATES\thermal_states.md | 06_STATES\wet_dry_states.md | 07_HISTORICAL_CANONICAL\canonical_material_usage.md | 07_HISTORICAL_CANONICAL\conflicts_uncertainty.md | 07_HISTORICAL_CANONICAL\historical_material_availability.md | 07_HISTORICAL_CANONICAL\material_evidence.md | 07_HISTORICAL_CANONICAL\traditional_indian_materials.md | 07_HISTORICAL_CANONICAL\traditional_manufacturing.md | 08_INTERACTION\animal_interaction.md | 08_INTERACTION\architecture_interaction.md | 08_INTERACTION\environment_interaction.md | 08_INTERACTION\human_interaction.md | 08_INTERACTION\prop_interaction.md | 09_AI_PRODUCTION\artifact_prevention.md | 09_AI_PRODUCTION\candidate_selection.md | 09_AI_PRODUCTION\material_generation_validation.md | 09_AI_PRODUCTION\material_prompting.md | 09_AI_PRODUCTION\negative_constraints.md | 09_AI_PRODUCTION\reference_strategy.md | 10_CONTINUITY_QA\approval_criteria.md | 10_CONTINUITY_QA\cross_episode_consistency.md | 10_CONTINUITY_QA\cross_scene_consistency.md | 10_CONTINUITY_QA\cross_shot_consistency.md | 10_CONTINUITY_QA\material_continuity.md | 10_CONTINUITY_QA\realism_qa.md | 10_CONTINUITY_QA\temporal_consistency.md | 11_PRODUCTION_HANDOFF\3d_handoff.md | 11_PRODUCTION_HANDOFF\lighting_handoff.md | 11_PRODUCTION_HANDOFF\physics_handoff.md | 11_PRODUCTION_HANDOFF\render_validation.md | 11_PRODUCTION_HANDOFF\shader_handoff.md | 11_PRODUCTION_HANDOFF\texture_handoff.md | 11_PRODUCTION_HANDOFF\vfx_handoff.md | 12_REGISTRY\change_control.md | 12_REGISTRY\material_registry.md | 12_REGISTRY\material_variants.md | 12_REGISTRY\material_versions.md"
"ORGANIC_AND_NATURAL\leaves.md","0","0","","EMPTY_OLD_FILE_REVIEW","04_SURFACE_STRUCTURE\surface_renderer_validation_register.csv","0","04_SURFACE_STRUCTURE\surface_renderer_test_matrix.md","0","04_SURFACE_STRUCTURE\surface_renderer_confirmation_note.md","0","05_BEHAVIOR\aging.md | 05_BEHAVIOR\damage.md | 05_BEHAVIOR\dust_dirt_mud.md | 05_BEHAVIOR\environmental_response.md | 05_BEHAVIOR\repair.md | 05_BEHAVIOR\water_wetting_absorption.md | 05_BEHAVIOR\wear.md | 05_BEHAVIOR\weathering.md | 06_STATES\condition_states.md | 06_STATES\material_state_model.md | 06_STATES\state_continuity.md | 06_STATES\state_transitions.md | 06_STATES\thermal_states.md | 06_STATES\wet_dry_states.md | 07_HISTORICAL_CANONICAL\canonical_material_usage.md | 07_HISTORICAL_CANONICAL\conflicts_uncertainty.md | 07_HISTORICAL_CANONICAL\historical_material_availability.md | 07_HISTORICAL_CANONICAL\material_evidence.md | 07_HISTORICAL_CANONICAL\traditional_indian_materials.md | 07_HISTORICAL_CANONICAL\traditional_manufacturing.md | 08_INTERACTION\animal_interaction.md | 08_INTERACTION\architecture_interaction.md | 08_INTERACTION\environment_interaction.md | 08_INTERACTION\human_interaction.md | 08_INTERACTION\prop_interaction.md | 09_AI_PRODUCTION\artifact_prevention.md | 09_AI_PRODUCTION\candidate_selection.md | 09_AI_PRODUCTION\material_generation_validation.md | 09_AI_PRODUCTION\material_prompting.md | 09_AI_PRODUCTION\negative_constraints.md | 09_AI_PRODUCTION\reference_strategy.md | 10_CONTINUITY_QA\approval_criteria.md | 10_CONTINUITY_QA\cross_episode_consistency.md | 10_CONTINUITY_QA\cross_scene_consistency.md | 10_CONTINUITY_QA\cross_shot_consistency.md | 10_CONTINUITY_QA\material_continuity.md | 10_CONTINUITY_QA\realism_qa.md | 10_CONTINUITY_QA\temporal_consistency.md | 11_PRODUCTION_HANDOFF\3d_handoff.md | 11_PRODUCTION_HANDOFF\lighting_handoff.md | 11_PRODUCTION_HANDOFF\physics_handoff.md | 11_PRODUCTION_HANDOFF\render_validation.md | 11_PRODUCTION_HANDOFF\shader_handoff.md | 11_PRODUCTION_HANDOFF\texture_handoff.md | 11_PRODUCTION_HANDOFF\vfx_handoff.md | 12_REGISTRY\change_control.md | 12_REGISTRY\material_registry.md | 12_REGISTRY\material_variants.md | 12_REGISTRY\material_versions.md"
"ORGANIC_AND_NATURAL\organic_decay.md","0","0","","EMPTY_OLD_FILE_REVIEW","04_SURFACE_STRUCTURE\surface_renderer_validation_register.csv","0","04_SURFACE_STRUCTURE\surface_renderer_test_matrix.md","0","04_SURFACE_STRUCTURE\surface_renderer_confirmation_note.md","0","05_BEHAVIOR\aging.md | 05_BEHAVIOR\damage.md | 05_BEHAVIOR\dust_dirt_mud.md | 05_BEHAVIOR\environmental_response.md | 05_BEHAVIOR\repair.md | 05_BEHAVIOR\water_wetting_absorption.md | 05_BEHAVIOR\wear.md | 05_BEHAVIOR\weathering.md | 06_STATES\condition_states.md | 06_STATES\material_state_model.md | 06_STATES\state_continuity.md | 06_STATES\state_transitions.md | 06_STATES\thermal_states.md | 06_STATES\wet_dry_states.md | 07_HISTORICAL_CANONICAL\canonical_material_usage.md | 07_HISTORICAL_CANONICAL\conflicts_uncertainty.md | 07_HISTORICAL_CANONICAL\historical_material_availability.md | 07_HISTORICAL_CANONICAL\material_evidence.md | 07_HISTORICAL_CANONICAL\traditional_indian_materials.md | 07_HISTORICAL_CANONICAL\traditional_manufacturing.md | 08_INTERACTION\animal_interaction.md | 08_INTERACTION\architecture_interaction.md | 08_INTERACTION\environment_interaction.md | 08_INTERACTION\human_interaction.md | 08_INTERACTION\prop_interaction.md | 09_AI_PRODUCTION\artifact_prevention.md | 09_AI_PRODUCTION\candidate_selection.md | 09_AI_PRODUCTION\material_generation_validation.md | 09_AI_PRODUCTION\material_prompting.md | 09_AI_PRODUCTION\negative_constraints.md | 09_AI_PRODUCTION\reference_strategy.md | 10_CONTINUITY_QA\approval_criteria.md | 10_CONTINUITY_QA\cross_episode_consistency.md | 10_CONTINUITY_QA\cross_scene_consistency.md | 10_CONTINUITY_QA\cross_shot_consistency.md | 10_CONTINUITY_QA\material_continuity.md | 10_CONTINUITY_QA\realism_qa.md | 10_CONTINUITY_QA\temporal_consistency.md | 11_PRODUCTION_HANDOFF\3d_handoff.md | 11_PRODUCTION_HANDOFF\lighting_handoff.md | 11_PRODUCTION_HANDOFF\physics_handoff.md | 11_PRODUCTION_HANDOFF\render_validation.md | 11_PRODUCTION_HANDOFF\shader_handoff.md | 11_PRODUCTION_HANDOFF\texture_handoff.md | 11_PRODUCTION_HANDOFF\vfx_handoff.md | 12_REGISTRY\change_control.md | 12_REGISTRY\material_registry.md | 12_REGISTRY\material_variants.md | 12_REGISTRY\material_versions.md"
"ORGANIC_AND_NATURAL\resin.md","0","0","","EMPTY_OLD_FILE_REVIEW","04_SURFACE_STRUCTURE\surface_renderer_validation_register.csv","0","04_SURFACE_STRUCTURE\surface_renderer_test_matrix.md","0","04_SURFACE_STRUCTURE\surface_renderer_confirmation_note.md","0","05_BEHAVIOR\aging.md | 05_BEHAVIOR\damage.md | 05_BEHAVIOR\dust_dirt_mud.md | 05_BEHAVIOR\environmental_response.md | 05_BEHAVIOR\repair.md | 05_BEHAVIOR\water_wetting_absorption.md | 05_BEHAVIOR\wear.md | 05_BEHAVIOR\weathering.md | 06_STATES\condition_states.md | 06_STATES\material_state_model.md | 06_STATES\state_continuity.md | 06_STATES\state_transitions.md | 06_STATES\thermal_states.md | 06_STATES\wet_dry_states.md | 07_HISTORICAL_CANONICAL\canonical_material_usage.md | 07_HISTORICAL_CANONICAL\conflicts_uncertainty.md | 07_HISTORICAL_CANONICAL\historical_material_availability.md | 07_HISTORICAL_CANONICAL\material_evidence.md | 07_HISTORICAL_CANONICAL\traditional_indian_materials.md | 07_HISTORICAL_CANONICAL\traditional_manufacturing.md | 08_INTERACTION\animal_interaction.md | 08_INTERACTION\architecture_interaction.md | 08_INTERACTION\environment_interaction.md | 08_INTERACTION\human_interaction.md | 08_INTERACTION\prop_interaction.md | 09_AI_PRODUCTION\artifact_prevention.md | 09_AI_PRODUCTION\candidate_selection.md | 09_AI_PRODUCTION\material_generation_validation.md | 09_AI_PRODUCTION\material_prompting.md | 09_AI_PRODUCTION\negative_constraints.md | 09_AI_PRODUCTION\reference_strategy.md | 10_CONTINUITY_QA\approval_criteria.md | 10_CONTINUITY_QA\cross_episode_consistency.md | 10_CONTINUITY_QA\cross_scene_consistency.md | 10_CONTINUITY_QA\cross_shot_consistency.md | 10_CONTINUITY_QA\material_continuity.md | 10_CONTINUITY_QA\realism_qa.md | 10_CONTINUITY_QA\temporal_consistency.md | 11_PRODUCTION_HANDOFF\3d_handoff.md | 11_PRODUCTION_HANDOFF\lighting_handoff.md | 11_PRODUCTION_HANDOFF\physics_handoff.md | 11_PRODUCTION_HANDOFF\render_validation.md | 11_PRODUCTION_HANDOFF\shader_handoff.md | 11_PRODUCTION_HANDOFF\texture_handoff.md | 11_PRODUCTION_HANDOFF\vfx_handoff.md | 12_REGISTRY\change_control.md | 12_REGISTRY\material_registry.md | 12_REGISTRY\material_variants.md | 12_REGISTRY\material_versions.md"
"ORGANIC_AND_NATURAL\sap.md","0","0","","EMPTY_OLD_FILE_REVIEW","04_SURFACE_STRUCTURE\surface_renderer_validation_register.csv","0","04_SURFACE_STRUCTURE\surface_renderer_test_matrix.md","0","04_SURFACE_STRUCTURE\surface_renderer_confirmation_note.md","0","05_BEHAVIOR\aging.md | 05_BEHAVIOR\damage.md | 05_BEHAVIOR\dust_dirt_mud.md | 05_BEHAVIOR\environmental_response.md | 05_BEHAVIOR\repair.md | 05_BEHAVIOR\water_wetting_absorption.md | 05_BEHAVIOR\wear.md | 05_BEHAVIOR\weathering.md | 06_STATES\condition_states.md | 06_STATES\material_state_model.md | 06_STATES\state_continuity.md | 06_STATES\state_transitions.md | 06_STATES\thermal_states.md | 06_STATES\wet_dry_states.md | 07_HISTORICAL_CANONICAL\canonical_material_usage.md | 07_HISTORICAL_CANONICAL\conflicts_uncertainty.md | 07_HISTORICAL_CANONICAL\historical_material_availability.md | 07_HISTORICAL_CANONICAL\material_evidence.md | 07_HISTORICAL_CANONICAL\traditional_indian_materials.md | 07_HISTORICAL_CANONICAL\traditional_manufacturing.md | 08_INTERACTION\animal_interaction.md | 08_INTERACTION\architecture_interaction.md | 08_INTERACTION\environment_interaction.md | 08_INTERACTION\human_interaction.md | 08_INTERACTION\prop_interaction.md | 09_AI_PRODUCTION\artifact_prevention.md | 09_AI_PRODUCTION\candidate_selection.md | 09_AI_PRODUCTION\material_generation_validation.md | 09_AI_PRODUCTION\material_prompting.md | 09_AI_PRODUCTION\negative_constraints.md | 09_AI_PRODUCTION\reference_strategy.md | 10_CONTINUITY_QA\approval_criteria.md | 10_CONTINUITY_QA\cross_episode_consistency.md | 10_CONTINUITY_QA\cross_scene_consistency.md | 10_CONTINUITY_QA\cross_shot_consistency.md | 10_CONTINUITY_QA\material_continuity.md | 10_CONTINUITY_QA\realism_qa.md | 10_CONTINUITY_QA\temporal_consistency.md | 11_PRODUCTION_HANDOFF\3d_handoff.md | 11_PRODUCTION_HANDOFF\lighting_handoff.md | 11_PRODUCTION_HANDOFF\physics_handoff.md | 11_PRODUCTION_HANDOFF\render_validation.md | 11_PRODUCTION_HANDOFF\shader_handoff.md | 11_PRODUCTION_HANDOFF\texture_handoff.md | 11_PRODUCTION_HANDOFF\vfx_handoff.md | 12_REGISTRY\change_control.md | 12_REGISTRY\material_registry.md | 12_REGISTRY\material_variants.md | 12_REGISTRY\material_versions.md"
"ORGANIC_AND_NATURAL\wax.md","0","0","","EMPTY_OLD_FILE_REVIEW","04_SURFACE_STRUCTURE\surface_renderer_validation_register.csv","0","04_SURFACE_STRUCTURE\surface_renderer_test_matrix.md","0","04_SURFACE_STRUCTURE\surface_renderer_confirmation_note.md","0","05_BEHAVIOR\aging.md | 05_BEHAVIOR\damage.md | 05_BEHAVIOR\dust_dirt_mud.md | 05_BEHAVIOR\environmental_response.md | 05_BEHAVIOR\repair.md | 05_BEHAVIOR\water_wetting_absorption.md | 05_BEHAVIOR\wear.md | 05_BEHAVIOR\weathering.md | 06_STATES\condition_states.md | 06_STATES\material_state_model.md | 06_STATES\state_continuity.md | 06_STATES\state_transitions.md | 06_STATES\thermal_states.md | 06_STATES\wet_dry_states.md | 07_HISTORICAL_CANONICAL\canonical_material_usage.md | 07_HISTORICAL_CANONICAL\conflicts_uncertainty.md | 07_HISTORICAL_CANONICAL\historical_material_availability.md | 07_HISTORICAL_CANONICAL\material_evidence.md | 07_HISTORICAL_CANONICAL\traditional_indian_materials.md | 07_HISTORICAL_CANONICAL\traditional_manufacturing.md | 08_INTERACTION\animal_interaction.md | 08_INTERACTION\architecture_interaction.md | 08_INTERACTION\environment_interaction.md | 08_INTERACTION\human_interaction.md | 08_INTERACTION\prop_interaction.md | 09_AI_PRODUCTION\artifact_prevention.md | 09_AI_PRODUCTION\candidate_selection.md | 09_AI_PRODUCTION\material_generation_validation.md | 09_AI_PRODUCTION\material_prompting.md | 09_AI_PRODUCTION\negative_constraints.md | 09_AI_PRODUCTION\reference_strategy.md | 10_CONTINUITY_QA\approval_criteria.md | 10_CONTINUITY_QA\cross_episode_consistency.md | 10_CONTINUITY_QA\cross_scene_consistency.md | 10_CONTINUITY_QA\cross_shot_consistency.md | 10_CONTINUITY_QA\material_continuity.md | 10_CONTINUITY_QA\realism_qa.md | 10_CONTINUITY_QA\temporal_consistency.md | 11_PRODUCTION_HANDOFF\3d_handoff.md | 11_PRODUCTION_HANDOFF\lighting_handoff.md | 11_PRODUCTION_HANDOFF\physics_handoff.md | 11_PRODUCTION_HANDOFF\render_validation.md | 11_PRODUCTION_HANDOFF\shader_handoff.md | 11_PRODUCTION_HANDOFF\texture_handoff.md | 11_PRODUCTION_HANDOFF\vfx_handoff.md | 12_REGISTRY\change_control.md | 12_REGISTRY\material_registry.md | 12_REGISTRY\material_variants.md | 12_REGISTRY\material_versions.md"
"PHYSICAL_PROPERTIES\absorption.md","0","0","","EMPTY_OLD_FILE_REVIEW","04_SURFACE_STRUCTURE\surface_renderer_validation_register.csv","0","04_SURFACE_STRUCTURE\surface_renderer_test_matrix.md","0","04_SURFACE_STRUCTURE\surface_renderer_confirmation_note.md","0","05_BEHAVIOR\aging.md | 05_BEHAVIOR\damage.md | 05_BEHAVIOR\dust_dirt_mud.md | 05_BEHAVIOR\environmental_response.md | 05_BEHAVIOR\repair.md | 05_BEHAVIOR\water_wetting_absorption.md | 05_BEHAVIOR\wear.md | 05_BEHAVIOR\weathering.md | 06_STATES\condition_states.md | 06_STATES\material_state_model.md | 06_STATES\state_continuity.md | 06_STATES\state_transitions.md | 06_STATES\thermal_states.md | 06_STATES\wet_dry_states.md | 07_HISTORICAL_CANONICAL\canonical_material_usage.md | 07_HISTORICAL_CANONICAL\conflicts_uncertainty.md | 07_HISTORICAL_CANONICAL\historical_material_availability.md | 07_HISTORICAL_CANONICAL\material_evidence.md | 07_HISTORICAL_CANONICAL\traditional_indian_materials.md | 07_HISTORICAL_CANONICAL\traditional_manufacturing.md | 08_INTERACTION\animal_interaction.md | 08_INTERACTION\architecture_interaction.md | 08_INTERACTION\environment_interaction.md | 08_INTERACTION\human_interaction.md | 08_INTERACTION\prop_interaction.md | 09_AI_PRODUCTION\artifact_prevention.md | 09_AI_PRODUCTION\candidate_selection.md | 09_AI_PRODUCTION\material_generation_validation.md | 09_AI_PRODUCTION\material_prompting.md | 09_AI_PRODUCTION\negative_constraints.md | 09_AI_PRODUCTION\reference_strategy.md | 10_CONTINUITY_QA\approval_criteria.md | 10_CONTINUITY_QA\cross_episode_consistency.md | 10_CONTINUITY_QA\cross_scene_consistency.md | 10_CONTINUITY_QA\cross_shot_consistency.md | 10_CONTINUITY_QA\material_continuity.md | 10_CONTINUITY_QA\realism_qa.md | 10_CONTINUITY_QA\temporal_consistency.md | 11_PRODUCTION_HANDOFF\3d_handoff.md | 11_PRODUCTION_HANDOFF\lighting_handoff.md | 11_PRODUCTION_HANDOFF\physics_handoff.md | 11_PRODUCTION_HANDOFF\render_validation.md | 11_PRODUCTION_HANDOFF\shader_handoff.md | 11_PRODUCTION_HANDOFF\texture_handoff.md | 11_PRODUCTION_HANDOFF\vfx_handoff.md | 12_REGISTRY\change_control.md | 12_REGISTRY\material_registry.md | 12_REGISTRY\material_variants.md | 12_REGISTRY\material_versions.md"
"PHYSICAL_PROPERTIES\density.md","0","0","","EMPTY_OLD_FILE_REVIEW","04_SURFACE_STRUCTURE\surface_renderer_validation_register.csv","0","04_SURFACE_STRUCTURE\surface_renderer_test_matrix.md","0","04_SURFACE_STRUCTURE\surface_renderer_confirmation_note.md","0","05_BEHAVIOR\aging.md | 05_BEHAVIOR\damage.md | 05_BEHAVIOR\dust_dirt_mud.md | 05_BEHAVIOR\environmental_response.md | 05_BEHAVIOR\repair.md | 05_BEHAVIOR\water_wetting_absorption.md | 05_BEHAVIOR\wear.md | 05_BEHAVIOR\weathering.md | 06_STATES\condition_states.md | 06_STATES\material_state_model.md | 06_STATES\state_continuity.md | 06_STATES\state_transitions.md | 06_STATES\thermal_states.md | 06_STATES\wet_dry_states.md | 07_HISTORICAL_CANONICAL\canonical_material_usage.md | 07_HISTORICAL_CANONICAL\conflicts_uncertainty.md | 07_HISTORICAL_CANONICAL\historical_material_availability.md | 07_HISTORICAL_CANONICAL\material_evidence.md | 07_HISTORICAL_CANONICAL\traditional_indian_materials.md | 07_HISTORICAL_CANONICAL\traditional_manufacturing.md | 08_INTERACTION\animal_interaction.md | 08_INTERACTION\architecture_interaction.md | 08_INTERACTION\environment_interaction.md | 08_INTERACTION\human_interaction.md | 08_INTERACTION\prop_interaction.md | 09_AI_PRODUCTION\artifact_prevention.md | 09_AI_PRODUCTION\candidate_selection.md | 09_AI_PRODUCTION\material_generation_validation.md | 09_AI_PRODUCTION\material_prompting.md | 09_AI_PRODUCTION\negative_constraints.md | 09_AI_PRODUCTION\reference_strategy.md | 10_CONTINUITY_QA\approval_criteria.md | 10_CONTINUITY_QA\cross_episode_consistency.md | 10_CONTINUITY_QA\cross_scene_consistency.md | 10_CONTINUITY_QA\cross_shot_consistency.md | 10_CONTINUITY_QA\material_continuity.md | 10_CONTINUITY_QA\realism_qa.md | 10_CONTINUITY_QA\temporal_consistency.md | 11_PRODUCTION_HANDOFF\3d_handoff.md | 11_PRODUCTION_HANDOFF\lighting_handoff.md | 11_PRODUCTION_HANDOFF\physics_handoff.md | 11_PRODUCTION_HANDOFF\render_validation.md | 11_PRODUCTION_HANDOFF\shader_handoff.md | 11_PRODUCTION_HANDOFF\texture_handoff.md | 11_PRODUCTION_HANDOFF\vfx_handoff.md | 12_REGISTRY\change_control.md | 12_REGISTRY\material_registry.md | 12_REGISTRY\material_variants.md | 12_REGISTRY\material_versions.md"
"PHYSICAL_PROPERTIES\electrical_behavior.md","0","0","","EMPTY_OLD_FILE_REVIEW","04_SURFACE_STRUCTURE\surface_renderer_validation_register.csv","0","04_SURFACE_STRUCTURE\surface_renderer_test_matrix.md","0","04_SURFACE_STRUCTURE\surface_renderer_confirmation_note.md","0","05_BEHAVIOR\aging.md | 05_BEHAVIOR\damage.md | 05_BEHAVIOR\dust_dirt_mud.md | 05_BEHAVIOR\environmental_response.md | 05_BEHAVIOR\repair.md | 05_BEHAVIOR\water_wetting_absorption.md | 05_BEHAVIOR\wear.md | 05_BEHAVIOR\weathering.md | 06_STATES\condition_states.md | 06_STATES\material_state_model.md | 06_STATES\state_continuity.md | 06_STATES\state_transitions.md | 06_STATES\thermal_states.md | 06_STATES\wet_dry_states.md | 07_HISTORICAL_CANONICAL\canonical_material_usage.md | 07_HISTORICAL_CANONICAL\conflicts_uncertainty.md | 07_HISTORICAL_CANONICAL\historical_material_availability.md | 07_HISTORICAL_CANONICAL\material_evidence.md | 07_HISTORICAL_CANONICAL\traditional_indian_materials.md | 07_HISTORICAL_CANONICAL\traditional_manufacturing.md | 08_INTERACTION\animal_interaction.md | 08_INTERACTION\architecture_interaction.md | 08_INTERACTION\environment_interaction.md | 08_INTERACTION\human_interaction.md | 08_INTERACTION\prop_interaction.md | 09_AI_PRODUCTION\artifact_prevention.md | 09_AI_PRODUCTION\candidate_selection.md | 09_AI_PRODUCTION\material_generation_validation.md | 09_AI_PRODUCTION\material_prompting.md | 09_AI_PRODUCTION\negative_constraints.md | 09_AI_PRODUCTION\reference_strategy.md | 10_CONTINUITY_QA\approval_criteria.md | 10_CONTINUITY_QA\cross_episode_consistency.md | 10_CONTINUITY_QA\cross_scene_consistency.md | 10_CONTINUITY_QA\cross_shot_consistency.md | 10_CONTINUITY_QA\material_continuity.md | 10_CONTINUITY_QA\realism_qa.md | 10_CONTINUITY_QA\temporal_consistency.md | 11_PRODUCTION_HANDOFF\3d_handoff.md | 11_PRODUCTION_HANDOFF\lighting_handoff.md | 11_PRODUCTION_HANDOFF\physics_handoff.md | 11_PRODUCTION_HANDOFF\render_validation.md | 11_PRODUCTION_HANDOFF\shader_handoff.md | 11_PRODUCTION_HANDOFF\texture_handoff.md | 11_PRODUCTION_HANDOFF\vfx_handoff.md | 12_REGISTRY\change_control.md | 12_REGISTRY\material_registry.md | 12_REGISTRY\material_variants.md | 12_REGISTRY\material_versions.md"
"PHYSICAL_PROPERTIES\hardness.md","0","0","","EMPTY_OLD_FILE_REVIEW","04_SURFACE_STRUCTURE\surface_renderer_validation_register.csv","0","04_SURFACE_STRUCTURE\surface_renderer_test_matrix.md","0","04_SURFACE_STRUCTURE\surface_renderer_confirmation_note.md","0","05_BEHAVIOR\aging.md | 05_BEHAVIOR\damage.md | 05_BEHAVIOR\dust_dirt_mud.md | 05_BEHAVIOR\environmental_response.md | 05_BEHAVIOR\repair.md | 05_BEHAVIOR\water_wetting_absorption.md | 05_BEHAVIOR\wear.md | 05_BEHAVIOR\weathering.md | 06_STATES\condition_states.md | 06_STATES\material_state_model.md | 06_STATES\state_continuity.md | 06_STATES\state_transitions.md | 06_STATES\thermal_states.md | 06_STATES\wet_dry_states.md | 07_HISTORICAL_CANONICAL\canonical_material_usage.md | 07_HISTORICAL_CANONICAL\conflicts_uncertainty.md | 07_HISTORICAL_CANONICAL\historical_material_availability.md | 07_HISTORICAL_CANONICAL\material_evidence.md | 07_HISTORICAL_CANONICAL\traditional_indian_materials.md | 07_HISTORICAL_CANONICAL\traditional_manufacturing.md | 08_INTERACTION\animal_interaction.md | 08_INTERACTION\architecture_interaction.md | 08_INTERACTION\environment_interaction.md | 08_INTERACTION\human_interaction.md | 08_INTERACTION\prop_interaction.md | 09_AI_PRODUCTION\artifact_prevention.md | 09_AI_PRODUCTION\candidate_selection.md | 09_AI_PRODUCTION\material_generation_validation.md | 09_AI_PRODUCTION\material_prompting.md | 09_AI_PRODUCTION\negative_constraints.md | 09_AI_PRODUCTION\reference_strategy.md | 10_CONTINUITY_QA\approval_criteria.md | 10_CONTINUITY_QA\cross_episode_consistency.md | 10_CONTINUITY_QA\cross_scene_consistency.md | 10_CONTINUITY_QA\cross_shot_consistency.md | 10_CONTINUITY_QA\material_continuity.md | 10_CONTINUITY_QA\realism_qa.md | 10_CONTINUITY_QA\temporal_consistency.md | 11_PRODUCTION_HANDOFF\3d_handoff.md | 11_PRODUCTION_HANDOFF\lighting_handoff.md | 11_PRODUCTION_HANDOFF\physics_handoff.md | 11_PRODUCTION_HANDOFF\render_validation.md | 11_PRODUCTION_HANDOFF\shader_handoff.md | 11_PRODUCTION_HANDOFF\texture_handoff.md | 11_PRODUCTION_HANDOFF\vfx_handoff.md | 12_REGISTRY\change_control.md | 12_REGISTRY\material_registry.md | 12_REGISTRY\material_variants.md | 12_REGISTRY\material_versions.md"
"PHYSICAL_PROPERTIES\mechanical_behavior.md","0","0","","EMPTY_OLD_FILE_REVIEW","04_SURFACE_STRUCTURE\surface_renderer_validation_register.csv","0","04_SURFACE_STRUCTURE\surface_renderer_test_matrix.md","0","04_SURFACE_STRUCTURE\surface_renderer_confirmation_note.md","0","05_BEHAVIOR\aging.md | 05_BEHAVIOR\damage.md | 05_BEHAVIOR\dust_dirt_mud.md | 05_BEHAVIOR\environmental_response.md | 05_BEHAVIOR\repair.md | 05_BEHAVIOR\water_wetting_absorption.md | 05_BEHAVIOR\wear.md | 05_BEHAVIOR\weathering.md | 06_STATES\condition_states.md | 06_STATES\material_state_model.md | 06_STATES\state_continuity.md | 06_STATES\state_transitions.md | 06_STATES\thermal_states.md | 06_STATES\wet_dry_states.md | 07_HISTORICAL_CANONICAL\canonical_material_usage.md | 07_HISTORICAL_CANONICAL\conflicts_uncertainty.md | 07_HISTORICAL_CANONICAL\historical_material_availability.md | 07_HISTORICAL_CANONICAL\material_evidence.md | 07_HISTORICAL_CANONICAL\traditional_indian_materials.md | 07_HISTORICAL_CANONICAL\traditional_manufacturing.md | 08_INTERACTION\animal_interaction.md | 08_INTERACTION\architecture_interaction.md | 08_INTERACTION\environment_interaction.md | 08_INTERACTION\human_interaction.md | 08_INTERACTION\prop_interaction.md | 09_AI_PRODUCTION\artifact_prevention.md | 09_AI_PRODUCTION\candidate_selection.md | 09_AI_PRODUCTION\material_generation_validation.md | 09_AI_PRODUCTION\material_prompting.md | 09_AI_PRODUCTION\negative_constraints.md | 09_AI_PRODUCTION\reference_strategy.md | 10_CONTINUITY_QA\approval_criteria.md | 10_CONTINUITY_QA\cross_episode_consistency.md | 10_CONTINUITY_QA\cross_scene_consistency.md | 10_CONTINUITY_QA\cross_shot_consistency.md | 10_CONTINUITY_QA\material_continuity.md | 10_CONTINUITY_QA\realism_qa.md | 10_CONTINUITY_QA\temporal_consistency.md | 11_PRODUCTION_HANDOFF\3d_handoff.md | 11_PRODUCTION_HANDOFF\lighting_handoff.md | 11_PRODUCTION_HANDOFF\physics_handoff.md | 11_PRODUCTION_HANDOFF\render_validation.md | 11_PRODUCTION_HANDOFF\shader_handoff.md | 11_PRODUCTION_HANDOFF\texture_handoff.md | 11_PRODUCTION_HANDOFF\vfx_handoff.md | 12_REGISTRY\change_control.md | 12_REGISTRY\material_registry.md | 12_REGISTRY\material_variants.md | 12_REGISTRY\material_versions.md"
"PHYSICAL_PROPERTIES\reflectivity.md","0","0","","EMPTY_OLD_FILE_REVIEW","04_SURFACE_STRUCTURE\surface_renderer_validation_register.csv","0","04_SURFACE_STRUCTURE\surface_renderer_test_matrix.md","0","04_SURFACE_STRUCTURE\surface_renderer_confirmation_note.md","0","05_BEHAVIOR\aging.md | 05_BEHAVIOR\damage.md | 05_BEHAVIOR\dust_dirt_mud.md | 05_BEHAVIOR\environmental_response.md | 05_BEHAVIOR\repair.md | 05_BEHAVIOR\water_wetting_absorption.md | 05_BEHAVIOR\wear.md | 05_BEHAVIOR\weathering.md | 06_STATES\condition_states.md | 06_STATES\material_state_model.md | 06_STATES\state_continuity.md | 06_STATES\state_transitions.md | 06_STATES\thermal_states.md | 06_STATES\wet_dry_states.md | 07_HISTORICAL_CANONICAL\canonical_material_usage.md | 07_HISTORICAL_CANONICAL\conflicts_uncertainty.md | 07_HISTORICAL_CANONICAL\historical_material_availability.md | 07_HISTORICAL_CANONICAL\material_evidence.md | 07_HISTORICAL_CANONICAL\traditional_indian_materials.md | 07_HISTORICAL_CANONICAL\traditional_manufacturing.md | 08_INTERACTION\animal_interaction.md | 08_INTERACTION\architecture_interaction.md | 08_INTERACTION\environment_interaction.md | 08_INTERACTION\human_interaction.md | 08_INTERACTION\prop_interaction.md | 09_AI_PRODUCTION\artifact_prevention.md | 09_AI_PRODUCTION\candidate_selection.md | 09_AI_PRODUCTION\material_generation_validation.md | 09_AI_PRODUCTION\material_prompting.md | 09_AI_PRODUCTION\negative_constraints.md | 09_AI_PRODUCTION\reference_strategy.md | 10_CONTINUITY_QA\approval_criteria.md | 10_CONTINUITY_QA\cross_episode_consistency.md | 10_CONTINUITY_QA\cross_scene_consistency.md | 10_CONTINUITY_QA\cross_shot_consistency.md | 10_CONTINUITY_QA\material_continuity.md | 10_CONTINUITY_QA\realism_qa.md | 10_CONTINUITY_QA\temporal_consistency.md | 11_PRODUCTION_HANDOFF\3d_handoff.md | 11_PRODUCTION_HANDOFF\lighting_handoff.md | 11_PRODUCTION_HANDOFF\physics_handoff.md | 11_PRODUCTION_HANDOFF\render_validation.md | 11_PRODUCTION_HANDOFF\shader_handoff.md | 11_PRODUCTION_HANDOFF\texture_handoff.md | 11_PRODUCTION_HANDOFF\vfx_handoff.md | 12_REGISTRY\change_control.md | 12_REGISTRY\material_registry.md | 12_REGISTRY\material_variants.md | 12_REGISTRY\material_versions.md"
"PHYSICAL_PROPERTIES\roughness.md","0","0","","EMPTY_OLD_FILE_REVIEW","04_SURFACE_STRUCTURE\surface_renderer_validation_register.csv","0","04_SURFACE_STRUCTURE\surface_renderer_test_matrix.md","0","04_SURFACE_STRUCTURE\surface_renderer_confirmation_note.md","0","05_BEHAVIOR\aging.md | 05_BEHAVIOR\damage.md | 05_BEHAVIOR\dust_dirt_mud.md | 05_BEHAVIOR\environmental_response.md | 05_BEHAVIOR\repair.md | 05_BEHAVIOR\water_wetting_absorption.md | 05_BEHAVIOR\wear.md | 05_BEHAVIOR\weathering.md | 06_STATES\condition_states.md | 06_STATES\material_state_model.md | 06_STATES\state_continuity.md | 06_STATES\state_transitions.md | 06_STATES\thermal_states.md | 06_STATES\wet_dry_states.md | 07_HISTORICAL_CANONICAL\canonical_material_usage.md | 07_HISTORICAL_CANONICAL\conflicts_uncertainty.md | 07_HISTORICAL_CANONICAL\historical_material_availability.md | 07_HISTORICAL_CANONICAL\material_evidence.md | 07_HISTORICAL_CANONICAL\traditional_indian_materials.md | 07_HISTORICAL_CANONICAL\traditional_manufacturing.md | 08_INTERACTION\animal_interaction.md | 08_INTERACTION\architecture_interaction.md | 08_INTERACTION\environment_interaction.md | 08_INTERACTION\human_interaction.md | 08_INTERACTION\prop_interaction.md | 09_AI_PRODUCTION\artifact_prevention.md | 09_AI_PRODUCTION\candidate_selection.md | 09_AI_PRODUCTION\material_generation_validation.md | 09_AI_PRODUCTION\material_prompting.md | 09_AI_PRODUCTION\negative_constraints.md | 09_AI_PRODUCTION\reference_strategy.md | 10_CONTINUITY_QA\approval_criteria.md | 10_CONTINUITY_QA\cross_episode_consistency.md | 10_CONTINUITY_QA\cross_scene_consistency.md | 10_CONTINUITY_QA\cross_shot_consistency.md | 10_CONTINUITY_QA\material_continuity.md | 10_CONTINUITY_QA\realism_qa.md | 10_CONTINUITY_QA\temporal_consistency.md | 11_PRODUCTION_HANDOFF\3d_handoff.md | 11_PRODUCTION_HANDOFF\lighting_handoff.md | 11_PRODUCTION_HANDOFF\physics_handoff.md | 11_PRODUCTION_HANDOFF\render_validation.md | 11_PRODUCTION_HANDOFF\shader_handoff.md | 11_PRODUCTION_HANDOFF\texture_handoff.md | 11_PRODUCTION_HANDOFF\vfx_handoff.md | 12_REGISTRY\change_control.md | 12_REGISTRY\material_registry.md | 12_REGISTRY\material_variants.md | 12_REGISTRY\material_versions.md"
"PHYSICAL_PROPERTIES\scattering.md","0","0","","EMPTY_OLD_FILE_REVIEW","04_SURFACE_STRUCTURE\surface_renderer_validation_register.csv","0","04_SURFACE_STRUCTURE\surface_renderer_test_matrix.md","0","04_SURFACE_STRUCTURE\surface_renderer_confirmation_note.md","0","05_BEHAVIOR\aging.md | 05_BEHAVIOR\damage.md | 05_BEHAVIOR\dust_dirt_mud.md | 05_BEHAVIOR\environmental_response.md | 05_BEHAVIOR\repair.md | 05_BEHAVIOR\water_wetting_absorption.md | 05_BEHAVIOR\wear.md | 05_BEHAVIOR\weathering.md | 06_STATES\condition_states.md | 06_STATES\material_state_model.md | 06_STATES\state_continuity.md | 06_STATES\state_transitions.md | 06_STATES\thermal_states.md | 06_STATES\wet_dry_states.md | 07_HISTORICAL_CANONICAL\canonical_material_usage.md | 07_HISTORICAL_CANONICAL\conflicts_uncertainty.md | 07_HISTORICAL_CANONICAL\historical_material_availability.md | 07_HISTORICAL_CANONICAL\material_evidence.md | 07_HISTORICAL_CANONICAL\traditional_indian_materials.md | 07_HISTORICAL_CANONICAL\traditional_manufacturing.md | 08_INTERACTION\animal_interaction.md | 08_INTERACTION\architecture_interaction.md | 08_INTERACTION\environment_interaction.md | 08_INTERACTION\human_interaction.md | 08_INTERACTION\prop_interaction.md | 09_AI_PRODUCTION\artifact_prevention.md | 09_AI_PRODUCTION\candidate_selection.md | 09_AI_PRODUCTION\material_generation_validation.md | 09_AI_PRODUCTION\material_prompting.md | 09_AI_PRODUCTION\negative_constraints.md | 09_AI_PRODUCTION\reference_strategy.md | 10_CONTINUITY_QA\approval_criteria.md | 10_CONTINUITY_QA\cross_episode_consistency.md | 10_CONTINUITY_QA\cross_scene_consistency.md | 10_CONTINUITY_QA\cross_shot_consistency.md | 10_CONTINUITY_QA\material_continuity.md | 10_CONTINUITY_QA\realism_qa.md | 10_CONTINUITY_QA\temporal_consistency.md | 11_PRODUCTION_HANDOFF\3d_handoff.md | 11_PRODUCTION_HANDOFF\lighting_handoff.md | 11_PRODUCTION_HANDOFF\physics_handoff.md | 11_PRODUCTION_HANDOFF\render_validation.md | 11_PRODUCTION_HANDOFF\shader_handoff.md | 11_PRODUCTION_HANDOFF\texture_handoff.md | 11_PRODUCTION_HANDOFF\vfx_handoff.md | 12_REGISTRY\change_control.md | 12_REGISTRY\material_registry.md | 12_REGISTRY\material_variants.md | 12_REGISTRY\material_versions.md"
"PHYSICAL_PROPERTIES\surface_behavior.md","0","0","","EMPTY_OLD_FILE_REVIEW","04_SURFACE_STRUCTURE\surface_renderer_validation_register.csv","0","04_SURFACE_STRUCTURE\surface_renderer_test_matrix.md","0","04_SURFACE_STRUCTURE\surface_renderer_confirmation_note.md","0","05_BEHAVIOR\aging.md | 05_BEHAVIOR\damage.md | 05_BEHAVIOR\dust_dirt_mud.md | 05_BEHAVIOR\environmental_response.md | 05_BEHAVIOR\repair.md | 05_BEHAVIOR\water_wetting_absorption.md | 05_BEHAVIOR\wear.md | 05_BEHAVIOR\weathering.md | 06_STATES\condition_states.md | 06_STATES\material_state_model.md | 06_STATES\state_continuity.md | 06_STATES\state_transitions.md | 06_STATES\thermal_states.md | 06_STATES\wet_dry_states.md | 07_HISTORICAL_CANONICAL\canonical_material_usage.md | 07_HISTORICAL_CANONICAL\conflicts_uncertainty.md | 07_HISTORICAL_CANONICAL\historical_material_availability.md | 07_HISTORICAL_CANONICAL\material_evidence.md | 07_HISTORICAL_CANONICAL\traditional_indian_materials.md | 07_HISTORICAL_CANONICAL\traditional_manufacturing.md | 08_INTERACTION\animal_interaction.md | 08_INTERACTION\architecture_interaction.md | 08_INTERACTION\environment_interaction.md | 08_INTERACTION\human_interaction.md | 08_INTERACTION\prop_interaction.md | 09_AI_PRODUCTION\artifact_prevention.md | 09_AI_PRODUCTION\candidate_selection.md | 09_AI_PRODUCTION\material_generation_validation.md | 09_AI_PRODUCTION\material_prompting.md | 09_AI_PRODUCTION\negative_constraints.md | 09_AI_PRODUCTION\reference_strategy.md | 10_CONTINUITY_QA\approval_criteria.md | 10_CONTINUITY_QA\cross_episode_consistency.md | 10_CONTINUITY_QA\cross_scene_consistency.md | 10_CONTINUITY_QA\cross_shot_consistency.md | 10_CONTINUITY_QA\material_continuity.md | 10_CONTINUITY_QA\realism_qa.md | 10_CONTINUITY_QA\temporal_consistency.md | 11_PRODUCTION_HANDOFF\3d_handoff.md | 11_PRODUCTION_HANDOFF\lighting_handoff.md | 11_PRODUCTION_HANDOFF\physics_handoff.md | 11_PRODUCTION_HANDOFF\render_validation.md | 11_PRODUCTION_HANDOFF\shader_handoff.md | 11_PRODUCTION_HANDOFF\texture_handoff.md | 11_PRODUCTION_HANDOFF\vfx_handoff.md | 12_REGISTRY\change_control.md | 12_REGISTRY\material_registry.md | 12_REGISTRY\material_variants.md | 12_REGISTRY\material_versions.md"
"PHYSICAL_PROPERTIES\thermal_behavior.md","0","0","","EMPTY_OLD_FILE_REVIEW","04_SURFACE_STRUCTURE\surface_renderer_validation_register.csv","0","04_SURFACE_STRUCTURE\surface_renderer_test_matrix.md","0","04_SURFACE_STRUCTURE\surface_renderer_confirmation_note.md","0","05_BEHAVIOR\aging.md | 05_BEHAVIOR\damage.md | 05_BEHAVIOR\dust_dirt_mud.md | 05_BEHAVIOR\environmental_response.md | 05_BEHAVIOR\repair.md | 05_BEHAVIOR\water_wetting_absorption.md | 05_BEHAVIOR\wear.md | 05_BEHAVIOR\weathering.md | 06_STATES\condition_states.md | 06_STATES\material_state_model.md | 06_STATES\state_continuity.md | 06_STATES\state_transitions.md | 06_STATES\thermal_states.md | 06_STATES\wet_dry_states.md | 07_HISTORICAL_CANONICAL\canonical_material_usage.md | 07_HISTORICAL_CANONICAL\conflicts_uncertainty.md | 07_HISTORICAL_CANONICAL\historical_material_availability.md | 07_HISTORICAL_CANONICAL\material_evidence.md | 07_HISTORICAL_CANONICAL\traditional_indian_materials.md | 07_HISTORICAL_CANONICAL\traditional_manufacturing.md | 08_INTERACTION\animal_interaction.md | 08_INTERACTION\architecture_interaction.md | 08_INTERACTION\environment_interaction.md | 08_INTERACTION\human_interaction.md | 08_INTERACTION\prop_interaction.md | 09_AI_PRODUCTION\artifact_prevention.md | 09_AI_PRODUCTION\candidate_selection.md | 09_AI_PRODUCTION\material_generation_validation.md | 09_AI_PRODUCTION\material_prompting.md | 09_AI_PRODUCTION\negative_constraints.md | 09_AI_PRODUCTION\reference_strategy.md | 10_CONTINUITY_QA\approval_criteria.md | 10_CONTINUITY_QA\cross_episode_consistency.md | 10_CONTINUITY_QA\cross_scene_consistency.md | 10_CONTINUITY_QA\cross_shot_consistency.md | 10_CONTINUITY_QA\material_continuity.md | 10_CONTINUITY_QA\realism_qa.md | 10_CONTINUITY_QA\temporal_consistency.md | 11_PRODUCTION_HANDOFF\3d_handoff.md | 11_PRODUCTION_HANDOFF\lighting_handoff.md | 11_PRODUCTION_HANDOFF\physics_handoff.md | 11_PRODUCTION_HANDOFF\render_validation.md | 11_PRODUCTION_HANDOFF\shader_handoff.md | 11_PRODUCTION_HANDOFF\texture_handoff.md | 11_PRODUCTION_HANDOFF\vfx_handoff.md | 12_REGISTRY\change_control.md | 12_REGISTRY\material_registry.md | 12_REGISTRY\material_variants.md | 12_REGISTRY\material_versions.md"
"PHYSICAL_PROPERTIES\translucency.md","0","0","","EMPTY_OLD_FILE_REVIEW","04_SURFACE_STRUCTURE\surface_renderer_validation_register.csv","0","04_SURFACE_STRUCTURE\surface_renderer_test_matrix.md","0","04_SURFACE_STRUCTURE\surface_renderer_confirmation_note.md","0","05_BEHAVIOR\aging.md | 05_BEHAVIOR\damage.md | 05_BEHAVIOR\dust_dirt_mud.md | 05_BEHAVIOR\environmental_response.md | 05_BEHAVIOR\repair.md | 05_BEHAVIOR\water_wetting_absorption.md | 05_BEHAVIOR\wear.md | 05_BEHAVIOR\weathering.md | 06_STATES\condition_states.md | 06_STATES\material_state_model.md | 06_STATES\state_continuity.md | 06_STATES\state_transitions.md | 06_STATES\thermal_states.md | 06_STATES\wet_dry_states.md | 07_HISTORICAL_CANONICAL\canonical_material_usage.md | 07_HISTORICAL_CANONICAL\conflicts_uncertainty.md | 07_HISTORICAL_CANONICAL\historical_material_availability.md | 07_HISTORICAL_CANONICAL\material_evidence.md | 07_HISTORICAL_CANONICAL\traditional_indian_materials.md | 07_HISTORICAL_CANONICAL\traditional_manufacturing.md | 08_INTERACTION\animal_interaction.md | 08_INTERACTION\architecture_interaction.md | 08_INTERACTION\environment_interaction.md | 08_INTERACTION\human_interaction.md | 08_INTERACTION\prop_interaction.md | 09_AI_PRODUCTION\artifact_prevention.md | 09_AI_PRODUCTION\candidate_selection.md | 09_AI_PRODUCTION\material_generation_validation.md | 09_AI_PRODUCTION\material_prompting.md | 09_AI_PRODUCTION\negative_constraints.md | 09_AI_PRODUCTION\reference_strategy.md | 10_CONTINUITY_QA\approval_criteria.md | 10_CONTINUITY_QA\cross_episode_consistency.md | 10_CONTINUITY_QA\cross_scene_consistency.md | 10_CONTINUITY_QA\cross_shot_consistency.md | 10_CONTINUITY_QA\material_continuity.md | 10_CONTINUITY_QA\realism_qa.md | 10_CONTINUITY_QA\temporal_consistency.md | 11_PRODUCTION_HANDOFF\3d_handoff.md | 11_PRODUCTION_HANDOFF\lighting_handoff.md | 11_PRODUCTION_HANDOFF\physics_handoff.md | 11_PRODUCTION_HANDOFF\render_validation.md | 11_PRODUCTION_HANDOFF\shader_handoff.md | 11_PRODUCTION_HANDOFF\texture_handoff.md | 11_PRODUCTION_HANDOFF\vfx_handoff.md | 12_REGISTRY\change_control.md | 12_REGISTRY\material_registry.md | 12_REGISTRY\material_variants.md | 12_REGISTRY\material_versions.md"
"PHYSICAL_PROPERTIES\transparency.md","0","0","","EMPTY_OLD_FILE_REVIEW","04_SURFACE_STRUCTURE\surface_renderer_validation_register.csv","0","04_SURFACE_STRUCTURE\surface_renderer_test_matrix.md","0","04_SURFACE_STRUCTURE\surface_renderer_confirmation_note.md","0","05_BEHAVIOR\aging.md | 05_BEHAVIOR\damage.md | 05_BEHAVIOR\dust_dirt_mud.md | 05_BEHAVIOR\environmental_response.md | 05_BEHAVIOR\repair.md | 05_BEHAVIOR\water_wetting_absorption.md | 05_BEHAVIOR\wear.md | 05_BEHAVIOR\weathering.md | 06_STATES\condition_states.md | 06_STATES\material_state_model.md | 06_STATES\state_continuity.md | 06_STATES\state_transitions.md | 06_STATES\thermal_states.md | 06_STATES\wet_dry_states.md | 07_HISTORICAL_CANONICAL\canonical_material_usage.md | 07_HISTORICAL_CANONICAL\conflicts_uncertainty.md | 07_HISTORICAL_CANONICAL\historical_material_availability.md | 07_HISTORICAL_CANONICAL\material_evidence.md | 07_HISTORICAL_CANONICAL\traditional_indian_materials.md | 07_HISTORICAL_CANONICAL\traditional_manufacturing.md | 08_INTERACTION\animal_interaction.md | 08_INTERACTION\architecture_interaction.md | 08_INTERACTION\environment_interaction.md | 08_INTERACTION\human_interaction.md | 08_INTERACTION\prop_interaction.md | 09_AI_PRODUCTION\artifact_prevention.md | 09_AI_PRODUCTION\candidate_selection.md | 09_AI_PRODUCTION\material_generation_validation.md | 09_AI_PRODUCTION\material_prompting.md | 09_AI_PRODUCTION\negative_constraints.md | 09_AI_PRODUCTION\reference_strategy.md | 10_CONTINUITY_QA\approval_criteria.md | 10_CONTINUITY_QA\cross_episode_consistency.md | 10_CONTINUITY_QA\cross_scene_consistency.md | 10_CONTINUITY_QA\cross_shot_consistency.md | 10_CONTINUITY_QA\material_continuity.md | 10_CONTINUITY_QA\realism_qa.md | 10_CONTINUITY_QA\temporal_consistency.md | 11_PRODUCTION_HANDOFF\3d_handoff.md | 11_PRODUCTION_HANDOFF\lighting_handoff.md | 11_PRODUCTION_HANDOFF\physics_handoff.md | 11_PRODUCTION_HANDOFF\render_validation.md | 11_PRODUCTION_HANDOFF\shader_handoff.md | 11_PRODUCTION_HANDOFF\texture_handoff.md | 11_PRODUCTION_HANDOFF\vfx_handoff.md | 12_REGISTRY\change_control.md | 12_REGISTRY\material_registry.md | 12_REGISTRY\material_variants.md | 12_REGISTRY\material_versions.md"
"REFERENCES\historical_reference.md","0","0","","EMPTY_OLD_FILE_REVIEW","04_SURFACE_STRUCTURE\surface_renderer_validation_register.csv","0","04_SURFACE_STRUCTURE\surface_renderer_test_matrix.md","0","04_SURFACE_STRUCTURE\surface_renderer_confirmation_note.md","0","05_BEHAVIOR\aging.md | 05_BEHAVIOR\damage.md | 05_BEHAVIOR\dust_dirt_mud.md | 05_BEHAVIOR\environmental_response.md | 05_BEHAVIOR\repair.md | 05_BEHAVIOR\water_wetting_absorption.md | 05_BEHAVIOR\wear.md | 05_BEHAVIOR\weathering.md | 06_STATES\condition_states.md | 06_STATES\material_state_model.md | 06_STATES\state_continuity.md | 06_STATES\state_transitions.md | 06_STATES\thermal_states.md | 06_STATES\wet_dry_states.md | 07_HISTORICAL_CANONICAL\canonical_material_usage.md | 07_HISTORICAL_CANONICAL\conflicts_uncertainty.md | 07_HISTORICAL_CANONICAL\historical_material_availability.md | 07_HISTORICAL_CANONICAL\material_evidence.md | 07_HISTORICAL_CANONICAL\traditional_indian_materials.md | 07_HISTORICAL_CANONICAL\traditional_manufacturing.md | 08_INTERACTION\animal_interaction.md | 08_INTERACTION\architecture_interaction.md | 08_INTERACTION\environment_interaction.md | 08_INTERACTION\human_interaction.md | 08_INTERACTION\prop_interaction.md | 09_AI_PRODUCTION\artifact_prevention.md | 09_AI_PRODUCTION\candidate_selection.md | 09_AI_PRODUCTION\material_generation_validation.md | 09_AI_PRODUCTION\material_prompting.md | 09_AI_PRODUCTION\negative_constraints.md | 09_AI_PRODUCTION\reference_strategy.md | 10_CONTINUITY_QA\approval_criteria.md | 10_CONTINUITY_QA\cross_episode_consistency.md | 10_CONTINUITY_QA\cross_scene_consistency.md | 10_CONTINUITY_QA\cross_shot_consistency.md | 10_CONTINUITY_QA\material_continuity.md | 10_CONTINUITY_QA\realism_qa.md | 10_CONTINUITY_QA\temporal_consistency.md | 11_PRODUCTION_HANDOFF\3d_handoff.md | 11_PRODUCTION_HANDOFF\lighting_handoff.md | 11_PRODUCTION_HANDOFF\physics_handoff.md | 11_PRODUCTION_HANDOFF\render_validation.md | 11_PRODUCTION_HANDOFF\shader_handoff.md | 11_PRODUCTION_HANDOFF\texture_handoff.md | 11_PRODUCTION_HANDOFF\vfx_handoff.md | 12_REGISTRY\change_control.md | 12_REGISTRY\material_registry.md | 12_REGISTRY\material_variants.md | 12_REGISTRY\material_versions.md"
"REFERENCES\material_reference_policy.md","0","0","","EMPTY_OLD_FILE_REVIEW","04_SURFACE_STRUCTURE\surface_renderer_validation_register.csv","0","04_SURFACE_STRUCTURE\surface_renderer_test_matrix.md","0","04_SURFACE_STRUCTURE\surface_renderer_confirmation_note.md","0","05_BEHAVIOR\aging.md | 05_BEHAVIOR\damage.md | 05_BEHAVIOR\dust_dirt_mud.md | 05_BEHAVIOR\environmental_response.md | 05_BEHAVIOR\repair.md | 05_BEHAVIOR\water_wetting_absorption.md | 05_BEHAVIOR\wear.md | 05_BEHAVIOR\weathering.md | 06_STATES\condition_states.md | 06_STATES\material_state_model.md | 06_STATES\state_continuity.md | 06_STATES\state_transitions.md | 06_STATES\thermal_states.md | 06_STATES\wet_dry_states.md | 07_HISTORICAL_CANONICAL\canonical_material_usage.md | 07_HISTORICAL_CANONICAL\conflicts_uncertainty.md | 07_HISTORICAL_CANONICAL\historical_material_availability.md | 07_HISTORICAL_CANONICAL\material_evidence.md | 07_HISTORICAL_CANONICAL\traditional_indian_materials.md | 07_HISTORICAL_CANONICAL\traditional_manufacturing.md | 08_INTERACTION\animal_interaction.md | 08_INTERACTION\architecture_interaction.md | 08_INTERACTION\environment_interaction.md | 08_INTERACTION\human_interaction.md | 08_INTERACTION\prop_interaction.md | 09_AI_PRODUCTION\artifact_prevention.md | 09_AI_PRODUCTION\candidate_selection.md | 09_AI_PRODUCTION\material_generation_validation.md | 09_AI_PRODUCTION\material_prompting.md | 09_AI_PRODUCTION\negative_constraints.md | 09_AI_PRODUCTION\reference_strategy.md | 10_CONTINUITY_QA\approval_criteria.md | 10_CONTINUITY_QA\cross_episode_consistency.md | 10_CONTINUITY_QA\cross_scene_consistency.md | 10_CONTINUITY_QA\cross_shot_consistency.md | 10_CONTINUITY_QA\material_continuity.md | 10_CONTINUITY_QA\realism_qa.md | 10_CONTINUITY_QA\temporal_consistency.md | 11_PRODUCTION_HANDOFF\3d_handoff.md | 11_PRODUCTION_HANDOFF\lighting_handoff.md | 11_PRODUCTION_HANDOFF\physics_handoff.md | 11_PRODUCTION_HANDOFF\render_validation.md | 11_PRODUCTION_HANDOFF\shader_handoff.md | 11_PRODUCTION_HANDOFF\texture_handoff.md | 11_PRODUCTION_HANDOFF\vfx_handoff.md | 12_REGISTRY\change_control.md | 12_REGISTRY\material_registry.md | 12_REGISTRY\material_variants.md | 12_REGISTRY\material_versions.md"
"REFERENCES\physical_reference.md","0","0","","EMPTY_OLD_FILE_REVIEW","04_SURFACE_STRUCTURE\surface_renderer_validation_register.csv","0","04_SURFACE_STRUCTURE\surface_renderer_test_matrix.md","0","04_SURFACE_STRUCTURE\surface_renderer_confirmation_note.md","0","05_BEHAVIOR\aging.md | 05_BEHAVIOR\damage.md | 05_BEHAVIOR\dust_dirt_mud.md | 05_BEHAVIOR\environmental_response.md | 05_BEHAVIOR\repair.md | 05_BEHAVIOR\water_wetting_absorption.md | 05_BEHAVIOR\wear.md | 05_BEHAVIOR\weathering.md | 06_STATES\condition_states.md | 06_STATES\material_state_model.md | 06_STATES\state_continuity.md | 06_STATES\state_transitions.md | 06_STATES\thermal_states.md | 06_STATES\wet_dry_states.md | 07_HISTORICAL_CANONICAL\canonical_material_usage.md | 07_HISTORICAL_CANONICAL\conflicts_uncertainty.md | 07_HISTORICAL_CANONICAL\historical_material_availability.md | 07_HISTORICAL_CANONICAL\material_evidence.md | 07_HISTORICAL_CANONICAL\traditional_indian_materials.md | 07_HISTORICAL_CANONICAL\traditional_manufacturing.md | 08_INTERACTION\animal_interaction.md | 08_INTERACTION\architecture_interaction.md | 08_INTERACTION\environment_interaction.md | 08_INTERACTION\human_interaction.md | 08_INTERACTION\prop_interaction.md | 09_AI_PRODUCTION\artifact_prevention.md | 09_AI_PRODUCTION\candidate_selection.md | 09_AI_PRODUCTION\material_generation_validation.md | 09_AI_PRODUCTION\material_prompting.md | 09_AI_PRODUCTION\negative_constraints.md | 09_AI_PRODUCTION\reference_strategy.md | 10_CONTINUITY_QA\approval_criteria.md | 10_CONTINUITY_QA\cross_episode_consistency.md | 10_CONTINUITY_QA\cross_scene_consistency.md | 10_CONTINUITY_QA\cross_shot_consistency.md | 10_CONTINUITY_QA\material_continuity.md | 10_CONTINUITY_QA\realism_qa.md | 10_CONTINUITY_QA\temporal_consistency.md | 11_PRODUCTION_HANDOFF\3d_handoff.md | 11_PRODUCTION_HANDOFF\lighting_handoff.md | 11_PRODUCTION_HANDOFF\physics_handoff.md | 11_PRODUCTION_HANDOFF\render_validation.md | 11_PRODUCTION_HANDOFF\shader_handoff.md | 11_PRODUCTION_HANDOFF\texture_handoff.md | 11_PRODUCTION_HANDOFF\vfx_handoff.md | 12_REGISTRY\change_control.md | 12_REGISTRY\material_registry.md | 12_REGISTRY\material_variants.md | 12_REGISTRY\material_versions.md"
"REFERENCES\reference_index.md","0","0","","EMPTY_OLD_FILE_REVIEW","04_SURFACE_STRUCTURE\surface_renderer_validation_register.csv","0","04_SURFACE_STRUCTURE\surface_renderer_test_matrix.md","0","04_SURFACE_STRUCTURE\surface_renderer_confirmation_note.md","0","05_BEHAVIOR\aging.md | 05_BEHAVIOR\damage.md | 05_BEHAVIOR\dust_dirt_mud.md | 05_BEHAVIOR\environmental_response.md | 05_BEHAVIOR\repair.md | 05_BEHAVIOR\water_wetting_absorption.md | 05_BEHAVIOR\wear.md | 05_BEHAVIOR\weathering.md | 06_STATES\condition_states.md | 06_STATES\material_state_model.md | 06_STATES\state_continuity.md | 06_STATES\state_transitions.md | 06_STATES\thermal_states.md | 06_STATES\wet_dry_states.md | 07_HISTORICAL_CANONICAL\canonical_material_usage.md | 07_HISTORICAL_CANONICAL\conflicts_uncertainty.md | 07_HISTORICAL_CANONICAL\historical_material_availability.md | 07_HISTORICAL_CANONICAL\material_evidence.md | 07_HISTORICAL_CANONICAL\traditional_indian_materials.md | 07_HISTORICAL_CANONICAL\traditional_manufacturing.md | 08_INTERACTION\animal_interaction.md | 08_INTERACTION\architecture_interaction.md | 08_INTERACTION\environment_interaction.md | 08_INTERACTION\human_interaction.md | 08_INTERACTION\prop_interaction.md | 09_AI_PRODUCTION\artifact_prevention.md | 09_AI_PRODUCTION\candidate_selection.md | 09_AI_PRODUCTION\material_generation_validation.md | 09_AI_PRODUCTION\material_prompting.md | 09_AI_PRODUCTION\negative_constraints.md | 09_AI_PRODUCTION\reference_strategy.md | 10_CONTINUITY_QA\approval_criteria.md | 10_CONTINUITY_QA\cross_episode_consistency.md | 10_CONTINUITY_QA\cross_scene_consistency.md | 10_CONTINUITY_QA\cross_shot_consistency.md | 10_CONTINUITY_QA\material_continuity.md | 10_CONTINUITY_QA\realism_qa.md | 10_CONTINUITY_QA\temporal_consistency.md | 11_PRODUCTION_HANDOFF\3d_handoff.md | 11_PRODUCTION_HANDOFF\lighting_handoff.md | 11_PRODUCTION_HANDOFF\physics_handoff.md | 11_PRODUCTION_HANDOFF\render_validation.md | 11_PRODUCTION_HANDOFF\shader_handoff.md | 11_PRODUCTION_HANDOFF\texture_handoff.md | 11_PRODUCTION_HANDOFF\vfx_handoff.md | 12_REGISTRY\change_control.md | 12_REGISTRY\material_registry.md | 12_REGISTRY\material_variants.md | 12_REGISTRY\material_versions.md"
"REFERENCES\traditional_reference.md","0","0","","EMPTY_OLD_FILE_REVIEW","04_SURFACE_STRUCTURE\surface_renderer_validation_register.csv","0","04_SURFACE_STRUCTURE\surface_renderer_test_matrix.md","0","04_SURFACE_STRUCTURE\surface_renderer_confirmation_note.md","0","05_BEHAVIOR\aging.md | 05_BEHAVIOR\damage.md | 05_BEHAVIOR\dust_dirt_mud.md | 05_BEHAVIOR\environmental_response.md | 05_BEHAVIOR\repair.md | 05_BEHAVIOR\water_wetting_absorption.md | 05_BEHAVIOR\wear.md | 05_BEHAVIOR\weathering.md | 06_STATES\condition_states.md | 06_STATES\material_state_model.md | 06_STATES\state_continuity.md | 06_STATES\state_transitions.md | 06_STATES\thermal_states.md | 06_STATES\wet_dry_states.md | 07_HISTORICAL_CANONICAL\canonical_material_usage.md | 07_HISTORICAL_CANONICAL\conflicts_uncertainty.md | 07_HISTORICAL_CANONICAL\historical_material_availability.md | 07_HISTORICAL_CANONICAL\material_evidence.md | 07_HISTORICAL_CANONICAL\traditional_indian_materials.md | 07_HISTORICAL_CANONICAL\traditional_manufacturing.md | 08_INTERACTION\animal_interaction.md | 08_INTERACTION\architecture_interaction.md | 08_INTERACTION\environment_interaction.md | 08_INTERACTION\human_interaction.md | 08_INTERACTION\prop_interaction.md | 09_AI_PRODUCTION\artifact_prevention.md | 09_AI_PRODUCTION\candidate_selection.md | 09_AI_PRODUCTION\material_generation_validation.md | 09_AI_PRODUCTION\material_prompting.md | 09_AI_PRODUCTION\negative_constraints.md | 09_AI_PRODUCTION\reference_strategy.md | 10_CONTINUITY_QA\approval_criteria.md | 10_CONTINUITY_QA\cross_episode_consistency.md | 10_CONTINUITY_QA\cross_scene_consistency.md | 10_CONTINUITY_QA\cross_shot_consistency.md | 10_CONTINUITY_QA\material_continuity.md | 10_CONTINUITY_QA\realism_qa.md | 10_CONTINUITY_QA\temporal_consistency.md | 11_PRODUCTION_HANDOFF\3d_handoff.md | 11_PRODUCTION_HANDOFF\lighting_handoff.md | 11_PRODUCTION_HANDOFF\physics_handoff.md | 11_PRODUCTION_HANDOFF\render_validation.md | 11_PRODUCTION_HANDOFF\shader_handoff.md | 11_PRODUCTION_HANDOFF\texture_handoff.md | 11_PRODUCTION_HANDOFF\vfx_handoff.md | 12_REGISTRY\change_control.md | 12_REGISTRY\material_registry.md | 12_REGISTRY\material_variants.md | 12_REGISTRY\material_versions.md"
"REGISTRIES\material_master_registry.md","0","0","","EMPTY_OLD_FILE_REVIEW","04_SURFACE_STRUCTURE\surface_renderer_validation_register.csv","0","04_SURFACE_STRUCTURE\surface_renderer_test_matrix.md","0","04_SURFACE_STRUCTURE\surface_renderer_confirmation_note.md","0","05_BEHAVIOR\aging.md | 05_BEHAVIOR\damage.md | 05_BEHAVIOR\dust_dirt_mud.md | 05_BEHAVIOR\environmental_response.md | 05_BEHAVIOR\repair.md | 05_BEHAVIOR\water_wetting_absorption.md | 05_BEHAVIOR\wear.md | 05_BEHAVIOR\weathering.md | 06_STATES\condition_states.md | 06_STATES\material_state_model.md | 06_STATES\state_continuity.md | 06_STATES\state_transitions.md | 06_STATES\thermal_states.md | 06_STATES\wet_dry_states.md | 07_HISTORICAL_CANONICAL\canonical_material_usage.md | 07_HISTORICAL_CANONICAL\conflicts_uncertainty.md | 07_HISTORICAL_CANONICAL\historical_material_availability.md | 07_HISTORICAL_CANONICAL\material_evidence.md | 07_HISTORICAL_CANONICAL\traditional_indian_materials.md | 07_HISTORICAL_CANONICAL\traditional_manufacturing.md | 08_INTERACTION\animal_interaction.md | 08_INTERACTION\architecture_interaction.md | 08_INTERACTION\environment_interaction.md | 08_INTERACTION\human_interaction.md | 08_INTERACTION\prop_interaction.md | 09_AI_PRODUCTION\artifact_prevention.md | 09_AI_PRODUCTION\candidate_selection.md | 09_AI_PRODUCTION\material_generation_validation.md | 09_AI_PRODUCTION\material_prompting.md | 09_AI_PRODUCTION\negative_constraints.md | 09_AI_PRODUCTION\reference_strategy.md | 10_CONTINUITY_QA\approval_criteria.md | 10_CONTINUITY_QA\cross_episode_consistency.md | 10_CONTINUITY_QA\cross_scene_consistency.md | 10_CONTINUITY_QA\cross_shot_consistency.md | 10_CONTINUITY_QA\material_continuity.md | 10_CONTINUITY_QA\realism_qa.md | 10_CONTINUITY_QA\temporal_consistency.md | 11_PRODUCTION_HANDOFF\3d_handoff.md | 11_PRODUCTION_HANDOFF\lighting_handoff.md | 11_PRODUCTION_HANDOFF\physics_handoff.md | 11_PRODUCTION_HANDOFF\render_validation.md | 11_PRODUCTION_HANDOFF\shader_handoff.md | 11_PRODUCTION_HANDOFF\texture_handoff.md | 11_PRODUCTION_HANDOFF\vfx_handoff.md | 12_REGISTRY\change_control.md | 12_REGISTRY\material_registry.md | 12_REGISTRY\material_variants.md | 12_REGISTRY\material_versions.md"
"REGISTRIES\material_reference_registry.md","0","0","","EMPTY_OLD_FILE_REVIEW","04_SURFACE_STRUCTURE\surface_renderer_validation_register.csv","0","04_SURFACE_STRUCTURE\surface_renderer_test_matrix.md","0","04_SURFACE_STRUCTURE\surface_renderer_confirmation_note.md","0","05_BEHAVIOR\aging.md | 05_BEHAVIOR\damage.md | 05_BEHAVIOR\dust_dirt_mud.md | 05_BEHAVIOR\environmental_response.md | 05_BEHAVIOR\repair.md | 05_BEHAVIOR\water_wetting_absorption.md | 05_BEHAVIOR\wear.md | 05_BEHAVIOR\weathering.md | 06_STATES\condition_states.md | 06_STATES\material_state_model.md | 06_STATES\state_continuity.md | 06_STATES\state_transitions.md | 06_STATES\thermal_states.md | 06_STATES\wet_dry_states.md | 07_HISTORICAL_CANONICAL\canonical_material_usage.md | 07_HISTORICAL_CANONICAL\conflicts_uncertainty.md | 07_HISTORICAL_CANONICAL\historical_material_availability.md | 07_HISTORICAL_CANONICAL\material_evidence.md | 07_HISTORICAL_CANONICAL\traditional_indian_materials.md | 07_HISTORICAL_CANONICAL\traditional_manufacturing.md | 08_INTERACTION\animal_interaction.md | 08_INTERACTION\architecture_interaction.md | 08_INTERACTION\environment_interaction.md | 08_INTERACTION\human_interaction.md | 08_INTERACTION\prop_interaction.md | 09_AI_PRODUCTION\artifact_prevention.md | 09_AI_PRODUCTION\candidate_selection.md | 09_AI_PRODUCTION\material_generation_validation.md | 09_AI_PRODUCTION\material_prompting.md | 09_AI_PRODUCTION\negative_constraints.md | 09_AI_PRODUCTION\reference_strategy.md | 10_CONTINUITY_QA\approval_criteria.md | 10_CONTINUITY_QA\cross_episode_consistency.md | 10_CONTINUITY_QA\cross_scene_consistency.md | 10_CONTINUITY_QA\cross_shot_consistency.md | 10_CONTINUITY_QA\material_continuity.md | 10_CONTINUITY_QA\realism_qa.md | 10_CONTINUITY_QA\temporal_consistency.md | 11_PRODUCTION_HANDOFF\3d_handoff.md | 11_PRODUCTION_HANDOFF\lighting_handoff.md | 11_PRODUCTION_HANDOFF\physics_handoff.md | 11_PRODUCTION_HANDOFF\render_validation.md | 11_PRODUCTION_HANDOFF\shader_handoff.md | 11_PRODUCTION_HANDOFF\texture_handoff.md | 11_PRODUCTION_HANDOFF\vfx_handoff.md | 12_REGISTRY\change_control.md | 12_REGISTRY\material_registry.md | 12_REGISTRY\material_variants.md | 12_REGISTRY\material_versions.md"
"REGISTRIES\material_state_registry.md","0","0","","EMPTY_OLD_FILE_REVIEW","04_SURFACE_STRUCTURE\surface_renderer_validation_register.csv","0","04_SURFACE_STRUCTURE\surface_renderer_test_matrix.md","0","04_SURFACE_STRUCTURE\surface_renderer_confirmation_note.md","0","05_BEHAVIOR\aging.md | 05_BEHAVIOR\damage.md | 05_BEHAVIOR\dust_dirt_mud.md | 05_BEHAVIOR\environmental_response.md | 05_BEHAVIOR\repair.md | 05_BEHAVIOR\water_wetting_absorption.md | 05_BEHAVIOR\wear.md | 05_BEHAVIOR\weathering.md | 06_STATES\condition_states.md | 06_STATES\material_state_model.md | 06_STATES\state_continuity.md | 06_STATES\state_transitions.md | 06_STATES\thermal_states.md | 06_STATES\wet_dry_states.md | 07_HISTORICAL_CANONICAL\canonical_material_usage.md | 07_HISTORICAL_CANONICAL\conflicts_uncertainty.md | 07_HISTORICAL_CANONICAL\historical_material_availability.md | 07_HISTORICAL_CANONICAL\material_evidence.md | 07_HISTORICAL_CANONICAL\traditional_indian_materials.md | 07_HISTORICAL_CANONICAL\traditional_manufacturing.md | 08_INTERACTION\animal_interaction.md | 08_INTERACTION\architecture_interaction.md | 08_INTERACTION\environment_interaction.md | 08_INTERACTION\human_interaction.md | 08_INTERACTION\prop_interaction.md | 09_AI_PRODUCTION\artifact_prevention.md | 09_AI_PRODUCTION\candidate_selection.md | 09_AI_PRODUCTION\material_generation_validation.md | 09_AI_PRODUCTION\material_prompting.md | 09_AI_PRODUCTION\negative_constraints.md | 09_AI_PRODUCTION\reference_strategy.md | 10_CONTINUITY_QA\approval_criteria.md | 10_CONTINUITY_QA\cross_episode_consistency.md | 10_CONTINUITY_QA\cross_scene_consistency.md | 10_CONTINUITY_QA\cross_shot_consistency.md | 10_CONTINUITY_QA\material_continuity.md | 10_CONTINUITY_QA\realism_qa.md | 10_CONTINUITY_QA\temporal_consistency.md | 11_PRODUCTION_HANDOFF\3d_handoff.md | 11_PRODUCTION_HANDOFF\lighting_handoff.md | 11_PRODUCTION_HANDOFF\physics_handoff.md | 11_PRODUCTION_HANDOFF\render_validation.md | 11_PRODUCTION_HANDOFF\shader_handoff.md | 11_PRODUCTION_HANDOFF\texture_handoff.md | 11_PRODUCTION_HANDOFF\vfx_handoff.md | 12_REGISTRY\change_control.md | 12_REGISTRY\material_registry.md | 12_REGISTRY\material_variants.md | 12_REGISTRY\material_versions.md"
"REGISTRIES\material_usage_registry.md","0","0","","EMPTY_OLD_FILE_REVIEW","04_SURFACE_STRUCTURE\surface_renderer_validation_register.csv","0","04_SURFACE_STRUCTURE\surface_renderer_test_matrix.md","0","04_SURFACE_STRUCTURE\surface_renderer_confirmation_note.md","0","05_BEHAVIOR\aging.md | 05_BEHAVIOR\damage.md | 05_BEHAVIOR\dust_dirt_mud.md | 05_BEHAVIOR\environmental_response.md | 05_BEHAVIOR\repair.md | 05_BEHAVIOR\water_wetting_absorption.md | 05_BEHAVIOR\wear.md | 05_BEHAVIOR\weathering.md | 06_STATES\condition_states.md | 06_STATES\material_state_model.md | 06_STATES\state_continuity.md | 06_STATES\state_transitions.md | 06_STATES\thermal_states.md | 06_STATES\wet_dry_states.md | 07_HISTORICAL_CANONICAL\canonical_material_usage.md | 07_HISTORICAL_CANONICAL\conflicts_uncertainty.md | 07_HISTORICAL_CANONICAL\historical_material_availability.md | 07_HISTORICAL_CANONICAL\material_evidence.md | 07_HISTORICAL_CANONICAL\traditional_indian_materials.md | 07_HISTORICAL_CANONICAL\traditional_manufacturing.md | 08_INTERACTION\animal_interaction.md | 08_INTERACTION\architecture_interaction.md | 08_INTERACTION\environment_interaction.md | 08_INTERACTION\human_interaction.md | 08_INTERACTION\prop_interaction.md | 09_AI_PRODUCTION\artifact_prevention.md | 09_AI_PRODUCTION\candidate_selection.md | 09_AI_PRODUCTION\material_generation_validation.md | 09_AI_PRODUCTION\material_prompting.md | 09_AI_PRODUCTION\negative_constraints.md | 09_AI_PRODUCTION\reference_strategy.md | 10_CONTINUITY_QA\approval_criteria.md | 10_CONTINUITY_QA\cross_episode_consistency.md | 10_CONTINUITY_QA\cross_scene_consistency.md | 10_CONTINUITY_QA\cross_shot_consistency.md | 10_CONTINUITY_QA\material_continuity.md | 10_CONTINUITY_QA\realism_qa.md | 10_CONTINUITY_QA\temporal_consistency.md | 11_PRODUCTION_HANDOFF\3d_handoff.md | 11_PRODUCTION_HANDOFF\lighting_handoff.md | 11_PRODUCTION_HANDOFF\physics_handoff.md | 11_PRODUCTION_HANDOFF\render_validation.md | 11_PRODUCTION_HANDOFF\shader_handoff.md | 11_PRODUCTION_HANDOFF\texture_handoff.md | 11_PRODUCTION_HANDOFF\vfx_handoff.md | 12_REGISTRY\change_control.md | 12_REGISTRY\material_registry.md | 12_REGISTRY\material_variants.md | 12_REGISTRY\material_versions.md"
"RENDERING\albedo.md","0","0","","EMPTY_OLD_FILE_REVIEW","04_SURFACE_STRUCTURE\surface_renderer_validation_register.csv","0","04_SURFACE_STRUCTURE\surface_renderer_test_matrix.md","0","04_SURFACE_STRUCTURE\surface_renderer_confirmation_note.md","0","05_BEHAVIOR\aging.md | 05_BEHAVIOR\damage.md | 05_BEHAVIOR\dust_dirt_mud.md | 05_BEHAVIOR\environmental_response.md | 05_BEHAVIOR\repair.md | 05_BEHAVIOR\water_wetting_absorption.md | 05_BEHAVIOR\wear.md | 05_BEHAVIOR\weathering.md | 06_STATES\condition_states.md | 06_STATES\material_state_model.md | 06_STATES\state_continuity.md | 06_STATES\state_transitions.md | 06_STATES\thermal_states.md | 06_STATES\wet_dry_states.md | 07_HISTORICAL_CANONICAL\canonical_material_usage.md | 07_HISTORICAL_CANONICAL\conflicts_uncertainty.md | 07_HISTORICAL_CANONICAL\historical_material_availability.md | 07_HISTORICAL_CANONICAL\material_evidence.md | 07_HISTORICAL_CANONICAL\traditional_indian_materials.md | 07_HISTORICAL_CANONICAL\traditional_manufacturing.md | 08_INTERACTION\animal_interaction.md | 08_INTERACTION\architecture_interaction.md | 08_INTERACTION\environment_interaction.md | 08_INTERACTION\human_interaction.md | 08_INTERACTION\prop_interaction.md | 09_AI_PRODUCTION\artifact_prevention.md | 09_AI_PRODUCTION\candidate_selection.md | 09_AI_PRODUCTION\material_generation_validation.md | 09_AI_PRODUCTION\material_prompting.md | 09_AI_PRODUCTION\negative_constraints.md | 09_AI_PRODUCTION\reference_strategy.md | 10_CONTINUITY_QA\approval_criteria.md | 10_CONTINUITY_QA\cross_episode_consistency.md | 10_CONTINUITY_QA\cross_scene_consistency.md | 10_CONTINUITY_QA\cross_shot_consistency.md | 10_CONTINUITY_QA\material_continuity.md | 10_CONTINUITY_QA\realism_qa.md | 10_CONTINUITY_QA\temporal_consistency.md | 11_PRODUCTION_HANDOFF\3d_handoff.md | 11_PRODUCTION_HANDOFF\lighting_handoff.md | 11_PRODUCTION_HANDOFF\physics_handoff.md | 11_PRODUCTION_HANDOFF\render_validation.md | 11_PRODUCTION_HANDOFF\shader_handoff.md | 11_PRODUCTION_HANDOFF\texture_handoff.md | 11_PRODUCTION_HANDOFF\vfx_handoff.md | 12_REGISTRY\change_control.md | 12_REGISTRY\material_registry.md | 12_REGISTRY\material_variants.md | 12_REGISTRY\material_versions.md"
"RENDERING\anisotropy.md","0","0","","EMPTY_OLD_FILE_REVIEW","04_SURFACE_STRUCTURE\surface_renderer_validation_register.csv","0","04_SURFACE_STRUCTURE\surface_renderer_test_matrix.md","0","04_SURFACE_STRUCTURE\surface_renderer_confirmation_note.md","0","05_BEHAVIOR\aging.md | 05_BEHAVIOR\damage.md | 05_BEHAVIOR\dust_dirt_mud.md | 05_BEHAVIOR\environmental_response.md | 05_BEHAVIOR\repair.md | 05_BEHAVIOR\water_wetting_absorption.md | 05_BEHAVIOR\wear.md | 05_BEHAVIOR\weathering.md | 06_STATES\condition_states.md | 06_STATES\material_state_model.md | 06_STATES\state_continuity.md | 06_STATES\state_transitions.md | 06_STATES\thermal_states.md | 06_STATES\wet_dry_states.md | 07_HISTORICAL_CANONICAL\canonical_material_usage.md | 07_HISTORICAL_CANONICAL\conflicts_uncertainty.md | 07_HISTORICAL_CANONICAL\historical_material_availability.md | 07_HISTORICAL_CANONICAL\material_evidence.md | 07_HISTORICAL_CANONICAL\traditional_indian_materials.md | 07_HISTORICAL_CANONICAL\traditional_manufacturing.md | 08_INTERACTION\animal_interaction.md | 08_INTERACTION\architecture_interaction.md | 08_INTERACTION\environment_interaction.md | 08_INTERACTION\human_interaction.md | 08_INTERACTION\prop_interaction.md | 09_AI_PRODUCTION\artifact_prevention.md | 09_AI_PRODUCTION\candidate_selection.md | 09_AI_PRODUCTION\material_generation_validation.md | 09_AI_PRODUCTION\material_prompting.md | 09_AI_PRODUCTION\negative_constraints.md | 09_AI_PRODUCTION\reference_strategy.md | 10_CONTINUITY_QA\approval_criteria.md | 10_CONTINUITY_QA\cross_episode_consistency.md | 10_CONTINUITY_QA\cross_scene_consistency.md | 10_CONTINUITY_QA\cross_shot_consistency.md | 10_CONTINUITY_QA\material_continuity.md | 10_CONTINUITY_QA\realism_qa.md | 10_CONTINUITY_QA\temporal_consistency.md | 11_PRODUCTION_HANDOFF\3d_handoff.md | 11_PRODUCTION_HANDOFF\lighting_handoff.md | 11_PRODUCTION_HANDOFF\physics_handoff.md | 11_PRODUCTION_HANDOFF\render_validation.md | 11_PRODUCTION_HANDOFF\shader_handoff.md | 11_PRODUCTION_HANDOFF\texture_handoff.md | 11_PRODUCTION_HANDOFF\vfx_handoff.md | 12_REGISTRY\change_control.md | 12_REGISTRY\material_registry.md | 12_REGISTRY\material_variants.md | 12_REGISTRY\material_versions.md"
"RENDERING\clearcoat.md","0","0","","EMPTY_OLD_FILE_REVIEW","04_SURFACE_STRUCTURE\surface_renderer_validation_register.csv","0","04_SURFACE_STRUCTURE\surface_renderer_test_matrix.md","0","04_SURFACE_STRUCTURE\surface_renderer_confirmation_note.md","0","05_BEHAVIOR\aging.md | 05_BEHAVIOR\damage.md | 05_BEHAVIOR\dust_dirt_mud.md | 05_BEHAVIOR\environmental_response.md | 05_BEHAVIOR\repair.md | 05_BEHAVIOR\water_wetting_absorption.md | 05_BEHAVIOR\wear.md | 05_BEHAVIOR\weathering.md | 06_STATES\condition_states.md | 06_STATES\material_state_model.md | 06_STATES\state_continuity.md | 06_STATES\state_transitions.md | 06_STATES\thermal_states.md | 06_STATES\wet_dry_states.md | 07_HISTORICAL_CANONICAL\canonical_material_usage.md | 07_HISTORICAL_CANONICAL\conflicts_uncertainty.md | 07_HISTORICAL_CANONICAL\historical_material_availability.md | 07_HISTORICAL_CANONICAL\material_evidence.md | 07_HISTORICAL_CANONICAL\traditional_indian_materials.md | 07_HISTORICAL_CANONICAL\traditional_manufacturing.md | 08_INTERACTION\animal_interaction.md | 08_INTERACTION\architecture_interaction.md | 08_INTERACTION\environment_interaction.md | 08_INTERACTION\human_interaction.md | 08_INTERACTION\prop_interaction.md | 09_AI_PRODUCTION\artifact_prevention.md | 09_AI_PRODUCTION\candidate_selection.md | 09_AI_PRODUCTION\material_generation_validation.md | 09_AI_PRODUCTION\material_prompting.md | 09_AI_PRODUCTION\negative_constraints.md | 09_AI_PRODUCTION\reference_strategy.md | 10_CONTINUITY_QA\approval_criteria.md | 10_CONTINUITY_QA\cross_episode_consistency.md | 10_CONTINUITY_QA\cross_scene_consistency.md | 10_CONTINUITY_QA\cross_shot_consistency.md | 10_CONTINUITY_QA\material_continuity.md | 10_CONTINUITY_QA\realism_qa.md | 10_CONTINUITY_QA\temporal_consistency.md | 11_PRODUCTION_HANDOFF\3d_handoff.md | 11_PRODUCTION_HANDOFF\lighting_handoff.md | 11_PRODUCTION_HANDOFF\physics_handoff.md | 11_PRODUCTION_HANDOFF\render_validation.md | 11_PRODUCTION_HANDOFF\shader_handoff.md | 11_PRODUCTION_HANDOFF\texture_handoff.md | 11_PRODUCTION_HANDOFF\vfx_handoff.md | 12_REGISTRY\change_control.md | 12_REGISTRY\material_registry.md | 12_REGISTRY\material_variants.md | 12_REGISTRY\material_versions.md"
"RENDERING\displacement.md","0","0","","EMPTY_OLD_FILE_REVIEW","04_SURFACE_STRUCTURE\surface_renderer_validation_register.csv","0","04_SURFACE_STRUCTURE\surface_renderer_test_matrix.md","0","04_SURFACE_STRUCTURE\surface_renderer_confirmation_note.md","0","05_BEHAVIOR\aging.md | 05_BEHAVIOR\damage.md | 05_BEHAVIOR\dust_dirt_mud.md | 05_BEHAVIOR\environmental_response.md | 05_BEHAVIOR\repair.md | 05_BEHAVIOR\water_wetting_absorption.md | 05_BEHAVIOR\wear.md | 05_BEHAVIOR\weathering.md | 06_STATES\condition_states.md | 06_STATES\material_state_model.md | 06_STATES\state_continuity.md | 06_STATES\state_transitions.md | 06_STATES\thermal_states.md | 06_STATES\wet_dry_states.md | 07_HISTORICAL_CANONICAL\canonical_material_usage.md | 07_HISTORICAL_CANONICAL\conflicts_uncertainty.md | 07_HISTORICAL_CANONICAL\historical_material_availability.md | 07_HISTORICAL_CANONICAL\material_evidence.md | 07_HISTORICAL_CANONICAL\traditional_indian_materials.md | 07_HISTORICAL_CANONICAL\traditional_manufacturing.md | 08_INTERACTION\animal_interaction.md | 08_INTERACTION\architecture_interaction.md | 08_INTERACTION\environment_interaction.md | 08_INTERACTION\human_interaction.md | 08_INTERACTION\prop_interaction.md | 09_AI_PRODUCTION\artifact_prevention.md | 09_AI_PRODUCTION\candidate_selection.md | 09_AI_PRODUCTION\material_generation_validation.md | 09_AI_PRODUCTION\material_prompting.md | 09_AI_PRODUCTION\negative_constraints.md | 09_AI_PRODUCTION\reference_strategy.md | 10_CONTINUITY_QA\approval_criteria.md | 10_CONTINUITY_QA\cross_episode_consistency.md | 10_CONTINUITY_QA\cross_scene_consistency.md | 10_CONTINUITY_QA\cross_shot_consistency.md | 10_CONTINUITY_QA\material_continuity.md | 10_CONTINUITY_QA\realism_qa.md | 10_CONTINUITY_QA\temporal_consistency.md | 11_PRODUCTION_HANDOFF\3d_handoff.md | 11_PRODUCTION_HANDOFF\lighting_handoff.md | 11_PRODUCTION_HANDOFF\physics_handoff.md | 11_PRODUCTION_HANDOFF\render_validation.md | 11_PRODUCTION_HANDOFF\shader_handoff.md | 11_PRODUCTION_HANDOFF\texture_handoff.md | 11_PRODUCTION_HANDOFF\vfx_handoff.md | 12_REGISTRY\change_control.md | 12_REGISTRY\material_registry.md | 12_REGISTRY\material_variants.md | 12_REGISTRY\material_versions.md"
"RENDERING\material_shader_rules.md","0","0","","EMPTY_OLD_FILE_REVIEW","04_SURFACE_STRUCTURE\surface_renderer_validation_register.csv","0","04_SURFACE_STRUCTURE\surface_renderer_test_matrix.md","0","04_SURFACE_STRUCTURE\surface_renderer_confirmation_note.md","0","05_BEHAVIOR\aging.md | 05_BEHAVIOR\damage.md | 05_BEHAVIOR\dust_dirt_mud.md | 05_BEHAVIOR\environmental_response.md | 05_BEHAVIOR\repair.md | 05_BEHAVIOR\water_wetting_absorption.md | 05_BEHAVIOR\wear.md | 05_BEHAVIOR\weathering.md | 06_STATES\condition_states.md | 06_STATES\material_state_model.md | 06_STATES\state_continuity.md | 06_STATES\state_transitions.md | 06_STATES\thermal_states.md | 06_STATES\wet_dry_states.md | 07_HISTORICAL_CANONICAL\canonical_material_usage.md | 07_HISTORICAL_CANONICAL\conflicts_uncertainty.md | 07_HISTORICAL_CANONICAL\historical_material_availability.md | 07_HISTORICAL_CANONICAL\material_evidence.md | 07_HISTORICAL_CANONICAL\traditional_indian_materials.md | 07_HISTORICAL_CANONICAL\traditional_manufacturing.md | 08_INTERACTION\animal_interaction.md | 08_INTERACTION\architecture_interaction.md | 08_INTERACTION\environment_interaction.md | 08_INTERACTION\human_interaction.md | 08_INTERACTION\prop_interaction.md | 09_AI_PRODUCTION\artifact_prevention.md | 09_AI_PRODUCTION\candidate_selection.md | 09_AI_PRODUCTION\material_generation_validation.md | 09_AI_PRODUCTION\material_prompting.md | 09_AI_PRODUCTION\negative_constraints.md | 09_AI_PRODUCTION\reference_strategy.md | 10_CONTINUITY_QA\approval_criteria.md | 10_CONTINUITY_QA\cross_episode_consistency.md | 10_CONTINUITY_QA\cross_scene_consistency.md | 10_CONTINUITY_QA\cross_shot_consistency.md | 10_CONTINUITY_QA\material_continuity.md | 10_CONTINUITY_QA\realism_qa.md | 10_CONTINUITY_QA\temporal_consistency.md | 11_PRODUCTION_HANDOFF\3d_handoff.md | 11_PRODUCTION_HANDOFF\lighting_handoff.md | 11_PRODUCTION_HANDOFF\physics_handoff.md | 11_PRODUCTION_HANDOFF\render_validation.md | 11_PRODUCTION_HANDOFF\shader_handoff.md | 11_PRODUCTION_HANDOFF\texture_handoff.md | 11_PRODUCTION_HANDOFF\vfx_handoff.md | 12_REGISTRY\change_control.md | 12_REGISTRY\material_registry.md | 12_REGISTRY\material_variants.md | 12_REGISTRY\material_versions.md"
"RENDERING\metallic_workflow.md","0","0","","EMPTY_OLD_FILE_REVIEW","04_SURFACE_STRUCTURE\surface_renderer_validation_register.csv","0","04_SURFACE_STRUCTURE\surface_renderer_test_matrix.md","0","04_SURFACE_STRUCTURE\surface_renderer_confirmation_note.md","0","05_BEHAVIOR\aging.md | 05_BEHAVIOR\damage.md | 05_BEHAVIOR\dust_dirt_mud.md | 05_BEHAVIOR\environmental_response.md | 05_BEHAVIOR\repair.md | 05_BEHAVIOR\water_wetting_absorption.md | 05_BEHAVIOR\wear.md | 05_BEHAVIOR\weathering.md | 06_STATES\condition_states.md | 06_STATES\material_state_model.md | 06_STATES\state_continuity.md | 06_STATES\state_transitions.md | 06_STATES\thermal_states.md | 06_STATES\wet_dry_states.md | 07_HISTORICAL_CANONICAL\canonical_material_usage.md | 07_HISTORICAL_CANONICAL\conflicts_uncertainty.md | 07_HISTORICAL_CANONICAL\historical_material_availability.md | 07_HISTORICAL_CANONICAL\material_evidence.md | 07_HISTORICAL_CANONICAL\traditional_indian_materials.md | 07_HISTORICAL_CANONICAL\traditional_manufacturing.md | 08_INTERACTION\animal_interaction.md | 08_INTERACTION\architecture_interaction.md | 08_INTERACTION\environment_interaction.md | 08_INTERACTION\human_interaction.md | 08_INTERACTION\prop_interaction.md | 09_AI_PRODUCTION\artifact_prevention.md | 09_AI_PRODUCTION\candidate_selection.md | 09_AI_PRODUCTION\material_generation_validation.md | 09_AI_PRODUCTION\material_prompting.md | 09_AI_PRODUCTION\negative_constraints.md | 09_AI_PRODUCTION\reference_strategy.md | 10_CONTINUITY_QA\approval_criteria.md | 10_CONTINUITY_QA\cross_episode_consistency.md | 10_CONTINUITY_QA\cross_scene_consistency.md | 10_CONTINUITY_QA\cross_shot_consistency.md | 10_CONTINUITY_QA\material_continuity.md | 10_CONTINUITY_QA\realism_qa.md | 10_CONTINUITY_QA\temporal_consistency.md | 11_PRODUCTION_HANDOFF\3d_handoff.md | 11_PRODUCTION_HANDOFF\lighting_handoff.md | 11_PRODUCTION_HANDOFF\physics_handoff.md | 11_PRODUCTION_HANDOFF\render_validation.md | 11_PRODUCTION_HANDOFF\shader_handoff.md | 11_PRODUCTION_HANDOFF\texture_handoff.md | 11_PRODUCTION_HANDOFF\vfx_handoff.md | 12_REGISTRY\change_control.md | 12_REGISTRY\material_registry.md | 12_REGISTRY\material_variants.md | 12_REGISTRY\material_versions.md"
"RENDERING\normal_maps.md","0","0","","EMPTY_OLD_FILE_REVIEW","04_SURFACE_STRUCTURE\surface_renderer_validation_register.csv","0","04_SURFACE_STRUCTURE\surface_renderer_test_matrix.md","0","04_SURFACE_STRUCTURE\surface_renderer_confirmation_note.md","0","05_BEHAVIOR\aging.md | 05_BEHAVIOR\damage.md | 05_BEHAVIOR\dust_dirt_mud.md | 05_BEHAVIOR\environmental_response.md | 05_BEHAVIOR\repair.md | 05_BEHAVIOR\water_wetting_absorption.md | 05_BEHAVIOR\wear.md | 05_BEHAVIOR\weathering.md | 06_STATES\condition_states.md | 06_STATES\material_state_model.md | 06_STATES\state_continuity.md | 06_STATES\state_transitions.md | 06_STATES\thermal_states.md | 06_STATES\wet_dry_states.md | 07_HISTORICAL_CANONICAL\canonical_material_usage.md | 07_HISTORICAL_CANONICAL\conflicts_uncertainty.md | 07_HISTORICAL_CANONICAL\historical_material_availability.md | 07_HISTORICAL_CANONICAL\material_evidence.md | 07_HISTORICAL_CANONICAL\traditional_indian_materials.md | 07_HISTORICAL_CANONICAL\traditional_manufacturing.md | 08_INTERACTION\animal_interaction.md | 08_INTERACTION\architecture_interaction.md | 08_INTERACTION\environment_interaction.md | 08_INTERACTION\human_interaction.md | 08_INTERACTION\prop_interaction.md | 09_AI_PRODUCTION\artifact_prevention.md | 09_AI_PRODUCTION\candidate_selection.md | 09_AI_PRODUCTION\material_generation_validation.md | 09_AI_PRODUCTION\material_prompting.md | 09_AI_PRODUCTION\negative_constraints.md | 09_AI_PRODUCTION\reference_strategy.md | 10_CONTINUITY_QA\approval_criteria.md | 10_CONTINUITY_QA\cross_episode_consistency.md | 10_CONTINUITY_QA\cross_scene_consistency.md | 10_CONTINUITY_QA\cross_shot_consistency.md | 10_CONTINUITY_QA\material_continuity.md | 10_CONTINUITY_QA\realism_qa.md | 10_CONTINUITY_QA\temporal_consistency.md | 11_PRODUCTION_HANDOFF\3d_handoff.md | 11_PRODUCTION_HANDOFF\lighting_handoff.md | 11_PRODUCTION_HANDOFF\physics_handoff.md | 11_PRODUCTION_HANDOFF\render_validation.md | 11_PRODUCTION_HANDOFF\shader_handoff.md | 11_PRODUCTION_HANDOFF\texture_handoff.md | 11_PRODUCTION_HANDOFF\vfx_handoff.md | 12_REGISTRY\change_control.md | 12_REGISTRY\material_registry.md | 12_REGISTRY\material_variants.md | 12_REGISTRY\material_versions.md"
"RENDERING\physically_based_materials.md","0","0","","EMPTY_OLD_FILE_REVIEW","04_SURFACE_STRUCTURE\surface_renderer_validation_register.csv","0","04_SURFACE_STRUCTURE\surface_renderer_test_matrix.md","0","04_SURFACE_STRUCTURE\surface_renderer_confirmation_note.md","0","05_BEHAVIOR\aging.md | 05_BEHAVIOR\damage.md | 05_BEHAVIOR\dust_dirt_mud.md | 05_BEHAVIOR\environmental_response.md | 05_BEHAVIOR\repair.md | 05_BEHAVIOR\water_wetting_absorption.md | 05_BEHAVIOR\wear.md | 05_BEHAVIOR\weathering.md | 06_STATES\condition_states.md | 06_STATES\material_state_model.md | 06_STATES\state_continuity.md | 06_STATES\state_transitions.md | 06_STATES\thermal_states.md | 06_STATES\wet_dry_states.md | 07_HISTORICAL_CANONICAL\canonical_material_usage.md | 07_HISTORICAL_CANONICAL\conflicts_uncertainty.md | 07_HISTORICAL_CANONICAL\historical_material_availability.md | 07_HISTORICAL_CANONICAL\material_evidence.md | 07_HISTORICAL_CANONICAL\traditional_indian_materials.md | 07_HISTORICAL_CANONICAL\traditional_manufacturing.md | 08_INTERACTION\animal_interaction.md | 08_INTERACTION\architecture_interaction.md | 08_INTERACTION\environment_interaction.md | 08_INTERACTION\human_interaction.md | 08_INTERACTION\prop_interaction.md | 09_AI_PRODUCTION\artifact_prevention.md | 09_AI_PRODUCTION\candidate_selection.md | 09_AI_PRODUCTION\material_generation_validation.md | 09_AI_PRODUCTION\material_prompting.md | 09_AI_PRODUCTION\negative_constraints.md | 09_AI_PRODUCTION\reference_strategy.md | 10_CONTINUITY_QA\approval_criteria.md | 10_CONTINUITY_QA\cross_episode_consistency.md | 10_CONTINUITY_QA\cross_scene_consistency.md | 10_CONTINUITY_QA\cross_shot_consistency.md | 10_CONTINUITY_QA\material_continuity.md | 10_CONTINUITY_QA\realism_qa.md | 10_CONTINUITY_QA\temporal_consistency.md | 11_PRODUCTION_HANDOFF\3d_handoff.md | 11_PRODUCTION_HANDOFF\lighting_handoff.md | 11_PRODUCTION_HANDOFF\physics_handoff.md | 11_PRODUCTION_HANDOFF\render_validation.md | 11_PRODUCTION_HANDOFF\shader_handoff.md | 11_PRODUCTION_HANDOFF\texture_handoff.md | 11_PRODUCTION_HANDOFF\vfx_handoff.md | 12_REGISTRY\change_control.md | 12_REGISTRY\material_registry.md | 12_REGISTRY\material_variants.md | 12_REGISTRY\material_versions.md"
"RENDERING\roughness_maps.md","0","0","","EMPTY_OLD_FILE_REVIEW","04_SURFACE_STRUCTURE\surface_renderer_validation_register.csv","0","04_SURFACE_STRUCTURE\surface_renderer_test_matrix.md","0","04_SURFACE_STRUCTURE\surface_renderer_confirmation_note.md","0","05_BEHAVIOR\aging.md | 05_BEHAVIOR\damage.md | 05_BEHAVIOR\dust_dirt_mud.md | 05_BEHAVIOR\environmental_response.md | 05_BEHAVIOR\repair.md | 05_BEHAVIOR\water_wetting_absorption.md | 05_BEHAVIOR\wear.md | 05_BEHAVIOR\weathering.md | 06_STATES\condition_states.md | 06_STATES\material_state_model.md | 06_STATES\state_continuity.md | 06_STATES\state_transitions.md | 06_STATES\thermal_states.md | 06_STATES\wet_dry_states.md | 07_HISTORICAL_CANONICAL\canonical_material_usage.md | 07_HISTORICAL_CANONICAL\conflicts_uncertainty.md | 07_HISTORICAL_CANONICAL\historical_material_availability.md | 07_HISTORICAL_CANONICAL\material_evidence.md | 07_HISTORICAL_CANONICAL\traditional_indian_materials.md | 07_HISTORICAL_CANONICAL\traditional_manufacturing.md | 08_INTERACTION\animal_interaction.md | 08_INTERACTION\architecture_interaction.md | 08_INTERACTION\environment_interaction.md | 08_INTERACTION\human_interaction.md | 08_INTERACTION\prop_interaction.md | 09_AI_PRODUCTION\artifact_prevention.md | 09_AI_PRODUCTION\candidate_selection.md | 09_AI_PRODUCTION\material_generation_validation.md | 09_AI_PRODUCTION\material_prompting.md | 09_AI_PRODUCTION\negative_constraints.md | 09_AI_PRODUCTION\reference_strategy.md | 10_CONTINUITY_QA\approval_criteria.md | 10_CONTINUITY_QA\cross_episode_consistency.md | 10_CONTINUITY_QA\cross_scene_consistency.md | 10_CONTINUITY_QA\cross_shot_consistency.md | 10_CONTINUITY_QA\material_continuity.md | 10_CONTINUITY_QA\realism_qa.md | 10_CONTINUITY_QA\temporal_consistency.md | 11_PRODUCTION_HANDOFF\3d_handoff.md | 11_PRODUCTION_HANDOFF\lighting_handoff.md | 11_PRODUCTION_HANDOFF\physics_handoff.md | 11_PRODUCTION_HANDOFF\render_validation.md | 11_PRODUCTION_HANDOFF\shader_handoff.md | 11_PRODUCTION_HANDOFF\texture_handoff.md | 11_PRODUCTION_HANDOFF\vfx_handoff.md | 12_REGISTRY\change_control.md | 12_REGISTRY\material_registry.md | 12_REGISTRY\material_variants.md | 12_REGISTRY\material_versions.md"
"RENDERING\sheen.md","0","0","","EMPTY_OLD_FILE_REVIEW","04_SURFACE_STRUCTURE\surface_renderer_validation_register.csv","0","04_SURFACE_STRUCTURE\surface_renderer_test_matrix.md","0","04_SURFACE_STRUCTURE\surface_renderer_confirmation_note.md","0","05_BEHAVIOR\aging.md | 05_BEHAVIOR\damage.md | 05_BEHAVIOR\dust_dirt_mud.md | 05_BEHAVIOR\environmental_response.md | 05_BEHAVIOR\repair.md | 05_BEHAVIOR\water_wetting_absorption.md | 05_BEHAVIOR\wear.md | 05_BEHAVIOR\weathering.md | 06_STATES\condition_states.md | 06_STATES\material_state_model.md | 06_STATES\state_continuity.md | 06_STATES\state_transitions.md | 06_STATES\thermal_states.md | 06_STATES\wet_dry_states.md | 07_HISTORICAL_CANONICAL\canonical_material_usage.md | 07_HISTORICAL_CANONICAL\conflicts_uncertainty.md | 07_HISTORICAL_CANONICAL\historical_material_availability.md | 07_HISTORICAL_CANONICAL\material_evidence.md | 07_HISTORICAL_CANONICAL\traditional_indian_materials.md | 07_HISTORICAL_CANONICAL\traditional_manufacturing.md | 08_INTERACTION\animal_interaction.md | 08_INTERACTION\architecture_interaction.md | 08_INTERACTION\environment_interaction.md | 08_INTERACTION\human_interaction.md | 08_INTERACTION\prop_interaction.md | 09_AI_PRODUCTION\artifact_prevention.md | 09_AI_PRODUCTION\candidate_selection.md | 09_AI_PRODUCTION\material_generation_validation.md | 09_AI_PRODUCTION\material_prompting.md | 09_AI_PRODUCTION\negative_constraints.md | 09_AI_PRODUCTION\reference_strategy.md | 10_CONTINUITY_QA\approval_criteria.md | 10_CONTINUITY_QA\cross_episode_consistency.md | 10_CONTINUITY_QA\cross_scene_consistency.md | 10_CONTINUITY_QA\cross_shot_consistency.md | 10_CONTINUITY_QA\material_continuity.md | 10_CONTINUITY_QA\realism_qa.md | 10_CONTINUITY_QA\temporal_consistency.md | 11_PRODUCTION_HANDOFF\3d_handoff.md | 11_PRODUCTION_HANDOFF\lighting_handoff.md | 11_PRODUCTION_HANDOFF\physics_handoff.md | 11_PRODUCTION_HANDOFF\render_validation.md | 11_PRODUCTION_HANDOFF\shader_handoff.md | 11_PRODUCTION_HANDOFF\texture_handoff.md | 11_PRODUCTION_HANDOFF\vfx_handoff.md | 12_REGISTRY\change_control.md | 12_REGISTRY\material_registry.md | 12_REGISTRY\material_variants.md | 12_REGISTRY\material_versions.md"
"RENDERING\subsurface_scattering.md","0","0","","EMPTY_OLD_FILE_REVIEW","04_SURFACE_STRUCTURE\surface_renderer_validation_register.csv","0","04_SURFACE_STRUCTURE\surface_renderer_test_matrix.md","0","04_SURFACE_STRUCTURE\surface_renderer_confirmation_note.md","0","05_BEHAVIOR\aging.md | 05_BEHAVIOR\damage.md | 05_BEHAVIOR\dust_dirt_mud.md | 05_BEHAVIOR\environmental_response.md | 05_BEHAVIOR\repair.md | 05_BEHAVIOR\water_wetting_absorption.md | 05_BEHAVIOR\wear.md | 05_BEHAVIOR\weathering.md | 06_STATES\condition_states.md | 06_STATES\material_state_model.md | 06_STATES\state_continuity.md | 06_STATES\state_transitions.md | 06_STATES\thermal_states.md | 06_STATES\wet_dry_states.md | 07_HISTORICAL_CANONICAL\canonical_material_usage.md | 07_HISTORICAL_CANONICAL\conflicts_uncertainty.md | 07_HISTORICAL_CANONICAL\historical_material_availability.md | 07_HISTORICAL_CANONICAL\material_evidence.md | 07_HISTORICAL_CANONICAL\traditional_indian_materials.md | 07_HISTORICAL_CANONICAL\traditional_manufacturing.md | 08_INTERACTION\animal_interaction.md | 08_INTERACTION\architecture_interaction.md | 08_INTERACTION\environment_interaction.md | 08_INTERACTION\human_interaction.md | 08_INTERACTION\prop_interaction.md | 09_AI_PRODUCTION\artifact_prevention.md | 09_AI_PRODUCTION\candidate_selection.md | 09_AI_PRODUCTION\material_generation_validation.md | 09_AI_PRODUCTION\material_prompting.md | 09_AI_PRODUCTION\negative_constraints.md | 09_AI_PRODUCTION\reference_strategy.md | 10_CONTINUITY_QA\approval_criteria.md | 10_CONTINUITY_QA\cross_episode_consistency.md | 10_CONTINUITY_QA\cross_scene_consistency.md | 10_CONTINUITY_QA\cross_shot_consistency.md | 10_CONTINUITY_QA\material_continuity.md | 10_CONTINUITY_QA\realism_qa.md | 10_CONTINUITY_QA\temporal_consistency.md | 11_PRODUCTION_HANDOFF\3d_handoff.md | 11_PRODUCTION_HANDOFF\lighting_handoff.md | 11_PRODUCTION_HANDOFF\physics_handoff.md | 11_PRODUCTION_HANDOFF\render_validation.md | 11_PRODUCTION_HANDOFF\shader_handoff.md | 11_PRODUCTION_HANDOFF\texture_handoff.md | 11_PRODUCTION_HANDOFF\vfx_handoff.md | 12_REGISTRY\change_control.md | 12_REGISTRY\material_registry.md | 12_REGISTRY\material_variants.md | 12_REGISTRY\material_versions.md"
"RENDERING\transmission.md","0","0","","EMPTY_OLD_FILE_REVIEW","04_SURFACE_STRUCTURE\surface_renderer_validation_register.csv","0","04_SURFACE_STRUCTURE\surface_renderer_test_matrix.md","0","04_SURFACE_STRUCTURE\surface_renderer_confirmation_note.md","0","05_BEHAVIOR\aging.md | 05_BEHAVIOR\damage.md | 05_BEHAVIOR\dust_dirt_mud.md | 05_BEHAVIOR\environmental_response.md | 05_BEHAVIOR\repair.md | 05_BEHAVIOR\water_wetting_absorption.md | 05_BEHAVIOR\wear.md | 05_BEHAVIOR\weathering.md | 06_STATES\condition_states.md | 06_STATES\material_state_model.md | 06_STATES\state_continuity.md | 06_STATES\state_transitions.md | 06_STATES\thermal_states.md | 06_STATES\wet_dry_states.md | 07_HISTORICAL_CANONICAL\canonical_material_usage.md | 07_HISTORICAL_CANONICAL\conflicts_uncertainty.md | 07_HISTORICAL_CANONICAL\historical_material_availability.md | 07_HISTORICAL_CANONICAL\material_evidence.md | 07_HISTORICAL_CANONICAL\traditional_indian_materials.md | 07_HISTORICAL_CANONICAL\traditional_manufacturing.md | 08_INTERACTION\animal_interaction.md | 08_INTERACTION\architecture_interaction.md | 08_INTERACTION\environment_interaction.md | 08_INTERACTION\human_interaction.md | 08_INTERACTION\prop_interaction.md | 09_AI_PRODUCTION\artifact_prevention.md | 09_AI_PRODUCTION\candidate_selection.md | 09_AI_PRODUCTION\material_generation_validation.md | 09_AI_PRODUCTION\material_prompting.md | 09_AI_PRODUCTION\negative_constraints.md | 09_AI_PRODUCTION\reference_strategy.md | 10_CONTINUITY_QA\approval_criteria.md | 10_CONTINUITY_QA\cross_episode_consistency.md | 10_CONTINUITY_QA\cross_scene_consistency.md | 10_CONTINUITY_QA\cross_shot_consistency.md | 10_CONTINUITY_QA\material_continuity.md | 10_CONTINUITY_QA\realism_qa.md | 10_CONTINUITY_QA\temporal_consistency.md | 11_PRODUCTION_HANDOFF\3d_handoff.md | 11_PRODUCTION_HANDOFF\lighting_handoff.md | 11_PRODUCTION_HANDOFF\physics_handoff.md | 11_PRODUCTION_HANDOFF\render_validation.md | 11_PRODUCTION_HANDOFF\shader_handoff.md | 11_PRODUCTION_HANDOFF\texture_handoff.md | 11_PRODUCTION_HANDOFF\vfx_handoff.md | 12_REGISTRY\change_control.md | 12_REGISTRY\material_registry.md | 12_REGISTRY\material_variants.md | 12_REGISTRY\material_versions.md"
"STONE_AND_EARTH\basalt.md","0","0","","EMPTY_OLD_FILE_REVIEW","04_SURFACE_STRUCTURE\surface_renderer_validation_register.csv","0","04_SURFACE_STRUCTURE\surface_renderer_test_matrix.md","0","04_SURFACE_STRUCTURE\surface_renderer_confirmation_note.md","0","05_BEHAVIOR\aging.md | 05_BEHAVIOR\damage.md | 05_BEHAVIOR\dust_dirt_mud.md | 05_BEHAVIOR\environmental_response.md | 05_BEHAVIOR\repair.md | 05_BEHAVIOR\water_wetting_absorption.md | 05_BEHAVIOR\wear.md | 05_BEHAVIOR\weathering.md | 06_STATES\condition_states.md | 06_STATES\material_state_model.md | 06_STATES\state_continuity.md | 06_STATES\state_transitions.md | 06_STATES\thermal_states.md | 06_STATES\wet_dry_states.md | 07_HISTORICAL_CANONICAL\canonical_material_usage.md | 07_HISTORICAL_CANONICAL\conflicts_uncertainty.md | 07_HISTORICAL_CANONICAL\historical_material_availability.md | 07_HISTORICAL_CANONICAL\material_evidence.md | 07_HISTORICAL_CANONICAL\traditional_indian_materials.md | 07_HISTORICAL_CANONICAL\traditional_manufacturing.md | 08_INTERACTION\animal_interaction.md | 08_INTERACTION\architecture_interaction.md | 08_INTERACTION\environment_interaction.md | 08_INTERACTION\human_interaction.md | 08_INTERACTION\prop_interaction.md | 09_AI_PRODUCTION\artifact_prevention.md | 09_AI_PRODUCTION\candidate_selection.md | 09_AI_PRODUCTION\material_generation_validation.md | 09_AI_PRODUCTION\material_prompting.md | 09_AI_PRODUCTION\negative_constraints.md | 09_AI_PRODUCTION\reference_strategy.md | 10_CONTINUITY_QA\approval_criteria.md | 10_CONTINUITY_QA\cross_episode_consistency.md | 10_CONTINUITY_QA\cross_scene_consistency.md | 10_CONTINUITY_QA\cross_shot_consistency.md | 10_CONTINUITY_QA\material_continuity.md | 10_CONTINUITY_QA\realism_qa.md | 10_CONTINUITY_QA\temporal_consistency.md | 11_PRODUCTION_HANDOFF\3d_handoff.md | 11_PRODUCTION_HANDOFF\lighting_handoff.md | 11_PRODUCTION_HANDOFF\physics_handoff.md | 11_PRODUCTION_HANDOFF\render_validation.md | 11_PRODUCTION_HANDOFF\shader_handoff.md | 11_PRODUCTION_HANDOFF\texture_handoff.md | 11_PRODUCTION_HANDOFF\vfx_handoff.md | 12_REGISTRY\change_control.md | 12_REGISTRY\material_registry.md | 12_REGISTRY\material_variants.md | 12_REGISTRY\material_versions.md"
"STONE_AND_EARTH\clay.md","0","0","","EMPTY_OLD_FILE_REVIEW","04_SURFACE_STRUCTURE\surface_renderer_validation_register.csv","0","04_SURFACE_STRUCTURE\surface_renderer_test_matrix.md","0","04_SURFACE_STRUCTURE\surface_renderer_confirmation_note.md","0","05_BEHAVIOR\aging.md | 05_BEHAVIOR\damage.md | 05_BEHAVIOR\dust_dirt_mud.md | 05_BEHAVIOR\environmental_response.md | 05_BEHAVIOR\repair.md | 05_BEHAVIOR\water_wetting_absorption.md | 05_BEHAVIOR\wear.md | 05_BEHAVIOR\weathering.md | 06_STATES\condition_states.md | 06_STATES\material_state_model.md | 06_STATES\state_continuity.md | 06_STATES\state_transitions.md | 06_STATES\thermal_states.md | 06_STATES\wet_dry_states.md | 07_HISTORICAL_CANONICAL\canonical_material_usage.md | 07_HISTORICAL_CANONICAL\conflicts_uncertainty.md | 07_HISTORICAL_CANONICAL\historical_material_availability.md | 07_HISTORICAL_CANONICAL\material_evidence.md | 07_HISTORICAL_CANONICAL\traditional_indian_materials.md | 07_HISTORICAL_CANONICAL\traditional_manufacturing.md | 08_INTERACTION\animal_interaction.md | 08_INTERACTION\architecture_interaction.md | 08_INTERACTION\environment_interaction.md | 08_INTERACTION\human_interaction.md | 08_INTERACTION\prop_interaction.md | 09_AI_PRODUCTION\artifact_prevention.md | 09_AI_PRODUCTION\candidate_selection.md | 09_AI_PRODUCTION\material_generation_validation.md | 09_AI_PRODUCTION\material_prompting.md | 09_AI_PRODUCTION\negative_constraints.md | 09_AI_PRODUCTION\reference_strategy.md | 10_CONTINUITY_QA\approval_criteria.md | 10_CONTINUITY_QA\cross_episode_consistency.md | 10_CONTINUITY_QA\cross_scene_consistency.md | 10_CONTINUITY_QA\cross_shot_consistency.md | 10_CONTINUITY_QA\material_continuity.md | 10_CONTINUITY_QA\realism_qa.md | 10_CONTINUITY_QA\temporal_consistency.md | 11_PRODUCTION_HANDOFF\3d_handoff.md | 11_PRODUCTION_HANDOFF\lighting_handoff.md | 11_PRODUCTION_HANDOFF\physics_handoff.md | 11_PRODUCTION_HANDOFF\render_validation.md | 11_PRODUCTION_HANDOFF\shader_handoff.md | 11_PRODUCTION_HANDOFF\texture_handoff.md | 11_PRODUCTION_HANDOFF\vfx_handoff.md | 12_REGISTRY\change_control.md | 12_REGISTRY\material_registry.md | 12_REGISTRY\material_variants.md | 12_REGISTRY\material_versions.md"
"STONE_AND_EARTH\granite.md","0","0","","EMPTY_OLD_FILE_REVIEW","04_SURFACE_STRUCTURE\surface_renderer_validation_register.csv","0","04_SURFACE_STRUCTURE\surface_renderer_test_matrix.md","0","04_SURFACE_STRUCTURE\surface_renderer_confirmation_note.md","0","05_BEHAVIOR\aging.md | 05_BEHAVIOR\damage.md | 05_BEHAVIOR\dust_dirt_mud.md | 05_BEHAVIOR\environmental_response.md | 05_BEHAVIOR\repair.md | 05_BEHAVIOR\water_wetting_absorption.md | 05_BEHAVIOR\wear.md | 05_BEHAVIOR\weathering.md | 06_STATES\condition_states.md | 06_STATES\material_state_model.md | 06_STATES\state_continuity.md | 06_STATES\state_transitions.md | 06_STATES\thermal_states.md | 06_STATES\wet_dry_states.md | 07_HISTORICAL_CANONICAL\canonical_material_usage.md | 07_HISTORICAL_CANONICAL\conflicts_uncertainty.md | 07_HISTORICAL_CANONICAL\historical_material_availability.md | 07_HISTORICAL_CANONICAL\material_evidence.md | 07_HISTORICAL_CANONICAL\traditional_indian_materials.md | 07_HISTORICAL_CANONICAL\traditional_manufacturing.md | 08_INTERACTION\animal_interaction.md | 08_INTERACTION\architecture_interaction.md | 08_INTERACTION\environment_interaction.md | 08_INTERACTION\human_interaction.md | 08_INTERACTION\prop_interaction.md | 09_AI_PRODUCTION\artifact_prevention.md | 09_AI_PRODUCTION\candidate_selection.md | 09_AI_PRODUCTION\material_generation_validation.md | 09_AI_PRODUCTION\material_prompting.md | 09_AI_PRODUCTION\negative_constraints.md | 09_AI_PRODUCTION\reference_strategy.md | 10_CONTINUITY_QA\approval_criteria.md | 10_CONTINUITY_QA\cross_episode_consistency.md | 10_CONTINUITY_QA\cross_scene_consistency.md | 10_CONTINUITY_QA\cross_shot_consistency.md | 10_CONTINUITY_QA\material_continuity.md | 10_CONTINUITY_QA\realism_qa.md | 10_CONTINUITY_QA\temporal_consistency.md | 11_PRODUCTION_HANDOFF\3d_handoff.md | 11_PRODUCTION_HANDOFF\lighting_handoff.md | 11_PRODUCTION_HANDOFF\physics_handoff.md | 11_PRODUCTION_HANDOFF\render_validation.md | 11_PRODUCTION_HANDOFF\shader_handoff.md | 11_PRODUCTION_HANDOFF\texture_handoff.md | 11_PRODUCTION_HANDOFF\vfx_handoff.md | 12_REGISTRY\change_control.md | 12_REGISTRY\material_registry.md | 12_REGISTRY\material_variants.md | 12_REGISTRY\material_versions.md"
"STONE_AND_EARTH\gravel.md","0","0","","EMPTY_OLD_FILE_REVIEW","04_SURFACE_STRUCTURE\surface_renderer_validation_register.csv","0","04_SURFACE_STRUCTURE\surface_renderer_test_matrix.md","0","04_SURFACE_STRUCTURE\surface_renderer_confirmation_note.md","0","05_BEHAVIOR\aging.md | 05_BEHAVIOR\damage.md | 05_BEHAVIOR\dust_dirt_mud.md | 05_BEHAVIOR\environmental_response.md | 05_BEHAVIOR\repair.md | 05_BEHAVIOR\water_wetting_absorption.md | 05_BEHAVIOR\wear.md | 05_BEHAVIOR\weathering.md | 06_STATES\condition_states.md | 06_STATES\material_state_model.md | 06_STATES\state_continuity.md | 06_STATES\state_transitions.md | 06_STATES\thermal_states.md | 06_STATES\wet_dry_states.md | 07_HISTORICAL_CANONICAL\canonical_material_usage.md | 07_HISTORICAL_CANONICAL\conflicts_uncertainty.md | 07_HISTORICAL_CANONICAL\historical_material_availability.md | 07_HISTORICAL_CANONICAL\material_evidence.md | 07_HISTORICAL_CANONICAL\traditional_indian_materials.md | 07_HISTORICAL_CANONICAL\traditional_manufacturing.md | 08_INTERACTION\animal_interaction.md | 08_INTERACTION\architecture_interaction.md | 08_INTERACTION\environment_interaction.md | 08_INTERACTION\human_interaction.md | 08_INTERACTION\prop_interaction.md | 09_AI_PRODUCTION\artifact_prevention.md | 09_AI_PRODUCTION\candidate_selection.md | 09_AI_PRODUCTION\material_generation_validation.md | 09_AI_PRODUCTION\material_prompting.md | 09_AI_PRODUCTION\negative_constraints.md | 09_AI_PRODUCTION\reference_strategy.md | 10_CONTINUITY_QA\approval_criteria.md | 10_CONTINUITY_QA\cross_episode_consistency.md | 10_CONTINUITY_QA\cross_scene_consistency.md | 10_CONTINUITY_QA\cross_shot_consistency.md | 10_CONTINUITY_QA\material_continuity.md | 10_CONTINUITY_QA\realism_qa.md | 10_CONTINUITY_QA\temporal_consistency.md | 11_PRODUCTION_HANDOFF\3d_handoff.md | 11_PRODUCTION_HANDOFF\lighting_handoff.md | 11_PRODUCTION_HANDOFF\physics_handoff.md | 11_PRODUCTION_HANDOFF\render_validation.md | 11_PRODUCTION_HANDOFF\shader_handoff.md | 11_PRODUCTION_HANDOFF\texture_handoff.md | 11_PRODUCTION_HANDOFF\vfx_handoff.md | 12_REGISTRY\change_control.md | 12_REGISTRY\material_registry.md | 12_REGISTRY\material_variants.md | 12_REGISTRY\material_versions.md"
"STONE_AND_EARTH\limestone.md","0","0","","EMPTY_OLD_FILE_REVIEW","04_SURFACE_STRUCTURE\surface_renderer_validation_register.csv","0","04_SURFACE_STRUCTURE\surface_renderer_test_matrix.md","0","04_SURFACE_STRUCTURE\surface_renderer_confirmation_note.md","0","05_BEHAVIOR\aging.md | 05_BEHAVIOR\damage.md | 05_BEHAVIOR\dust_dirt_mud.md | 05_BEHAVIOR\environmental_response.md | 05_BEHAVIOR\repair.md | 05_BEHAVIOR\water_wetting_absorption.md | 05_BEHAVIOR\wear.md | 05_BEHAVIOR\weathering.md | 06_STATES\condition_states.md | 06_STATES\material_state_model.md | 06_STATES\state_continuity.md | 06_STATES\state_transitions.md | 06_STATES\thermal_states.md | 06_STATES\wet_dry_states.md | 07_HISTORICAL_CANONICAL\canonical_material_usage.md | 07_HISTORICAL_CANONICAL\conflicts_uncertainty.md | 07_HISTORICAL_CANONICAL\historical_material_availability.md | 07_HISTORICAL_CANONICAL\material_evidence.md | 07_HISTORICAL_CANONICAL\traditional_indian_materials.md | 07_HISTORICAL_CANONICAL\traditional_manufacturing.md | 08_INTERACTION\animal_interaction.md | 08_INTERACTION\architecture_interaction.md | 08_INTERACTION\environment_interaction.md | 08_INTERACTION\human_interaction.md | 08_INTERACTION\prop_interaction.md | 09_AI_PRODUCTION\artifact_prevention.md | 09_AI_PRODUCTION\candidate_selection.md | 09_AI_PRODUCTION\material_generation_validation.md | 09_AI_PRODUCTION\material_prompting.md | 09_AI_PRODUCTION\negative_constraints.md | 09_AI_PRODUCTION\reference_strategy.md | 10_CONTINUITY_QA\approval_criteria.md | 10_CONTINUITY_QA\cross_episode_consistency.md | 10_CONTINUITY_QA\cross_scene_consistency.md | 10_CONTINUITY_QA\cross_shot_consistency.md | 10_CONTINUITY_QA\material_continuity.md | 10_CONTINUITY_QA\realism_qa.md | 10_CONTINUITY_QA\temporal_consistency.md | 11_PRODUCTION_HANDOFF\3d_handoff.md | 11_PRODUCTION_HANDOFF\lighting_handoff.md | 11_PRODUCTION_HANDOFF\physics_handoff.md | 11_PRODUCTION_HANDOFF\render_validation.md | 11_PRODUCTION_HANDOFF\shader_handoff.md | 11_PRODUCTION_HANDOFF\texture_handoff.md | 11_PRODUCTION_HANDOFF\vfx_handoff.md | 12_REGISTRY\change_control.md | 12_REGISTRY\material_registry.md | 12_REGISTRY\material_variants.md | 12_REGISTRY\material_versions.md"
"STONE_AND_EARTH\marble.md","0","0","","EMPTY_OLD_FILE_REVIEW","04_SURFACE_STRUCTURE\surface_renderer_validation_register.csv","0","04_SURFACE_STRUCTURE\surface_renderer_test_matrix.md","0","04_SURFACE_STRUCTURE\surface_renderer_confirmation_note.md","0","05_BEHAVIOR\aging.md | 05_BEHAVIOR\damage.md | 05_BEHAVIOR\dust_dirt_mud.md | 05_BEHAVIOR\environmental_response.md | 05_BEHAVIOR\repair.md | 05_BEHAVIOR\water_wetting_absorption.md | 05_BEHAVIOR\wear.md | 05_BEHAVIOR\weathering.md | 06_STATES\condition_states.md | 06_STATES\material_state_model.md | 06_STATES\state_continuity.md | 06_STATES\state_transitions.md | 06_STATES\thermal_states.md | 06_STATES\wet_dry_states.md | 07_HISTORICAL_CANONICAL\canonical_material_usage.md | 07_HISTORICAL_CANONICAL\conflicts_uncertainty.md | 07_HISTORICAL_CANONICAL\historical_material_availability.md | 07_HISTORICAL_CANONICAL\material_evidence.md | 07_HISTORICAL_CANONICAL\traditional_indian_materials.md | 07_HISTORICAL_CANONICAL\traditional_manufacturing.md | 08_INTERACTION\animal_interaction.md | 08_INTERACTION\architecture_interaction.md | 08_INTERACTION\environment_interaction.md | 08_INTERACTION\human_interaction.md | 08_INTERACTION\prop_interaction.md | 09_AI_PRODUCTION\artifact_prevention.md | 09_AI_PRODUCTION\candidate_selection.md | 09_AI_PRODUCTION\material_generation_validation.md | 09_AI_PRODUCTION\material_prompting.md | 09_AI_PRODUCTION\negative_constraints.md | 09_AI_PRODUCTION\reference_strategy.md | 10_CONTINUITY_QA\approval_criteria.md | 10_CONTINUITY_QA\cross_episode_consistency.md | 10_CONTINUITY_QA\cross_scene_consistency.md | 10_CONTINUITY_QA\cross_shot_consistency.md | 10_CONTINUITY_QA\material_continuity.md | 10_CONTINUITY_QA\realism_qa.md | 10_CONTINUITY_QA\temporal_consistency.md | 11_PRODUCTION_HANDOFF\3d_handoff.md | 11_PRODUCTION_HANDOFF\lighting_handoff.md | 11_PRODUCTION_HANDOFF\physics_handoff.md | 11_PRODUCTION_HANDOFF\render_validation.md | 11_PRODUCTION_HANDOFF\shader_handoff.md | 11_PRODUCTION_HANDOFF\texture_handoff.md | 11_PRODUCTION_HANDOFF\vfx_handoff.md | 12_REGISTRY\change_control.md | 12_REGISTRY\material_registry.md | 12_REGISTRY\material_variants.md | 12_REGISTRY\material_versions.md"
"STONE_AND_EARTH\mud.md","0","0","","EMPTY_OLD_FILE_REVIEW","04_SURFACE_STRUCTURE\surface_renderer_validation_register.csv","0","04_SURFACE_STRUCTURE\surface_renderer_test_matrix.md","0","04_SURFACE_STRUCTURE\surface_renderer_confirmation_note.md","0","05_BEHAVIOR\aging.md | 05_BEHAVIOR\damage.md | 05_BEHAVIOR\dust_dirt_mud.md | 05_BEHAVIOR\environmental_response.md | 05_BEHAVIOR\repair.md | 05_BEHAVIOR\water_wetting_absorption.md | 05_BEHAVIOR\wear.md | 05_BEHAVIOR\weathering.md | 06_STATES\condition_states.md | 06_STATES\material_state_model.md | 06_STATES\state_continuity.md | 06_STATES\state_transitions.md | 06_STATES\thermal_states.md | 06_STATES\wet_dry_states.md | 07_HISTORICAL_CANONICAL\canonical_material_usage.md | 07_HISTORICAL_CANONICAL\conflicts_uncertainty.md | 07_HISTORICAL_CANONICAL\historical_material_availability.md | 07_HISTORICAL_CANONICAL\material_evidence.md | 07_HISTORICAL_CANONICAL\traditional_indian_materials.md | 07_HISTORICAL_CANONICAL\traditional_manufacturing.md | 08_INTERACTION\animal_interaction.md | 08_INTERACTION\architecture_interaction.md | 08_INTERACTION\environment_interaction.md | 08_INTERACTION\human_interaction.md | 08_INTERACTION\prop_interaction.md | 09_AI_PRODUCTION\artifact_prevention.md | 09_AI_PRODUCTION\candidate_selection.md | 09_AI_PRODUCTION\material_generation_validation.md | 09_AI_PRODUCTION\material_prompting.md | 09_AI_PRODUCTION\negative_constraints.md | 09_AI_PRODUCTION\reference_strategy.md | 10_CONTINUITY_QA\approval_criteria.md | 10_CONTINUITY_QA\cross_episode_consistency.md | 10_CONTINUITY_QA\cross_scene_consistency.md | 10_CONTINUITY_QA\cross_shot_consistency.md | 10_CONTINUITY_QA\material_continuity.md | 10_CONTINUITY_QA\realism_qa.md | 10_CONTINUITY_QA\temporal_consistency.md | 11_PRODUCTION_HANDOFF\3d_handoff.md | 11_PRODUCTION_HANDOFF\lighting_handoff.md | 11_PRODUCTION_HANDOFF\physics_handoff.md | 11_PRODUCTION_HANDOFF\render_validation.md | 11_PRODUCTION_HANDOFF\shader_handoff.md | 11_PRODUCTION_HANDOFF\texture_handoff.md | 11_PRODUCTION_HANDOFF\vfx_handoff.md | 12_REGISTRY\change_control.md | 12_REGISTRY\material_registry.md | 12_REGISTRY\material_variants.md | 12_REGISTRY\material_versions.md"
"STONE_AND_EARTH\natural_rock.md","0","0","","EMPTY_OLD_FILE_REVIEW","04_SURFACE_STRUCTURE\surface_renderer_validation_register.csv","0","04_SURFACE_STRUCTURE\surface_renderer_test_matrix.md","0","04_SURFACE_STRUCTURE\surface_renderer_confirmation_note.md","0","05_BEHAVIOR\aging.md | 05_BEHAVIOR\damage.md | 05_BEHAVIOR\dust_dirt_mud.md | 05_BEHAVIOR\environmental_response.md | 05_BEHAVIOR\repair.md | 05_BEHAVIOR\water_wetting_absorption.md | 05_BEHAVIOR\wear.md | 05_BEHAVIOR\weathering.md | 06_STATES\condition_states.md | 06_STATES\material_state_model.md | 06_STATES\state_continuity.md | 06_STATES\state_transitions.md | 06_STATES\thermal_states.md | 06_STATES\wet_dry_states.md | 07_HISTORICAL_CANONICAL\canonical_material_usage.md | 07_HISTORICAL_CANONICAL\conflicts_uncertainty.md | 07_HISTORICAL_CANONICAL\historical_material_availability.md | 07_HISTORICAL_CANONICAL\material_evidence.md | 07_HISTORICAL_CANONICAL\traditional_indian_materials.md | 07_HISTORICAL_CANONICAL\traditional_manufacturing.md | 08_INTERACTION\animal_interaction.md | 08_INTERACTION\architecture_interaction.md | 08_INTERACTION\environment_interaction.md | 08_INTERACTION\human_interaction.md | 08_INTERACTION\prop_interaction.md | 09_AI_PRODUCTION\artifact_prevention.md | 09_AI_PRODUCTION\candidate_selection.md | 09_AI_PRODUCTION\material_generation_validation.md | 09_AI_PRODUCTION\material_prompting.md | 09_AI_PRODUCTION\negative_constraints.md | 09_AI_PRODUCTION\reference_strategy.md | 10_CONTINUITY_QA\approval_criteria.md | 10_CONTINUITY_QA\cross_episode_consistency.md | 10_CONTINUITY_QA\cross_scene_consistency.md | 10_CONTINUITY_QA\cross_shot_consistency.md | 10_CONTINUITY_QA\material_continuity.md | 10_CONTINUITY_QA\realism_qa.md | 10_CONTINUITY_QA\temporal_consistency.md | 11_PRODUCTION_HANDOFF\3d_handoff.md | 11_PRODUCTION_HANDOFF\lighting_handoff.md | 11_PRODUCTION_HANDOFF\physics_handoff.md | 11_PRODUCTION_HANDOFF\render_validation.md | 11_PRODUCTION_HANDOFF\shader_handoff.md | 11_PRODUCTION_HANDOFF\texture_handoff.md | 11_PRODUCTION_HANDOFF\vfx_handoff.md | 12_REGISTRY\change_control.md | 12_REGISTRY\material_registry.md | 12_REGISTRY\material_variants.md | 12_REGISTRY\material_versions.md"
"STONE_AND_EARTH\sandstone.md","0","0","","EMPTY_OLD_FILE_REVIEW","04_SURFACE_STRUCTURE\surface_renderer_validation_register.csv","0","04_SURFACE_STRUCTURE\surface_renderer_test_matrix.md","0","04_SURFACE_STRUCTURE\surface_renderer_confirmation_note.md","0","05_BEHAVIOR\aging.md | 05_BEHAVIOR\damage.md | 05_BEHAVIOR\dust_dirt_mud.md | 05_BEHAVIOR\environmental_response.md | 05_BEHAVIOR\repair.md | 05_BEHAVIOR\water_wetting_absorption.md | 05_BEHAVIOR\wear.md | 05_BEHAVIOR\weathering.md | 06_STATES\condition_states.md | 06_STATES\material_state_model.md | 06_STATES\state_continuity.md | 06_STATES\state_transitions.md | 06_STATES\thermal_states.md | 06_STATES\wet_dry_states.md | 07_HISTORICAL_CANONICAL\canonical_material_usage.md | 07_HISTORICAL_CANONICAL\conflicts_uncertainty.md | 07_HISTORICAL_CANONICAL\historical_material_availability.md | 07_HISTORICAL_CANONICAL\material_evidence.md | 07_HISTORICAL_CANONICAL\traditional_indian_materials.md | 07_HISTORICAL_CANONICAL\traditional_manufacturing.md | 08_INTERACTION\animal_interaction.md | 08_INTERACTION\architecture_interaction.md | 08_INTERACTION\environment_interaction.md | 08_INTERACTION\human_interaction.md | 08_INTERACTION\prop_interaction.md | 09_AI_PRODUCTION\artifact_prevention.md | 09_AI_PRODUCTION\candidate_selection.md | 09_AI_PRODUCTION\material_generation_validation.md | 09_AI_PRODUCTION\material_prompting.md | 09_AI_PRODUCTION\negative_constraints.md | 09_AI_PRODUCTION\reference_strategy.md | 10_CONTINUITY_QA\approval_criteria.md | 10_CONTINUITY_QA\cross_episode_consistency.md | 10_CONTINUITY_QA\cross_scene_consistency.md | 10_CONTINUITY_QA\cross_shot_consistency.md | 10_CONTINUITY_QA\material_continuity.md | 10_CONTINUITY_QA\realism_qa.md | 10_CONTINUITY_QA\temporal_consistency.md | 11_PRODUCTION_HANDOFF\3d_handoff.md | 11_PRODUCTION_HANDOFF\lighting_handoff.md | 11_PRODUCTION_HANDOFF\physics_handoff.md | 11_PRODUCTION_HANDOFF\render_validation.md | 11_PRODUCTION_HANDOFF\shader_handoff.md | 11_PRODUCTION_HANDOFF\texture_handoff.md | 11_PRODUCTION_HANDOFF\vfx_handoff.md | 12_REGISTRY\change_control.md | 12_REGISTRY\material_registry.md | 12_REGISTRY\material_variants.md | 12_REGISTRY\material_versions.md"
"STONE_AND_EARTH\slate.md","0","0","","EMPTY_OLD_FILE_REVIEW","04_SURFACE_STRUCTURE\surface_renderer_validation_register.csv","0","04_SURFACE_STRUCTURE\surface_renderer_test_matrix.md","0","04_SURFACE_STRUCTURE\surface_renderer_confirmation_note.md","0","05_BEHAVIOR\aging.md | 05_BEHAVIOR\damage.md | 05_BEHAVIOR\dust_dirt_mud.md | 05_BEHAVIOR\environmental_response.md | 05_BEHAVIOR\repair.md | 05_BEHAVIOR\water_wetting_absorption.md | 05_BEHAVIOR\wear.md | 05_BEHAVIOR\weathering.md | 06_STATES\condition_states.md | 06_STATES\material_state_model.md | 06_STATES\state_continuity.md | 06_STATES\state_transitions.md | 06_STATES\thermal_states.md | 06_STATES\wet_dry_states.md | 07_HISTORICAL_CANONICAL\canonical_material_usage.md | 07_HISTORICAL_CANONICAL\conflicts_uncertainty.md | 07_HISTORICAL_CANONICAL\historical_material_availability.md | 07_HISTORICAL_CANONICAL\material_evidence.md | 07_HISTORICAL_CANONICAL\traditional_indian_materials.md | 07_HISTORICAL_CANONICAL\traditional_manufacturing.md | 08_INTERACTION\animal_interaction.md | 08_INTERACTION\architecture_interaction.md | 08_INTERACTION\environment_interaction.md | 08_INTERACTION\human_interaction.md | 08_INTERACTION\prop_interaction.md | 09_AI_PRODUCTION\artifact_prevention.md | 09_AI_PRODUCTION\candidate_selection.md | 09_AI_PRODUCTION\material_generation_validation.md | 09_AI_PRODUCTION\material_prompting.md | 09_AI_PRODUCTION\negative_constraints.md | 09_AI_PRODUCTION\reference_strategy.md | 10_CONTINUITY_QA\approval_criteria.md | 10_CONTINUITY_QA\cross_episode_consistency.md | 10_CONTINUITY_QA\cross_scene_consistency.md | 10_CONTINUITY_QA\cross_shot_consistency.md | 10_CONTINUITY_QA\material_continuity.md | 10_CONTINUITY_QA\realism_qa.md | 10_CONTINUITY_QA\temporal_consistency.md | 11_PRODUCTION_HANDOFF\3d_handoff.md | 11_PRODUCTION_HANDOFF\lighting_handoff.md | 11_PRODUCTION_HANDOFF\physics_handoff.md | 11_PRODUCTION_HANDOFF\render_validation.md | 11_PRODUCTION_HANDOFF\shader_handoff.md | 11_PRODUCTION_HANDOFF\texture_handoff.md | 11_PRODUCTION_HANDOFF\vfx_handoff.md | 12_REGISTRY\change_control.md | 12_REGISTRY\material_registry.md | 12_REGISTRY\material_variants.md | 12_REGISTRY\material_versions.md"
"STONE_AND_EARTH\soil.md","0","0","","EMPTY_OLD_FILE_REVIEW","04_SURFACE_STRUCTURE\surface_renderer_validation_register.csv","0","04_SURFACE_STRUCTURE\surface_renderer_test_matrix.md","0","04_SURFACE_STRUCTURE\surface_renderer_confirmation_note.md","0","05_BEHAVIOR\aging.md | 05_BEHAVIOR\damage.md | 05_BEHAVIOR\dust_dirt_mud.md | 05_BEHAVIOR\environmental_response.md | 05_BEHAVIOR\repair.md | 05_BEHAVIOR\water_wetting_absorption.md | 05_BEHAVIOR\wear.md | 05_BEHAVIOR\weathering.md | 06_STATES\condition_states.md | 06_STATES\material_state_model.md | 06_STATES\state_continuity.md | 06_STATES\state_transitions.md | 06_STATES\thermal_states.md | 06_STATES\wet_dry_states.md | 07_HISTORICAL_CANONICAL\canonical_material_usage.md | 07_HISTORICAL_CANONICAL\conflicts_uncertainty.md | 07_HISTORICAL_CANONICAL\historical_material_availability.md | 07_HISTORICAL_CANONICAL\material_evidence.md | 07_HISTORICAL_CANONICAL\traditional_indian_materials.md | 07_HISTORICAL_CANONICAL\traditional_manufacturing.md | 08_INTERACTION\animal_interaction.md | 08_INTERACTION\architecture_interaction.md | 08_INTERACTION\environment_interaction.md | 08_INTERACTION\human_interaction.md | 08_INTERACTION\prop_interaction.md | 09_AI_PRODUCTION\artifact_prevention.md | 09_AI_PRODUCTION\candidate_selection.md | 09_AI_PRODUCTION\material_generation_validation.md | 09_AI_PRODUCTION\material_prompting.md | 09_AI_PRODUCTION\negative_constraints.md | 09_AI_PRODUCTION\reference_strategy.md | 10_CONTINUITY_QA\approval_criteria.md | 10_CONTINUITY_QA\cross_episode_consistency.md | 10_CONTINUITY_QA\cross_scene_consistency.md | 10_CONTINUITY_QA\cross_shot_consistency.md | 10_CONTINUITY_QA\material_continuity.md | 10_CONTINUITY_QA\realism_qa.md | 10_CONTINUITY_QA\temporal_consistency.md | 11_PRODUCTION_HANDOFF\3d_handoff.md | 11_PRODUCTION_HANDOFF\lighting_handoff.md | 11_PRODUCTION_HANDOFF\physics_handoff.md | 11_PRODUCTION_HANDOFF\render_validation.md | 11_PRODUCTION_HANDOFF\shader_handoff.md | 11_PRODUCTION_HANDOFF\texture_handoff.md | 11_PRODUCTION_HANDOFF\vfx_handoff.md | 12_REGISTRY\change_control.md | 12_REGISTRY\material_registry.md | 12_REGISTRY\material_variants.md | 12_REGISTRY\material_versions.md"
"SURFACE_BEHAVIOR\ash.md","0","0","","EMPTY_OLD_FILE_REVIEW","04_SURFACE_STRUCTURE\surface_renderer_validation_register.csv","0","04_SURFACE_STRUCTURE\surface_renderer_test_matrix.md","0","04_SURFACE_STRUCTURE\surface_renderer_confirmation_note.md","0","05_BEHAVIOR\aging.md | 05_BEHAVIOR\damage.md | 05_BEHAVIOR\dust_dirt_mud.md | 05_BEHAVIOR\environmental_response.md | 05_BEHAVIOR\repair.md | 05_BEHAVIOR\water_wetting_absorption.md | 05_BEHAVIOR\wear.md | 05_BEHAVIOR\weathering.md | 06_STATES\condition_states.md | 06_STATES\material_state_model.md | 06_STATES\state_continuity.md | 06_STATES\state_transitions.md | 06_STATES\thermal_states.md | 06_STATES\wet_dry_states.md | 07_HISTORICAL_CANONICAL\canonical_material_usage.md | 07_HISTORICAL_CANONICAL\conflicts_uncertainty.md | 07_HISTORICAL_CANONICAL\historical_material_availability.md | 07_HISTORICAL_CANONICAL\material_evidence.md | 07_HISTORICAL_CANONICAL\traditional_indian_materials.md | 07_HISTORICAL_CANONICAL\traditional_manufacturing.md | 08_INTERACTION\animal_interaction.md | 08_INTERACTION\architecture_interaction.md | 08_INTERACTION\environment_interaction.md | 08_INTERACTION\human_interaction.md | 08_INTERACTION\prop_interaction.md | 09_AI_PRODUCTION\artifact_prevention.md | 09_AI_PRODUCTION\candidate_selection.md | 09_AI_PRODUCTION\material_generation_validation.md | 09_AI_PRODUCTION\material_prompting.md | 09_AI_PRODUCTION\negative_constraints.md | 09_AI_PRODUCTION\reference_strategy.md | 10_CONTINUITY_QA\approval_criteria.md | 10_CONTINUITY_QA\cross_episode_consistency.md | 10_CONTINUITY_QA\cross_scene_consistency.md | 10_CONTINUITY_QA\cross_shot_consistency.md | 10_CONTINUITY_QA\material_continuity.md | 10_CONTINUITY_QA\realism_qa.md | 10_CONTINUITY_QA\temporal_consistency.md | 11_PRODUCTION_HANDOFF\3d_handoff.md | 11_PRODUCTION_HANDOFF\lighting_handoff.md | 11_PRODUCTION_HANDOFF\physics_handoff.md | 11_PRODUCTION_HANDOFF\render_validation.md | 11_PRODUCTION_HANDOFF\shader_handoff.md | 11_PRODUCTION_HANDOFF\texture_handoff.md | 11_PRODUCTION_HANDOFF\vfx_handoff.md | 12_REGISTRY\change_control.md | 12_REGISTRY\material_registry.md | 12_REGISTRY\material_variants.md | 12_REGISTRY\material_versions.md"
"SURFACE_BEHAVIOR\chipped.md","0","0","","EMPTY_OLD_FILE_REVIEW","04_SURFACE_STRUCTURE\surface_renderer_validation_register.csv","0","04_SURFACE_STRUCTURE\surface_renderer_test_matrix.md","0","04_SURFACE_STRUCTURE\surface_renderer_confirmation_note.md","0","05_BEHAVIOR\aging.md | 05_BEHAVIOR\damage.md | 05_BEHAVIOR\dust_dirt_mud.md | 05_BEHAVIOR\environmental_response.md | 05_BEHAVIOR\repair.md | 05_BEHAVIOR\water_wetting_absorption.md | 05_BEHAVIOR\wear.md | 05_BEHAVIOR\weathering.md | 06_STATES\condition_states.md | 06_STATES\material_state_model.md | 06_STATES\state_continuity.md | 06_STATES\state_transitions.md | 06_STATES\thermal_states.md | 06_STATES\wet_dry_states.md | 07_HISTORICAL_CANONICAL\canonical_material_usage.md | 07_HISTORICAL_CANONICAL\conflicts_uncertainty.md | 07_HISTORICAL_CANONICAL\historical_material_availability.md | 07_HISTORICAL_CANONICAL\material_evidence.md | 07_HISTORICAL_CANONICAL\traditional_indian_materials.md | 07_HISTORICAL_CANONICAL\traditional_manufacturing.md | 08_INTERACTION\animal_interaction.md | 08_INTERACTION\architecture_interaction.md | 08_INTERACTION\environment_interaction.md | 08_INTERACTION\human_interaction.md | 08_INTERACTION\prop_interaction.md | 09_AI_PRODUCTION\artifact_prevention.md | 09_AI_PRODUCTION\candidate_selection.md | 09_AI_PRODUCTION\material_generation_validation.md | 09_AI_PRODUCTION\material_prompting.md | 09_AI_PRODUCTION\negative_constraints.md | 09_AI_PRODUCTION\reference_strategy.md | 10_CONTINUITY_QA\approval_criteria.md | 10_CONTINUITY_QA\cross_episode_consistency.md | 10_CONTINUITY_QA\cross_scene_consistency.md | 10_CONTINUITY_QA\cross_shot_consistency.md | 10_CONTINUITY_QA\material_continuity.md | 10_CONTINUITY_QA\realism_qa.md | 10_CONTINUITY_QA\temporal_consistency.md | 11_PRODUCTION_HANDOFF\3d_handoff.md | 11_PRODUCTION_HANDOFF\lighting_handoff.md | 11_PRODUCTION_HANDOFF\physics_handoff.md | 11_PRODUCTION_HANDOFF\render_validation.md | 11_PRODUCTION_HANDOFF\shader_handoff.md | 11_PRODUCTION_HANDOFF\texture_handoff.md | 11_PRODUCTION_HANDOFF\vfx_handoff.md | 12_REGISTRY\change_control.md | 12_REGISTRY\material_registry.md | 12_REGISTRY\material_variants.md | 12_REGISTRY\material_versions.md"
"SURFACE_BEHAVIOR\cracked.md","0","0","","EMPTY_OLD_FILE_REVIEW","04_SURFACE_STRUCTURE\surface_renderer_validation_register.csv","0","04_SURFACE_STRUCTURE\surface_renderer_test_matrix.md","0","04_SURFACE_STRUCTURE\surface_renderer_confirmation_note.md","0","05_BEHAVIOR\aging.md | 05_BEHAVIOR\damage.md | 05_BEHAVIOR\dust_dirt_mud.md | 05_BEHAVIOR\environmental_response.md | 05_BEHAVIOR\repair.md | 05_BEHAVIOR\water_wetting_absorption.md | 05_BEHAVIOR\wear.md | 05_BEHAVIOR\weathering.md | 06_STATES\condition_states.md | 06_STATES\material_state_model.md | 06_STATES\state_continuity.md | 06_STATES\state_transitions.md | 06_STATES\thermal_states.md | 06_STATES\wet_dry_states.md | 07_HISTORICAL_CANONICAL\canonical_material_usage.md | 07_HISTORICAL_CANONICAL\conflicts_uncertainty.md | 07_HISTORICAL_CANONICAL\historical_material_availability.md | 07_HISTORICAL_CANONICAL\material_evidence.md | 07_HISTORICAL_CANONICAL\traditional_indian_materials.md | 07_HISTORICAL_CANONICAL\traditional_manufacturing.md | 08_INTERACTION\animal_interaction.md | 08_INTERACTION\architecture_interaction.md | 08_INTERACTION\environment_interaction.md | 08_INTERACTION\human_interaction.md | 08_INTERACTION\prop_interaction.md | 09_AI_PRODUCTION\artifact_prevention.md | 09_AI_PRODUCTION\candidate_selection.md | 09_AI_PRODUCTION\material_generation_validation.md | 09_AI_PRODUCTION\material_prompting.md | 09_AI_PRODUCTION\negative_constraints.md | 09_AI_PRODUCTION\reference_strategy.md | 10_CONTINUITY_QA\approval_criteria.md | 10_CONTINUITY_QA\cross_episode_consistency.md | 10_CONTINUITY_QA\cross_scene_consistency.md | 10_CONTINUITY_QA\cross_shot_consistency.md | 10_CONTINUITY_QA\material_continuity.md | 10_CONTINUITY_QA\realism_qa.md | 10_CONTINUITY_QA\temporal_consistency.md | 11_PRODUCTION_HANDOFF\3d_handoff.md | 11_PRODUCTION_HANDOFF\lighting_handoff.md | 11_PRODUCTION_HANDOFF\physics_handoff.md | 11_PRODUCTION_HANDOFF\render_validation.md | 11_PRODUCTION_HANDOFF\shader_handoff.md | 11_PRODUCTION_HANDOFF\texture_handoff.md | 11_PRODUCTION_HANDOFF\vfx_handoff.md | 12_REGISTRY\change_control.md | 12_REGISTRY\material_registry.md | 12_REGISTRY\material_variants.md | 12_REGISTRY\material_versions.md"
"SURFACE_BEHAVIOR\dented.md","0","0","","EMPTY_OLD_FILE_REVIEW","04_SURFACE_STRUCTURE\surface_renderer_validation_register.csv","0","04_SURFACE_STRUCTURE\surface_renderer_test_matrix.md","0","04_SURFACE_STRUCTURE\surface_renderer_confirmation_note.md","0","05_BEHAVIOR\aging.md | 05_BEHAVIOR\damage.md | 05_BEHAVIOR\dust_dirt_mud.md | 05_BEHAVIOR\environmental_response.md | 05_BEHAVIOR\repair.md | 05_BEHAVIOR\water_wetting_absorption.md | 05_BEHAVIOR\wear.md | 05_BEHAVIOR\weathering.md | 06_STATES\condition_states.md | 06_STATES\material_state_model.md | 06_STATES\state_continuity.md | 06_STATES\state_transitions.md | 06_STATES\thermal_states.md | 06_STATES\wet_dry_states.md | 07_HISTORICAL_CANONICAL\canonical_material_usage.md | 07_HISTORICAL_CANONICAL\conflicts_uncertainty.md | 07_HISTORICAL_CANONICAL\historical_material_availability.md | 07_HISTORICAL_CANONICAL\material_evidence.md | 07_HISTORICAL_CANONICAL\traditional_indian_materials.md | 07_HISTORICAL_CANONICAL\traditional_manufacturing.md | 08_INTERACTION\animal_interaction.md | 08_INTERACTION\architecture_interaction.md | 08_INTERACTION\environment_interaction.md | 08_INTERACTION\human_interaction.md | 08_INTERACTION\prop_interaction.md | 09_AI_PRODUCTION\artifact_prevention.md | 09_AI_PRODUCTION\candidate_selection.md | 09_AI_PRODUCTION\material_generation_validation.md | 09_AI_PRODUCTION\material_prompting.md | 09_AI_PRODUCTION\negative_constraints.md | 09_AI_PRODUCTION\reference_strategy.md | 10_CONTINUITY_QA\approval_criteria.md | 10_CONTINUITY_QA\cross_episode_consistency.md | 10_CONTINUITY_QA\cross_scene_consistency.md | 10_CONTINUITY_QA\cross_shot_consistency.md | 10_CONTINUITY_QA\material_continuity.md | 10_CONTINUITY_QA\realism_qa.md | 10_CONTINUITY_QA\temporal_consistency.md | 11_PRODUCTION_HANDOFF\3d_handoff.md | 11_PRODUCTION_HANDOFF\lighting_handoff.md | 11_PRODUCTION_HANDOFF\physics_handoff.md | 11_PRODUCTION_HANDOFF\render_validation.md | 11_PRODUCTION_HANDOFF\shader_handoff.md | 11_PRODUCTION_HANDOFF\texture_handoff.md | 11_PRODUCTION_HANDOFF\vfx_handoff.md | 12_REGISTRY\change_control.md | 12_REGISTRY\material_registry.md | 12_REGISTRY\material_variants.md | 12_REGISTRY\material_versions.md"
"SURFACE_BEHAVIOR\dusty.md","0","0","","EMPTY_OLD_FILE_REVIEW","04_SURFACE_STRUCTURE\surface_renderer_validation_register.csv","0","04_SURFACE_STRUCTURE\surface_renderer_test_matrix.md","0","04_SURFACE_STRUCTURE\surface_renderer_confirmation_note.md","0","05_BEHAVIOR\aging.md | 05_BEHAVIOR\damage.md | 05_BEHAVIOR\dust_dirt_mud.md | 05_BEHAVIOR\environmental_response.md | 05_BEHAVIOR\repair.md | 05_BEHAVIOR\water_wetting_absorption.md | 05_BEHAVIOR\wear.md | 05_BEHAVIOR\weathering.md | 06_STATES\condition_states.md | 06_STATES\material_state_model.md | 06_STATES\state_continuity.md | 06_STATES\state_transitions.md | 06_STATES\thermal_states.md | 06_STATES\wet_dry_states.md | 07_HISTORICAL_CANONICAL\canonical_material_usage.md | 07_HISTORICAL_CANONICAL\conflicts_uncertainty.md | 07_HISTORICAL_CANONICAL\historical_material_availability.md | 07_HISTORICAL_CANONICAL\material_evidence.md | 07_HISTORICAL_CANONICAL\traditional_indian_materials.md | 07_HISTORICAL_CANONICAL\traditional_manufacturing.md | 08_INTERACTION\animal_interaction.md | 08_INTERACTION\architecture_interaction.md | 08_INTERACTION\environment_interaction.md | 08_INTERACTION\human_interaction.md | 08_INTERACTION\prop_interaction.md | 09_AI_PRODUCTION\artifact_prevention.md | 09_AI_PRODUCTION\candidate_selection.md | 09_AI_PRODUCTION\material_generation_validation.md | 09_AI_PRODUCTION\material_prompting.md | 09_AI_PRODUCTION\negative_constraints.md | 09_AI_PRODUCTION\reference_strategy.md | 10_CONTINUITY_QA\approval_criteria.md | 10_CONTINUITY_QA\cross_episode_consistency.md | 10_CONTINUITY_QA\cross_scene_consistency.md | 10_CONTINUITY_QA\cross_shot_consistency.md | 10_CONTINUITY_QA\material_continuity.md | 10_CONTINUITY_QA\realism_qa.md | 10_CONTINUITY_QA\temporal_consistency.md | 11_PRODUCTION_HANDOFF\3d_handoff.md | 11_PRODUCTION_HANDOFF\lighting_handoff.md | 11_PRODUCTION_HANDOFF\physics_handoff.md | 11_PRODUCTION_HANDOFF\render_validation.md | 11_PRODUCTION_HANDOFF\shader_handoff.md | 11_PRODUCTION_HANDOFF\texture_handoff.md | 11_PRODUCTION_HANDOFF\vfx_handoff.md | 12_REGISTRY\change_control.md | 12_REGISTRY\material_registry.md | 12_REGISTRY\material_variants.md | 12_REGISTRY\material_versions.md"
"SURFACE_BEHAVIOR\glossy.md","0","0","","EMPTY_OLD_FILE_REVIEW","04_SURFACE_STRUCTURE\surface_renderer_validation_register.csv","0","04_SURFACE_STRUCTURE\surface_renderer_test_matrix.md","0","04_SURFACE_STRUCTURE\surface_renderer_confirmation_note.md","0","05_BEHAVIOR\aging.md | 05_BEHAVIOR\damage.md | 05_BEHAVIOR\dust_dirt_mud.md | 05_BEHAVIOR\environmental_response.md | 05_BEHAVIOR\repair.md | 05_BEHAVIOR\water_wetting_absorption.md | 05_BEHAVIOR\wear.md | 05_BEHAVIOR\weathering.md | 06_STATES\condition_states.md | 06_STATES\material_state_model.md | 06_STATES\state_continuity.md | 06_STATES\state_transitions.md | 06_STATES\thermal_states.md | 06_STATES\wet_dry_states.md | 07_HISTORICAL_CANONICAL\canonical_material_usage.md | 07_HISTORICAL_CANONICAL\conflicts_uncertainty.md | 07_HISTORICAL_CANONICAL\historical_material_availability.md | 07_HISTORICAL_CANONICAL\material_evidence.md | 07_HISTORICAL_CANONICAL\traditional_indian_materials.md | 07_HISTORICAL_CANONICAL\traditional_manufacturing.md | 08_INTERACTION\animal_interaction.md | 08_INTERACTION\architecture_interaction.md | 08_INTERACTION\environment_interaction.md | 08_INTERACTION\human_interaction.md | 08_INTERACTION\prop_interaction.md | 09_AI_PRODUCTION\artifact_prevention.md | 09_AI_PRODUCTION\candidate_selection.md | 09_AI_PRODUCTION\material_generation_validation.md | 09_AI_PRODUCTION\material_prompting.md | 09_AI_PRODUCTION\negative_constraints.md | 09_AI_PRODUCTION\reference_strategy.md | 10_CONTINUITY_QA\approval_criteria.md | 10_CONTINUITY_QA\cross_episode_consistency.md | 10_CONTINUITY_QA\cross_scene_consistency.md | 10_CONTINUITY_QA\cross_shot_consistency.md | 10_CONTINUITY_QA\material_continuity.md | 10_CONTINUITY_QA\realism_qa.md | 10_CONTINUITY_QA\temporal_consistency.md | 11_PRODUCTION_HANDOFF\3d_handoff.md | 11_PRODUCTION_HANDOFF\lighting_handoff.md | 11_PRODUCTION_HANDOFF\physics_handoff.md | 11_PRODUCTION_HANDOFF\render_validation.md | 11_PRODUCTION_HANDOFF\shader_handoff.md | 11_PRODUCTION_HANDOFF\texture_handoff.md | 11_PRODUCTION_HANDOFF\vfx_handoff.md | 12_REGISTRY\change_control.md | 12_REGISTRY\material_registry.md | 12_REGISTRY\material_variants.md | 12_REGISTRY\material_versions.md"
"SURFACE_BEHAVIOR\matte.md","0","0","","EMPTY_OLD_FILE_REVIEW","04_SURFACE_STRUCTURE\surface_renderer_validation_register.csv","0","04_SURFACE_STRUCTURE\surface_renderer_test_matrix.md","0","04_SURFACE_STRUCTURE\surface_renderer_confirmation_note.md","0","05_BEHAVIOR\aging.md | 05_BEHAVIOR\damage.md | 05_BEHAVIOR\dust_dirt_mud.md | 05_BEHAVIOR\environmental_response.md | 05_BEHAVIOR\repair.md | 05_BEHAVIOR\water_wetting_absorption.md | 05_BEHAVIOR\wear.md | 05_BEHAVIOR\weathering.md | 06_STATES\condition_states.md | 06_STATES\material_state_model.md | 06_STATES\state_continuity.md | 06_STATES\state_transitions.md | 06_STATES\thermal_states.md | 06_STATES\wet_dry_states.md | 07_HISTORICAL_CANONICAL\canonical_material_usage.md | 07_HISTORICAL_CANONICAL\conflicts_uncertainty.md | 07_HISTORICAL_CANONICAL\historical_material_availability.md | 07_HISTORICAL_CANONICAL\material_evidence.md | 07_HISTORICAL_CANONICAL\traditional_indian_materials.md | 07_HISTORICAL_CANONICAL\traditional_manufacturing.md | 08_INTERACTION\animal_interaction.md | 08_INTERACTION\architecture_interaction.md | 08_INTERACTION\environment_interaction.md | 08_INTERACTION\human_interaction.md | 08_INTERACTION\prop_interaction.md | 09_AI_PRODUCTION\artifact_prevention.md | 09_AI_PRODUCTION\candidate_selection.md | 09_AI_PRODUCTION\material_generation_validation.md | 09_AI_PRODUCTION\material_prompting.md | 09_AI_PRODUCTION\negative_constraints.md | 09_AI_PRODUCTION\reference_strategy.md | 10_CONTINUITY_QA\approval_criteria.md | 10_CONTINUITY_QA\cross_episode_consistency.md | 10_CONTINUITY_QA\cross_scene_consistency.md | 10_CONTINUITY_QA\cross_shot_consistency.md | 10_CONTINUITY_QA\material_continuity.md | 10_CONTINUITY_QA\realism_qa.md | 10_CONTINUITY_QA\temporal_consistency.md | 11_PRODUCTION_HANDOFF\3d_handoff.md | 11_PRODUCTION_HANDOFF\lighting_handoff.md | 11_PRODUCTION_HANDOFF\physics_handoff.md | 11_PRODUCTION_HANDOFF\render_validation.md | 11_PRODUCTION_HANDOFF\shader_handoff.md | 11_PRODUCTION_HANDOFF\texture_handoff.md | 11_PRODUCTION_HANDOFF\vfx_handoff.md | 12_REGISTRY\change_control.md | 12_REGISTRY\material_registry.md | 12_REGISTRY\material_variants.md | 12_REGISTRY\material_versions.md"
"SURFACE_BEHAVIOR\muddy.md","0","0","","EMPTY_OLD_FILE_REVIEW","04_SURFACE_STRUCTURE\surface_renderer_validation_register.csv","0","04_SURFACE_STRUCTURE\surface_renderer_test_matrix.md","0","04_SURFACE_STRUCTURE\surface_renderer_confirmation_note.md","0","05_BEHAVIOR\aging.md | 05_BEHAVIOR\damage.md | 05_BEHAVIOR\dust_dirt_mud.md | 05_BEHAVIOR\environmental_response.md | 05_BEHAVIOR\repair.md | 05_BEHAVIOR\water_wetting_absorption.md | 05_BEHAVIOR\wear.md | 05_BEHAVIOR\weathering.md | 06_STATES\condition_states.md | 06_STATES\material_state_model.md | 06_STATES\state_continuity.md | 06_STATES\state_transitions.md | 06_STATES\thermal_states.md | 06_STATES\wet_dry_states.md | 07_HISTORICAL_CANONICAL\canonical_material_usage.md | 07_HISTORICAL_CANONICAL\conflicts_uncertainty.md | 07_HISTORICAL_CANONICAL\historical_material_availability.md | 07_HISTORICAL_CANONICAL\material_evidence.md | 07_HISTORICAL_CANONICAL\traditional_indian_materials.md | 07_HISTORICAL_CANONICAL\traditional_manufacturing.md | 08_INTERACTION\animal_interaction.md | 08_INTERACTION\architecture_interaction.md | 08_INTERACTION\environment_interaction.md | 08_INTERACTION\human_interaction.md | 08_INTERACTION\prop_interaction.md | 09_AI_PRODUCTION\artifact_prevention.md | 09_AI_PRODUCTION\candidate_selection.md | 09_AI_PRODUCTION\material_generation_validation.md | 09_AI_PRODUCTION\material_prompting.md | 09_AI_PRODUCTION\negative_constraints.md | 09_AI_PRODUCTION\reference_strategy.md | 10_CONTINUITY_QA\approval_criteria.md | 10_CONTINUITY_QA\cross_episode_consistency.md | 10_CONTINUITY_QA\cross_scene_consistency.md | 10_CONTINUITY_QA\cross_shot_consistency.md | 10_CONTINUITY_QA\material_continuity.md | 10_CONTINUITY_QA\realism_qa.md | 10_CONTINUITY_QA\temporal_consistency.md | 11_PRODUCTION_HANDOFF\3d_handoff.md | 11_PRODUCTION_HANDOFF\lighting_handoff.md | 11_PRODUCTION_HANDOFF\physics_handoff.md | 11_PRODUCTION_HANDOFF\render_validation.md | 11_PRODUCTION_HANDOFF\shader_handoff.md | 11_PRODUCTION_HANDOFF\texture_handoff.md | 11_PRODUCTION_HANDOFF\vfx_handoff.md | 12_REGISTRY\change_control.md | 12_REGISTRY\material_registry.md | 12_REGISTRY\material_variants.md | 12_REGISTRY\material_versions.md"
"SURFACE_BEHAVIOR\oily.md","0","0","","EMPTY_OLD_FILE_REVIEW","04_SURFACE_STRUCTURE\surface_renderer_validation_register.csv","0","04_SURFACE_STRUCTURE\surface_renderer_test_matrix.md","0","04_SURFACE_STRUCTURE\surface_renderer_confirmation_note.md","0","05_BEHAVIOR\aging.md | 05_BEHAVIOR\damage.md | 05_BEHAVIOR\dust_dirt_mud.md | 05_BEHAVIOR\environmental_response.md | 05_BEHAVIOR\repair.md | 05_BEHAVIOR\water_wetting_absorption.md | 05_BEHAVIOR\wear.md | 05_BEHAVIOR\weathering.md | 06_STATES\condition_states.md | 06_STATES\material_state_model.md | 06_STATES\state_continuity.md | 06_STATES\state_transitions.md | 06_STATES\thermal_states.md | 06_STATES\wet_dry_states.md | 07_HISTORICAL_CANONICAL\canonical_material_usage.md | 07_HISTORICAL_CANONICAL\conflicts_uncertainty.md | 07_HISTORICAL_CANONICAL\historical_material_availability.md | 07_HISTORICAL_CANONICAL\material_evidence.md | 07_HISTORICAL_CANONICAL\traditional_indian_materials.md | 07_HISTORICAL_CANONICAL\traditional_manufacturing.md | 08_INTERACTION\animal_interaction.md | 08_INTERACTION\architecture_interaction.md | 08_INTERACTION\environment_interaction.md | 08_INTERACTION\human_interaction.md | 08_INTERACTION\prop_interaction.md | 09_AI_PRODUCTION\artifact_prevention.md | 09_AI_PRODUCTION\candidate_selection.md | 09_AI_PRODUCTION\material_generation_validation.md | 09_AI_PRODUCTION\material_prompting.md | 09_AI_PRODUCTION\negative_constraints.md | 09_AI_PRODUCTION\reference_strategy.md | 10_CONTINUITY_QA\approval_criteria.md | 10_CONTINUITY_QA\cross_episode_consistency.md | 10_CONTINUITY_QA\cross_scene_consistency.md | 10_CONTINUITY_QA\cross_shot_consistency.md | 10_CONTINUITY_QA\material_continuity.md | 10_CONTINUITY_QA\realism_qa.md | 10_CONTINUITY_QA\temporal_consistency.md | 11_PRODUCTION_HANDOFF\3d_handoff.md | 11_PRODUCTION_HANDOFF\lighting_handoff.md | 11_PRODUCTION_HANDOFF\physics_handoff.md | 11_PRODUCTION_HANDOFF\render_validation.md | 11_PRODUCTION_HANDOFF\shader_handoff.md | 11_PRODUCTION_HANDOFF\texture_handoff.md | 11_PRODUCTION_HANDOFF\vfx_handoff.md | 12_REGISTRY\change_control.md | 12_REGISTRY\material_registry.md | 12_REGISTRY\material_variants.md | 12_REGISTRY\material_versions.md"
"SURFACE_BEHAVIOR\polished.md","0","0","","EMPTY_OLD_FILE_REVIEW","04_SURFACE_STRUCTURE\surface_renderer_validation_register.csv","0","04_SURFACE_STRUCTURE\surface_renderer_test_matrix.md","0","04_SURFACE_STRUCTURE\surface_renderer_confirmation_note.md","0","05_BEHAVIOR\aging.md | 05_BEHAVIOR\damage.md | 05_BEHAVIOR\dust_dirt_mud.md | 05_BEHAVIOR\environmental_response.md | 05_BEHAVIOR\repair.md | 05_BEHAVIOR\water_wetting_absorption.md | 05_BEHAVIOR\wear.md | 05_BEHAVIOR\weathering.md | 06_STATES\condition_states.md | 06_STATES\material_state_model.md | 06_STATES\state_continuity.md | 06_STATES\state_transitions.md | 06_STATES\thermal_states.md | 06_STATES\wet_dry_states.md | 07_HISTORICAL_CANONICAL\canonical_material_usage.md | 07_HISTORICAL_CANONICAL\conflicts_uncertainty.md | 07_HISTORICAL_CANONICAL\historical_material_availability.md | 07_HISTORICAL_CANONICAL\material_evidence.md | 07_HISTORICAL_CANONICAL\traditional_indian_materials.md | 07_HISTORICAL_CANONICAL\traditional_manufacturing.md | 08_INTERACTION\animal_interaction.md | 08_INTERACTION\architecture_interaction.md | 08_INTERACTION\environment_interaction.md | 08_INTERACTION\human_interaction.md | 08_INTERACTION\prop_interaction.md | 09_AI_PRODUCTION\artifact_prevention.md | 09_AI_PRODUCTION\candidate_selection.md | 09_AI_PRODUCTION\material_generation_validation.md | 09_AI_PRODUCTION\material_prompting.md | 09_AI_PRODUCTION\negative_constraints.md | 09_AI_PRODUCTION\reference_strategy.md | 10_CONTINUITY_QA\approval_criteria.md | 10_CONTINUITY_QA\cross_episode_consistency.md | 10_CONTINUITY_QA\cross_scene_consistency.md | 10_CONTINUITY_QA\cross_shot_consistency.md | 10_CONTINUITY_QA\material_continuity.md | 10_CONTINUITY_QA\realism_qa.md | 10_CONTINUITY_QA\temporal_consistency.md | 11_PRODUCTION_HANDOFF\3d_handoff.md | 11_PRODUCTION_HANDOFF\lighting_handoff.md | 11_PRODUCTION_HANDOFF\physics_handoff.md | 11_PRODUCTION_HANDOFF\render_validation.md | 11_PRODUCTION_HANDOFF\shader_handoff.md | 11_PRODUCTION_HANDOFF\texture_handoff.md | 11_PRODUCTION_HANDOFF\vfx_handoff.md | 12_REGISTRY\change_control.md | 12_REGISTRY\material_registry.md | 12_REGISTRY\material_variants.md | 12_REGISTRY\material_versions.md"
"SURFACE_BEHAVIOR\residue.md","0","0","","EMPTY_OLD_FILE_REVIEW","04_SURFACE_STRUCTURE\surface_renderer_validation_register.csv","0","04_SURFACE_STRUCTURE\surface_renderer_test_matrix.md","0","04_SURFACE_STRUCTURE\surface_renderer_confirmation_note.md","0","05_BEHAVIOR\aging.md | 05_BEHAVIOR\damage.md | 05_BEHAVIOR\dust_dirt_mud.md | 05_BEHAVIOR\environmental_response.md | 05_BEHAVIOR\repair.md | 05_BEHAVIOR\water_wetting_absorption.md | 05_BEHAVIOR\wear.md | 05_BEHAVIOR\weathering.md | 06_STATES\condition_states.md | 06_STATES\material_state_model.md | 06_STATES\state_continuity.md | 06_STATES\state_transitions.md | 06_STATES\thermal_states.md | 06_STATES\wet_dry_states.md | 07_HISTORICAL_CANONICAL\canonical_material_usage.md | 07_HISTORICAL_CANONICAL\conflicts_uncertainty.md | 07_HISTORICAL_CANONICAL\historical_material_availability.md | 07_HISTORICAL_CANONICAL\material_evidence.md | 07_HISTORICAL_CANONICAL\traditional_indian_materials.md | 07_HISTORICAL_CANONICAL\traditional_manufacturing.md | 08_INTERACTION\animal_interaction.md | 08_INTERACTION\architecture_interaction.md | 08_INTERACTION\environment_interaction.md | 08_INTERACTION\human_interaction.md | 08_INTERACTION\prop_interaction.md | 09_AI_PRODUCTION\artifact_prevention.md | 09_AI_PRODUCTION\candidate_selection.md | 09_AI_PRODUCTION\material_generation_validation.md | 09_AI_PRODUCTION\material_prompting.md | 09_AI_PRODUCTION\negative_constraints.md | 09_AI_PRODUCTION\reference_strategy.md | 10_CONTINUITY_QA\approval_criteria.md | 10_CONTINUITY_QA\cross_episode_consistency.md | 10_CONTINUITY_QA\cross_scene_consistency.md | 10_CONTINUITY_QA\cross_shot_consistency.md | 10_CONTINUITY_QA\material_continuity.md | 10_CONTINUITY_QA\realism_qa.md | 10_CONTINUITY_QA\temporal_consistency.md | 11_PRODUCTION_HANDOFF\3d_handoff.md | 11_PRODUCTION_HANDOFF\lighting_handoff.md | 11_PRODUCTION_HANDOFF\physics_handoff.md | 11_PRODUCTION_HANDOFF\render_validation.md | 11_PRODUCTION_HANDOFF\shader_handoff.md | 11_PRODUCTION_HANDOFF\texture_handoff.md | 11_PRODUCTION_HANDOFF\vfx_handoff.md | 12_REGISTRY\change_control.md | 12_REGISTRY\material_registry.md | 12_REGISTRY\material_variants.md | 12_REGISTRY\material_versions.md"
"SURFACE_BEHAVIOR\rough.md","0","0","","EMPTY_OLD_FILE_REVIEW","04_SURFACE_STRUCTURE\surface_renderer_validation_register.csv","0","04_SURFACE_STRUCTURE\surface_renderer_test_matrix.md","0","04_SURFACE_STRUCTURE\surface_renderer_confirmation_note.md","0","05_BEHAVIOR\aging.md | 05_BEHAVIOR\damage.md | 05_BEHAVIOR\dust_dirt_mud.md | 05_BEHAVIOR\environmental_response.md | 05_BEHAVIOR\repair.md | 05_BEHAVIOR\water_wetting_absorption.md | 05_BEHAVIOR\wear.md | 05_BEHAVIOR\weathering.md | 06_STATES\condition_states.md | 06_STATES\material_state_model.md | 06_STATES\state_continuity.md | 06_STATES\state_transitions.md | 06_STATES\thermal_states.md | 06_STATES\wet_dry_states.md | 07_HISTORICAL_CANONICAL\canonical_material_usage.md | 07_HISTORICAL_CANONICAL\conflicts_uncertainty.md | 07_HISTORICAL_CANONICAL\historical_material_availability.md | 07_HISTORICAL_CANONICAL\material_evidence.md | 07_HISTORICAL_CANONICAL\traditional_indian_materials.md | 07_HISTORICAL_CANONICAL\traditional_manufacturing.md | 08_INTERACTION\animal_interaction.md | 08_INTERACTION\architecture_interaction.md | 08_INTERACTION\environment_interaction.md | 08_INTERACTION\human_interaction.md | 08_INTERACTION\prop_interaction.md | 09_AI_PRODUCTION\artifact_prevention.md | 09_AI_PRODUCTION\candidate_selection.md | 09_AI_PRODUCTION\material_generation_validation.md | 09_AI_PRODUCTION\material_prompting.md | 09_AI_PRODUCTION\negative_constraints.md | 09_AI_PRODUCTION\reference_strategy.md | 10_CONTINUITY_QA\approval_criteria.md | 10_CONTINUITY_QA\cross_episode_consistency.md | 10_CONTINUITY_QA\cross_scene_consistency.md | 10_CONTINUITY_QA\cross_shot_consistency.md | 10_CONTINUITY_QA\material_continuity.md | 10_CONTINUITY_QA\realism_qa.md | 10_CONTINUITY_QA\temporal_consistency.md | 11_PRODUCTION_HANDOFF\3d_handoff.md | 11_PRODUCTION_HANDOFF\lighting_handoff.md | 11_PRODUCTION_HANDOFF\physics_handoff.md | 11_PRODUCTION_HANDOFF\render_validation.md | 11_PRODUCTION_HANDOFF\shader_handoff.md | 11_PRODUCTION_HANDOFF\texture_handoff.md | 11_PRODUCTION_HANDOFF\vfx_handoff.md | 12_REGISTRY\change_control.md | 12_REGISTRY\material_registry.md | 12_REGISTRY\material_variants.md | 12_REGISTRY\material_versions.md"
"SURFACE_BEHAVIOR\scratched.md","0","0","","EMPTY_OLD_FILE_REVIEW","04_SURFACE_STRUCTURE\surface_renderer_validation_register.csv","0","04_SURFACE_STRUCTURE\surface_renderer_test_matrix.md","0","04_SURFACE_STRUCTURE\surface_renderer_confirmation_note.md","0","05_BEHAVIOR\aging.md | 05_BEHAVIOR\damage.md | 05_BEHAVIOR\dust_dirt_mud.md | 05_BEHAVIOR\environmental_response.md | 05_BEHAVIOR\repair.md | 05_BEHAVIOR\water_wetting_absorption.md | 05_BEHAVIOR\wear.md | 05_BEHAVIOR\weathering.md | 06_STATES\condition_states.md | 06_STATES\material_state_model.md | 06_STATES\state_continuity.md | 06_STATES\state_transitions.md | 06_STATES\thermal_states.md | 06_STATES\wet_dry_states.md | 07_HISTORICAL_CANONICAL\canonical_material_usage.md | 07_HISTORICAL_CANONICAL\conflicts_uncertainty.md | 07_HISTORICAL_CANONICAL\historical_material_availability.md | 07_HISTORICAL_CANONICAL\material_evidence.md | 07_HISTORICAL_CANONICAL\traditional_indian_materials.md | 07_HISTORICAL_CANONICAL\traditional_manufacturing.md | 08_INTERACTION\animal_interaction.md | 08_INTERACTION\architecture_interaction.md | 08_INTERACTION\environment_interaction.md | 08_INTERACTION\human_interaction.md | 08_INTERACTION\prop_interaction.md | 09_AI_PRODUCTION\artifact_prevention.md | 09_AI_PRODUCTION\candidate_selection.md | 09_AI_PRODUCTION\material_generation_validation.md | 09_AI_PRODUCTION\material_prompting.md | 09_AI_PRODUCTION\negative_constraints.md | 09_AI_PRODUCTION\reference_strategy.md | 10_CONTINUITY_QA\approval_criteria.md | 10_CONTINUITY_QA\cross_episode_consistency.md | 10_CONTINUITY_QA\cross_scene_consistency.md | 10_CONTINUITY_QA\cross_shot_consistency.md | 10_CONTINUITY_QA\material_continuity.md | 10_CONTINUITY_QA\realism_qa.md | 10_CONTINUITY_QA\temporal_consistency.md | 11_PRODUCTION_HANDOFF\3d_handoff.md | 11_PRODUCTION_HANDOFF\lighting_handoff.md | 11_PRODUCTION_HANDOFF\physics_handoff.md | 11_PRODUCTION_HANDOFF\render_validation.md | 11_PRODUCTION_HANDOFF\shader_handoff.md | 11_PRODUCTION_HANDOFF\texture_handoff.md | 11_PRODUCTION_HANDOFF\vfx_handoff.md | 12_REGISTRY\change_control.md | 12_REGISTRY\material_registry.md | 12_REGISTRY\material_variants.md | 12_REGISTRY\material_versions.md"
"SURFACE_BEHAVIOR\soot.md","0","0","","EMPTY_OLD_FILE_REVIEW","04_SURFACE_STRUCTURE\surface_renderer_validation_register.csv","0","04_SURFACE_STRUCTURE\surface_renderer_test_matrix.md","0","04_SURFACE_STRUCTURE\surface_renderer_confirmation_note.md","0","05_BEHAVIOR\aging.md | 05_BEHAVIOR\damage.md | 05_BEHAVIOR\dust_dirt_mud.md | 05_BEHAVIOR\environmental_response.md | 05_BEHAVIOR\repair.md | 05_BEHAVIOR\water_wetting_absorption.md | 05_BEHAVIOR\wear.md | 05_BEHAVIOR\weathering.md | 06_STATES\condition_states.md | 06_STATES\material_state_model.md | 06_STATES\state_continuity.md | 06_STATES\state_transitions.md | 06_STATES\thermal_states.md | 06_STATES\wet_dry_states.md | 07_HISTORICAL_CANONICAL\canonical_material_usage.md | 07_HISTORICAL_CANONICAL\conflicts_uncertainty.md | 07_HISTORICAL_CANONICAL\historical_material_availability.md | 07_HISTORICAL_CANONICAL\material_evidence.md | 07_HISTORICAL_CANONICAL\traditional_indian_materials.md | 07_HISTORICAL_CANONICAL\traditional_manufacturing.md | 08_INTERACTION\animal_interaction.md | 08_INTERACTION\architecture_interaction.md | 08_INTERACTION\environment_interaction.md | 08_INTERACTION\human_interaction.md | 08_INTERACTION\prop_interaction.md | 09_AI_PRODUCTION\artifact_prevention.md | 09_AI_PRODUCTION\candidate_selection.md | 09_AI_PRODUCTION\material_generation_validation.md | 09_AI_PRODUCTION\material_prompting.md | 09_AI_PRODUCTION\negative_constraints.md | 09_AI_PRODUCTION\reference_strategy.md | 10_CONTINUITY_QA\approval_criteria.md | 10_CONTINUITY_QA\cross_episode_consistency.md | 10_CONTINUITY_QA\cross_scene_consistency.md | 10_CONTINUITY_QA\cross_shot_consistency.md | 10_CONTINUITY_QA\material_continuity.md | 10_CONTINUITY_QA\realism_qa.md | 10_CONTINUITY_QA\temporal_consistency.md | 11_PRODUCTION_HANDOFF\3d_handoff.md | 11_PRODUCTION_HANDOFF\lighting_handoff.md | 11_PRODUCTION_HANDOFF\physics_handoff.md | 11_PRODUCTION_HANDOFF\render_validation.md | 11_PRODUCTION_HANDOFF\shader_handoff.md | 11_PRODUCTION_HANDOFF\texture_handoff.md | 11_PRODUCTION_HANDOFF\vfx_handoff.md | 12_REGISTRY\change_control.md | 12_REGISTRY\material_registry.md | 12_REGISTRY\material_variants.md | 12_REGISTRY\material_versions.md"
"SURFACE_BEHAVIOR\stained.md","0","0","","EMPTY_OLD_FILE_REVIEW","04_SURFACE_STRUCTURE\surface_renderer_validation_register.csv","0","04_SURFACE_STRUCTURE\surface_renderer_test_matrix.md","0","04_SURFACE_STRUCTURE\surface_renderer_confirmation_note.md","0","05_BEHAVIOR\aging.md | 05_BEHAVIOR\damage.md | 05_BEHAVIOR\dust_dirt_mud.md | 05_BEHAVIOR\environmental_response.md | 05_BEHAVIOR\repair.md | 05_BEHAVIOR\water_wetting_absorption.md | 05_BEHAVIOR\wear.md | 05_BEHAVIOR\weathering.md | 06_STATES\condition_states.md | 06_STATES\material_state_model.md | 06_STATES\state_continuity.md | 06_STATES\state_transitions.md | 06_STATES\thermal_states.md | 06_STATES\wet_dry_states.md | 07_HISTORICAL_CANONICAL\canonical_material_usage.md | 07_HISTORICAL_CANONICAL\conflicts_uncertainty.md | 07_HISTORICAL_CANONICAL\historical_material_availability.md | 07_HISTORICAL_CANONICAL\material_evidence.md | 07_HISTORICAL_CANONICAL\traditional_indian_materials.md | 07_HISTORICAL_CANONICAL\traditional_manufacturing.md | 08_INTERACTION\animal_interaction.md | 08_INTERACTION\architecture_interaction.md | 08_INTERACTION\environment_interaction.md | 08_INTERACTION\human_interaction.md | 08_INTERACTION\prop_interaction.md | 09_AI_PRODUCTION\artifact_prevention.md | 09_AI_PRODUCTION\candidate_selection.md | 09_AI_PRODUCTION\material_generation_validation.md | 09_AI_PRODUCTION\material_prompting.md | 09_AI_PRODUCTION\negative_constraints.md | 09_AI_PRODUCTION\reference_strategy.md | 10_CONTINUITY_QA\approval_criteria.md | 10_CONTINUITY_QA\cross_episode_consistency.md | 10_CONTINUITY_QA\cross_scene_consistency.md | 10_CONTINUITY_QA\cross_shot_consistency.md | 10_CONTINUITY_QA\material_continuity.md | 10_CONTINUITY_QA\realism_qa.md | 10_CONTINUITY_QA\temporal_consistency.md | 11_PRODUCTION_HANDOFF\3d_handoff.md | 11_PRODUCTION_HANDOFF\lighting_handoff.md | 11_PRODUCTION_HANDOFF\physics_handoff.md | 11_PRODUCTION_HANDOFF\render_validation.md | 11_PRODUCTION_HANDOFF\shader_handoff.md | 11_PRODUCTION_HANDOFF\texture_handoff.md | 11_PRODUCTION_HANDOFF\vfx_handoff.md | 12_REGISTRY\change_control.md | 12_REGISTRY\material_registry.md | 12_REGISTRY\material_variants.md | 12_REGISTRY\material_versions.md"
"SURFACE_BEHAVIOR\wet.md","0","0","","EMPTY_OLD_FILE_REVIEW","04_SURFACE_STRUCTURE\surface_renderer_validation_register.csv","0","04_SURFACE_STRUCTURE\surface_renderer_test_matrix.md","0","04_SURFACE_STRUCTURE\surface_renderer_confirmation_note.md","0","05_BEHAVIOR\aging.md | 05_BEHAVIOR\damage.md | 05_BEHAVIOR\dust_dirt_mud.md | 05_BEHAVIOR\environmental_response.md | 05_BEHAVIOR\repair.md | 05_BEHAVIOR\water_wetting_absorption.md | 05_BEHAVIOR\wear.md | 05_BEHAVIOR\weathering.md | 06_STATES\condition_states.md | 06_STATES\material_state_model.md | 06_STATES\state_continuity.md | 06_STATES\state_transitions.md | 06_STATES\thermal_states.md | 06_STATES\wet_dry_states.md | 07_HISTORICAL_CANONICAL\canonical_material_usage.md | 07_HISTORICAL_CANONICAL\conflicts_uncertainty.md | 07_HISTORICAL_CANONICAL\historical_material_availability.md | 07_HISTORICAL_CANONICAL\material_evidence.md | 07_HISTORICAL_CANONICAL\traditional_indian_materials.md | 07_HISTORICAL_CANONICAL\traditional_manufacturing.md | 08_INTERACTION\animal_interaction.md | 08_INTERACTION\architecture_interaction.md | 08_INTERACTION\environment_interaction.md | 08_INTERACTION\human_interaction.md | 08_INTERACTION\prop_interaction.md | 09_AI_PRODUCTION\artifact_prevention.md | 09_AI_PRODUCTION\candidate_selection.md | 09_AI_PRODUCTION\material_generation_validation.md | 09_AI_PRODUCTION\material_prompting.md | 09_AI_PRODUCTION\negative_constraints.md | 09_AI_PRODUCTION\reference_strategy.md | 10_CONTINUITY_QA\approval_criteria.md | 10_CONTINUITY_QA\cross_episode_consistency.md | 10_CONTINUITY_QA\cross_scene_consistency.md | 10_CONTINUITY_QA\cross_shot_consistency.md | 10_CONTINUITY_QA\material_continuity.md | 10_CONTINUITY_QA\realism_qa.md | 10_CONTINUITY_QA\temporal_consistency.md | 11_PRODUCTION_HANDOFF\3d_handoff.md | 11_PRODUCTION_HANDOFF\lighting_handoff.md | 11_PRODUCTION_HANDOFF\physics_handoff.md | 11_PRODUCTION_HANDOFF\render_validation.md | 11_PRODUCTION_HANDOFF\shader_handoff.md | 11_PRODUCTION_HANDOFF\texture_handoff.md | 11_PRODUCTION_HANDOFF\vfx_handoff.md | 12_REGISTRY\change_control.md | 12_REGISTRY\material_registry.md | 12_REGISTRY\material_variants.md | 12_REGISTRY\material_versions.md"
"SURFACE_BEHAVIOR\worn.md","0","0","","EMPTY_OLD_FILE_REVIEW","04_SURFACE_STRUCTURE\surface_renderer_validation_register.csv","0","04_SURFACE_STRUCTURE\surface_renderer_test_matrix.md","0","04_SURFACE_STRUCTURE\surface_renderer_confirmation_note.md","0","05_BEHAVIOR\aging.md | 05_BEHAVIOR\damage.md | 05_BEHAVIOR\dust_dirt_mud.md | 05_BEHAVIOR\environmental_response.md | 05_BEHAVIOR\repair.md | 05_BEHAVIOR\water_wetting_absorption.md | 05_BEHAVIOR\wear.md | 05_BEHAVIOR\weathering.md | 06_STATES\condition_states.md | 06_STATES\material_state_model.md | 06_STATES\state_continuity.md | 06_STATES\state_transitions.md | 06_STATES\thermal_states.md | 06_STATES\wet_dry_states.md | 07_HISTORICAL_CANONICAL\canonical_material_usage.md | 07_HISTORICAL_CANONICAL\conflicts_uncertainty.md | 07_HISTORICAL_CANONICAL\historical_material_availability.md | 07_HISTORICAL_CANONICAL\material_evidence.md | 07_HISTORICAL_CANONICAL\traditional_indian_materials.md | 07_HISTORICAL_CANONICAL\traditional_manufacturing.md | 08_INTERACTION\animal_interaction.md | 08_INTERACTION\architecture_interaction.md | 08_INTERACTION\environment_interaction.md | 08_INTERACTION\human_interaction.md | 08_INTERACTION\prop_interaction.md | 09_AI_PRODUCTION\artifact_prevention.md | 09_AI_PRODUCTION\candidate_selection.md | 09_AI_PRODUCTION\material_generation_validation.md | 09_AI_PRODUCTION\material_prompting.md | 09_AI_PRODUCTION\negative_constraints.md | 09_AI_PRODUCTION\reference_strategy.md | 10_CONTINUITY_QA\approval_criteria.md | 10_CONTINUITY_QA\cross_episode_consistency.md | 10_CONTINUITY_QA\cross_scene_consistency.md | 10_CONTINUITY_QA\cross_shot_consistency.md | 10_CONTINUITY_QA\material_continuity.md | 10_CONTINUITY_QA\realism_qa.md | 10_CONTINUITY_QA\temporal_consistency.md | 11_PRODUCTION_HANDOFF\3d_handoff.md | 11_PRODUCTION_HANDOFF\lighting_handoff.md | 11_PRODUCTION_HANDOFF\physics_handoff.md | 11_PRODUCTION_HANDOFF\render_validation.md | 11_PRODUCTION_HANDOFF\shader_handoff.md | 11_PRODUCTION_HANDOFF\texture_handoff.md | 11_PRODUCTION_HANDOFF\vfx_handoff.md | 12_REGISTRY\change_control.md | 12_REGISTRY\material_registry.md | 12_REGISTRY\material_variants.md | 12_REGISTRY\material_versions.md"
"TEXTILES_AND_FIBERS\cotton.md","0","0","","EMPTY_OLD_FILE_REVIEW","04_SURFACE_STRUCTURE\surface_renderer_validation_register.csv","0","04_SURFACE_STRUCTURE\surface_renderer_test_matrix.md","0","04_SURFACE_STRUCTURE\surface_renderer_confirmation_note.md","0","05_BEHAVIOR\aging.md | 05_BEHAVIOR\damage.md | 05_BEHAVIOR\dust_dirt_mud.md | 05_BEHAVIOR\environmental_response.md | 05_BEHAVIOR\repair.md | 05_BEHAVIOR\water_wetting_absorption.md | 05_BEHAVIOR\wear.md | 05_BEHAVIOR\weathering.md | 06_STATES\condition_states.md | 06_STATES\material_state_model.md | 06_STATES\state_continuity.md | 06_STATES\state_transitions.md | 06_STATES\thermal_states.md | 06_STATES\wet_dry_states.md | 07_HISTORICAL_CANONICAL\canonical_material_usage.md | 07_HISTORICAL_CANONICAL\conflicts_uncertainty.md | 07_HISTORICAL_CANONICAL\historical_material_availability.md | 07_HISTORICAL_CANONICAL\material_evidence.md | 07_HISTORICAL_CANONICAL\traditional_indian_materials.md | 07_HISTORICAL_CANONICAL\traditional_manufacturing.md | 08_INTERACTION\animal_interaction.md | 08_INTERACTION\architecture_interaction.md | 08_INTERACTION\environment_interaction.md | 08_INTERACTION\human_interaction.md | 08_INTERACTION\prop_interaction.md | 09_AI_PRODUCTION\artifact_prevention.md | 09_AI_PRODUCTION\candidate_selection.md | 09_AI_PRODUCTION\material_generation_validation.md | 09_AI_PRODUCTION\material_prompting.md | 09_AI_PRODUCTION\negative_constraints.md | 09_AI_PRODUCTION\reference_strategy.md | 10_CONTINUITY_QA\approval_criteria.md | 10_CONTINUITY_QA\cross_episode_consistency.md | 10_CONTINUITY_QA\cross_scene_consistency.md | 10_CONTINUITY_QA\cross_shot_consistency.md | 10_CONTINUITY_QA\material_continuity.md | 10_CONTINUITY_QA\realism_qa.md | 10_CONTINUITY_QA\temporal_consistency.md | 11_PRODUCTION_HANDOFF\3d_handoff.md | 11_PRODUCTION_HANDOFF\lighting_handoff.md | 11_PRODUCTION_HANDOFF\physics_handoff.md | 11_PRODUCTION_HANDOFF\render_validation.md | 11_PRODUCTION_HANDOFF\shader_handoff.md | 11_PRODUCTION_HANDOFF\texture_handoff.md | 11_PRODUCTION_HANDOFF\vfx_handoff.md | 12_REGISTRY\change_control.md | 12_REGISTRY\material_registry.md | 12_REGISTRY\material_variants.md | 12_REGISTRY\material_versions.md"
"TEXTILES_AND_FIBERS\embroidery_materials.md","0","0","","EMPTY_OLD_FILE_REVIEW","04_SURFACE_STRUCTURE\surface_renderer_validation_register.csv","0","04_SURFACE_STRUCTURE\surface_renderer_test_matrix.md","0","04_SURFACE_STRUCTURE\surface_renderer_confirmation_note.md","0","05_BEHAVIOR\aging.md | 05_BEHAVIOR\damage.md | 05_BEHAVIOR\dust_dirt_mud.md | 05_BEHAVIOR\environmental_response.md | 05_BEHAVIOR\repair.md | 05_BEHAVIOR\water_wetting_absorption.md | 05_BEHAVIOR\wear.md | 05_BEHAVIOR\weathering.md | 06_STATES\condition_states.md | 06_STATES\material_state_model.md | 06_STATES\state_continuity.md | 06_STATES\state_transitions.md | 06_STATES\thermal_states.md | 06_STATES\wet_dry_states.md | 07_HISTORICAL_CANONICAL\canonical_material_usage.md | 07_HISTORICAL_CANONICAL\conflicts_uncertainty.md | 07_HISTORICAL_CANONICAL\historical_material_availability.md | 07_HISTORICAL_CANONICAL\material_evidence.md | 07_HISTORICAL_CANONICAL\traditional_indian_materials.md | 07_HISTORICAL_CANONICAL\traditional_manufacturing.md | 08_INTERACTION\animal_interaction.md | 08_INTERACTION\architecture_interaction.md | 08_INTERACTION\environment_interaction.md | 08_INTERACTION\human_interaction.md | 08_INTERACTION\prop_interaction.md | 09_AI_PRODUCTION\artifact_prevention.md | 09_AI_PRODUCTION\candidate_selection.md | 09_AI_PRODUCTION\material_generation_validation.md | 09_AI_PRODUCTION\material_prompting.md | 09_AI_PRODUCTION\negative_constraints.md | 09_AI_PRODUCTION\reference_strategy.md | 10_CONTINUITY_QA\approval_criteria.md | 10_CONTINUITY_QA\cross_episode_consistency.md | 10_CONTINUITY_QA\cross_scene_consistency.md | 10_CONTINUITY_QA\cross_shot_consistency.md | 10_CONTINUITY_QA\material_continuity.md | 10_CONTINUITY_QA\realism_qa.md | 10_CONTINUITY_QA\temporal_consistency.md | 11_PRODUCTION_HANDOFF\3d_handoff.md | 11_PRODUCTION_HANDOFF\lighting_handoff.md | 11_PRODUCTION_HANDOFF\physics_handoff.md | 11_PRODUCTION_HANDOFF\render_validation.md | 11_PRODUCTION_HANDOFF\shader_handoff.md | 11_PRODUCTION_HANDOFF\texture_handoff.md | 11_PRODUCTION_HANDOFF\vfx_handoff.md | 12_REGISTRY\change_control.md | 12_REGISTRY\material_registry.md | 12_REGISTRY\material_variants.md | 12_REGISTRY\material_versions.md"
"TEXTILES_AND_FIBERS\hemp.md","0","0","","EMPTY_OLD_FILE_REVIEW","04_SURFACE_STRUCTURE\surface_renderer_validation_register.csv","0","04_SURFACE_STRUCTURE\surface_renderer_test_matrix.md","0","04_SURFACE_STRUCTURE\surface_renderer_confirmation_note.md","0","05_BEHAVIOR\aging.md | 05_BEHAVIOR\damage.md | 05_BEHAVIOR\dust_dirt_mud.md | 05_BEHAVIOR\environmental_response.md | 05_BEHAVIOR\repair.md | 05_BEHAVIOR\water_wetting_absorption.md | 05_BEHAVIOR\wear.md | 05_BEHAVIOR\weathering.md | 06_STATES\condition_states.md | 06_STATES\material_state_model.md | 06_STATES\state_continuity.md | 06_STATES\state_transitions.md | 06_STATES\thermal_states.md | 06_STATES\wet_dry_states.md | 07_HISTORICAL_CANONICAL\canonical_material_usage.md | 07_HISTORICAL_CANONICAL\conflicts_uncertainty.md | 07_HISTORICAL_CANONICAL\historical_material_availability.md | 07_HISTORICAL_CANONICAL\material_evidence.md | 07_HISTORICAL_CANONICAL\traditional_indian_materials.md | 07_HISTORICAL_CANONICAL\traditional_manufacturing.md | 08_INTERACTION\animal_interaction.md | 08_INTERACTION\architecture_interaction.md | 08_INTERACTION\environment_interaction.md | 08_INTERACTION\human_interaction.md | 08_INTERACTION\prop_interaction.md | 09_AI_PRODUCTION\artifact_prevention.md | 09_AI_PRODUCTION\candidate_selection.md | 09_AI_PRODUCTION\material_generation_validation.md | 09_AI_PRODUCTION\material_prompting.md | 09_AI_PRODUCTION\negative_constraints.md | 09_AI_PRODUCTION\reference_strategy.md | 10_CONTINUITY_QA\approval_criteria.md | 10_CONTINUITY_QA\cross_episode_consistency.md | 10_CONTINUITY_QA\cross_scene_consistency.md | 10_CONTINUITY_QA\cross_shot_consistency.md | 10_CONTINUITY_QA\material_continuity.md | 10_CONTINUITY_QA\realism_qa.md | 10_CONTINUITY_QA\temporal_consistency.md | 11_PRODUCTION_HANDOFF\3d_handoff.md | 11_PRODUCTION_HANDOFF\lighting_handoff.md | 11_PRODUCTION_HANDOFF\physics_handoff.md | 11_PRODUCTION_HANDOFF\render_validation.md | 11_PRODUCTION_HANDOFF\shader_handoff.md | 11_PRODUCTION_HANDOFF\texture_handoff.md | 11_PRODUCTION_HANDOFF\vfx_handoff.md | 12_REGISTRY\change_control.md | 12_REGISTRY\material_registry.md | 12_REGISTRY\material_variants.md | 12_REGISTRY\material_versions.md"
"TEXTILES_AND_FIBERS\jute.md","0","0","","EMPTY_OLD_FILE_REVIEW","04_SURFACE_STRUCTURE\surface_renderer_validation_register.csv","0","04_SURFACE_STRUCTURE\surface_renderer_test_matrix.md","0","04_SURFACE_STRUCTURE\surface_renderer_confirmation_note.md","0","05_BEHAVIOR\aging.md | 05_BEHAVIOR\damage.md | 05_BEHAVIOR\dust_dirt_mud.md | 05_BEHAVIOR\environmental_response.md | 05_BEHAVIOR\repair.md | 05_BEHAVIOR\water_wetting_absorption.md | 05_BEHAVIOR\wear.md | 05_BEHAVIOR\weathering.md | 06_STATES\condition_states.md | 06_STATES\material_state_model.md | 06_STATES\state_continuity.md | 06_STATES\state_transitions.md | 06_STATES\thermal_states.md | 06_STATES\wet_dry_states.md | 07_HISTORICAL_CANONICAL\canonical_material_usage.md | 07_HISTORICAL_CANONICAL\conflicts_uncertainty.md | 07_HISTORICAL_CANONICAL\historical_material_availability.md | 07_HISTORICAL_CANONICAL\material_evidence.md | 07_HISTORICAL_CANONICAL\traditional_indian_materials.md | 07_HISTORICAL_CANONICAL\traditional_manufacturing.md | 08_INTERACTION\animal_interaction.md | 08_INTERACTION\architecture_interaction.md | 08_INTERACTION\environment_interaction.md | 08_INTERACTION\human_interaction.md | 08_INTERACTION\prop_interaction.md | 09_AI_PRODUCTION\artifact_prevention.md | 09_AI_PRODUCTION\candidate_selection.md | 09_AI_PRODUCTION\material_generation_validation.md | 09_AI_PRODUCTION\material_prompting.md | 09_AI_PRODUCTION\negative_constraints.md | 09_AI_PRODUCTION\reference_strategy.md | 10_CONTINUITY_QA\approval_criteria.md | 10_CONTINUITY_QA\cross_episode_consistency.md | 10_CONTINUITY_QA\cross_scene_consistency.md | 10_CONTINUITY_QA\cross_shot_consistency.md | 10_CONTINUITY_QA\material_continuity.md | 10_CONTINUITY_QA\realism_qa.md | 10_CONTINUITY_QA\temporal_consistency.md | 11_PRODUCTION_HANDOFF\3d_handoff.md | 11_PRODUCTION_HANDOFF\lighting_handoff.md | 11_PRODUCTION_HANDOFF\physics_handoff.md | 11_PRODUCTION_HANDOFF\render_validation.md | 11_PRODUCTION_HANDOFF\shader_handoff.md | 11_PRODUCTION_HANDOFF\texture_handoff.md | 11_PRODUCTION_HANDOFF\vfx_handoff.md | 12_REGISTRY\change_control.md | 12_REGISTRY\material_registry.md | 12_REGISTRY\material_variants.md | 12_REGISTRY\material_versions.md"
"TEXTILES_AND_FIBERS\knitted_structure.md","0","0","","EMPTY_OLD_FILE_REVIEW","04_SURFACE_STRUCTURE\surface_renderer_validation_register.csv","0","04_SURFACE_STRUCTURE\surface_renderer_test_matrix.md","0","04_SURFACE_STRUCTURE\surface_renderer_confirmation_note.md","0","05_BEHAVIOR\aging.md | 05_BEHAVIOR\damage.md | 05_BEHAVIOR\dust_dirt_mud.md | 05_BEHAVIOR\environmental_response.md | 05_BEHAVIOR\repair.md | 05_BEHAVIOR\water_wetting_absorption.md | 05_BEHAVIOR\wear.md | 05_BEHAVIOR\weathering.md | 06_STATES\condition_states.md | 06_STATES\material_state_model.md | 06_STATES\state_continuity.md | 06_STATES\state_transitions.md | 06_STATES\thermal_states.md | 06_STATES\wet_dry_states.md | 07_HISTORICAL_CANONICAL\canonical_material_usage.md | 07_HISTORICAL_CANONICAL\conflicts_uncertainty.md | 07_HISTORICAL_CANONICAL\historical_material_availability.md | 07_HISTORICAL_CANONICAL\material_evidence.md | 07_HISTORICAL_CANONICAL\traditional_indian_materials.md | 07_HISTORICAL_CANONICAL\traditional_manufacturing.md | 08_INTERACTION\animal_interaction.md | 08_INTERACTION\architecture_interaction.md | 08_INTERACTION\environment_interaction.md | 08_INTERACTION\human_interaction.md | 08_INTERACTION\prop_interaction.md | 09_AI_PRODUCTION\artifact_prevention.md | 09_AI_PRODUCTION\candidate_selection.md | 09_AI_PRODUCTION\material_generation_validation.md | 09_AI_PRODUCTION\material_prompting.md | 09_AI_PRODUCTION\negative_constraints.md | 09_AI_PRODUCTION\reference_strategy.md | 10_CONTINUITY_QA\approval_criteria.md | 10_CONTINUITY_QA\cross_episode_consistency.md | 10_CONTINUITY_QA\cross_scene_consistency.md | 10_CONTINUITY_QA\cross_shot_consistency.md | 10_CONTINUITY_QA\material_continuity.md | 10_CONTINUITY_QA\realism_qa.md | 10_CONTINUITY_QA\temporal_consistency.md | 11_PRODUCTION_HANDOFF\3d_handoff.md | 11_PRODUCTION_HANDOFF\lighting_handoff.md | 11_PRODUCTION_HANDOFF\physics_handoff.md | 11_PRODUCTION_HANDOFF\render_validation.md | 11_PRODUCTION_HANDOFF\shader_handoff.md | 11_PRODUCTION_HANDOFF\texture_handoff.md | 11_PRODUCTION_HANDOFF\vfx_handoff.md | 12_REGISTRY\change_control.md | 12_REGISTRY\material_registry.md | 12_REGISTRY\material_variants.md | 12_REGISTRY\material_versions.md"
"TEXTILES_AND_FIBERS\linen.md","0","0","","EMPTY_OLD_FILE_REVIEW","04_SURFACE_STRUCTURE\surface_renderer_validation_register.csv","0","04_SURFACE_STRUCTURE\surface_renderer_test_matrix.md","0","04_SURFACE_STRUCTURE\surface_renderer_confirmation_note.md","0","05_BEHAVIOR\aging.md | 05_BEHAVIOR\damage.md | 05_BEHAVIOR\dust_dirt_mud.md | 05_BEHAVIOR\environmental_response.md | 05_BEHAVIOR\repair.md | 05_BEHAVIOR\water_wetting_absorption.md | 05_BEHAVIOR\wear.md | 05_BEHAVIOR\weathering.md | 06_STATES\condition_states.md | 06_STATES\material_state_model.md | 06_STATES\state_continuity.md | 06_STATES\state_transitions.md | 06_STATES\thermal_states.md | 06_STATES\wet_dry_states.md | 07_HISTORICAL_CANONICAL\canonical_material_usage.md | 07_HISTORICAL_CANONICAL\conflicts_uncertainty.md | 07_HISTORICAL_CANONICAL\historical_material_availability.md | 07_HISTORICAL_CANONICAL\material_evidence.md | 07_HISTORICAL_CANONICAL\traditional_indian_materials.md | 07_HISTORICAL_CANONICAL\traditional_manufacturing.md | 08_INTERACTION\animal_interaction.md | 08_INTERACTION\architecture_interaction.md | 08_INTERACTION\environment_interaction.md | 08_INTERACTION\human_interaction.md | 08_INTERACTION\prop_interaction.md | 09_AI_PRODUCTION\artifact_prevention.md | 09_AI_PRODUCTION\candidate_selection.md | 09_AI_PRODUCTION\material_generation_validation.md | 09_AI_PRODUCTION\material_prompting.md | 09_AI_PRODUCTION\negative_constraints.md | 09_AI_PRODUCTION\reference_strategy.md | 10_CONTINUITY_QA\approval_criteria.md | 10_CONTINUITY_QA\cross_episode_consistency.md | 10_CONTINUITY_QA\cross_scene_consistency.md | 10_CONTINUITY_QA\cross_shot_consistency.md | 10_CONTINUITY_QA\material_continuity.md | 10_CONTINUITY_QA\realism_qa.md | 10_CONTINUITY_QA\temporal_consistency.md | 11_PRODUCTION_HANDOFF\3d_handoff.md | 11_PRODUCTION_HANDOFF\lighting_handoff.md | 11_PRODUCTION_HANDOFF\physics_handoff.md | 11_PRODUCTION_HANDOFF\render_validation.md | 11_PRODUCTION_HANDOFF\shader_handoff.md | 11_PRODUCTION_HANDOFF\texture_handoff.md | 11_PRODUCTION_HANDOFF\vfx_handoff.md | 12_REGISTRY\change_control.md | 12_REGISTRY\material_registry.md | 12_REGISTRY\material_variants.md | 12_REGISTRY\material_versions.md"
"TEXTILES_AND_FIBERS\natural_fibers.md","0","0","","EMPTY_OLD_FILE_REVIEW","04_SURFACE_STRUCTURE\surface_renderer_validation_register.csv","0","04_SURFACE_STRUCTURE\surface_renderer_test_matrix.md","0","04_SURFACE_STRUCTURE\surface_renderer_confirmation_note.md","0","05_BEHAVIOR\aging.md | 05_BEHAVIOR\damage.md | 05_BEHAVIOR\dust_dirt_mud.md | 05_BEHAVIOR\environmental_response.md | 05_BEHAVIOR\repair.md | 05_BEHAVIOR\water_wetting_absorption.md | 05_BEHAVIOR\wear.md | 05_BEHAVIOR\weathering.md | 06_STATES\condition_states.md | 06_STATES\material_state_model.md | 06_STATES\state_continuity.md | 06_STATES\state_transitions.md | 06_STATES\thermal_states.md | 06_STATES\wet_dry_states.md | 07_HISTORICAL_CANONICAL\canonical_material_usage.md | 07_HISTORICAL_CANONICAL\conflicts_uncertainty.md | 07_HISTORICAL_CANONICAL\historical_material_availability.md | 07_HISTORICAL_CANONICAL\material_evidence.md | 07_HISTORICAL_CANONICAL\traditional_indian_materials.md | 07_HISTORICAL_CANONICAL\traditional_manufacturing.md | 08_INTERACTION\animal_interaction.md | 08_INTERACTION\architecture_interaction.md | 08_INTERACTION\environment_interaction.md | 08_INTERACTION\human_interaction.md | 08_INTERACTION\prop_interaction.md | 09_AI_PRODUCTION\artifact_prevention.md | 09_AI_PRODUCTION\candidate_selection.md | 09_AI_PRODUCTION\material_generation_validation.md | 09_AI_PRODUCTION\material_prompting.md | 09_AI_PRODUCTION\negative_constraints.md | 09_AI_PRODUCTION\reference_strategy.md | 10_CONTINUITY_QA\approval_criteria.md | 10_CONTINUITY_QA\cross_episode_consistency.md | 10_CONTINUITY_QA\cross_scene_consistency.md | 10_CONTINUITY_QA\cross_shot_consistency.md | 10_CONTINUITY_QA\material_continuity.md | 10_CONTINUITY_QA\realism_qa.md | 10_CONTINUITY_QA\temporal_consistency.md | 11_PRODUCTION_HANDOFF\3d_handoff.md | 11_PRODUCTION_HANDOFF\lighting_handoff.md | 11_PRODUCTION_HANDOFF\physics_handoff.md | 11_PRODUCTION_HANDOFF\render_validation.md | 11_PRODUCTION_HANDOFF\shader_handoff.md | 11_PRODUCTION_HANDOFF\texture_handoff.md | 11_PRODUCTION_HANDOFF\vfx_handoff.md | 12_REGISTRY\change_control.md | 12_REGISTRY\material_registry.md | 12_REGISTRY\material_variants.md | 12_REGISTRY\material_versions.md"
"TEXTILES_AND_FIBERS\silk.md","0","0","","EMPTY_OLD_FILE_REVIEW","04_SURFACE_STRUCTURE\surface_renderer_validation_register.csv","0","04_SURFACE_STRUCTURE\surface_renderer_test_matrix.md","0","04_SURFACE_STRUCTURE\surface_renderer_confirmation_note.md","0","05_BEHAVIOR\aging.md | 05_BEHAVIOR\damage.md | 05_BEHAVIOR\dust_dirt_mud.md | 05_BEHAVIOR\environmental_response.md | 05_BEHAVIOR\repair.md | 05_BEHAVIOR\water_wetting_absorption.md | 05_BEHAVIOR\wear.md | 05_BEHAVIOR\weathering.md | 06_STATES\condition_states.md | 06_STATES\material_state_model.md | 06_STATES\state_continuity.md | 06_STATES\state_transitions.md | 06_STATES\thermal_states.md | 06_STATES\wet_dry_states.md | 07_HISTORICAL_CANONICAL\canonical_material_usage.md | 07_HISTORICAL_CANONICAL\conflicts_uncertainty.md | 07_HISTORICAL_CANONICAL\historical_material_availability.md | 07_HISTORICAL_CANONICAL\material_evidence.md | 07_HISTORICAL_CANONICAL\traditional_indian_materials.md | 07_HISTORICAL_CANONICAL\traditional_manufacturing.md | 08_INTERACTION\animal_interaction.md | 08_INTERACTION\architecture_interaction.md | 08_INTERACTION\environment_interaction.md | 08_INTERACTION\human_interaction.md | 08_INTERACTION\prop_interaction.md | 09_AI_PRODUCTION\artifact_prevention.md | 09_AI_PRODUCTION\candidate_selection.md | 09_AI_PRODUCTION\material_generation_validation.md | 09_AI_PRODUCTION\material_prompting.md | 09_AI_PRODUCTION\negative_constraints.md | 09_AI_PRODUCTION\reference_strategy.md | 10_CONTINUITY_QA\approval_criteria.md | 10_CONTINUITY_QA\cross_episode_consistency.md | 10_CONTINUITY_QA\cross_scene_consistency.md | 10_CONTINUITY_QA\cross_shot_consistency.md | 10_CONTINUITY_QA\material_continuity.md | 10_CONTINUITY_QA\realism_qa.md | 10_CONTINUITY_QA\temporal_consistency.md | 11_PRODUCTION_HANDOFF\3d_handoff.md | 11_PRODUCTION_HANDOFF\lighting_handoff.md | 11_PRODUCTION_HANDOFF\physics_handoff.md | 11_PRODUCTION_HANDOFF\render_validation.md | 11_PRODUCTION_HANDOFF\shader_handoff.md | 11_PRODUCTION_HANDOFF\texture_handoff.md | 11_PRODUCTION_HANDOFF\vfx_handoff.md | 12_REGISTRY\change_control.md | 12_REGISTRY\material_registry.md | 12_REGISTRY\material_variants.md | 12_REGISTRY\material_versions.md"
"TEXTILES_AND_FIBERS\textile_surface_behavior.md","0","0","","EMPTY_OLD_FILE_REVIEW","04_SURFACE_STRUCTURE\surface_renderer_validation_register.csv","0","04_SURFACE_STRUCTURE\surface_renderer_test_matrix.md","0","04_SURFACE_STRUCTURE\surface_renderer_confirmation_note.md","0","05_BEHAVIOR\aging.md | 05_BEHAVIOR\damage.md | 05_BEHAVIOR\dust_dirt_mud.md | 05_BEHAVIOR\environmental_response.md | 05_BEHAVIOR\repair.md | 05_BEHAVIOR\water_wetting_absorption.md | 05_BEHAVIOR\wear.md | 05_BEHAVIOR\weathering.md | 06_STATES\condition_states.md | 06_STATES\material_state_model.md | 06_STATES\state_continuity.md | 06_STATES\state_transitions.md | 06_STATES\thermal_states.md | 06_STATES\wet_dry_states.md | 07_HISTORICAL_CANONICAL\canonical_material_usage.md | 07_HISTORICAL_CANONICAL\conflicts_uncertainty.md | 07_HISTORICAL_CANONICAL\historical_material_availability.md | 07_HISTORICAL_CANONICAL\material_evidence.md | 07_HISTORICAL_CANONICAL\traditional_indian_materials.md | 07_HISTORICAL_CANONICAL\traditional_manufacturing.md | 08_INTERACTION\animal_interaction.md | 08_INTERACTION\architecture_interaction.md | 08_INTERACTION\environment_interaction.md | 08_INTERACTION\human_interaction.md | 08_INTERACTION\prop_interaction.md | 09_AI_PRODUCTION\artifact_prevention.md | 09_AI_PRODUCTION\candidate_selection.md | 09_AI_PRODUCTION\material_generation_validation.md | 09_AI_PRODUCTION\material_prompting.md | 09_AI_PRODUCTION\negative_constraints.md | 09_AI_PRODUCTION\reference_strategy.md | 10_CONTINUITY_QA\approval_criteria.md | 10_CONTINUITY_QA\cross_episode_consistency.md | 10_CONTINUITY_QA\cross_scene_consistency.md | 10_CONTINUITY_QA\cross_shot_consistency.md | 10_CONTINUITY_QA\material_continuity.md | 10_CONTINUITY_QA\realism_qa.md | 10_CONTINUITY_QA\temporal_consistency.md | 11_PRODUCTION_HANDOFF\3d_handoff.md | 11_PRODUCTION_HANDOFF\lighting_handoff.md | 11_PRODUCTION_HANDOFF\physics_handoff.md | 11_PRODUCTION_HANDOFF\render_validation.md | 11_PRODUCTION_HANDOFF\shader_handoff.md | 11_PRODUCTION_HANDOFF\texture_handoff.md | 11_PRODUCTION_HANDOFF\vfx_handoff.md | 12_REGISTRY\change_control.md | 12_REGISTRY\material_registry.md | 12_REGISTRY\material_variants.md | 12_REGISTRY\material_versions.md"
"TEXTILES_AND_FIBERS\wool.md","0","0","","EMPTY_OLD_FILE_REVIEW","04_SURFACE_STRUCTURE\surface_renderer_validation_register.csv","0","04_SURFACE_STRUCTURE\surface_renderer_test_matrix.md","0","04_SURFACE_STRUCTURE\surface_renderer_confirmation_note.md","0","05_BEHAVIOR\aging.md | 05_BEHAVIOR\damage.md | 05_BEHAVIOR\dust_dirt_mud.md | 05_BEHAVIOR\environmental_response.md | 05_BEHAVIOR\repair.md | 05_BEHAVIOR\water_wetting_absorption.md | 05_BEHAVIOR\wear.md | 05_BEHAVIOR\weathering.md | 06_STATES\condition_states.md | 06_STATES\material_state_model.md | 06_STATES\state_continuity.md | 06_STATES\state_transitions.md | 06_STATES\thermal_states.md | 06_STATES\wet_dry_states.md | 07_HISTORICAL_CANONICAL\canonical_material_usage.md | 07_HISTORICAL_CANONICAL\conflicts_uncertainty.md | 07_HISTORICAL_CANONICAL\historical_material_availability.md | 07_HISTORICAL_CANONICAL\material_evidence.md | 07_HISTORICAL_CANONICAL\traditional_indian_materials.md | 07_HISTORICAL_CANONICAL\traditional_manufacturing.md | 08_INTERACTION\animal_interaction.md | 08_INTERACTION\architecture_interaction.md | 08_INTERACTION\environment_interaction.md | 08_INTERACTION\human_interaction.md | 08_INTERACTION\prop_interaction.md | 09_AI_PRODUCTION\artifact_prevention.md | 09_AI_PRODUCTION\candidate_selection.md | 09_AI_PRODUCTION\material_generation_validation.md | 09_AI_PRODUCTION\material_prompting.md | 09_AI_PRODUCTION\negative_constraints.md | 09_AI_PRODUCTION\reference_strategy.md | 10_CONTINUITY_QA\approval_criteria.md | 10_CONTINUITY_QA\cross_episode_consistency.md | 10_CONTINUITY_QA\cross_scene_consistency.md | 10_CONTINUITY_QA\cross_shot_consistency.md | 10_CONTINUITY_QA\material_continuity.md | 10_CONTINUITY_QA\realism_qa.md | 10_CONTINUITY_QA\temporal_consistency.md | 11_PRODUCTION_HANDOFF\3d_handoff.md | 11_PRODUCTION_HANDOFF\lighting_handoff.md | 11_PRODUCTION_HANDOFF\physics_handoff.md | 11_PRODUCTION_HANDOFF\render_validation.md | 11_PRODUCTION_HANDOFF\shader_handoff.md | 11_PRODUCTION_HANDOFF\texture_handoff.md | 11_PRODUCTION_HANDOFF\vfx_handoff.md | 12_REGISTRY\change_control.md | 12_REGISTRY\material_registry.md | 12_REGISTRY\material_variants.md | 12_REGISTRY\material_versions.md"
"TEXTILES_AND_FIBERS\woven_structure.md","0","0","","EMPTY_OLD_FILE_REVIEW","04_SURFACE_STRUCTURE\surface_renderer_validation_register.csv","0","04_SURFACE_STRUCTURE\surface_renderer_test_matrix.md","0","04_SURFACE_STRUCTURE\surface_renderer_confirmation_note.md","0","05_BEHAVIOR\aging.md | 05_BEHAVIOR\damage.md | 05_BEHAVIOR\dust_dirt_mud.md | 05_BEHAVIOR\environmental_response.md | 05_BEHAVIOR\repair.md | 05_BEHAVIOR\water_wetting_absorption.md | 05_BEHAVIOR\wear.md | 05_BEHAVIOR\weathering.md | 06_STATES\condition_states.md | 06_STATES\material_state_model.md | 06_STATES\state_continuity.md | 06_STATES\state_transitions.md | 06_STATES\thermal_states.md | 06_STATES\wet_dry_states.md | 07_HISTORICAL_CANONICAL\canonical_material_usage.md | 07_HISTORICAL_CANONICAL\conflicts_uncertainty.md | 07_HISTORICAL_CANONICAL\historical_material_availability.md | 07_HISTORICAL_CANONICAL\material_evidence.md | 07_HISTORICAL_CANONICAL\traditional_indian_materials.md | 07_HISTORICAL_CANONICAL\traditional_manufacturing.md | 08_INTERACTION\animal_interaction.md | 08_INTERACTION\architecture_interaction.md | 08_INTERACTION\environment_interaction.md | 08_INTERACTION\human_interaction.md | 08_INTERACTION\prop_interaction.md | 09_AI_PRODUCTION\artifact_prevention.md | 09_AI_PRODUCTION\candidate_selection.md | 09_AI_PRODUCTION\material_generation_validation.md | 09_AI_PRODUCTION\material_prompting.md | 09_AI_PRODUCTION\negative_constraints.md | 09_AI_PRODUCTION\reference_strategy.md | 10_CONTINUITY_QA\approval_criteria.md | 10_CONTINUITY_QA\cross_episode_consistency.md | 10_CONTINUITY_QA\cross_scene_consistency.md | 10_CONTINUITY_QA\cross_shot_consistency.md | 10_CONTINUITY_QA\material_continuity.md | 10_CONTINUITY_QA\realism_qa.md | 10_CONTINUITY_QA\temporal_consistency.md | 11_PRODUCTION_HANDOFF\3d_handoff.md | 11_PRODUCTION_HANDOFF\lighting_handoff.md | 11_PRODUCTION_HANDOFF\physics_handoff.md | 11_PRODUCTION_HANDOFF\render_validation.md | 11_PRODUCTION_HANDOFF\shader_handoff.md | 11_PRODUCTION_HANDOFF\texture_handoff.md | 11_PRODUCTION_HANDOFF\vfx_handoff.md | 12_REGISTRY\change_control.md | 12_REGISTRY\material_registry.md | 12_REGISTRY\material_variants.md | 12_REGISTRY\material_versions.md"
"TEXTURE\photographic_textures.md","0","0","","EMPTY_OLD_FILE_REVIEW","04_SURFACE_STRUCTURE\surface_renderer_validation_register.csv","0","04_SURFACE_STRUCTURE\surface_renderer_test_matrix.md","0","04_SURFACE_STRUCTURE\surface_renderer_confirmation_note.md","0","05_BEHAVIOR\aging.md | 05_BEHAVIOR\damage.md | 05_BEHAVIOR\dust_dirt_mud.md | 05_BEHAVIOR\environmental_response.md | 05_BEHAVIOR\repair.md | 05_BEHAVIOR\water_wetting_absorption.md | 05_BEHAVIOR\wear.md | 05_BEHAVIOR\weathering.md | 06_STATES\condition_states.md | 06_STATES\material_state_model.md | 06_STATES\state_continuity.md | 06_STATES\state_transitions.md | 06_STATES\thermal_states.md | 06_STATES\wet_dry_states.md | 07_HISTORICAL_CANONICAL\canonical_material_usage.md | 07_HISTORICAL_CANONICAL\conflicts_uncertainty.md | 07_HISTORICAL_CANONICAL\historical_material_availability.md | 07_HISTORICAL_CANONICAL\material_evidence.md | 07_HISTORICAL_CANONICAL\traditional_indian_materials.md | 07_HISTORICAL_CANONICAL\traditional_manufacturing.md | 08_INTERACTION\animal_interaction.md | 08_INTERACTION\architecture_interaction.md | 08_INTERACTION\environment_interaction.md | 08_INTERACTION\human_interaction.md | 08_INTERACTION\prop_interaction.md | 09_AI_PRODUCTION\artifact_prevention.md | 09_AI_PRODUCTION\candidate_selection.md | 09_AI_PRODUCTION\material_generation_validation.md | 09_AI_PRODUCTION\material_prompting.md | 09_AI_PRODUCTION\negative_constraints.md | 09_AI_PRODUCTION\reference_strategy.md | 10_CONTINUITY_QA\approval_criteria.md | 10_CONTINUITY_QA\cross_episode_consistency.md | 10_CONTINUITY_QA\cross_scene_consistency.md | 10_CONTINUITY_QA\cross_shot_consistency.md | 10_CONTINUITY_QA\material_continuity.md | 10_CONTINUITY_QA\realism_qa.md | 10_CONTINUITY_QA\temporal_consistency.md | 11_PRODUCTION_HANDOFF\3d_handoff.md | 11_PRODUCTION_HANDOFF\lighting_handoff.md | 11_PRODUCTION_HANDOFF\physics_handoff.md | 11_PRODUCTION_HANDOFF\render_validation.md | 11_PRODUCTION_HANDOFF\shader_handoff.md | 11_PRODUCTION_HANDOFF\texture_handoff.md | 11_PRODUCTION_HANDOFF\vfx_handoff.md | 12_REGISTRY\change_control.md | 12_REGISTRY\material_registry.md | 12_REGISTRY\material_variants.md | 12_REGISTRY\material_versions.md"
"TEXTURE\procedural_textures.md","0","0","","EMPTY_OLD_FILE_REVIEW","04_SURFACE_STRUCTURE\surface_renderer_validation_register.csv","0","04_SURFACE_STRUCTURE\surface_renderer_test_matrix.md","0","04_SURFACE_STRUCTURE\surface_renderer_confirmation_note.md","0","05_BEHAVIOR\aging.md | 05_BEHAVIOR\damage.md | 05_BEHAVIOR\dust_dirt_mud.md | 05_BEHAVIOR\environmental_response.md | 05_BEHAVIOR\repair.md | 05_BEHAVIOR\water_wetting_absorption.md | 05_BEHAVIOR\wear.md | 05_BEHAVIOR\weathering.md | 06_STATES\condition_states.md | 06_STATES\material_state_model.md | 06_STATES\state_continuity.md | 06_STATES\state_transitions.md | 06_STATES\thermal_states.md | 06_STATES\wet_dry_states.md | 07_HISTORICAL_CANONICAL\canonical_material_usage.md | 07_HISTORICAL_CANONICAL\conflicts_uncertainty.md | 07_HISTORICAL_CANONICAL\historical_material_availability.md | 07_HISTORICAL_CANONICAL\material_evidence.md | 07_HISTORICAL_CANONICAL\traditional_indian_materials.md | 07_HISTORICAL_CANONICAL\traditional_manufacturing.md | 08_INTERACTION\animal_interaction.md | 08_INTERACTION\architecture_interaction.md | 08_INTERACTION\environment_interaction.md | 08_INTERACTION\human_interaction.md | 08_INTERACTION\prop_interaction.md | 09_AI_PRODUCTION\artifact_prevention.md | 09_AI_PRODUCTION\candidate_selection.md | 09_AI_PRODUCTION\material_generation_validation.md | 09_AI_PRODUCTION\material_prompting.md | 09_AI_PRODUCTION\negative_constraints.md | 09_AI_PRODUCTION\reference_strategy.md | 10_CONTINUITY_QA\approval_criteria.md | 10_CONTINUITY_QA\cross_episode_consistency.md | 10_CONTINUITY_QA\cross_scene_consistency.md | 10_CONTINUITY_QA\cross_shot_consistency.md | 10_CONTINUITY_QA\material_continuity.md | 10_CONTINUITY_QA\realism_qa.md | 10_CONTINUITY_QA\temporal_consistency.md | 11_PRODUCTION_HANDOFF\3d_handoff.md | 11_PRODUCTION_HANDOFF\lighting_handoff.md | 11_PRODUCTION_HANDOFF\physics_handoff.md | 11_PRODUCTION_HANDOFF\render_validation.md | 11_PRODUCTION_HANDOFF\shader_handoff.md | 11_PRODUCTION_HANDOFF\texture_handoff.md | 11_PRODUCTION_HANDOFF\vfx_handoff.md | 12_REGISTRY\change_control.md | 12_REGISTRY\material_registry.md | 12_REGISTRY\material_variants.md | 12_REGISTRY\material_versions.md"
"TEXTURE\texel_density.md","0","0","","EMPTY_OLD_FILE_REVIEW","04_SURFACE_STRUCTURE\surface_renderer_validation_register.csv","0","04_SURFACE_STRUCTURE\surface_renderer_test_matrix.md","0","04_SURFACE_STRUCTURE\surface_renderer_confirmation_note.md","0","05_BEHAVIOR\aging.md | 05_BEHAVIOR\damage.md | 05_BEHAVIOR\dust_dirt_mud.md | 05_BEHAVIOR\environmental_response.md | 05_BEHAVIOR\repair.md | 05_BEHAVIOR\water_wetting_absorption.md | 05_BEHAVIOR\wear.md | 05_BEHAVIOR\weathering.md | 06_STATES\condition_states.md | 06_STATES\material_state_model.md | 06_STATES\state_continuity.md | 06_STATES\state_transitions.md | 06_STATES\thermal_states.md | 06_STATES\wet_dry_states.md | 07_HISTORICAL_CANONICAL\canonical_material_usage.md | 07_HISTORICAL_CANONICAL\conflicts_uncertainty.md | 07_HISTORICAL_CANONICAL\historical_material_availability.md | 07_HISTORICAL_CANONICAL\material_evidence.md | 07_HISTORICAL_CANONICAL\traditional_indian_materials.md | 07_HISTORICAL_CANONICAL\traditional_manufacturing.md | 08_INTERACTION\animal_interaction.md | 08_INTERACTION\architecture_interaction.md | 08_INTERACTION\environment_interaction.md | 08_INTERACTION\human_interaction.md | 08_INTERACTION\prop_interaction.md | 09_AI_PRODUCTION\artifact_prevention.md | 09_AI_PRODUCTION\candidate_selection.md | 09_AI_PRODUCTION\material_generation_validation.md | 09_AI_PRODUCTION\material_prompting.md | 09_AI_PRODUCTION\negative_constraints.md | 09_AI_PRODUCTION\reference_strategy.md | 10_CONTINUITY_QA\approval_criteria.md | 10_CONTINUITY_QA\cross_episode_consistency.md | 10_CONTINUITY_QA\cross_scene_consistency.md | 10_CONTINUITY_QA\cross_shot_consistency.md | 10_CONTINUITY_QA\material_continuity.md | 10_CONTINUITY_QA\realism_qa.md | 10_CONTINUITY_QA\temporal_consistency.md | 11_PRODUCTION_HANDOFF\3d_handoff.md | 11_PRODUCTION_HANDOFF\lighting_handoff.md | 11_PRODUCTION_HANDOFF\physics_handoff.md | 11_PRODUCTION_HANDOFF\render_validation.md | 11_PRODUCTION_HANDOFF\shader_handoff.md | 11_PRODUCTION_HANDOFF\texture_handoff.md | 11_PRODUCTION_HANDOFF\vfx_handoff.md | 12_REGISTRY\change_control.md | 12_REGISTRY\material_registry.md | 12_REGISTRY\material_variants.md | 12_REGISTRY\material_versions.md"
"TEXTURE\texture_artifact_control.md","0","0","","EMPTY_OLD_FILE_REVIEW","04_SURFACE_STRUCTURE\surface_renderer_validation_register.csv","0","04_SURFACE_STRUCTURE\surface_renderer_test_matrix.md","0","04_SURFACE_STRUCTURE\surface_renderer_confirmation_note.md","0","05_BEHAVIOR\aging.md | 05_BEHAVIOR\damage.md | 05_BEHAVIOR\dust_dirt_mud.md | 05_BEHAVIOR\environmental_response.md | 05_BEHAVIOR\repair.md | 05_BEHAVIOR\water_wetting_absorption.md | 05_BEHAVIOR\wear.md | 05_BEHAVIOR\weathering.md | 06_STATES\condition_states.md | 06_STATES\material_state_model.md | 06_STATES\state_continuity.md | 06_STATES\state_transitions.md | 06_STATES\thermal_states.md | 06_STATES\wet_dry_states.md | 07_HISTORICAL_CANONICAL\canonical_material_usage.md | 07_HISTORICAL_CANONICAL\conflicts_uncertainty.md | 07_HISTORICAL_CANONICAL\historical_material_availability.md | 07_HISTORICAL_CANONICAL\material_evidence.md | 07_HISTORICAL_CANONICAL\traditional_indian_materials.md | 07_HISTORICAL_CANONICAL\traditional_manufacturing.md | 08_INTERACTION\animal_interaction.md | 08_INTERACTION\architecture_interaction.md | 08_INTERACTION\environment_interaction.md | 08_INTERACTION\human_interaction.md | 08_INTERACTION\prop_interaction.md | 09_AI_PRODUCTION\artifact_prevention.md | 09_AI_PRODUCTION\candidate_selection.md | 09_AI_PRODUCTION\material_generation_validation.md | 09_AI_PRODUCTION\material_prompting.md | 09_AI_PRODUCTION\negative_constraints.md | 09_AI_PRODUCTION\reference_strategy.md | 10_CONTINUITY_QA\approval_criteria.md | 10_CONTINUITY_QA\cross_episode_consistency.md | 10_CONTINUITY_QA\cross_scene_consistency.md | 10_CONTINUITY_QA\cross_shot_consistency.md | 10_CONTINUITY_QA\material_continuity.md | 10_CONTINUITY_QA\realism_qa.md | 10_CONTINUITY_QA\temporal_consistency.md | 11_PRODUCTION_HANDOFF\3d_handoff.md | 11_PRODUCTION_HANDOFF\lighting_handoff.md | 11_PRODUCTION_HANDOFF\physics_handoff.md | 11_PRODUCTION_HANDOFF\render_validation.md | 11_PRODUCTION_HANDOFF\shader_handoff.md | 11_PRODUCTION_HANDOFF\texture_handoff.md | 11_PRODUCTION_HANDOFF\vfx_handoff.md | 12_REGISTRY\change_control.md | 12_REGISTRY\material_registry.md | 12_REGISTRY\material_variants.md | 12_REGISTRY\material_versions.md"
"TEXTURE\texture_repetition.md","0","0","","EMPTY_OLD_FILE_REVIEW","04_SURFACE_STRUCTURE\surface_renderer_validation_register.csv","0","04_SURFACE_STRUCTURE\surface_renderer_test_matrix.md","0","04_SURFACE_STRUCTURE\surface_renderer_confirmation_note.md","0","05_BEHAVIOR\aging.md | 05_BEHAVIOR\damage.md | 05_BEHAVIOR\dust_dirt_mud.md | 05_BEHAVIOR\environmental_response.md | 05_BEHAVIOR\repair.md | 05_BEHAVIOR\water_wetting_absorption.md | 05_BEHAVIOR\wear.md | 05_BEHAVIOR\weathering.md | 06_STATES\condition_states.md | 06_STATES\material_state_model.md | 06_STATES\state_continuity.md | 06_STATES\state_transitions.md | 06_STATES\thermal_states.md | 06_STATES\wet_dry_states.md | 07_HISTORICAL_CANONICAL\canonical_material_usage.md | 07_HISTORICAL_CANONICAL\conflicts_uncertainty.md | 07_HISTORICAL_CANONICAL\historical_material_availability.md | 07_HISTORICAL_CANONICAL\material_evidence.md | 07_HISTORICAL_CANONICAL\traditional_indian_materials.md | 07_HISTORICAL_CANONICAL\traditional_manufacturing.md | 08_INTERACTION\animal_interaction.md | 08_INTERACTION\architecture_interaction.md | 08_INTERACTION\environment_interaction.md | 08_INTERACTION\human_interaction.md | 08_INTERACTION\prop_interaction.md | 09_AI_PRODUCTION\artifact_prevention.md | 09_AI_PRODUCTION\candidate_selection.md | 09_AI_PRODUCTION\material_generation_validation.md | 09_AI_PRODUCTION\material_prompting.md | 09_AI_PRODUCTION\negative_constraints.md | 09_AI_PRODUCTION\reference_strategy.md | 10_CONTINUITY_QA\approval_criteria.md | 10_CONTINUITY_QA\cross_episode_consistency.md | 10_CONTINUITY_QA\cross_scene_consistency.md | 10_CONTINUITY_QA\cross_shot_consistency.md | 10_CONTINUITY_QA\material_continuity.md | 10_CONTINUITY_QA\realism_qa.md | 10_CONTINUITY_QA\temporal_consistency.md | 11_PRODUCTION_HANDOFF\3d_handoff.md | 11_PRODUCTION_HANDOFF\lighting_handoff.md | 11_PRODUCTION_HANDOFF\physics_handoff.md | 11_PRODUCTION_HANDOFF\render_validation.md | 11_PRODUCTION_HANDOFF\shader_handoff.md | 11_PRODUCTION_HANDOFF\texture_handoff.md | 11_PRODUCTION_HANDOFF\vfx_handoff.md | 12_REGISTRY\change_control.md | 12_REGISTRY\material_registry.md | 12_REGISTRY\material_variants.md | 12_REGISTRY\material_versions.md"
"TEXTURE\texture_resolution.md","0","0","","EMPTY_OLD_FILE_REVIEW","04_SURFACE_STRUCTURE\surface_renderer_validation_register.csv","0","04_SURFACE_STRUCTURE\surface_renderer_test_matrix.md","0","04_SURFACE_STRUCTURE\surface_renderer_confirmation_note.md","0","05_BEHAVIOR\aging.md | 05_BEHAVIOR\damage.md | 05_BEHAVIOR\dust_dirt_mud.md | 05_BEHAVIOR\environmental_response.md | 05_BEHAVIOR\repair.md | 05_BEHAVIOR\water_wetting_absorption.md | 05_BEHAVIOR\wear.md | 05_BEHAVIOR\weathering.md | 06_STATES\condition_states.md | 06_STATES\material_state_model.md | 06_STATES\state_continuity.md | 06_STATES\state_transitions.md | 06_STATES\thermal_states.md | 06_STATES\wet_dry_states.md | 07_HISTORICAL_CANONICAL\canonical_material_usage.md | 07_HISTORICAL_CANONICAL\conflicts_uncertainty.md | 07_HISTORICAL_CANONICAL\historical_material_availability.md | 07_HISTORICAL_CANONICAL\material_evidence.md | 07_HISTORICAL_CANONICAL\traditional_indian_materials.md | 07_HISTORICAL_CANONICAL\traditional_manufacturing.md | 08_INTERACTION\animal_interaction.md | 08_INTERACTION\architecture_interaction.md | 08_INTERACTION\environment_interaction.md | 08_INTERACTION\human_interaction.md | 08_INTERACTION\prop_interaction.md | 09_AI_PRODUCTION\artifact_prevention.md | 09_AI_PRODUCTION\candidate_selection.md | 09_AI_PRODUCTION\material_generation_validation.md | 09_AI_PRODUCTION\material_prompting.md | 09_AI_PRODUCTION\negative_constraints.md | 09_AI_PRODUCTION\reference_strategy.md | 10_CONTINUITY_QA\approval_criteria.md | 10_CONTINUITY_QA\cross_episode_consistency.md | 10_CONTINUITY_QA\cross_scene_consistency.md | 10_CONTINUITY_QA\cross_shot_consistency.md | 10_CONTINUITY_QA\material_continuity.md | 10_CONTINUITY_QA\realism_qa.md | 10_CONTINUITY_QA\temporal_consistency.md | 11_PRODUCTION_HANDOFF\3d_handoff.md | 11_PRODUCTION_HANDOFF\lighting_handoff.md | 11_PRODUCTION_HANDOFF\physics_handoff.md | 11_PRODUCTION_HANDOFF\render_validation.md | 11_PRODUCTION_HANDOFF\shader_handoff.md | 11_PRODUCTION_HANDOFF\texture_handoff.md | 11_PRODUCTION_HANDOFF\vfx_handoff.md | 12_REGISTRY\change_control.md | 12_REGISTRY\material_registry.md | 12_REGISTRY\material_variants.md | 12_REGISTRY\material_versions.md"
"TEXTURE\texture_scale.md","0","0","","EMPTY_OLD_FILE_REVIEW","04_SURFACE_STRUCTURE\surface_renderer_validation_register.csv","0","04_SURFACE_STRUCTURE\surface_renderer_test_matrix.md","0","04_SURFACE_STRUCTURE\surface_renderer_confirmation_note.md","0","05_BEHAVIOR\aging.md | 05_BEHAVIOR\damage.md | 05_BEHAVIOR\dust_dirt_mud.md | 05_BEHAVIOR\environmental_response.md | 05_BEHAVIOR\repair.md | 05_BEHAVIOR\water_wetting_absorption.md | 05_BEHAVIOR\wear.md | 05_BEHAVIOR\weathering.md | 06_STATES\condition_states.md | 06_STATES\material_state_model.md | 06_STATES\state_continuity.md | 06_STATES\state_transitions.md | 06_STATES\thermal_states.md | 06_STATES\wet_dry_states.md | 07_HISTORICAL_CANONICAL\canonical_material_usage.md | 07_HISTORICAL_CANONICAL\conflicts_uncertainty.md | 07_HISTORICAL_CANONICAL\historical_material_availability.md | 07_HISTORICAL_CANONICAL\material_evidence.md | 07_HISTORICAL_CANONICAL\traditional_indian_materials.md | 07_HISTORICAL_CANONICAL\traditional_manufacturing.md | 08_INTERACTION\animal_interaction.md | 08_INTERACTION\architecture_interaction.md | 08_INTERACTION\environment_interaction.md | 08_INTERACTION\human_interaction.md | 08_INTERACTION\prop_interaction.md | 09_AI_PRODUCTION\artifact_prevention.md | 09_AI_PRODUCTION\candidate_selection.md | 09_AI_PRODUCTION\material_generation_validation.md | 09_AI_PRODUCTION\material_prompting.md | 09_AI_PRODUCTION\negative_constraints.md | 09_AI_PRODUCTION\reference_strategy.md | 10_CONTINUITY_QA\approval_criteria.md | 10_CONTINUITY_QA\cross_episode_consistency.md | 10_CONTINUITY_QA\cross_scene_consistency.md | 10_CONTINUITY_QA\cross_shot_consistency.md | 10_CONTINUITY_QA\material_continuity.md | 10_CONTINUITY_QA\realism_qa.md | 10_CONTINUITY_QA\temporal_consistency.md | 11_PRODUCTION_HANDOFF\3d_handoff.md | 11_PRODUCTION_HANDOFF\lighting_handoff.md | 11_PRODUCTION_HANDOFF\physics_handoff.md | 11_PRODUCTION_HANDOFF\render_validation.md | 11_PRODUCTION_HANDOFF\shader_handoff.md | 11_PRODUCTION_HANDOFF\texture_handoff.md | 11_PRODUCTION_HANDOFF\vfx_handoff.md | 12_REGISTRY\change_control.md | 12_REGISTRY\material_registry.md | 12_REGISTRY\material_variants.md | 12_REGISTRY\material_versions.md"
"TEXTURE\texture_variation.md","0","0","","EMPTY_OLD_FILE_REVIEW","04_SURFACE_STRUCTURE\surface_renderer_validation_register.csv","0","04_SURFACE_STRUCTURE\surface_renderer_test_matrix.md","0","04_SURFACE_STRUCTURE\surface_renderer_confirmation_note.md","0","05_BEHAVIOR\aging.md | 05_BEHAVIOR\damage.md | 05_BEHAVIOR\dust_dirt_mud.md | 05_BEHAVIOR\environmental_response.md | 05_BEHAVIOR\repair.md | 05_BEHAVIOR\water_wetting_absorption.md | 05_BEHAVIOR\wear.md | 05_BEHAVIOR\weathering.md | 06_STATES\condition_states.md | 06_STATES\material_state_model.md | 06_STATES\state_continuity.md | 06_STATES\state_transitions.md | 06_STATES\thermal_states.md | 06_STATES\wet_dry_states.md | 07_HISTORICAL_CANONICAL\canonical_material_usage.md | 07_HISTORICAL_CANONICAL\conflicts_uncertainty.md | 07_HISTORICAL_CANONICAL\historical_material_availability.md | 07_HISTORICAL_CANONICAL\material_evidence.md | 07_HISTORICAL_CANONICAL\traditional_indian_materials.md | 07_HISTORICAL_CANONICAL\traditional_manufacturing.md | 08_INTERACTION\animal_interaction.md | 08_INTERACTION\architecture_interaction.md | 08_INTERACTION\environment_interaction.md | 08_INTERACTION\human_interaction.md | 08_INTERACTION\prop_interaction.md | 09_AI_PRODUCTION\artifact_prevention.md | 09_AI_PRODUCTION\candidate_selection.md | 09_AI_PRODUCTION\material_generation_validation.md | 09_AI_PRODUCTION\material_prompting.md | 09_AI_PRODUCTION\negative_constraints.md | 09_AI_PRODUCTION\reference_strategy.md | 10_CONTINUITY_QA\approval_criteria.md | 10_CONTINUITY_QA\cross_episode_consistency.md | 10_CONTINUITY_QA\cross_scene_consistency.md | 10_CONTINUITY_QA\cross_shot_consistency.md | 10_CONTINUITY_QA\material_continuity.md | 10_CONTINUITY_QA\realism_qa.md | 10_CONTINUITY_QA\temporal_consistency.md | 11_PRODUCTION_HANDOFF\3d_handoff.md | 11_PRODUCTION_HANDOFF\lighting_handoff.md | 11_PRODUCTION_HANDOFF\physics_handoff.md | 11_PRODUCTION_HANDOFF\render_validation.md | 11_PRODUCTION_HANDOFF\shader_handoff.md | 11_PRODUCTION_HANDOFF\texture_handoff.md | 11_PRODUCTION_HANDOFF\vfx_handoff.md | 12_REGISTRY\change_control.md | 12_REGISTRY\material_registry.md | 12_REGISTRY\material_variants.md | 12_REGISTRY\material_versions.md"
"WOOD_AND_PLANT_MATERIALS\bamboo.md","0","0","","EMPTY_OLD_FILE_REVIEW","04_SURFACE_STRUCTURE\surface_renderer_validation_register.csv","0","04_SURFACE_STRUCTURE\surface_renderer_test_matrix.md","0","04_SURFACE_STRUCTURE\surface_renderer_confirmation_note.md","0","05_BEHAVIOR\aging.md | 05_BEHAVIOR\damage.md | 05_BEHAVIOR\dust_dirt_mud.md | 05_BEHAVIOR\environmental_response.md | 05_BEHAVIOR\repair.md | 05_BEHAVIOR\water_wetting_absorption.md | 05_BEHAVIOR\wear.md | 05_BEHAVIOR\weathering.md | 06_STATES\condition_states.md | 06_STATES\material_state_model.md | 06_STATES\state_continuity.md | 06_STATES\state_transitions.md | 06_STATES\thermal_states.md | 06_STATES\wet_dry_states.md | 07_HISTORICAL_CANONICAL\canonical_material_usage.md | 07_HISTORICAL_CANONICAL\conflicts_uncertainty.md | 07_HISTORICAL_CANONICAL\historical_material_availability.md | 07_HISTORICAL_CANONICAL\material_evidence.md | 07_HISTORICAL_CANONICAL\traditional_indian_materials.md | 07_HISTORICAL_CANONICAL\traditional_manufacturing.md | 08_INTERACTION\animal_interaction.md | 08_INTERACTION\architecture_interaction.md | 08_INTERACTION\environment_interaction.md | 08_INTERACTION\human_interaction.md | 08_INTERACTION\prop_interaction.md | 09_AI_PRODUCTION\artifact_prevention.md | 09_AI_PRODUCTION\candidate_selection.md | 09_AI_PRODUCTION\material_generation_validation.md | 09_AI_PRODUCTION\material_prompting.md | 09_AI_PRODUCTION\negative_constraints.md | 09_AI_PRODUCTION\reference_strategy.md | 10_CONTINUITY_QA\approval_criteria.md | 10_CONTINUITY_QA\cross_episode_consistency.md | 10_CONTINUITY_QA\cross_scene_consistency.md | 10_CONTINUITY_QA\cross_shot_consistency.md | 10_CONTINUITY_QA\material_continuity.md | 10_CONTINUITY_QA\realism_qa.md | 10_CONTINUITY_QA\temporal_consistency.md | 11_PRODUCTION_HANDOFF\3d_handoff.md | 11_PRODUCTION_HANDOFF\lighting_handoff.md | 11_PRODUCTION_HANDOFF\physics_handoff.md | 11_PRODUCTION_HANDOFF\render_validation.md | 11_PRODUCTION_HANDOFF\shader_handoff.md | 11_PRODUCTION_HANDOFF\texture_handoff.md | 11_PRODUCTION_HANDOFF\vfx_handoff.md | 12_REGISTRY\change_control.md | 12_REGISTRY\material_registry.md | 12_REGISTRY\material_variants.md | 12_REGISTRY\material_versions.md"
"WOOD_AND_PLANT_MATERIALS\bark.md","0","0","","EMPTY_OLD_FILE_REVIEW","04_SURFACE_STRUCTURE\surface_renderer_validation_register.csv","0","04_SURFACE_STRUCTURE\surface_renderer_test_matrix.md","0","04_SURFACE_STRUCTURE\surface_renderer_confirmation_note.md","0","05_BEHAVIOR\aging.md | 05_BEHAVIOR\damage.md | 05_BEHAVIOR\dust_dirt_mud.md | 05_BEHAVIOR\environmental_response.md | 05_BEHAVIOR\repair.md | 05_BEHAVIOR\water_wetting_absorption.md | 05_BEHAVIOR\wear.md | 05_BEHAVIOR\weathering.md | 06_STATES\condition_states.md | 06_STATES\material_state_model.md | 06_STATES\state_continuity.md | 06_STATES\state_transitions.md | 06_STATES\thermal_states.md | 06_STATES\wet_dry_states.md | 07_HISTORICAL_CANONICAL\canonical_material_usage.md | 07_HISTORICAL_CANONICAL\conflicts_uncertainty.md | 07_HISTORICAL_CANONICAL\historical_material_availability.md | 07_HISTORICAL_CANONICAL\material_evidence.md | 07_HISTORICAL_CANONICAL\traditional_indian_materials.md | 07_HISTORICAL_CANONICAL\traditional_manufacturing.md | 08_INTERACTION\animal_interaction.md | 08_INTERACTION\architecture_interaction.md | 08_INTERACTION\environment_interaction.md | 08_INTERACTION\human_interaction.md | 08_INTERACTION\prop_interaction.md | 09_AI_PRODUCTION\artifact_prevention.md | 09_AI_PRODUCTION\candidate_selection.md | 09_AI_PRODUCTION\material_generation_validation.md | 09_AI_PRODUCTION\material_prompting.md | 09_AI_PRODUCTION\negative_constraints.md | 09_AI_PRODUCTION\reference_strategy.md | 10_CONTINUITY_QA\approval_criteria.md | 10_CONTINUITY_QA\cross_episode_consistency.md | 10_CONTINUITY_QA\cross_scene_consistency.md | 10_CONTINUITY_QA\cross_shot_consistency.md | 10_CONTINUITY_QA\material_continuity.md | 10_CONTINUITY_QA\realism_qa.md | 10_CONTINUITY_QA\temporal_consistency.md | 11_PRODUCTION_HANDOFF\3d_handoff.md | 11_PRODUCTION_HANDOFF\lighting_handoff.md | 11_PRODUCTION_HANDOFF\physics_handoff.md | 11_PRODUCTION_HANDOFF\render_validation.md | 11_PRODUCTION_HANDOFF\shader_handoff.md | 11_PRODUCTION_HANDOFF\texture_handoff.md | 11_PRODUCTION_HANDOFF\vfx_handoff.md | 12_REGISTRY\change_control.md | 12_REGISTRY\material_registry.md | 12_REGISTRY\material_variants.md | 12_REGISTRY\material_versions.md"
"WOOD_AND_PLANT_MATERIALS\cane.md","0","0","","EMPTY_OLD_FILE_REVIEW","04_SURFACE_STRUCTURE\surface_renderer_validation_register.csv","0","04_SURFACE_STRUCTURE\surface_renderer_test_matrix.md","0","04_SURFACE_STRUCTURE\surface_renderer_confirmation_note.md","0","05_BEHAVIOR\aging.md | 05_BEHAVIOR\damage.md | 05_BEHAVIOR\dust_dirt_mud.md | 05_BEHAVIOR\environmental_response.md | 05_BEHAVIOR\repair.md | 05_BEHAVIOR\water_wetting_absorption.md | 05_BEHAVIOR\wear.md | 05_BEHAVIOR\weathering.md | 06_STATES\condition_states.md | 06_STATES\material_state_model.md | 06_STATES\state_continuity.md | 06_STATES\state_transitions.md | 06_STATES\thermal_states.md | 06_STATES\wet_dry_states.md | 07_HISTORICAL_CANONICAL\canonical_material_usage.md | 07_HISTORICAL_CANONICAL\conflicts_uncertainty.md | 07_HISTORICAL_CANONICAL\historical_material_availability.md | 07_HISTORICAL_CANONICAL\material_evidence.md | 07_HISTORICAL_CANONICAL\traditional_indian_materials.md | 07_HISTORICAL_CANONICAL\traditional_manufacturing.md | 08_INTERACTION\animal_interaction.md | 08_INTERACTION\architecture_interaction.md | 08_INTERACTION\environment_interaction.md | 08_INTERACTION\human_interaction.md | 08_INTERACTION\prop_interaction.md | 09_AI_PRODUCTION\artifact_prevention.md | 09_AI_PRODUCTION\candidate_selection.md | 09_AI_PRODUCTION\material_generation_validation.md | 09_AI_PRODUCTION\material_prompting.md | 09_AI_PRODUCTION\negative_constraints.md | 09_AI_PRODUCTION\reference_strategy.md | 10_CONTINUITY_QA\approval_criteria.md | 10_CONTINUITY_QA\cross_episode_consistency.md | 10_CONTINUITY_QA\cross_scene_consistency.md | 10_CONTINUITY_QA\cross_shot_consistency.md | 10_CONTINUITY_QA\material_continuity.md | 10_CONTINUITY_QA\realism_qa.md | 10_CONTINUITY_QA\temporal_consistency.md | 11_PRODUCTION_HANDOFF\3d_handoff.md | 11_PRODUCTION_HANDOFF\lighting_handoff.md | 11_PRODUCTION_HANDOFF\physics_handoff.md | 11_PRODUCTION_HANDOFF\render_validation.md | 11_PRODUCTION_HANDOFF\shader_handoff.md | 11_PRODUCTION_HANDOFF\texture_handoff.md | 11_PRODUCTION_HANDOFF\vfx_handoff.md | 12_REGISTRY\change_control.md | 12_REGISTRY\material_registry.md | 12_REGISTRY\material_variants.md | 12_REGISTRY\material_versions.md"
"WOOD_AND_PLANT_MATERIALS\hardwood.md","0","0","","EMPTY_OLD_FILE_REVIEW","04_SURFACE_STRUCTURE\surface_renderer_validation_register.csv","0","04_SURFACE_STRUCTURE\surface_renderer_test_matrix.md","0","04_SURFACE_STRUCTURE\surface_renderer_confirmation_note.md","0","05_BEHAVIOR\aging.md | 05_BEHAVIOR\damage.md | 05_BEHAVIOR\dust_dirt_mud.md | 05_BEHAVIOR\environmental_response.md | 05_BEHAVIOR\repair.md | 05_BEHAVIOR\water_wetting_absorption.md | 05_BEHAVIOR\wear.md | 05_BEHAVIOR\weathering.md | 06_STATES\condition_states.md | 06_STATES\material_state_model.md | 06_STATES\state_continuity.md | 06_STATES\state_transitions.md | 06_STATES\thermal_states.md | 06_STATES\wet_dry_states.md | 07_HISTORICAL_CANONICAL\canonical_material_usage.md | 07_HISTORICAL_CANONICAL\conflicts_uncertainty.md | 07_HISTORICAL_CANONICAL\historical_material_availability.md | 07_HISTORICAL_CANONICAL\material_evidence.md | 07_HISTORICAL_CANONICAL\traditional_indian_materials.md | 07_HISTORICAL_CANONICAL\traditional_manufacturing.md | 08_INTERACTION\animal_interaction.md | 08_INTERACTION\architecture_interaction.md | 08_INTERACTION\environment_interaction.md | 08_INTERACTION\human_interaction.md | 08_INTERACTION\prop_interaction.md | 09_AI_PRODUCTION\artifact_prevention.md | 09_AI_PRODUCTION\candidate_selection.md | 09_AI_PRODUCTION\material_generation_validation.md | 09_AI_PRODUCTION\material_prompting.md | 09_AI_PRODUCTION\negative_constraints.md | 09_AI_PRODUCTION\reference_strategy.md | 10_CONTINUITY_QA\approval_criteria.md | 10_CONTINUITY_QA\cross_episode_consistency.md | 10_CONTINUITY_QA\cross_scene_consistency.md | 10_CONTINUITY_QA\cross_shot_consistency.md | 10_CONTINUITY_QA\material_continuity.md | 10_CONTINUITY_QA\realism_qa.md | 10_CONTINUITY_QA\temporal_consistency.md | 11_PRODUCTION_HANDOFF\3d_handoff.md | 11_PRODUCTION_HANDOFF\lighting_handoff.md | 11_PRODUCTION_HANDOFF\physics_handoff.md | 11_PRODUCTION_HANDOFF\render_validation.md | 11_PRODUCTION_HANDOFF\shader_handoff.md | 11_PRODUCTION_HANDOFF\texture_handoff.md | 11_PRODUCTION_HANDOFF\vfx_handoff.md | 12_REGISTRY\change_control.md | 12_REGISTRY\material_registry.md | 12_REGISTRY\material_variants.md | 12_REGISTRY\material_versions.md"
"WOOD_AND_PLANT_MATERIALS\palm_materials.md","0","0","","EMPTY_OLD_FILE_REVIEW","04_SURFACE_STRUCTURE\surface_renderer_validation_register.csv","0","04_SURFACE_STRUCTURE\surface_renderer_test_matrix.md","0","04_SURFACE_STRUCTURE\surface_renderer_confirmation_note.md","0","05_BEHAVIOR\aging.md | 05_BEHAVIOR\damage.md | 05_BEHAVIOR\dust_dirt_mud.md | 05_BEHAVIOR\environmental_response.md | 05_BEHAVIOR\repair.md | 05_BEHAVIOR\water_wetting_absorption.md | 05_BEHAVIOR\wear.md | 05_BEHAVIOR\weathering.md | 06_STATES\condition_states.md | 06_STATES\material_state_model.md | 06_STATES\state_continuity.md | 06_STATES\state_transitions.md | 06_STATES\thermal_states.md | 06_STATES\wet_dry_states.md | 07_HISTORICAL_CANONICAL\canonical_material_usage.md | 07_HISTORICAL_CANONICAL\conflicts_uncertainty.md | 07_HISTORICAL_CANONICAL\historical_material_availability.md | 07_HISTORICAL_CANONICAL\material_evidence.md | 07_HISTORICAL_CANONICAL\traditional_indian_materials.md | 07_HISTORICAL_CANONICAL\traditional_manufacturing.md | 08_INTERACTION\animal_interaction.md | 08_INTERACTION\architecture_interaction.md | 08_INTERACTION\environment_interaction.md | 08_INTERACTION\human_interaction.md | 08_INTERACTION\prop_interaction.md | 09_AI_PRODUCTION\artifact_prevention.md | 09_AI_PRODUCTION\candidate_selection.md | 09_AI_PRODUCTION\material_generation_validation.md | 09_AI_PRODUCTION\material_prompting.md | 09_AI_PRODUCTION\negative_constraints.md | 09_AI_PRODUCTION\reference_strategy.md | 10_CONTINUITY_QA\approval_criteria.md | 10_CONTINUITY_QA\cross_episode_consistency.md | 10_CONTINUITY_QA\cross_scene_consistency.md | 10_CONTINUITY_QA\cross_shot_consistency.md | 10_CONTINUITY_QA\material_continuity.md | 10_CONTINUITY_QA\realism_qa.md | 10_CONTINUITY_QA\temporal_consistency.md | 11_PRODUCTION_HANDOFF\3d_handoff.md | 11_PRODUCTION_HANDOFF\lighting_handoff.md | 11_PRODUCTION_HANDOFF\physics_handoff.md | 11_PRODUCTION_HANDOFF\render_validation.md | 11_PRODUCTION_HANDOFF\shader_handoff.md | 11_PRODUCTION_HANDOFF\texture_handoff.md | 11_PRODUCTION_HANDOFF\vfx_handoff.md | 12_REGISTRY\change_control.md | 12_REGISTRY\material_registry.md | 12_REGISTRY\material_variants.md | 12_REGISTRY\material_versions.md"
"WOOD_AND_PLANT_MATERIALS\plant_fibers.md","0","0","","EMPTY_OLD_FILE_REVIEW","04_SURFACE_STRUCTURE\surface_renderer_validation_register.csv","0","04_SURFACE_STRUCTURE\surface_renderer_test_matrix.md","0","04_SURFACE_STRUCTURE\surface_renderer_confirmation_note.md","0","05_BEHAVIOR\aging.md | 05_BEHAVIOR\damage.md | 05_BEHAVIOR\dust_dirt_mud.md | 05_BEHAVIOR\environmental_response.md | 05_BEHAVIOR\repair.md | 05_BEHAVIOR\water_wetting_absorption.md | 05_BEHAVIOR\wear.md | 05_BEHAVIOR\weathering.md | 06_STATES\condition_states.md | 06_STATES\material_state_model.md | 06_STATES\state_continuity.md | 06_STATES\state_transitions.md | 06_STATES\thermal_states.md | 06_STATES\wet_dry_states.md | 07_HISTORICAL_CANONICAL\canonical_material_usage.md | 07_HISTORICAL_CANONICAL\conflicts_uncertainty.md | 07_HISTORICAL_CANONICAL\historical_material_availability.md | 07_HISTORICAL_CANONICAL\material_evidence.md | 07_HISTORICAL_CANONICAL\traditional_indian_materials.md | 07_HISTORICAL_CANONICAL\traditional_manufacturing.md | 08_INTERACTION\animal_interaction.md | 08_INTERACTION\architecture_interaction.md | 08_INTERACTION\environment_interaction.md | 08_INTERACTION\human_interaction.md | 08_INTERACTION\prop_interaction.md | 09_AI_PRODUCTION\artifact_prevention.md | 09_AI_PRODUCTION\candidate_selection.md | 09_AI_PRODUCTION\material_generation_validation.md | 09_AI_PRODUCTION\material_prompting.md | 09_AI_PRODUCTION\negative_constraints.md | 09_AI_PRODUCTION\reference_strategy.md | 10_CONTINUITY_QA\approval_criteria.md | 10_CONTINUITY_QA\cross_episode_consistency.md | 10_CONTINUITY_QA\cross_scene_consistency.md | 10_CONTINUITY_QA\cross_shot_consistency.md | 10_CONTINUITY_QA\material_continuity.md | 10_CONTINUITY_QA\realism_qa.md | 10_CONTINUITY_QA\temporal_consistency.md | 11_PRODUCTION_HANDOFF\3d_handoff.md | 11_PRODUCTION_HANDOFF\lighting_handoff.md | 11_PRODUCTION_HANDOFF\physics_handoff.md | 11_PRODUCTION_HANDOFF\render_validation.md | 11_PRODUCTION_HANDOFF\shader_handoff.md | 11_PRODUCTION_HANDOFF\texture_handoff.md | 11_PRODUCTION_HANDOFF\vfx_handoff.md | 12_REGISTRY\change_control.md | 12_REGISTRY\material_registry.md | 12_REGISTRY\material_variants.md | 12_REGISTRY\material_versions.md"
"WOOD_AND_PLANT_MATERIALS\softwood.md","0","0","","EMPTY_OLD_FILE_REVIEW","04_SURFACE_STRUCTURE\surface_renderer_validation_register.csv","0","04_SURFACE_STRUCTURE\surface_renderer_test_matrix.md","0","04_SURFACE_STRUCTURE\surface_renderer_confirmation_note.md","0","05_BEHAVIOR\aging.md | 05_BEHAVIOR\damage.md | 05_BEHAVIOR\dust_dirt_mud.md | 05_BEHAVIOR\environmental_response.md | 05_BEHAVIOR\repair.md | 05_BEHAVIOR\water_wetting_absorption.md | 05_BEHAVIOR\wear.md | 05_BEHAVIOR\weathering.md | 06_STATES\condition_states.md | 06_STATES\material_state_model.md | 06_STATES\state_continuity.md | 06_STATES\state_transitions.md | 06_STATES\thermal_states.md | 06_STATES\wet_dry_states.md | 07_HISTORICAL_CANONICAL\canonical_material_usage.md | 07_HISTORICAL_CANONICAL\conflicts_uncertainty.md | 07_HISTORICAL_CANONICAL\historical_material_availability.md | 07_HISTORICAL_CANONICAL\material_evidence.md | 07_HISTORICAL_CANONICAL\traditional_indian_materials.md | 07_HISTORICAL_CANONICAL\traditional_manufacturing.md | 08_INTERACTION\animal_interaction.md | 08_INTERACTION\architecture_interaction.md | 08_INTERACTION\environment_interaction.md | 08_INTERACTION\human_interaction.md | 08_INTERACTION\prop_interaction.md | 09_AI_PRODUCTION\artifact_prevention.md | 09_AI_PRODUCTION\candidate_selection.md | 09_AI_PRODUCTION\material_generation_validation.md | 09_AI_PRODUCTION\material_prompting.md | 09_AI_PRODUCTION\negative_constraints.md | 09_AI_PRODUCTION\reference_strategy.md | 10_CONTINUITY_QA\approval_criteria.md | 10_CONTINUITY_QA\cross_episode_consistency.md | 10_CONTINUITY_QA\cross_scene_consistency.md | 10_CONTINUITY_QA\cross_shot_consistency.md | 10_CONTINUITY_QA\material_continuity.md | 10_CONTINUITY_QA\realism_qa.md | 10_CONTINUITY_QA\temporal_consistency.md | 11_PRODUCTION_HANDOFF\3d_handoff.md | 11_PRODUCTION_HANDOFF\lighting_handoff.md | 11_PRODUCTION_HANDOFF\physics_handoff.md | 11_PRODUCTION_HANDOFF\render_validation.md | 11_PRODUCTION_HANDOFF\shader_handoff.md | 11_PRODUCTION_HANDOFF\texture_handoff.md | 11_PRODUCTION_HANDOFF\vfx_handoff.md | 12_REGISTRY\change_control.md | 12_REGISTRY\material_registry.md | 12_REGISTRY\material_variants.md | 12_REGISTRY\material_versions.md"
