"Path","Extension","Bytes","MaterialTerms","EvidenceTerms","AssetTerms"
"OPEN_QUESTIONS.md",".md","73","False","True","False"
"README.md",".md","1127","False","True","False"
"3D\MATERIAL_HANDOFF\material_assignment.md",".md","1366","True","True","True"
"ANIMALS\00_LEGACY_MIGRATION\02_CLASSIFIED\01_BIOLOGY_AND_15_RESEARCH\alertness.md.migration.md",".md","663","True","True","False"
"ANIMALS\00_LEGACY_MIGRATION\02_CLASSIFIED\01_BIOLOGY_AND_15_RESEARCH\alertness_E3B0C44298FC.md.migration.md",".md","663","True","True","False"
"ANIMALS\00_LEGACY_MIGRATION\02_CLASSIFIED\01_BIOLOGY_AND_15_RESEARCH\anatomy.md.migration.md",".md","661","True","True","False"
"ANIMALS\00_LEGACY_MIGRATION\02_CLASSIFIED\01_BIOLOGY_AND_15_RESEARCH\anatomy_E3B0C44298FC.md.migration.md",".md","661","True","True","False"
"ANIMALS\00_LEGACY_MIGRATION\02_CLASSIFIED\01_BIOLOGY_AND_15_RESEARCH\animation_rules.md.migration.md",".md","669","True","True","False"
"ANIMALS\00_LEGACY_MIGRATION\02_CLASSIFIED\01_BIOLOGY_AND_15_RESEARCH\animation_rules_E3B0C44298FC.md.migration.md",".md","669","True","True","False"
"ANIMALS\00_LEGACY_MIGRATION\02_CLASSIFIED\01_BIOLOGY_AND_15_RESEARCH\appearance.md.migration.md",".md","664","True","True","False"
"ANIMALS\00_LEGACY_MIGRATION\02_CLASSIFIED\01_BIOLOGY_AND_15_RESEARCH\appearance_E3B0C44298FC.md.migration.md",".md","664","True","True","False"
"ANIMALS\00_LEGACY_MIGRATION\02_CLASSIFIED\01_BIOLOGY_AND_15_RESEARCH\behavior_dna.md.migration.md",".md","666","True","True","False"
"ANIMALS\00_LEGACY_MIGRATION\02_CLASSIFIED\01_BIOLOGY_AND_15_RESEARCH\behavior_dna_E3B0C44298FC.md.migration.md",".md","666","True","True","False"
"ANIMALS\00_LEGACY_MIGRATION\02_CLASSIFIED\01_BIOLOGY_AND_15_RESEARCH\environmental_response.md.migration.md",".md","676","True","True","False"
"ANIMALS\00_LEGACY_MIGRATION\02_CLASSIFIED\01_BIOLOGY_AND_15_RESEARCH\environmental_response_E3B0C44298FC.md.migration.md",".md","676","True","True","False"
"ANIMALS\00_LEGACY_MIGRATION\02_CLASSIFIED\01_BIOLOGY_AND_15_RESEARCH\fear_response.md.migration.md",".md","667","True","True","False"
"ANIMALS\00_LEGACY_MIGRATION\02_CLASSIFIED\01_BIOLOGY_AND_15_RESEARCH\fear_response_E3B0C44298FC.md.migration.md",".md","667","True","True","False"
"ANIMALS\00_LEGACY_MIGRATION\02_CLASSIFIED\01_BIOLOGY_AND_15_RESEARCH\feeding.md.migration.md",".md","661","True","True","False"
"ANIMALS\00_LEGACY_MIGRATION\02_CLASSIFIED\01_BIOLOGY_AND_15_RESEARCH\feeding_E3B0C44298FC.md.migration.md",".md","661","True","True","False"
"ANIMALS\00_LEGACY_MIGRATION\02_CLASSIFIED\01_BIOLOGY_AND_15_RESEARCH\forbidden_behavior.md.migration.md",".md","672","True","True","False"
"ANIMALS\00_LEGACY_MIGRATION\02_CLASSIFIED\01_BIOLOGY_AND_15_RESEARCH\forbidden_behavior_E3B0C44298FC.md.migration.md",".md","672","True","True","False"
"ANIMALS\00_LEGACY_MIGRATION\02_CLASSIFIED\01_BIOLOGY_AND_15_RESEARCH\grooming.md.migration.md",".md","662","True","True","False"
"ANIMALS\00_LEGACY_MIGRATION\02_CLASSIFIED\01_BIOLOGY_AND_15_RESEARCH\grooming_E3B0C44298FC.md.migration.md",".md","662","True","True","False"
"ANIMALS\00_LEGACY_MIGRATION\02_CLASSIFIED\01_BIOLOGY_AND_15_RESEARCH\group_behavior.md.migration.md",".md","668","True","True","False"
"ANIMALS\00_LEGACY_MIGRATION\02_CLASSIFIED\01_BIOLOGY_AND_15_RESEARCH\group_behavior_E3B0C44298FC.md.migration.md",".md","668","True","True","False"
"ANIMALS\00_LEGACY_MIGRATION\02_CLASSIFIED\01_BIOLOGY_AND_15_RESEARCH\human_interaction.md.migration.md",".md","671","True","True","False"
"ANIMALS\00_LEGACY_MIGRATION\02_CLASSIFIED\01_BIOLOGY_AND_15_RESEARCH\human_interaction_E3B0C44298FC.md.migration.md",".md","671","True","True","False"
"ANIMALS\00_LEGACY_MIGRATION\02_CLASSIFIED\01_BIOLOGY_AND_15_RESEARCH\individual_variation.md.migration.md",".md","674","True","True","False"
"ANIMALS\00_LEGACY_MIGRATION\02_CLASSIFIED\01_BIOLOGY_AND_15_RESEARCH\individual_variation_E3B0C44298FC.md.migration.md",".md","674","True","True","False"
"ANIMALS\00_LEGACY_MIGRATION\02_CLASSIFIED\01_BIOLOGY_AND_15_RESEARCH\locomotion.md.migration.md",".md","664","True","True","False"
"ANIMALS\00_LEGACY_MIGRATION\02_CLASSIFIED\01_BIOLOGY_AND_15_RESEARCH\locomotion_E3B0C44298FC.md.migration.md",".md","664","True","True","False"
"ANIMALS\00_LEGACY_MIGRATION\02_CLASSIFIED\01_BIOLOGY_AND_15_RESEARCH\mother_offspring.md.migration.md",".md","670","True","True","False"
"ANIMALS\00_LEGACY_MIGRATION\02_CLASSIFIED\01_BIOLOGY_AND_15_RESEARCH\mother_offspring_E3B0C44298FC.md.migration.md",".md","670","True","True","False"
"ANIMALS\00_LEGACY_MIGRATION\02_CLASSIFIED\01_BIOLOGY_AND_15_RESEARCH\physics.md.migration.md",".md","661","True","True","False"
"ANIMALS\00_LEGACY_MIGRATION\02_CLASSIFIED\01_BIOLOGY_AND_15_RESEARCH\physics_E3B0C44298FC.md.migration.md",".md","661","True","True","False"
"ANIMALS\00_LEGACY_MIGRATION\02_CLASSIFIED\01_BIOLOGY_AND_15_RESEARCH\predator_response.md.migration.md",".md","671","True","True","False"
"ANIMALS\00_LEGACY_MIGRATION\02_CLASSIFIED\01_BIOLOGY_AND_15_RESEARCH\predator_response_E3B0C44298FC.md.migration.md",".md","671","True","True","False"
"ANIMALS\00_LEGACY_MIGRATION\02_CLASSIFIED\01_BIOLOGY_AND_15_RESEARCH\references.md.migration.md",".md","664","True","True","False"
"ANIMALS\00_LEGACY_MIGRATION\02_CLASSIFIED\01_BIOLOGY_AND_15_RESEARCH\references_E3B0C44298FC.md.migration.md",".md","664","True","True","False"
"ANIMALS\00_LEGACY_MIGRATION\02_CLASSIFIED\01_BIOLOGY_AND_15_RESEARCH\resting.md.migration.md",".md","661","True","True","False"
"ANIMALS\00_LEGACY_MIGRATION\02_CLASSIFIED\01_BIOLOGY_AND_15_RESEARCH\resting_E3B0C44298FC.md.migration.md",".md","661","True","True","False"
"ANIMALS\00_LEGACY_MIGRATION\02_CLASSIFIED\01_BIOLOGY_AND_15_RESEARCH\social_behavior.md.migration.md",".md","669","True","True","False"
"ANIMALS\00_LEGACY_MIGRATION\02_CLASSIFIED\01_BIOLOGY_AND_15_RESEARCH\social_behavior_E3B0C44298FC.md.migration.md",".md","669","True","True","False"
"ANIMALS\00_LEGACY_MIGRATION\02_CLASSIFIED\01_BIOLOGY_AND_15_RESEARCH\sources.md.migration.md",".md","661","True","True","False"
"ANIMALS\00_LEGACY_MIGRATION\02_CLASSIFIED\01_BIOLOGY_AND_15_RESEARCH\sources_E3B0C44298FC.md.migration.md",".md","661","True","True","False"
"ANIMALS\00_LEGACY_MIGRATION\02_CLASSIFIED\01_BIOLOGY_AND_15_RESEARCH\species_profile.md.migration.md",".md","669","True","True","False"
"ANIMALS\00_LEGACY_MIGRATION\02_CLASSIFIED\01_BIOLOGY_AND_15_RESEARCH\species_profile_E3B0C44298FC.md.migration.md",".md","669","True","True","False"
"ANIMALS\00_LEGACY_MIGRATION\02_CLASSIFIED\01_BIOLOGY_AND_15_RESEARCH\vocalization.md.migration.md",".md","666","True","True","False"
"ANIMALS\00_LEGACY_MIGRATION\02_CLASSIFIED\01_BIOLOGY_AND_15_RESEARCH\vocalization_E3B0C44298FC.md.migration.md",".md","666","True","True","False"
"ANIMALS\00_LEGACY_MIGRATION\02_CLASSIFIED\03_BEHAVIOR_AND_20_EPISODE_INTEGRATION\animal_reaction_to_characters.md.migration.md",".md","697","True","True","False"
"ANIMALS\00_LEGACY_MIGRATION\02_CLASSIFIED\03_BEHAVIOR_AND_20_EPISODE_INTEGRATION\battle_behavior.md.migration.md",".md","683","True","True","False"
"ANIMALS\00_LEGACY_MIGRATION\02_CLASSIFIED\03_BEHAVIOR_AND_20_EPISODE_INTEGRATION\crowd_behavior.md.migration.md",".md","682","True","True","False"
"ANIMALS\00_LEGACY_MIGRATION\02_CLASSIFIED\03_BEHAVIOR_AND_20_EPISODE_INTEGRATION\danger_behavior.md.migration.md",".md","683","True","True","False"
"ANIMALS\00_LEGACY_MIGRATION\02_CLASSIFIED\03_BEHAVIOR_AND_20_EPISODE_INTEGRATION\death_event_behavior.md.migration.md",".md","688","True","True","False"
"ANIMALS\00_LEGACY_MIGRATION\02_CLASSIFIED\03_BEHAVIOR_AND_20_EPISODE_INTEGRATION\divine_presence_behavior.md.migration.md",".md","692","True","True","False"
"ANIMALS\00_LEGACY_MIGRATION\02_CLASSIFIED\03_BEHAVIOR_AND_20_EPISODE_INTEGRATION\fire_behavior.md.migration.md",".md","681","True","True","False"
"ANIMALS\00_LEGACY_MIGRATION\02_CLASSIFIED\03_BEHAVIOR_AND_20_EPISODE_INTEGRATION\forest_travel_behavior.md.migration.md",".md","690","True","True","False"
"ANIMALS\00_LEGACY_MIGRATION\02_CLASSIFIED\03_BEHAVIOR_AND_20_EPISODE_INTEGRATION\human_animal_reaction.md.migration.md",".md","689","True","True","False"
"ANIMALS\00_LEGACY_MIGRATION\02_CLASSIFIED\03_BEHAVIOR_AND_20_EPISODE_INTEGRATION\loud_sound_behavior.md.migration.md",".md","687","True","True","False"
"ANIMALS\00_LEGACY_MIGRATION\02_CLASSIFIED\03_BEHAVIOR_AND_20_EPISODE_INTEGRATION\normal_background_behavior.md.migration.md",".md","694","True","True","False"
"ANIMALS\00_LEGACY_MIGRATION\02_CLASSIFIED\03_BEHAVIOR_AND_20_EPISODE_INTEGRATION\peaceful_scene_behavior.md.migration.md",".md","691","True","True","False"
"ANIMALS\00_LEGACY_MIGRATION\02_CLASSIFIED\03_BEHAVIOR_AND_20_EPISODE_INTEGRATION\ritual_behavior.md.migration.md",".md","683","True","True","False"
"ANIMALS\00_LEGACY_MIGRATION\02_CLASSIFIED\03_BEHAVIOR_AND_20_EPISODE_INTEGRATION\royal_arrival_behavior.md.migration.md",".md","690","True","True","False"
"ANIMALS\00_LEGACY_MIGRATION\02_CLASSIFIED\03_BEHAVIOR_AND_20_EPISODE_INTEGRATION\scene_specific_behavior.md.migration.md",".md","691","True","True","False"
"ANIMALS\00_LEGACY_MIGRATION\02_CLASSIFIED\03_BEHAVIOR_AND_20_EPISODE_INTEGRATION\storm_behavior.md.migration.md",".md","682","True","True","False"
"ANIMALS\00_LEGACY_MIGRATION\02_CLASSIFIED\03_BEHAVIOR_AND_20_EPISODE_INTEGRATION\supernatural_event_behavior.md.migration.md",".md","695","True","True","False"
"ANIMALS\00_LEGACY_MIGRATION\02_CLASSIFIED\03_BEHAVIOR_AND_20_EPISODE_INTEGRATION\wedding_behavior.md.migration.md",".md","684","True","True","False"
"ANIMALS\00_LEGACY_MIGRATION\02_CLASSIFIED\03_BEHAVIOR_AND_20_EPISODE_INTEGRATION\yajna_behavior.md.migration.md",".md","682","True","True","False"
"ANIMALS\00_LEGACY_MIGRATION\02_CLASSIFIED\05_ECOLOGY\animal_density.md.migration.md",".md","650","True","True","False"
"ANIMALS\00_LEGACY_MIGRATION\02_CLASSIFIED\05_ECOLOGY\animal_migration.md.migration.md",".md","649","True","True","False"
"ANIMALS\00_LEGACY_MIGRATION\02_CLASSIFIED\05_ECOLOGY\animal_resource_competition.md.migration.md",".md","660","True","True","False"
"ANIMALS\00_LEGACY_MIGRATION\02_CLASSIFIED\05_ECOLOGY\ashram_population.md.migration.md",".md","653","True","True","False"
"ANIMALS\00_LEGACY_MIGRATION\02_CLASSIFIED\05_ECOLOGY\background_animal_distribution.md.migration.md",".md","666","True","True","False"
"ANIMALS\00_LEGACY_MIGRATION\02_CLASSIFIED\05_ECOLOGY\city_population.md.migration.md",".md","651","True","True","False"
"ANIMALS\00_LEGACY_MIGRATION\02_CLASSIFIED\05_ECOLOGY\ecology_qa.md.migration.md",".md","643","True","True","False"
"ANIMALS\00_LEGACY_MIGRATION\02_CLASSIFIED\05_ECOLOGY\food_chain.md.migration.md",".md","643","True","True","False"
"ANIMALS\00_LEGACY_MIGRATION\02_CLASSIFIED\05_ECOLOGY\forest_ecology.md.migration.md",".md","647","True","True","False"
"ANIMALS\00_LEGACY_MIGRATION\02_CLASSIFIED\05_ECOLOGY\forest_population.md.migration.md",".md","653","True","True","False"
"ANIMALS\00_LEGACY_MIGRATION\02_CLASSIFIED\05_ECOLOGY\garden_population.md.migration.md",".md","653","True","True","False"
"ANIMALS\00_LEGACY_MIGRATION\02_CLASSIFIED\05_ECOLOGY\grassland_ecology.md.migration.md",".md","650","True","True","False"
"ANIMALS\00_LEGACY_MIGRATION\02_CLASSIFIED\05_ECOLOGY\habitat_population_rules.md.migration.md",".md","660","True","True","False"
"ANIMALS\00_LEGACY_MIGRATION\02_CLASSIFIED\05_ECOLOGY\habitat_rules.md.migration.md",".md","646","True","True","False"
"ANIMALS\00_LEGACY_MIGRATION\02_CLASSIFIED\05_ECOLOGY\human_settlement_ecology.md.migration.md",".md","657","True","True","False"
"ANIMALS\00_LEGACY_MIGRATION\02_CLASSIFIED\05_ECOLOGY\individual_population_rules.md.migration.md",".md","663","True","True","False"
"ANIMALS\00_LEGACY_MIGRATION\02_CLASSIFIED\05_ECOLOGY\lake_population.md.migration.md",".md","651","True","True","False"
"ANIMALS\00_LEGACY_MIGRATION\02_CLASSIFIED\05_ECOLOGY\mountain_ecology.md.migration.md",".md","649","True","True","False"
"ANIMALS\00_LEGACY_MIGRATION\02_CLASSIFIED\05_ECOLOGY\mountain_population.md.migration.md",".md","655","True","True","False"
"ANIMALS\00_LEGACY_MIGRATION\02_CLASSIFIED\05_ECOLOGY\palace_population.md.migration.md",".md","653","True","True","False"
"ANIMALS\00_LEGACY_MIGRATION\02_CLASSIFIED\05_ECOLOGY\population_qa.md.migration.md",".md","649","True","True","False"
"ANIMALS\00_LEGACY_MIGRATION\02_CLASSIFIED\05_ECOLOGY\predator_prey.md.migration.md",".md","646","True","True","False"
"ANIMALS\00_LEGACY_MIGRATION\02_CLASSIFIED\05_ECOLOGY\river_ecology.md.migration.md",".md","646","True","True","False"
"ANIMALS\00_LEGACY_MIGRATION\02_CLASSIFIED\05_ECOLOGY\river_population.md.migration.md",".md","652","True","True","False"
"ANIMALS\00_LEGACY_MIGRATION\02_CLASSIFIED\05_ECOLOGY\road_population.md.migration.md",".md","651","True","True","False"
"ANIMALS\00_LEGACY_MIGRATION\02_CLASSIFIED\05_ECOLOGY\royal_court_population.md.migration.md",".md","658","True","True","False"
"ANIMALS\00_LEGACY_MIGRATION\02_CLASSIFIED\05_ECOLOGY\seasonal_changes.md.migration.md",".md","649","True","True","False"
"ANIMALS\00_LEGACY_MIGRATION\02_CLASSIFIED\05_ECOLOGY\species_registry.md.migration.md",".md","652","True","True","False"
"ANIMALS\00_LEGACY_MIGRATION\02_CLASSIFIED\05_ECOLOGY\terrain_interaction.md.migration.md",".md","652","True","True","False"
"ANIMALS\00_LEGACY_MIGRATION\02_CLASSIFIED\05_ECOLOGY\time_of_day.md.migration.md",".md","644","True","True","False"
"ANIMALS\00_LEGACY_MIGRATION\02_CLASSIFIED\05_ECOLOGY\vegetation_interaction.md.migration.md",".md","655","True","True","False"
"ANIMALS\00_LEGACY_MIGRATION\02_CLASSIFIED\05_ECOLOGY\village_ecology.md.migration.md",".md","648","True","True","False"
"ANIMALS\00_LEGACY_MIGRATION\02_CLASSIFIED\05_ECOLOGY\village_population.md.migration.md",".md","654","True","True","False"
"ANIMALS\00_LEGACY_MIGRATION\02_CLASSIFIED\05_ECOLOGY\water_sources.md.migration.md",".md","646","True","True","False"
"ANIMALS\00_LEGACY_MIGRATION\02_CLASSIFIED\05_ECOLOGY\weather_response.md.migration.md",".md","649","True","True","False"
"ANIMALS\00_LEGACY_MIGRATION\02_CLASSIFIED\05_ECOLOGY\wedding_population.md.migration.md",".md","654","True","True","False"
"ANIMALS\00_LEGACY_MIGRATION\02_CLASSIFIED\05_ECOLOGY\wilderness_population.md.migration.md",".md","657","True","True","False"
"ANIMALS\00_LEGACY_MIGRATION\02_CLASSIFIED\05_ECOLOGY\yajna_population.md.migration.md",".md","652","True","True","False"
"ANIMALS\00_LEGACY_MIGRATION\02_CLASSIFIED\05_ECOLOGY_AND_03_BEHAVIOR\family_group_system.md.migration.md",".md","667","True","True","False"
"ANIMALS\00_LEGACY_MIGRATION\02_CLASSIFIED\05_ECOLOGY_AND_03_BEHAVIOR\flock_system.md.migration.md",".md","660","True","True","False"
"ANIMALS\00_LEGACY_MIGRATION\02_CLASSIFIED\05_ECOLOGY_AND_03_BEHAVIOR\group_alert_behavior.md.migration.md",".md","668","True","True","False"
"ANIMALS\00_LEGACY_MIGRATION\02_CLASSIFIED\05_ECOLOGY_AND_03_BEHAVIOR\group_feeding.md.migration.md",".md","661","True","True","False"
"ANIMALS\00_LEGACY_MIGRATION\02_CLASSIFIED\05_ECOLOGY_AND_03_BEHAVIOR\group_movement.md.migration.md",".md","662","True","True","False"
"ANIMALS\00_LEGACY_MIGRATION\02_CLASSIFIED\05_ECOLOGY_AND_03_BEHAVIOR\group_reaction_propagation.md.migration.md",".md","674","True","True","False"
"ANIMALS\00_LEGACY_MIGRATION\02_CLASSIFIED\05_ECOLOGY_AND_03_BEHAVIOR\group_resting.md.migration.md",".md","661","True","True","False"
"ANIMALS\00_LEGACY_MIGRATION\02_CLASSIFIED\05_ECOLOGY_AND_03_BEHAVIOR\herd_system.md.migration.md",".md","659","True","True","False"
"ANIMALS\00_LEGACY_MIGRATION\02_CLASSIFIED\05_ECOLOGY_AND_03_BEHAVIOR\mixed_species_interaction.md.migration.md",".md","673","True","True","False"
"ANIMALS\00_LEGACY_MIGRATION\02_CLASSIFIED\05_ECOLOGY_AND_03_BEHAVIOR\mother_offspring_system.md.migration.md",".md","671","True","True","False"
"ANIMALS\00_LEGACY_MIGRATION\02_CLASSIFIED\05_ECOLOGY_AND_03_BEHAVIOR\pair_system.md.migration.md",".md","659","True","True","False"
"ANIMALS\00_LEGACY_MIGRATION\02_CLASSIFIED\05_ECOLOGY_AND_03_BEHAVIOR\predator_groups.md.migration.md",".md","663","True","True","False"
"ANIMALS\00_LEGACY_MIGRATION\02_CLASSIFIED\05_ECOLOGY_AND_03_BEHAVIOR\social_hierarchy.md.migration.md",".md","664","True","True","False"
"ANIMALS\00_LEGACY_MIGRATION\02_CLASSIFIED\05_ECOLOGY_AND_03_BEHAVIOR\solitary_animals.md.migration.md",".md","664","True","True","False"
"ANIMALS\00_LEGACY_MIGRATION\02_CLASSIFIED\05_ECOLOGY_AND_03_BEHAVIOR\territorial_groups.md.migration.md",".md","666","True","True","False"
"ANIMALS\00_LEGACY_MIGRATION\02_CLASSIFIED\05_ECOLOGY_AND_03_BEHAVIOR\troop_system.md.migration.md",".md","660","True","True","False"
"ANIMALS\00_LEGACY_MIGRATION\02_CLASSIFIED\11_AUDIO\age_based_sound_variation.md.migration.md",".md","654","True","True","False"
"ANIMALS\00_LEGACY_MIGRATION\02_CLASSIFIED\11_AUDIO\aggression_sounds.md.migration.md",".md","646","True","True","False"
"ANIMALS\00_LEGACY_MIGRATION\02_CLASSIFIED\11_AUDIO\aggression_to_sound.md.migration.md",".md","666","True","True","False"
"ANIMALS\00_LEGACY_MIGRATION\02_CLASSIFIED\11_AUDIO\alarm_calls.md.migration.md",".md","640","True","True","False"
"ANIMALS\00_LEGACY_MIGRATION\02_CLASSIFIED\11_AUDIO\alarm_to_sound.md.migration.md",".md","661","True","True","False"
"ANIMALS\00_LEGACY_MIGRATION\02_CLASSIFIED\11_AUDIO\amphibian_sound_profiles.md.migration.md",".md","670","True","True","False"
"ANIMALS\00_LEGACY_MIGRATION\02_CLASSIFIED\11_AUDIO\animal_audio_continuity.md.migration.md",".md","652","True","True","False"
"ANIMALS\00_LEGACY_MIGRATION\02_CLASSIFIED\11_AUDIO\animal_audio_continuity_E3B0C44298FC.md.migration.md",".md","660","True","True","False"
"ANIMALS\00_LEGACY_MIGRATION\02_CLASSIFIED\11_AUDIO\animal_audio_directionality.md.migration.md",".md","656","True","True","False"
"ANIMALS\00_LEGACY_MIGRATION\02_CLASSIFIED\11_AUDIO\animal_audio_distance.md.migration.md",".md","650","True","True","False"
"ANIMALS\00_LEGACY_MIGRATION\02_CLASSIFIED\11_AUDIO\animal_audio_intensity.md.migration.md",".md","651","True","True","False"
"ANIMALS\00_LEGACY_MIGRATION\02_CLASSIFIED\11_AUDIO\animal_audio_registry.md.migration.md",".md","658","True","True","False"
"ANIMALS\00_LEGACY_MIGRATION\02_CLASSIFIED\11_AUDIO\animal_audio_reverb.md.migration.md",".md","648","True","True","False"
"ANIMALS\00_LEGACY_MIGRATION\02_CLASSIFIED\11_AUDIO\animal_audio_system.md.migration.md",".md","648","True","True","False"
"ANIMALS\00_LEGACY_MIGRATION\02_CLASSIFIED\11_AUDIO\animal_audio_timing.md.migration.md",".md","648","True","True","False"
"ANIMALS\00_LEGACY_MIGRATION\02_CLASSIFIED\11_AUDIO\animal_sound_identity.md.migration.md",".md","650","True","True","False"
"ANIMALS\00_LEGACY_MIGRATION\02_CLASSIFIED\11_AUDIO\animal_sound_references.md.migration.md",".md","663","True","True","False"
"ANIMALS\00_LEGACY_MIGRATION\02_CLASSIFIED\11_AUDIO\animal_sound_requirements.md.migration.md",".md","662","True","True","False"
"ANIMALS\00_LEGACY_MIGRATION\02_CLASSIFIED\11_AUDIO\animal_sound_system.md.migration.md",".md","648","True","True","False"
"ANIMALS\00_LEGACY_MIGRATION\02_CLASSIFIED\11_AUDIO\animal_to_audio.md.migration.md",".md","652","True","True","False"
"ANIMALS\00_LEGACY_MIGRATION\02_CLASSIFIED\11_AUDIO\animal_to_sound_design.md.migration.md",".md","659","True","True","False"
"ANIMALS\00_LEGACY_MIGRATION\02_CLASSIFIED\11_AUDIO\background_sound_layers.md.migration.md",".md","652","True","True","False"
"ANIMALS\00_LEGACY_MIGRATION\02_CLASSIFIED\11_AUDIO\behavior_recordings.md.migration.md",".md","659","True","True","False"
"ANIMALS\00_LEGACY_MIGRATION\02_CLASSIFIED\11_AUDIO\behavior_to_sound.md.migration.md",".md","664","True","True","False"
"ANIMALS\00_LEGACY_MIGRATION\02_CLASSIFIED\11_AUDIO\bird_sound_profiles.md.migration.md",".md","665","True","True","False"
"ANIMALS\00_LEGACY_MIGRATION\02_CLASSIFIED\11_AUDIO\calm_sounds.md.migration.md",".md","640","True","True","False"
"ANIMALS\00_LEGACY_MIGRATION\02_CLASSIFIED\11_AUDIO\contact_calls.md.migration.md",".md","642","True","True","False"
"ANIMALS\00_LEGACY_MIGRATION\02_CLASSIFIED\11_AUDIO\courtship_calls.md.migration.md",".md","644","True","True","False"
"ANIMALS\00_LEGACY_MIGRATION\02_CLASSIFIED\11_AUDIO\distress_calls.md.migration.md",".md","643","True","True","False"
"ANIMALS\00_LEGACY_MIGRATION\02_CLASSIFIED\11_AUDIO\distress_to_sound.md.migration.md",".md","664","True","True","False"
"ANIMALS\00_LEGACY_MIGRATION\02_CLASSIFIED\11_AUDIO\divine_event_animal_response.md.migration.md",".md","675","True","True","False"
"ANIMALS\00_LEGACY_MIGRATION\02_CLASSIFIED\11_AUDIO\domestic_recordings.md.migration.md",".md","659","True","True","False"
"ANIMALS\00_LEGACY_MIGRATION\02_CLASSIFIED\11_AUDIO\emotion_to_sound.md.migration.md",".md","663","True","True","False"
"ANIMALS\00_LEGACY_MIGRATION\02_CLASSIFIED\11_AUDIO\environment_change_to_sound.md.migration.md",".md","674","True","True","False"
"ANIMALS\00_LEGACY_MIGRATION\02_CLASSIFIED\11_AUDIO\environment_reactive_sounds.md.migration.md",".md","656","True","True","False"
"ANIMALS\00_LEGACY_MIGRATION\02_CLASSIFIED\11_AUDIO\environment_recordings.md.migration.md",".md","662","True","True","False"
"ANIMALS\00_LEGACY_MIGRATION\02_CLASSIFIED\11_AUDIO\fear_sounds.md.migration.md",".md","640","True","True","False"
"ANIMALS\00_LEGACY_MIGRATION\02_CLASSIFIED\11_AUDIO\fear_to_sound.md.migration.md",".md","660","True","True","False"
"ANIMALS\00_LEGACY_MIGRATION\02_CLASSIFIED\11_AUDIO\feeding_sounds.md.migration.md",".md","643","True","True","False"
"ANIMALS\00_LEGACY_MIGRATION\02_CLASSIFIED\11_AUDIO\fish_sound_profiles.md.migration.md",".md","665","True","True","False"
"ANIMALS\00_LEGACY_MIGRATION\02_CLASSIFIED\11_AUDIO\forest_animal_soundscape.md.migration.md",".md","653","True","True","False"
"ANIMALS\00_LEGACY_MIGRATION\02_CLASSIFIED\11_AUDIO\group_behavior_to_sound.md.migration.md",".md","670","True","True","False"
"ANIMALS\00_LEGACY_MIGRATION\02_CLASSIFIED\11_AUDIO\group_calls.md.migration.md",".md","640","True","True","False"
"ANIMALS\00_LEGACY_MIGRATION\02_CLASSIFIED\11_AUDIO\individual_call_variation.md.migration.md",".md","675","True","True","False"
"ANIMALS\00_LEGACY_MIGRATION\02_CLASSIFIED\11_AUDIO\individual_pitch_variation.md.migration.md",".md","676","True","True","False"
"ANIMALS\00_LEGACY_MIGRATION\02_CLASSIFIED\11_AUDIO\individual_rhythm_variation.md.migration.md",".md","677","True","True","False"
"ANIMALS\00_LEGACY_MIGRATION\02_CLASSIFIED\11_AUDIO\individual_sound_continuity.md.migration.md",".md","677","True","True","False"
"ANIMALS\00_LEGACY_MIGRATION\02_CLASSIFIED\11_AUDIO\individual_sound_variation.md.migration.md",".md","655","True","True","False"
"ANIMALS\00_LEGACY_MIGRATION\02_CLASSIFIED\11_AUDIO\individual_timbre_variation.md.migration.md",".md","677","True","True","False"
"ANIMALS\00_LEGACY_MIGRATION\02_CLASSIFIED\11_AUDIO\individual_voice_identity.md.migration.md",".md","675","True","True","False"
"ANIMALS\00_LEGACY_MIGRATION\02_CLASSIFIED\11_AUDIO\individual_volume_variation.md.migration.md",".md","677","True","True","False"
"ANIMALS\00_LEGACY_MIGRATION\02_CLASSIFIED\11_AUDIO\insect_sound_profiles.md.migration.md",".md","667","True","True","False"
"ANIMALS\00_LEGACY_MIGRATION\02_CLASSIFIED\11_AUDIO\mammal_sound_profiles.md.migration.md",".md","667","True","True","False"
"ANIMALS\00_LEGACY_MIGRATION\02_CLASSIFIED\11_AUDIO\mating_calls.md.migration.md",".md","641","True","True","False"
"ANIMALS\00_LEGACY_MIGRATION\02_CLASSIFIED\11_AUDIO\mother_offspring_calls.md.migration.md",".md","651","True","True","False"
"ANIMALS\00_LEGACY_MIGRATION\02_CLASSIFIED\11_AUDIO\mountain_animal_soundscape.md.migration.md",".md","655","True","True","False"
"ANIMALS\00_LEGACY_MIGRATION\02_CLASSIFIED\11_AUDIO\movement_sounds.md.migration.md",".md","644","True","True","False"
"ANIMALS\00_LEGACY_MIGRATION\02_CLASSIFIED\11_AUDIO\movement_to_sound.md.migration.md",".md","664","True","True","False"
"ANIMALS\00_LEGACY_MIGRATION\02_CLASSIFIED\11_AUDIO\non_vocal_animal_sounds.md.migration.md",".md","652","True","True","False"
"ANIMALS\00_LEGACY_MIGRATION\02_CLASSIFIED\11_AUDIO\pain_sounds.md.migration.md",".md","640","True","True","False"
"ANIMALS\00_LEGACY_MIGRATION\02_CLASSIFIED\11_AUDIO\palace_animal_soundscape.md.migration.md",".md","653","True","True","False"
"ANIMALS\00_LEGACY_MIGRATION\02_CLASSIFIED\11_AUDIO\parent_offspring_calls.md.migration.md",".md","651","True","True","False"
"ANIMALS\00_LEGACY_MIGRATION\02_CLASSIFIED\11_AUDIO\parent_offspring_to_sound.md.migration.md",".md","672","True","True","False"
"ANIMALS\00_LEGACY_MIGRATION\02_CLASSIFIED\11_AUDIO\reference_provenance.md.migration.md",".md","660","True","True","False"
"ANIMALS\00_LEGACY_MIGRATION\02_CLASSIFIED\11_AUDIO\reference_quality.md.migration.md",".md","657","True","True","False"
"ANIMALS\00_LEGACY_MIGRATION\02_CLASSIFIED\11_AUDIO\reptile_sound_profiles.md.migration.md",".md","668","True","True","False"
"ANIMALS\00_LEGACY_MIGRATION\02_CLASSIFIED\11_AUDIO\river_animal_soundscape.md.migration.md",".md","652","True","True","False"
"ANIMALS\00_LEGACY_MIGRATION\02_CLASSIFIED\11_AUDIO\sex_based_sound_variation.md.migration.md",".md","654","True","True","False"
"ANIMALS\00_LEGACY_MIGRATION\02_CLASSIFIED\11_AUDIO\social_calls.md.migration.md",".md","641","True","True","False"
"ANIMALS\00_LEGACY_MIGRATION\02_CLASSIFIED\11_AUDIO\social_interaction_to_sound.md.migration.md",".md","674","True","True","False"
"ANIMALS\00_LEGACY_MIGRATION\02_CLASSIFIED\11_AUDIO\sound_absorption.md.migration.md",".md","653","True","True","False"
"ANIMALS\00_LEGACY_MIGRATION\02_CLASSIFIED\11_AUDIO\sound_direction.md.migration.md",".md","652","True","True","False"
"ANIMALS\00_LEGACY_MIGRATION\02_CLASSIFIED\11_AUDIO\sound_distance.md.migration.md",".md","651","True","True","False"
"ANIMALS\00_LEGACY_MIGRATION\02_CLASSIFIED\11_AUDIO\sound_environment.md.migration.md",".md","654","True","True","False"
"ANIMALS\00_LEGACY_MIGRATION\02_CLASSIFIED\11_AUDIO\sound_occlusion.md.migration.md",".md","652","True","True","False"
"ANIMALS\00_LEGACY_MIGRATION\02_CLASSIFIED\11_AUDIO\sound_position.md.migration.md",".md","651","True","True","False"
"ANIMALS\00_LEGACY_MIGRATION\02_CLASSIFIED\11_AUDIO\sound_reflection.md.migration.md",".md","653","True","True","False"
"ANIMALS\00_LEGACY_MIGRATION\02_CLASSIFIED\11_AUDIO\sound_reverberation.md.migration.md",".md","656","True","True","False"
"ANIMALS\00_LEGACY_MIGRATION\02_CLASSIFIED\11_AUDIO\species_recordings.md.migration.md",".md","658","True","True","False"
"ANIMALS\00_LEGACY_MIGRATION\02_CLASSIFIED\11_AUDIO\species_sound_profiles.md.migration.md",".md","651","True","True","False"
"ANIMALS\00_LEGACY_MIGRATION\02_CLASSIFIED\11_AUDIO\species_sound_profile_system.md.migration.md",".md","674","True","True","False"
"ANIMALS\00_LEGACY_MIGRATION\02_CLASSIFIED\11_AUDIO\species_vocalizations.md.migration.md",".md","650","True","True","False"
"ANIMALS\00_LEGACY_MIGRATION\02_CLASSIFIED\11_AUDIO\territorial_calls.md.migration.md",".md","646","True","True","False"
"ANIMALS\00_LEGACY_MIGRATION\02_CLASSIFIED\11_AUDIO\village_animal_soundscape.md.migration.md",".md","654","True","True","False"
"ANIMALS\00_LEGACY_MIGRATION\02_CLASSIFIED\11_AUDIO\vocalization_system.md.migration.md",".md","648","True","True","False"
"ANIMALS\00_LEGACY_MIGRATION\02_CLASSIFIED\11_AUDIO\warning_calls.md.migration.md",".md","642","True","True","False"
"ANIMALS\00_LEGACY_MIGRATION\02_CLASSIFIED\11_AUDIO\warning_sounds.md.migration.md",".md","643","True","True","False"
"ANIMALS\00_LEGACY_MIGRATION\02_CLASSIFIED\11_AUDIO\wedding_animal_soundscape.md.migration.md",".md","654","True","True","False"
"ANIMALS\00_LEGACY_MIGRATION\02_CLASSIFIED\11_AUDIO\wild_recordings.md.migration.md",".md","655","True","True","False"
"ANIMALS\00_LEGACY_MIGRATION\02_CLASSIFIED\11_AUDIO\yajna_animal_soundscape.md.migration.md",".md","652","True","True","False"
"ANIMALS\00_LEGACY_MIGRATION\02_CLASSIFIED\15_RESEARCH\behavior_references.md.migration.md",".md","656","True","True","False"
"ANIMALS\00_LEGACY_MIGRATION\02_CLASSIFIED\15_RESEARCH\canonical_animal_mentions.md.migration.md",".md","662","True","True","False"
"ANIMALS\00_LEGACY_MIGRATION\02_CLASSIFIED\15_RESEARCH\habitat_references.md.migration.md",".md","655","True","True","False"
"ANIMALS\00_LEGACY_MIGRATION\02_CLASSIFIED\15_RESEARCH\historical_animal_context.md.migration.md",".md","662","True","True","False"
"ANIMALS\00_LEGACY_MIGRATION\02_CLASSIFIED\15_RESEARCH\ramcharitmanas_animal_registry.md.migration.md",".md","667","True","True","False"
"ANIMALS\00_LEGACY_MIGRATION\02_CLASSIFIED\15_RESEARCH\secondary_source_animal_registry.md.migration.md",".md","669","True","True","False"
"ANIMALS\00_LEGACY_MIGRATION\02_CLASSIFIED\15_RESEARCH\source_conflicts.md.migration.md",".md","653","True","True","False"
"ANIMALS\00_LEGACY_MIGRATION\02_CLASSIFIED\15_RESEARCH\traditional_iconography.md.migration.md",".md","660","True","True","False"
"ANIMALS\00_LEGACY_MIGRATION\02_CLASSIFIED\15_RESEARCH\visual_references.md.migration.md",".md","654","True","True","False"
"ANIMALS\00_LEGACY_MIGRATION\02_CLASSIFIED\15_RESEARCH\zoological_references.md.migration.md",".md","658","True","True","False"
"ANIMALS\00_LEGACY_MIGRATION\07_REPORTS\LEGACY_MIGRATION_STATUS.md",".md","1314","True","True","False"
"ANIMALS\00_LEGACY_MIGRATION\09_RECONCILIATION\RECONCILIATION_SUMMARY.md",".md","1006","True","True","False"
"ANIMALS\00_LEGACY_MIGRATION\09_RECONCILIATION\01_CONTENT_EXTRACTS\01_BIOLOGY_AND_15_RESEARCH.content.md",".md","212766","False","True","False"
"ANIMALS\00_LEGACY_MIGRATION\09_RECONCILIATION\01_CONTENT_EXTRACTS\03_BEHAVIOR_AND_20_EPISODE_INTEGRATION.content.md",".md","6559","False","True","False"
"ANIMALS\00_LEGACY_MIGRATION\09_RECONCILIATION\01_CONTENT_EXTRACTS\05_ECOLOGY.content.md",".md","10534","False","True","False"
"ANIMALS\00_LEGACY_MIGRATION\09_RECONCILIATION\01_CONTENT_EXTRACTS\05_ECOLOGY_AND_03_BEHAVIOR.content.md",".md","4882","False","True","False"
"ANIMALS\00_LEGACY_MIGRATION\09_RECONCILIATION\01_CONTENT_EXTRACTS\11_AUDIO.content.md",".md","25112","False","True","False"
"ANIMALS\00_LEGACY_MIGRATION\09_RECONCILIATION\01_CONTENT_EXTRACTS\15_RESEARCH.content.md",".md","3409","False","True","False"
"ANIMALS\00_LEGACY_MIGRATION\09_RECONCILIATION\01_CONTENT_EXTRACTS\age_based_sound_variation.content.md",".md","479","False","True","False"
"ANIMALS\00_LEGACY_MIGRATION\09_RECONCILIATION\01_CONTENT_EXTRACTS\age_based_sound_variation.md.migration.content.md",".md","1143","True","True","False"
"ANIMALS\00_LEGACY_MIGRATION\09_RECONCILIATION\01_CONTENT_EXTRACTS\aggression_sounds.content.md",".md","471","False","True","False"
"ANIMALS\00_LEGACY_MIGRATION\09_RECONCILIATION\01_CONTENT_EXTRACTS\aggression_sounds.md.migration.content.md",".md","1127","True","True","False"
"ANIMALS\00_LEGACY_MIGRATION\09_RECONCILIATION\01_CONTENT_EXTRACTS\aggression_to_sound.content.md",".md","473","False","True","False"
"ANIMALS\00_LEGACY_MIGRATION\09_RECONCILIATION\01_CONTENT_EXTRACTS\aggression_to_sound.md.migration.content.md",".md","1149","True","True","False"
"ANIMALS\00_LEGACY_MIGRATION\09_RECONCILIATION\01_CONTENT_EXTRACTS\alarm_calls.content.md",".md","465","False","True","False"
"ANIMALS\00_LEGACY_MIGRATION\09_RECONCILIATION\01_CONTENT_EXTRACTS\alarm_calls.md.migration.content.md",".md","1115","True","True","False"
"ANIMALS\00_LEGACY_MIGRATION\09_RECONCILIATION\01_CONTENT_EXTRACTS\alarm_to_sound.content.md",".md","468","False","True","False"
"ANIMALS\00_LEGACY_MIGRATION\09_RECONCILIATION\01_CONTENT_EXTRACTS\alarm_to_sound.md.migration.content.md",".md","1139","True","True","False"
"ANIMALS\00_LEGACY_MIGRATION\09_RECONCILIATION\01_CONTENT_EXTRACTS\alertness.content.md",".md","481","False","True","False"
"ANIMALS\00_LEGACY_MIGRATION\09_RECONCILIATION\01_CONTENT_EXTRACTS\alertness.md.migration.content.md",".md","1154","True","True","False"
"ANIMALS\00_LEGACY_MIGRATION\09_RECONCILIATION\01_CONTENT_EXTRACTS\alertness_E3B0C44298FC.content.md",".md","494","False","True","False"
"ANIMALS\00_LEGACY_MIGRATION\09_RECONCILIATION\01_CONTENT_EXTRACTS\alertness_E3B0C44298FC.md.migration.content.md",".md","1167","True","True","False"
"ANIMALS\00_LEGACY_MIGRATION\09_RECONCILIATION\01_CONTENT_EXTRACTS\amphibian_sound_profiles.content.md",".md","478","False","True","False"
"ANIMALS\00_LEGACY_MIGRATION\09_RECONCILIATION\01_CONTENT_EXTRACTS\amphibian_sound_profiles.md.migration.content.md",".md","1158","True","True","False"
"ANIMALS\00_LEGACY_MIGRATION\09_RECONCILIATION\01_CONTENT_EXTRACTS\anatomy.content.md",".md","479","False","True","False"
"ANIMALS\00_LEGACY_MIGRATION\09_RECONCILIATION\01_CONTENT_EXTRACTS\anatomy.md.migration.content.md",".md","1150","True","True","False"
"ANIMALS\00_LEGACY_MIGRATION\09_RECONCILIATION\01_CONTENT_EXTRACTS\anatomy_E3B0C44298FC.content.md",".md","492","False","True","False"
"ANIMALS\00_LEGACY_MIGRATION\09_RECONCILIATION\01_CONTENT_EXTRACTS\anatomy_E3B0C44298FC.md.migration.content.md",".md","1163","True","True","False"
"ANIMALS\00_LEGACY_MIGRATION\09_RECONCILIATION\01_CONTENT_EXTRACTS\animal_audio_continuity.content.md",".md","477","False","True","False"
"ANIMALS\00_LEGACY_MIGRATION\09_RECONCILIATION\01_CONTENT_EXTRACTS\animal_audio_continuity.md.migration.content.md",".md","1139","True","True","False"
"ANIMALS\00_LEGACY_MIGRATION\09_RECONCILIATION\01_CONTENT_EXTRACTS\animal_audio_continuity_E3B0C44298FC.content.md",".md","490","False","True","False"
"ANIMALS\00_LEGACY_MIGRATION\09_RECONCILIATION\01_CONTENT_EXTRACTS\animal_audio_continuity_E3B0C44298FC.md.migration.content.md",".md","1160","True","True","False"
"ANIMALS\00_LEGACY_MIGRATION\09_RECONCILIATION\01_CONTENT_EXTRACTS\animal_audio_directionality.content.md",".md","481","False","True","False"
"ANIMALS\00_LEGACY_MIGRATION\09_RECONCILIATION\01_CONTENT_EXTRACTS\animal_audio_directionality.md.migration.content.md",".md","1147","True","True","False"
"ANIMALS\00_LEGACY_MIGRATION\09_RECONCILIATION\01_CONTENT_EXTRACTS\animal_audio_distance.content.md",".md","475","False","True","False"
"ANIMALS\00_LEGACY_MIGRATION\09_RECONCILIATION\01_CONTENT_EXTRACTS\animal_audio_distance.md.migration.content.md",".md","1135","True","True","False"
"ANIMALS\00_LEGACY_MIGRATION\09_RECONCILIATION\01_CONTENT_EXTRACTS\animal_audio_intensity.content.md",".md","476","False","True","False"
"ANIMALS\00_LEGACY_MIGRATION\09_RECONCILIATION\01_CONTENT_EXTRACTS\animal_audio_intensity.md.migration.content.md",".md","1137","True","True","False"
"ANIMALS\00_LEGACY_MIGRATION\09_RECONCILIATION\01_CONTENT_EXTRACTS\animal_audio_registry.content.md",".md","475","False","True","False"
"ANIMALS\00_LEGACY_MIGRATION\09_RECONCILIATION\01_CONTENT_EXTRACTS\animal_audio_registry.md.migration.content.md",".md","1143","True","True","False"
"ANIMALS\00_LEGACY_MIGRATION\09_RECONCILIATION\01_CONTENT_EXTRACTS\animal_audio_reverb.content.md",".md","473","False","True","False"
"ANIMALS\00_LEGACY_MIGRATION\09_RECONCILIATION\01_CONTENT_EXTRACTS\animal_audio_reverb.md.migration.content.md",".md","1131","True","True","False"
"ANIMALS\00_LEGACY_MIGRATION\09_RECONCILIATION\01_CONTENT_EXTRACTS\animal_audio_system.content.md",".md","473","False","True","False"
"ANIMALS\00_LEGACY_MIGRATION\09_RECONCILIATION\01_CONTENT_EXTRACTS\animal_audio_system.md.migration.content.md",".md","1131","True","True","False"
"ANIMALS\00_LEGACY_MIGRATION\09_RECONCILIATION\01_CONTENT_EXTRACTS\animal_audio_timing.content.md",".md","473","False","True","False"
"ANIMALS\00_LEGACY_MIGRATION\09_RECONCILIATION\01_CONTENT_EXTRACTS\animal_audio_timing.md.migration.content.md",".md","1131","True","True","False"
"ANIMALS\00_LEGACY_MIGRATION\09_RECONCILIATION\01_CONTENT_EXTRACTS\animal_density.content.md",".md","470","False","True","False"
"ANIMALS\00_LEGACY_MIGRATION\09_RECONCILIATION\01_CONTENT_EXTRACTS\animal_density.md.migration.content.md",".md","1130","True","True","False"
"ANIMALS\00_LEGACY_MIGRATION\09_RECONCILIATION\01_CONTENT_EXTRACTS\animal_migration.content.md",".md","472","False","True","False"
"ANIMALS\00_LEGACY_MIGRATION\09_RECONCILIATION\01_CONTENT_EXTRACTS\animal_migration.md.migration.content.md",".md","1131","True","True","False"
"ANIMALS\00_LEGACY_MIGRATION\09_RECONCILIATION\01_CONTENT_EXTRACTS\animal_reaction_to_characters.content.md",".md","513","False","True","False"
"ANIMALS\00_LEGACY_MIGRATION\09_RECONCILIATION\01_CONTENT_EXTRACTS\animal_reaction_to_characters.md.migration.content.md",".md","1220","True","True","False"
"ANIMALS\00_LEGACY_MIGRATION\09_RECONCILIATION\01_CONTENT_EXTRACTS\animal_resource_competition.content.md",".md","483","False","True","False"
"ANIMALS\00_LEGACY_MIGRATION\09_RECONCILIATION\01_CONTENT_EXTRACTS\animal_resource_competition.md.migration.content.md",".md","1153","True","True","False"
"ANIMALS\00_LEGACY_MIGRATION\09_RECONCILIATION\01_CONTENT_EXTRACTS\animal_sound_identity.content.md",".md","475","False","True","False"
"ANIMALS\00_LEGACY_MIGRATION\09_RECONCILIATION\01_CONTENT_EXTRACTS\animal_sound_identity.md.migration.content.md",".md","1135","True","True","False"
"ANIMALS\00_LEGACY_MIGRATION\09_RECONCILIATION\01_CONTENT_EXTRACTS\animal_sound_references.content.md",".md","477","False","True","False"
"ANIMALS\00_LEGACY_MIGRATION\09_RECONCILIATION\01_CONTENT_EXTRACTS\animal_sound_references.md.migration.content.md",".md","1150","True","True","False"
"ANIMALS\00_LEGACY_MIGRATION\09_RECONCILIATION\01_CONTENT_EXTRACTS\animal_sound_requirements.content.md",".md","479","False","True","False"
"ANIMALS\00_LEGACY_MIGRATION\09_RECONCILIATION\01_CONTENT_EXTRACTS\animal_sound_requirements.md.migration.content.md",".md","1151","True","True","False"
"ANIMALS\00_LEGACY_MIGRATION\09_RECONCILIATION\01_CONTENT_EXTRACTS\animal_sound_system.content.md",".md","473","False","True","False"
"ANIMALS\00_LEGACY_MIGRATION\09_RECONCILIATION\01_CONTENT_EXTRACTS\animal_sound_system.md.migration.content.md",".md","1131","True","True","False"
"ANIMALS\00_LEGACY_MIGRATION\09_RECONCILIATION\01_CONTENT_EXTRACTS\animal_to_audio.content.md",".md","469","False","True","False"
"ANIMALS\00_LEGACY_MIGRATION\09_RECONCILIATION\01_CONTENT_EXTRACTS\animal_to_audio.md.migration.content.md",".md","1131","True","True","False"
"ANIMALS\00_LEGACY_MIGRATION\09_RECONCILIATION\01_CONTENT_EXTRACTS\animal_to_sound_design.content.md",".md","476","False","True","False"
"ANIMALS\00_LEGACY_MIGRATION\09_RECONCILIATION\01_CONTENT_EXTRACTS\animal_to_sound_design.md.migration.content.md",".md","1145","True","True","False"
"ANIMALS\00_LEGACY_MIGRATION\09_RECONCILIATION\01_CONTENT_EXTRACTS\animation_rules.content.md",".md","487","False","True","False"
"ANIMALS\00_LEGACY_MIGRATION\09_RECONCILIATION\01_CONTENT_EXTRACTS\animation_rules.md.migration.content.md",".md","1166","True","True","False"
"ANIMALS\00_LEGACY_MIGRATION\09_RECONCILIATION\01_CONTENT_EXTRACTS\animation_rules_E3B0C44298FC.content.md",".md","500","False","True","False"
"ANIMALS\00_LEGACY_MIGRATION\09_RECONCILIATION\01_CONTENT_EXTRACTS\animation_rules_E3B0C44298FC.md.migration.content.md",".md","1179","True","True","False"
"ANIMALS\00_LEGACY_MIGRATION\09_RECONCILIATION\01_CONTENT_EXTRACTS\appearance.content.md",".md","482","False","True","False"
"ANIMALS\00_LEGACY_MIGRATION\09_RECONCILIATION\01_CONTENT_EXTRACTS\appearance.md.migration.content.md",".md","1156","True","True","False"
"ANIMALS\00_LEGACY_MIGRATION\09_RECONCILIATION\01_CONTENT_EXTRACTS\appearance_E3B0C44298FC.content.md",".md","495","False","True","False"
"ANIMALS\00_LEGACY_MIGRATION\09_RECONCILIATION\01_CONTENT_EXTRACTS\appearance_E3B0C44298FC.md.migration.content.md",".md","1169","True","True","False"
"ANIMALS\00_LEGACY_MIGRATION\09_RECONCILIATION\01_CONTENT_EXTRACTS\ashram_population.content.md",".md","473","False","True","False"
"ANIMALS\00_LEGACY_MIGRATION\09_RECONCILIATION\01_CONTENT_EXTRACTS\ashram_population.md.migration.content.md",".md","1136","True","True","False"
"ANIMALS\00_LEGACY_MIGRATION\09_RECONCILIATION\01_CONTENT_EXTRACTS\background_animal_distribution.content.md",".md","486","False","True","False"
"ANIMALS\00_LEGACY_MIGRATION\09_RECONCILIATION\01_CONTENT_EXTRACTS\background_animal_distribution.md.migration.content.md",".md","1162","True","True","False"
"ANIMALS\00_LEGACY_MIGRATION\09_RECONCILIATION\01_CONTENT_EXTRACTS\background_sound_layers.content.md",".md","477","False","True","False"
"ANIMALS\00_LEGACY_MIGRATION\09_RECONCILIATION\01_CONTENT_EXTRACTS\background_sound_layers.md.migration.content.md",".md","1139","True","True","False"
"ANIMALS\00_LEGACY_MIGRATION\09_RECONCILIATION\01_CONTENT_EXTRACTS\battle_behavior.content.md",".md","499","False","True","False"
"ANIMALS\00_LEGACY_MIGRATION\09_RECONCILIATION\01_CONTENT_EXTRACTS\battle_behavior.md.migration.content.md",".md","1192","True","True","False"
"ANIMALS\00_LEGACY_MIGRATION\09_RECONCILIATION\01_CONTENT_EXTRACTS\behavior_dna.content.md",".md","484","False","True","False"
"ANIMALS\00_LEGACY_MIGRATION\09_RECONCILIATION\01_CONTENT_EXTRACTS\behavior_dna.md.migration.content.md",".md","1160","True","True","False"
"ANIMALS\00_LEGACY_MIGRATION\09_RECONCILIATION\01_CONTENT_EXTRACTS\behavior_dna_E3B0C44298FC.content.md",".md","497","False","True","False"
"ANIMALS\00_LEGACY_MIGRATION\09_RECONCILIATION\01_CONTENT_EXTRACTS\behavior_dna_E3B0C44298FC.md.migration.content.md",".md","1173","True","True","False"
"ANIMALS\00_LEGACY_MIGRATION\09_RECONCILIATION\01_CONTENT_EXTRACTS\behavior_recordings.content.md",".md","473","False","True","False"
"ANIMALS\00_LEGACY_MIGRATION\09_RECONCILIATION\01_CONTENT_EXTRACTS\behavior_recordings.md.migration.content.md",".md","1142","True","True","False"
"ANIMALS\00_LEGACY_MIGRATION\09_RECONCILIATION\01_CONTENT_EXTRACTS\behavior_references.content.md",".md","476","False","True","False"
"ANIMALS\00_LEGACY_MIGRATION\09_RECONCILIATION\01_CONTENT_EXTRACTS\behavior_references.md.migration.content.md",".md","1142","True","True","False"
"ANIMALS\00_LEGACY_MIGRATION\09_RECONCILIATION\01_CONTENT_EXTRACTS\behavior_to_sound.content.md",".md","471","False","True","False"
"ANIMALS\00_LEGACY_MIGRATION\09_RECONCILIATION\01_CONTENT_EXTRACTS\behavior_to_sound.md.migration.content.md",".md","1145","True","True","False"
"ANIMALS\00_LEGACY_MIGRATION\09_RECONCILIATION\01_CONTENT_EXTRACTS\bird_sound_profiles.content.md",".md","473","False","True","False"
"ANIMALS\00_LEGACY_MIGRATION\09_RECONCILIATION\01_CONTENT_EXTRACTS\bird_sound_profiles.md.migration.content.md",".md","1148","True","True","False"
"ANIMALS\00_LEGACY_MIGRATION\09_RECONCILIATION\01_CONTENT_EXTRACTS\calm_sounds.content.md",".md","465","False","True","False"
"ANIMALS\00_LEGACY_MIGRATION\09_RECONCILIATION\01_CONTENT_EXTRACTS\calm_sounds.md.migration.content.md",".md","1115","True","True","False"
"ANIMALS\00_LEGACY_MIGRATION\09_RECONCILIATION\01_CONTENT_EXTRACTS\canonical_animal_mentions.content.md",".md","482","False","True","False"
"ANIMALS\00_LEGACY_MIGRATION\09_RECONCILIATION\01_CONTENT_EXTRACTS\canonical_animal_mentions.md.migration.content.md",".md","1154","True","True","False"
"ANIMALS\00_LEGACY_MIGRATION\09_RECONCILIATION\01_CONTENT_EXTRACTS\city_population.content.md",".md","471","False","True","False"
"ANIMALS\00_LEGACY_MIGRATION\09_RECONCILIATION\01_CONTENT_EXTRACTS\city_population.md.migration.content.md",".md","1132","True","True","False"
"ANIMALS\00_LEGACY_MIGRATION\09_RECONCILIATION\01_CONTENT_EXTRACTS\contact_calls.content.md",".md","467","False","True","False"
"ANIMALS\00_LEGACY_MIGRATION\09_RECONCILIATION\01_CONTENT_EXTRACTS\contact_calls.md.migration.content.md",".md","1119","True","True","False"
"ANIMALS\00_LEGACY_MIGRATION\09_RECONCILIATION\01_CONTENT_EXTRACTS\courtship_calls.content.md",".md","469","False","True","False"
"ANIMALS\00_LEGACY_MIGRATION\09_RECONCILIATION\01_CONTENT_EXTRACTS\courtship_calls.md.migration.content.md",".md","1123","True","True","False"
"ANIMALS\00_LEGACY_MIGRATION\09_RECONCILIATION\01_CONTENT_EXTRACTS\crowd_behavior.content.md",".md","498","False","True","False"
"ANIMALS\00_LEGACY_MIGRATION\09_RECONCILIATION\01_CONTENT_EXTRACTS\crowd_behavior.md.migration.content.md",".md","1190","True","True","False"
"ANIMALS\00_LEGACY_MIGRATION\09_RECONCILIATION\01_CONTENT_EXTRACTS\danger_behavior.content.md",".md","499","False","True","False"
"ANIMALS\00_LEGACY_MIGRATION\09_RECONCILIATION\01_CONTENT_EXTRACTS\danger_behavior.md.migration.content.md",".md","1192","True","True","False"
"ANIMALS\00_LEGACY_MIGRATION\09_RECONCILIATION\01_CONTENT_EXTRACTS\death_event_behavior.content.md",".md","504","False","True","False"
"ANIMALS\00_LEGACY_MIGRATION\09_RECONCILIATION\01_CONTENT_EXTRACTS\death_event_behavior.md.migration.content.md",".md","1202","True","True","False"
"ANIMALS\00_LEGACY_MIGRATION\09_RECONCILIATION\01_CONTENT_EXTRACTS\distress_calls.content.md",".md","468","False","True","False"
"ANIMALS\00_LEGACY_MIGRATION\09_RECONCILIATION\01_CONTENT_EXTRACTS\distress_calls.md.migration.content.md",".md","1121","True","True","False"
"ANIMALS\00_LEGACY_MIGRATION\09_RECONCILIATION\01_CONTENT_EXTRACTS\distress_to_sound.content.md",".md","471","False","True","False"
"ANIMALS\00_LEGACY_MIGRATION\09_RECONCILIATION\01_CONTENT_EXTRACTS\distress_to_sound.md.migration.content.md",".md","1145","True","True","False"
"ANIMALS\00_LEGACY_MIGRATION\09_RECONCILIATION\01_CONTENT_EXTRACTS\divine_event_animal_response.content.md",".md","482","False","True","False"
"ANIMALS\00_LEGACY_MIGRATION\09_RECONCILIATION\01_CONTENT_EXTRACTS\divine_event_animal_response.md.migration.content.md",".md","1167","True","True","False"
"ANIMALS\00_LEGACY_MIGRATION\09_RECONCILIATION\01_CONTENT_EXTRACTS\divine_presence_behavior.content.md",".md","508","False","True","False"
"ANIMALS\00_LEGACY_MIGRATION\09_RECONCILIATION\01_CONTENT_EXTRACTS\divine_presence_behavior.md.migration.content.md",".md","1210","True","True","False"
"ANIMALS\00_LEGACY_MIGRATION\09_RECONCILIATION\01_CONTENT_EXTRACTS\domestic_recordings.content.md",".md","473","False","True","False"
"ANIMALS\00_LEGACY_MIGRATION\09_RECONCILIATION\01_CONTENT_EXTRACTS\domestic_recordings.md.migration.content.md",".md","1142","True","True","False"
"ANIMALS\00_LEGACY_MIGRATION\09_RECONCILIATION\01_CONTENT_EXTRACTS\ecology_qa.content.md",".md","466","False","True","False"
"ANIMALS\00_LEGACY_MIGRATION\09_RECONCILIATION\01_CONTENT_EXTRACTS\ecology_qa.md.migration.content.md",".md","1119","True","True","False"
"ANIMALS\00_LEGACY_MIGRATION\09_RECONCILIATION\01_CONTENT_EXTRACTS\emotion_to_sound.content.md",".md","470","False","True","False"
"ANIMALS\00_LEGACY_MIGRATION\09_RECONCILIATION\01_CONTENT_EXTRACTS\emotion_to_sound.md.migration.content.md",".md","1143","True","True","False"
"ANIMALS\00_LEGACY_MIGRATION\09_RECONCILIATION\01_CONTENT_EXTRACTS\environmental_response.content.md",".md","494","False","True","False"
"ANIMALS\00_LEGACY_MIGRATION\09_RECONCILIATION\01_CONTENT_EXTRACTS\environmental_response.md.migration.content.md",".md","1180","True","True","False"
"ANIMALS\00_LEGACY_MIGRATION\09_RECONCILIATION\01_CONTENT_EXTRACTS\environmental_response_E3B0C44298FC.content.md",".md","507","False","True","False"
"ANIMALS\00_LEGACY_MIGRATION\09_RECONCILIATION\01_CONTENT_EXTRACTS\environmental_response_E3B0C44298FC.md.migration.content.md",".md","1193","True","True","False"
"ANIMALS\00_LEGACY_MIGRATION\09_RECONCILIATION\01_CONTENT_EXTRACTS\environment_change_to_sound.content.md",".md","481","False","True","False"
"ANIMALS\00_LEGACY_MIGRATION\09_RECONCILIATION\01_CONTENT_EXTRACTS\environment_change_to_sound.md.migration.content.md",".md","1165","True","True","False"
"ANIMALS\00_LEGACY_MIGRATION\09_RECONCILIATION\01_CONTENT_EXTRACTS\environment_reactive_sounds.content.md",".md","481","False","True","False"
"ANIMALS\00_LEGACY_MIGRATION\09_RECONCILIATION\01_CONTENT_EXTRACTS\environment_reactive_sounds.md.migration.content.md",".md","1147","True","True","False"
"ANIMALS\00_LEGACY_MIGRATION\09_RECONCILIATION\01_CONTENT_EXTRACTS\environment_recordings.content.md",".md","476","False","True","False"
"ANIMALS\00_LEGACY_MIGRATION\09_RECONCILIATION\01_CONTENT_EXTRACTS\environment_recordings.md.migration.content.md",".md","1148","True","True","False"
"ANIMALS\00_LEGACY_MIGRATION\09_RECONCILIATION\01_CONTENT_EXTRACTS\family_group_system.content.md",".md","491","False","True","False"
"ANIMALS\00_LEGACY_MIGRATION\09_RECONCILIATION\01_CONTENT_EXTRACTS\family_group_system.md.migration.content.md",".md","1168","True","True","False"
"ANIMALS\00_LEGACY_MIGRATION\09_RECONCILIATION\01_CONTENT_EXTRACTS\fear_response.content.md",".md","485","False","True","False"
"ANIMALS\00_LEGACY_MIGRATION\09_RECONCILIATION\01_CONTENT_EXTRACTS\fear_response.md.migration.content.md",".md","1162","True","True","False"
"ANIMALS\00_LEGACY_MIGRATION\09_RECONCILIATION\01_CONTENT_EXTRACTS\fear_response_E3B0C44298FC.content.md",".md","498","False","True","False"
"ANIMALS\00_LEGACY_MIGRATION\09_RECONCILIATION\01_CONTENT_EXTRACTS\fear_response_E3B0C44298FC.md.migration.content.md",".md","1175","True","True","False"
"ANIMALS\00_LEGACY_MIGRATION\09_RECONCILIATION\01_CONTENT_EXTRACTS\fear_sounds.content.md",".md","465","False","True","False"
"ANIMALS\00_LEGACY_MIGRATION\09_RECONCILIATION\01_CONTENT_EXTRACTS\fear_sounds.md.migration.content.md",".md","1115","True","True","False"
"ANIMALS\00_LEGACY_MIGRATION\09_RECONCILIATION\01_CONTENT_EXTRACTS\fear_to_sound.content.md",".md","467","False","True","False"
"ANIMALS\00_LEGACY_MIGRATION\09_RECONCILIATION\01_CONTENT_EXTRACTS\fear_to_sound.md.migration.content.md",".md","1137","True","True","False"
"ANIMALS\00_LEGACY_MIGRATION\09_RECONCILIATION\01_CONTENT_EXTRACTS\feeding.content.md",".md","479","False","True","False"
"ANIMALS\00_LEGACY_MIGRATION\09_RECONCILIATION\01_CONTENT_EXTRACTS\feeding.md.migration.content.md",".md","1150","True","True","False"
"ANIMALS\00_LEGACY_MIGRATION\09_RECONCILIATION\01_CONTENT_EXTRACTS\feeding_E3B0C44298FC.content.md",".md","492","False","True","False"
"ANIMALS\00_LEGACY_MIGRATION\09_RECONCILIATION\01_CONTENT_EXTRACTS\feeding_E3B0C44298FC.md.migration.content.md",".md","1163","True","True","False"
"ANIMALS\00_LEGACY_MIGRATION\09_RECONCILIATION\01_CONTENT_EXTRACTS\feeding_sounds.content.md",".md","468","False","True","False"
"ANIMALS\00_LEGACY_MIGRATION\09_RECONCILIATION\01_CONTENT_EXTRACTS\feeding_sounds.md.migration.content.md",".md","1121","True","True","False"
"ANIMALS\00_LEGACY_MIGRATION\09_RECONCILIATION\01_CONTENT_EXTRACTS\fire_behavior.content.md",".md","497","False","True","False"
"ANIMALS\00_LEGACY_MIGRATION\09_RECONCILIATION\01_CONTENT_EXTRACTS\fire_behavior.md.migration.content.md",".md","1188","True","True","False"
"ANIMALS\00_LEGACY_MIGRATION\09_RECONCILIATION\01_CONTENT_EXTRACTS\fish_sound_profiles.content.md",".md","473","False","True","False"
"ANIMALS\00_LEGACY_MIGRATION\09_RECONCILIATION\01_CONTENT_EXTRACTS\fish_sound_profiles.md.migration.content.md",".md","1148","True","True","False"
"ANIMALS\00_LEGACY_MIGRATION\09_RECONCILIATION\01_CONTENT_EXTRACTS\flock_system.content.md",".md","484","False","True","False"
"ANIMALS\00_LEGACY_MIGRATION\09_RECONCILIATION\01_CONTENT_EXTRACTS\flock_system.md.migration.content.md",".md","1154","True","True","False"
"ANIMALS\00_LEGACY_MIGRATION\09_RECONCILIATION\01_CONTENT_EXTRACTS\food_chain.content.md",".md","466","False","True","False"
"ANIMALS\00_LEGACY_MIGRATION\09_RECONCILIATION\01_CONTENT_EXTRACTS\food_chain.md.migration.content.md",".md","1119","True","True","False"
"ANIMALS\00_LEGACY_MIGRATION\09_RECONCILIATION\01_CONTENT_EXTRACTS\forbidden_behavior.content.md",".md","490","False","True","False"
"ANIMALS\00_LEGACY_MIGRATION\09_RECONCILIATION\01_CONTENT_EXTRACTS\forbidden_behavior.md.migration.content.md",".md","1172","True","True","False"
"ANIMALS\00_LEGACY_MIGRATION\09_RECONCILIATION\01_CONTENT_EXTRACTS\forbidden_behavior_E3B0C44298FC.content.md",".md","503","False","True","False"
"ANIMALS\00_LEGACY_MIGRATION\09_RECONCILIATION\01_CONTENT_EXTRACTS\forbidden_behavior_E3B0C44298FC.md.migration.content.md",".md","1185","True","True","False"
"ANIMALS\00_LEGACY_MIGRATION\09_RECONCILIATION\01_CONTENT_EXTRACTS\forest_animal_soundscape.content.md",".md","478","False","True","False"
"ANIMALS\00_LEGACY_MIGRATION\09_RECONCILIATION\01_CONTENT_EXTRACTS\forest_animal_soundscape.md.migration.content.md",".md","1141","True","True","False"
"ANIMALS\00_LEGACY_MIGRATION\09_RECONCILIATION\01_CONTENT_EXTRACTS\forest_ecology.content.md",".md","470","False","True","False"
"ANIMALS\00_LEGACY_MIGRATION\09_RECONCILIATION\01_CONTENT_EXTRACTS\forest_ecology.md.migration.content.md",".md","1127","True","True","False"
"ANIMALS\00_LEGACY_MIGRATION\09_RECONCILIATION\01_CONTENT_EXTRACTS\forest_population.content.md",".md","473","False","True","False"
"ANIMALS\00_LEGACY_MIGRATION\09_RECONCILIATION\01_CONTENT_EXTRACTS\forest_population.md.migration.content.md",".md","1136","True","True","False"
"ANIMALS\00_LEGACY_MIGRATION\09_RECONCILIATION\01_CONTENT_EXTRACTS\forest_travel_behavior.content.md",".md","506","False","True","False"
"ANIMALS\00_LEGACY_MIGRATION\09_RECONCILIATION\01_CONTENT_EXTRACTS\forest_travel_behavior.md.migration.content.md",".md","1206","True","True","False"
"ANIMALS\00_LEGACY_MIGRATION\09_RECONCILIATION\01_CONTENT_EXTRACTS\garden_population.content.md",".md","473","False","True","False"
"ANIMALS\00_LEGACY_MIGRATION\09_RECONCILIATION\01_CONTENT_EXTRACTS\garden_population.md.migration.content.md",".md","1136","True","True","False"
"ANIMALS\00_LEGACY_MIGRATION\09_RECONCILIATION\01_CONTENT_EXTRACTS\grassland_ecology.content.md",".md","473","False","True","False"
"ANIMALS\00_LEGACY_MIGRATION\09_RECONCILIATION\01_CONTENT_EXTRACTS\grassland_ecology.md.migration.content.md",".md","1133","True","True","False"
"ANIMALS\00_LEGACY_MIGRATION\09_RECONCILIATION\01_CONTENT_EXTRACTS\grooming.content.md",".md","480","False","True","False"
"ANIMALS\00_LEGACY_MIGRATION\09_RECONCILIATION\01_CONTENT_EXTRACTS\grooming.md.migration.content.md",".md","1152","True","True","False"
"ANIMALS\00_LEGACY_MIGRATION\09_RECONCILIATION\01_CONTENT_EXTRACTS\grooming_E3B0C44298FC.content.md",".md","493","False","True","False"
"ANIMALS\00_LEGACY_MIGRATION\09_RECONCILIATION\01_CONTENT_EXTRACTS\grooming_E3B0C44298FC.md.migration.content.md",".md","1165","True","True","False"
"ANIMALS\00_LEGACY_MIGRATION\09_RECONCILIATION\01_CONTENT_EXTRACTS\group_alert_behavior.content.md",".md","492","False","True","False"
"ANIMALS\00_LEGACY_MIGRATION\09_RECONCILIATION\01_CONTENT_EXTRACTS\group_alert_behavior.md.migration.content.md",".md","1170","True","True","False"
"ANIMALS\00_LEGACY_MIGRATION\09_RECONCILIATION\01_CONTENT_EXTRACTS\group_behavior.content.md",".md","486","False","True","False"
"ANIMALS\00_LEGACY_MIGRATION\09_RECONCILIATION\01_CONTENT_EXTRACTS\group_behavior.md.migration.content.md",".md","1164","True","True","False"
"ANIMALS\00_LEGACY_MIGRATION\09_RECONCILIATION\01_CONTENT_EXTRACTS\group_behavior_E3B0C44298FC.content.md",".md","499","False","True","False"
"ANIMALS\00_LEGACY_MIGRATION\09_RECONCILIATION\01_CONTENT_EXTRACTS\group_behavior_E3B0C44298FC.md.migration.content.md",".md","1177","True","True","False"
"ANIMALS\00_LEGACY_MIGRATION\09_RECONCILIATION\01_CONTENT_EXTRACTS\group_behavior_to_sound.content.md",".md","477","False","True","False"
"ANIMALS\00_LEGACY_MIGRATION\09_RECONCILIATION\01_CONTENT_EXTRACTS\group_behavior_to_sound.md.migration.content.md",".md","1157","True","True","False"
"ANIMALS\00_LEGACY_MIGRATION\09_RECONCILIATION\01_CONTENT_EXTRACTS\group_calls.content.md",".md","465","False","True","False"
"ANIMALS\00_LEGACY_MIGRATION\09_RECONCILIATION\01_CONTENT_EXTRACTS\group_calls.md.migration.content.md",".md","1115","True","True","False"
"ANIMALS\00_LEGACY_MIGRATION\09_RECONCILIATION\01_CONTENT_EXTRACTS\group_feeding.content.md",".md","485","False","True","False"
"ANIMALS\00_LEGACY_MIGRATION\09_RECONCILIATION\01_CONTENT_EXTRACTS\group_feeding.md.migration.content.md",".md","1156","True","True","False"
"ANIMALS\00_LEGACY_MIGRATION\09_RECONCILIATION\01_CONTENT_EXTRACTS\group_movement.content.md",".md","486","False","True","False"
"ANIMALS\00_LEGACY_MIGRATION\09_RECONCILIATION\01_CONTENT_EXTRACTS\group_movement.md.migration.content.md",".md","1158","True","True","False"
"ANIMALS\00_LEGACY_MIGRATION\09_RECONCILIATION\01_CONTENT_EXTRACTS\group_reaction_propagation.content.md",".md","498","False","True","False"
"ANIMALS\00_LEGACY_MIGRATION\09_RECONCILIATION\01_CONTENT_EXTRACTS\group_reaction_propagation.md.migration.content.md",".md","1182","True","True","False"
"ANIMALS\00_LEGACY_MIGRATION\09_RECONCILIATION\01_CONTENT_EXTRACTS\group_resting.content.md",".md","485","False","True","False"
"ANIMALS\00_LEGACY_MIGRATION\09_RECONCILIATION\01_CONTENT_EXTRACTS\group_resting.md.migration.content.md",".md","1156","True","True","False"
"ANIMALS\00_LEGACY_MIGRATION\09_RECONCILIATION\01_CONTENT_EXTRACTS\habitat_population_rules.content.md",".md","480","False","True","False"
"ANIMALS\00_LEGACY_MIGRATION\09_RECONCILIATION\01_CONTENT_EXTRACTS\habitat_population_rules.md.migration.content.md",".md","1150","True","True","False"
"ANIMALS\00_LEGACY_MIGRATION\09_RECONCILIATION\01_CONTENT_EXTRACTS\habitat_references.content.md",".md","475","False","True","False"
"ANIMALS\00_LEGACY_MIGRATION\09_RECONCILIATION\01_CONTENT_EXTRACTS\habitat_references.md.migration.content.md",".md","1140","True","True","False"
"ANIMALS\00_LEGACY_MIGRATION\09_RECONCILIATION\01_CONTENT_EXTRACTS\habitat_rules.content.md",".md","469","False","True","False"
"ANIMALS\00_LEGACY_MIGRATION\09_RECONCILIATION\01_CONTENT_EXTRACTS\habitat_rules.md.migration.content.md",".md","1125","True","True","False"
"ANIMALS\00_LEGACY_MIGRATION\09_RECONCILIATION\01_CONTENT_EXTRACTS\herd_system.content.md",".md","483","False","True","False"
"ANIMALS\00_LEGACY_MIGRATION\09_RECONCILIATION\01_CONTENT_EXTRACTS\herd_system.md.migration.content.md",".md","1152","True","True","False"
"ANIMALS\00_LEGACY_MIGRATION\09_RECONCILIATION\01_CONTENT_EXTRACTS\historical_animal_context.content.md",".md","482","False","True","False"
"ANIMALS\00_LEGACY_MIGRATION\09_RECONCILIATION\01_CONTENT_EXTRACTS\historical_animal_context.md.migration.content.md",".md","1154","True","True","False"
"ANIMALS\00_LEGACY_MIGRATION\09_RECONCILIATION\01_CONTENT_EXTRACTS\human_animal_reaction.content.md",".md","505","False","True","False"
"ANIMALS\00_LEGACY_MIGRATION\09_RECONCILIATION\01_CONTENT_EXTRACTS\human_animal_reaction.md.migration.content.md",".md","1204","True","True","False"
"ANIMALS\00_LEGACY_MIGRATION\09_RECONCILIATION\01_CONTENT_EXTRACTS\human_interaction.content.md",".md","489","False","True","False"
"ANIMALS\00_LEGACY_MIGRATION\09_RECONCILIATION\01_CONTENT_EXTRACTS\human_interaction.md.migration.content.md",".md","1170","True","True","False"
"ANIMALS\00_LEGACY_MIGRATION\09_RECONCILIATION\01_CONTENT_EXTRACTS\human_interaction_E3B0C44298FC.content.md",".md","502","False","True","False"
"ANIMALS\00_LEGACY_MIGRATION\09_RECONCILIATION\01_CONTENT_EXTRACTS\human_interaction_E3B0C44298FC.md.migration.content.md",".md","1183","True","True","False"
"ANIMALS\00_LEGACY_MIGRATION\09_RECONCILIATION\01_CONTENT_EXTRACTS\human_settlement_ecology.content.md",".md","480","False","True","False"
"ANIMALS\00_LEGACY_MIGRATION\09_RECONCILIATION\01_CONTENT_EXTRACTS\human_settlement_ecology.md.migration.content.md",".md","1147","True","True","False"
"ANIMALS\00_LEGACY_MIGRATION\09_RECONCILIATION\01_CONTENT_EXTRACTS\individual_call_variation.content.md",".md","479","False","True","False"
"ANIMALS\00_LEGACY_MIGRATION\09_RECONCILIATION\01_CONTENT_EXTRACTS\individual_call_variation.md.migration.content.md",".md","1164","True","True","False"
"ANIMALS\00_LEGACY_MIGRATION\09_RECONCILIATION\01_CONTENT_EXTRACTS\individual_pitch_variation.content.md",".md","480","False","True","False"
"ANIMALS\00_LEGACY_MIGRATION\09_RECONCILIATION\01_CONTENT_EXTRACTS\individual_pitch_variation.md.migration.content.md",".md","1166","True","True","False"
"ANIMALS\00_LEGACY_MIGRATION\09_RECONCILIATION\01_CONTENT_EXTRACTS\individual_population_rules.content.md",".md","483","False","True","False"
"ANIMALS\00_LEGACY_MIGRATION\09_RECONCILIATION\01_CONTENT_EXTRACTS\individual_population_rules.md.migration.content.md",".md","1156","True","True","False"
"ANIMALS\00_LEGACY_MIGRATION\09_RECONCILIATION\01_CONTENT_EXTRACTS\individual_rhythm_variation.content.md",".md","481","False","True","False"
"ANIMALS\00_LEGACY_MIGRATION\09_RECONCILIATION\01_CONTENT_EXTRACTS\individual_rhythm_variation.md.migration.content.md",".md","1168","True","True","False"
"ANIMALS\00_LEGACY_MIGRATION\09_RECONCILIATION\01_CONTENT_EXTRACTS\individual_sound_continuity.content.md",".md","481","False","True","False"
"ANIMALS\00_LEGACY_MIGRATION\09_RECONCILIATION\01_CONTENT_EXTRACTS\individual_sound_continuity.md.migration.content.md",".md","1168","True","True","False"
"ANIMALS\00_LEGACY_MIGRATION\09_RECONCILIATION\01_CONTENT_EXTRACTS\individual_sound_variation.content.md",".md","480","False","True","False"
"ANIMALS\00_LEGACY_MIGRATION\09_RECONCILIATION\01_CONTENT_EXTRACTS\individual_sound_variation.md.migration.content.md",".md","1145","True","True","False"
"ANIMALS\00_LEGACY_MIGRATION\09_RECONCILIATION\01_CONTENT_EXTRACTS\individual_timbre_variation.content.md",".md","481","False","True","False"
"ANIMALS\00_LEGACY_MIGRATION\09_RECONCILIATION\01_CONTENT_EXTRACTS\individual_timbre_variation.md.migration.content.md",".md","1168","True","True","False"
"ANIMALS\00_LEGACY_MIGRATION\09_RECONCILIATION\01_CONTENT_EXTRACTS\individual_variation.content.md",".md","492","False","True","False"
"ANIMALS\00_LEGACY_MIGRATION\09_RECONCILIATION\01_CONTENT_EXTRACTS\individual_variation.md.migration.content.md",".md","1176","True","True","False"
"ANIMALS\00_LEGACY_MIGRATION\09_RECONCILIATION\01_CONTENT_EXTRACTS\individual_variation_E3B0C44298FC.content.md",".md","505","False","True","False"
"ANIMALS\00_LEGACY_MIGRATION\09_RECONCILIATION\01_CONTENT_EXTRACTS\individual_variation_E3B0C44298FC.md.migration.content.md",".md","1189","True","True","False"
"ANIMALS\00_LEGACY_MIGRATION\09_RECONCILIATION\01_CONTENT_EXTRACTS\individual_voice_identity.content.md",".md","479","False","True","False"
"ANIMALS\00_LEGACY_MIGRATION\09_RECONCILIATION\01_CONTENT_EXTRACTS\individual_voice_identity.md.migration.content.md",".md","1164","True","True","False"
"ANIMALS\00_LEGACY_MIGRATION\09_RECONCILIATION\01_CONTENT_EXTRACTS\individual_volume_variation.content.md",".md","481","False","True","False"
"ANIMALS\00_LEGACY_MIGRATION\09_RECONCILIATION\01_CONTENT_EXTRACTS\individual_volume_variation.md.migration.content.md",".md","1168","True","True","False"
"ANIMALS\00_LEGACY_MIGRATION\09_RECONCILIATION\01_CONTENT_EXTRACTS\insect_sound_profiles.content.md",".md","475","False","True","False"
"ANIMALS\00_LEGACY_MIGRATION\09_RECONCILIATION\01_CONTENT_EXTRACTS\insect_sound_profiles.md.migration.content.md",".md","1152","True","True","False"
"ANIMALS\00_LEGACY_MIGRATION\09_RECONCILIATION\01_CONTENT_EXTRACTS\lake_population.content.md",".md","471","False","True","False"
"ANIMALS\00_LEGACY_MIGRATION\09_RECONCILIATION\01_CONTENT_EXTRACTS\lake_population.md.migration.content.md",".md","1132","True","True","False"
"ANIMALS\00_LEGACY_MIGRATION\09_RECONCILIATION\01_CONTENT_EXTRACTS\locomotion.content.md",".md","482","False","True","False"
"ANIMALS\00_LEGACY_MIGRATION\09_RECONCILIATION\01_CONTENT_EXTRACTS\locomotion.md.migration.content.md",".md","1156","True","True","False"
"ANIMALS\00_LEGACY_MIGRATION\09_RECONCILIATION\01_CONTENT_EXTRACTS\locomotion_E3B0C44298FC.content.md",".md","495","False","True","False"
"ANIMALS\00_LEGACY_MIGRATION\09_RECONCILIATION\01_CONTENT_EXTRACTS\locomotion_E3B0C44298FC.md.migration.content.md",".md","1169","True","True","False"
"ANIMALS\00_LEGACY_MIGRATION\09_RECONCILIATION\01_CONTENT_EXTRACTS\loud_sound_behavior.content.md",".md","503","False","True","False"
"ANIMALS\00_LEGACY_MIGRATION\09_RECONCILIATION\01_CONTENT_EXTRACTS\loud_sound_behavior.md.migration.content.md",".md","1200","True","True","False"
"ANIMALS\00_LEGACY_MIGRATION\09_RECONCILIATION\01_CONTENT_EXTRACTS\mammal_sound_profiles.content.md",".md","475","False","True","False"
"ANIMALS\00_LEGACY_MIGRATION\09_RECONCILIATION\01_CONTENT_EXTRACTS\mammal_sound_profiles.md.migration.content.md",".md","1152","True","True","False"
"ANIMALS\00_LEGACY_MIGRATION\09_RECONCILIATION\01_CONTENT_EXTRACTS\mating_calls.content.md",".md","466","False","True","False"
"ANIMALS\00_LEGACY_MIGRATION\09_RECONCILIATION\01_CONTENT_EXTRACTS\mating_calls.md.migration.content.md",".md","1117","True","True","False"
"ANIMALS\00_LEGACY_MIGRATION\09_RECONCILIATION\01_CONTENT_EXTRACTS\mixed_species_interaction.content.md",".md","497","False","True","False"
"ANIMALS\00_LEGACY_MIGRATION\09_RECONCILIATION\01_CONTENT_EXTRACTS\mixed_species_interaction.md.migration.content.md",".md","1180","True","True","False"
"ANIMALS\00_LEGACY_MIGRATION\09_RECONCILIATION\01_CONTENT_EXTRACTS\mother_offspring.content.md",".md","488","False","True","False"
"ANIMALS\00_LEGACY_MIGRATION\09_RECONCILIATION\01_CONTENT_EXTRACTS\mother_offspring.md.migration.content.md",".md","1168","True","True","False"
"ANIMALS\00_LEGACY_MIGRATION\09_RECONCILIATION\01_CONTENT_EXTRACTS\mother_offspring_calls.content.md",".md","476","False","True","False"
"ANIMALS\00_LEGACY_MIGRATION\09_RECONCILIATION\01_CONTENT_EXTRACTS\mother_offspring_calls.md.migration.content.md",".md","1137","True","True","False"
"ANIMALS\00_LEGACY_MIGRATION\09_RECONCILIATION\01_CONTENT_EXTRACTS\mother_offspring_E3B0C44298FC.content.md",".md","501","False","True","False"
"ANIMALS\00_LEGACY_MIGRATION\09_RECONCILIATION\01_CONTENT_EXTRACTS\mother_offspring_E3B0C44298FC.md.migration.content.md",".md","1181","True","True","False"
"ANIMALS\00_LEGACY_MIGRATION\09_RECONCILIATION\01_CONTENT_EXTRACTS\mother_offspring_system.content.md",".md","495","False","True","False"
"ANIMALS\00_LEGACY_MIGRATION\09_RECONCILIATION\01_CONTENT_EXTRACTS\mother_offspring_system.md.migration.content.md",".md","1176","True","True","False"
"ANIMALS\00_LEGACY_MIGRATION\09_RECONCILIATION\01_CONTENT_EXTRACTS\mountain_animal_soundscape.content.md",".md","480","False","True","False"
"ANIMALS\00_LEGACY_MIGRATION\09_RECONCILIATION\01_CONTENT_EXTRACTS\mountain_animal_soundscape.md.migration.content.md",".md","1145","True","True","False"
"ANIMALS\00_LEGACY_MIGRATION\09_RECONCILIATION\01_CONTENT_EXTRACTS\mountain_ecology.content.md",".md","472","False","True","False"
"ANIMALS\00_LEGACY_MIGRATION\09_RECONCILIATION\01_CONTENT_EXTRACTS\mountain_ecology.md.migration.content.md",".md","1131","True","True","False"
"ANIMALS\00_LEGACY_MIGRATION\09_RECONCILIATION\01_CONTENT_EXTRACTS\mountain_population.content.md",".md","475","False","True","False"
"ANIMALS\00_LEGACY_MIGRATION\09_RECONCILIATION\01_CONTENT_EXTRACTS\mountain_population.md.migration.content.md",".md","1140","True","True","False"
"ANIMALS\00_LEGACY_MIGRATION\09_RECONCILIATION\01_CONTENT_EXTRACTS\movement_sounds.content.md",".md","469","False","True","False"
"ANIMALS\00_LEGACY_MIGRATION\09_RECONCILIATION\01_CONTENT_EXTRACTS\movement_sounds.md.migration.content.md",".md","1123","True","True","False"
"ANIMALS\00_LEGACY_MIGRATION\09_RECONCILIATION\01_CONTENT_EXTRACTS\movement_to_sound.content.md",".md","471","False","True","False"
"ANIMALS\00_LEGACY_MIGRATION\09_RECONCILIATION\01_CONTENT_EXTRACTS\movement_to_sound.md.migration.content.md",".md","1145","True","True","False"
"ANIMALS\00_LEGACY_MIGRATION\09_RECONCILIATION\01_CONTENT_EXTRACTS\non_vocal_animal_sounds.content.md",".md","477","False","True","False"
"ANIMALS\00_LEGACY_MIGRATION\09_RECONCILIATION\01_CONTENT_EXTRACTS\non_vocal_animal_sounds.md.migration.content.md",".md","1139","True","True","False"
"ANIMALS\00_LEGACY_MIGRATION\09_RECONCILIATION\01_CONTENT_EXTRACTS\normal_background_behavior.content.md",".md","510","False","True","False"
"ANIMALS\00_LEGACY_MIGRATION\09_RECONCILIATION\01_CONTENT_EXTRACTS\normal_background_behavior.md.migration.content.md",".md","1214","True","True","False"
"ANIMALS\00_LEGACY_MIGRATION\09_RECONCILIATION\01_CONTENT_EXTRACTS\pain_sounds.content.md",".md","465","False","True","False"
"ANIMALS\00_LEGACY_MIGRATION\09_RECONCILIATION\01_CONTENT_EXTRACTS\pain_sounds.md.migration.content.md",".md","1115","True","True","False"
"ANIMALS\00_LEGACY_MIGRATION\09_RECONCILIATION\01_CONTENT_EXTRACTS\pair_system.content.md",".md","483","False","True","False"
"ANIMALS\00_LEGACY_MIGRATION\09_RECONCILIATION\01_CONTENT_EXTRACTS\pair_system.md.migration.content.md",".md","1152","True","True","False"
"ANIMALS\00_LEGACY_MIGRATION\09_RECONCILIATION\01_CONTENT_EXTRACTS\palace_animal_soundscape.content.md",".md","478","False","True","False"
"ANIMALS\00_LEGACY_MIGRATION\09_RECONCILIATION\01_CONTENT_EXTRACTS\palace_animal_soundscape.md.migration.content.md",".md","1141","True","True","False"
"ANIMALS\00_LEGACY_MIGRATION\09_RECONCILIATION\01_CONTENT_EXTRACTS\palace_population.content.md",".md","473","False","True","False"
"ANIMALS\00_LEGACY_MIGRATION\09_RECONCILIATION\01_CONTENT_EXTRACTS\palace_population.md.migration.content.md",".md","1136","True","True","False"
"ANIMALS\00_LEGACY_MIGRATION\09_RECONCILIATION\01_CONTENT_EXTRACTS\parent_offspring_calls.content.md",".md","476","False","True","False"
"ANIMALS\00_LEGACY_MIGRATION\09_RECONCILIATION\01_CONTENT_EXTRACTS\parent_offspring_calls.md.migration.content.md",".md","1137","True","True","False"
"ANIMALS\00_LEGACY_MIGRATION\09_RECONCILIATION\01_CONTENT_EXTRACTS\parent_offspring_to_sound.content.md",".md","479","False","True","False"
"ANIMALS\00_LEGACY_MIGRATION\09_RECONCILIATION\01_CONTENT_EXTRACTS\parent_offspring_to_sound.md.migration.content.md",".md","1161","True","True","False"
"ANIMALS\00_LEGACY_MIGRATION\09_RECONCILIATION\01_CONTENT_EXTRACTS\peaceful_scene_behavior.content.md",".md","507","False","True","False"
"ANIMALS\00_LEGACY_MIGRATION\09_RECONCILIATION\01_CONTENT_EXTRACTS\peaceful_scene_behavior.md.migration.content.md",".md","1208","True","True","False"
"ANIMALS\00_LEGACY_MIGRATION\09_RECONCILIATION\01_CONTENT_EXTRACTS\physics.content.md",".md","479","False","True","False"
"ANIMALS\00_LEGACY_MIGRATION\09_RECONCILIATION\01_CONTENT_EXTRACTS\physics.md.migration.content.md",".md","1150","True","True","False"
"ANIMALS\00_LEGACY_MIGRATION\09_RECONCILIATION\01_CONTENT_EXTRACTS\physics_E3B0C44298FC.content.md",".md","492","False","True","False"
"ANIMALS\00_LEGACY_MIGRATION\09_RECONCILIATION\01_CONTENT_EXTRACTS\physics_E3B0C44298FC.md.migration.content.md",".md","1163","True","True","False"
"ANIMALS\00_LEGACY_MIGRATION\09_RECONCILIATION\01_CONTENT_EXTRACTS\population_qa.content.md",".md","469","False","True","False"
"ANIMALS\00_LEGACY_MIGRATION\09_RECONCILIATION\01_CONTENT_EXTRACTS\population_qa.md.migration.content.md",".md","1128","True","True","False"
"ANIMALS\00_LEGACY_MIGRATION\09_RECONCILIATION\01_CONTENT_EXTRACTS\predator_groups.content.md",".md","487","False","True","False"
"ANIMALS\00_LEGACY_MIGRATION\09_RECONCILIATION\01_CONTENT_EXTRACTS\predator_groups.md.migration.content.md",".md","1160","True","True","False"
"ANIMALS\00_LEGACY_MIGRATION\09_RECONCILIATION\01_CONTENT_EXTRACTS\predator_prey.content.md",".md","469","False","True","False"
"ANIMALS\00_LEGACY_MIGRATION\09_RECONCILIATION\01_CONTENT_EXTRACTS\predator_prey.md.migration.content.md",".md","1125","True","True","False"
"ANIMALS\00_LEGACY_MIGRATION\09_RECONCILIATION\01_CONTENT_EXTRACTS\predator_response.content.md",".md","489","False","True","False"
"ANIMALS\00_LEGACY_MIGRATION\09_RECONCILIATION\01_CONTENT_EXTRACTS\predator_response.md.migration.content.md",".md","1170","True","True","False"
"ANIMALS\00_LEGACY_MIGRATION\09_RECONCILIATION\01_CONTENT_EXTRACTS\predator_response_E3B0C44298FC.content.md",".md","502","False","True","False"
"ANIMALS\00_LEGACY_MIGRATION\09_RECONCILIATION\01_CONTENT_EXTRACTS\predator_response_E3B0C44298FC.md.migration.content.md",".md","1183","True","True","False"
"ANIMALS\00_LEGACY_MIGRATION\09_RECONCILIATION\01_CONTENT_EXTRACTS\ramcharitmanas_animal_registry.content.md",".md","487","False","True","False"
"ANIMALS\00_LEGACY_MIGRATION\09_RECONCILIATION\01_CONTENT_EXTRACTS\ramcharitmanas_animal_registry.md.migration.content.md",".md","1164","True","True","False"
"ANIMALS\00_LEGACY_MIGRATION\09_RECONCILIATION\01_CONTENT_EXTRACTS\references.content.md",".md","482","False","True","False"
"ANIMALS\00_LEGACY_MIGRATION\09_RECONCILIATION\01_CONTENT_EXTRACTS\references.md.migration.content.md",".md","1156","True","True","False"
"ANIMALS\00_LEGACY_MIGRATION\09_RECONCILIATION\01_CONTENT_EXTRACTS\references_E3B0C44298FC.content.md",".md","495","False","True","False"
"ANIMALS\00_LEGACY_MIGRATION\09_RECONCILIATION\01_CONTENT_EXTRACTS\references_E3B0C44298FC.md.migration.content.md",".md","1169","True","True","False"
"ANIMALS\00_LEGACY_MIGRATION\09_RECONCILIATION\01_CONTENT_EXTRACTS\reference_provenance.content.md",".md","474","False","True","False"
"ANIMALS\00_LEGACY_MIGRATION\09_RECONCILIATION\01_CONTENT_EXTRACTS\reference_provenance.md.migration.content.md",".md","1144","True","True","False"
"ANIMALS\00_LEGACY_MIGRATION\09_RECONCILIATION\01_CONTENT_EXTRACTS\reference_quality.content.md",".md","471","False","True","False"
"ANIMALS\00_LEGACY_MIGRATION\09_RECONCILIATION\01_CONTENT_EXTRACTS\reference_quality.md.migration.content.md",".md","1138","True","True","False"
"ANIMALS\00_LEGACY_MIGRATION\09_RECONCILIATION\01_CONTENT_EXTRACTS\reptile_sound_profiles.content.md",".md","476","False","True","False"
"ANIMALS\00_LEGACY_MIGRATION\09_RECONCILIATION\01_CONTENT_EXTRACTS\reptile_sound_profiles.md.migration.content.md",".md","1154","True","True","False"
"ANIMALS\00_LEGACY_MIGRATION\09_RECONCILIATION\01_CONTENT_EXTRACTS\resting.content.md",".md","479","False","True","False"
"ANIMALS\00_LEGACY_MIGRATION\09_RECONCILIATION\01_CONTENT_EXTRACTS\resting.md.migration.content.md",".md","1150","True","True","False"
"ANIMALS\00_LEGACY_MIGRATION\09_RECONCILIATION\01_CONTENT_EXTRACTS\resting_E3B0C44298FC.content.md",".md","492","False","True","False"
"ANIMALS\00_LEGACY_MIGRATION\09_RECONCILIATION\01_CONTENT_EXTRACTS\resting_E3B0C44298FC.md.migration.content.md",".md","1163","True","True","False"
"ANIMALS\00_LEGACY_MIGRATION\09_RECONCILIATION\01_CONTENT_EXTRACTS\ritual_behavior.content.md",".md","499","False","True","False"
"ANIMALS\00_LEGACY_MIGRATION\09_RECONCILIATION\01_CONTENT_EXTRACTS\ritual_behavior.md.migration.content.md",".md","1192","True","True","False"
"ANIMALS\00_LEGACY_MIGRATION\09_RECONCILIATION\01_CONTENT_EXTRACTS\river_animal_soundscape.content.md",".md","477","False","True","False"
"ANIMALS\00_LEGACY_MIGRATION\09_RECONCILIATION\01_CONTENT_EXTRACTS\river_animal_soundscape.md.migration.content.md",".md","1139","True","True","False"
"ANIMALS\00_LEGACY_MIGRATION\09_RECONCILIATION\01_CONTENT_EXTRACTS\river_ecology.content.md",".md","469","False","True","False"
"ANIMALS\00_LEGACY_MIGRATION\09_RECONCILIATION\01_CONTENT_EXTRACTS\river_ecology.md.migration.content.md",".md","1125","True","True","False"
"ANIMALS\00_LEGACY_MIGRATION\09_RECONCILIATION\01_CONTENT_EXTRACTS\river_population.content.md",".md","472","False","True","False"
"ANIMALS\00_LEGACY_MIGRATION\09_RECONCILIATION\01_CONTENT_EXTRACTS\river_population.md.migration.content.md",".md","1134","True","True","False"
"ANIMALS\00_LEGACY_MIGRATION\09_RECONCILIATION\01_CONTENT_EXTRACTS\road_population.content.md",".md","471","False","True","False"
"ANIMALS\00_LEGACY_MIGRATION\09_RECONCILIATION\01_CONTENT_EXTRACTS\road_population.md.migration.content.md",".md","1132","True","True","False"
"ANIMALS\00_LEGACY_MIGRATION\09_RECONCILIATION\01_CONTENT_EXTRACTS\royal_arrival_behavior.content.md",".md","506","False","True","False"
"ANIMALS\00_LEGACY_MIGRATION\09_RECONCILIATION\01_CONTENT_EXTRACTS\royal_arrival_behavior.md.migration.content.md",".md","1206","True","True","False"
"ANIMALS\00_LEGACY_MIGRATION\09_RECONCILIATION\01_CONTENT_EXTRACTS\royal_court_population.content.md",".md","478","False","True","False"
"ANIMALS\00_LEGACY_MIGRATION\09_RECONCILIATION\01_CONTENT_EXTRACTS\royal_court_population.md.migration.content.md",".md","1146","True","True","False"
"ANIMALS\00_LEGACY_MIGRATION\09_RECONCILIATION\01_CONTENT_EXTRACTS\scene_specific_behavior.content.md",".md","507","False","True","False"
"ANIMALS\00_LEGACY_MIGRATION\09_RECONCILIATION\01_CONTENT_EXTRACTS\scene_specific_behavior.md.migration.content.md",".md","1208","True","True","False"
"ANIMALS\00_LEGACY_MIGRATION\09_RECONCILIATION\01_CONTENT_EXTRACTS\seasonal_changes.content.md",".md","472","False","True","False"
"ANIMALS\00_LEGACY_MIGRATION\09_RECONCILIATION\01_CONTENT_EXTRACTS\seasonal_changes.md.migration.content.md",".md","1131","True","True","False"
"ANIMALS\00_LEGACY_MIGRATION\09_RECONCILIATION\01_CONTENT_EXTRACTS\secondary_source_animal_registry.content.md",".md","489","False","True","False"
"ANIMALS\00_LEGACY_MIGRATION\09_RECONCILIATION\01_CONTENT_EXTRACTS\secondary_source_animal_registry.md.migration.content.md",".md","1168","True","True","False"
"ANIMALS\00_LEGACY_MIGRATION\09_RECONCILIATION\01_CONTENT_EXTRACTS\sex_based_sound_variation.content.md",".md","479","False","True","False"
"ANIMALS\00_LEGACY_MIGRATION\09_RECONCILIATION\01_CONTENT_EXTRACTS\sex_based_sound_variation.md.migration.content.md",".md","1143","True","True","False"
"ANIMALS\00_LEGACY_MIGRATION\09_RECONCILIATION\01_CONTENT_EXTRACTS\social_behavior.content.md",".md","487","False","True","False"
"ANIMALS\00_LEGACY_MIGRATION\09_RECONCILIATION\01_CONTENT_EXTRACTS\social_behavior.md.migration.content.md",".md","1166","True","True","False"
"ANIMALS\00_LEGACY_MIGRATION\09_RECONCILIATION\01_CONTENT_EXTRACTS\social_behavior_E3B0C44298FC.content.md",".md","500","False","True","False"
"ANIMALS\00_LEGACY_MIGRATION\09_RECONCILIATION\01_CONTENT_EXTRACTS\social_behavior_E3B0C44298FC.md.migration.content.md",".md","1179","True","True","False"
"ANIMALS\00_LEGACY_MIGRATION\09_RECONCILIATION\01_CONTENT_EXTRACTS\social_calls.content.md",".md","466","False","True","False"
"ANIMALS\00_LEGACY_MIGRATION\09_RECONCILIATION\01_CONTENT_EXTRACTS\social_calls.md.migration.content.md",".md","1117","True","True","False"
"ANIMALS\00_LEGACY_MIGRATION\09_RECONCILIATION\01_CONTENT_EXTRACTS\social_hierarchy.content.md",".md","488","False","True","False"
"ANIMALS\00_LEGACY_MIGRATION\09_RECONCILIATION\01_CONTENT_EXTRACTS\social_hierarchy.md.migration.content.md",".md","1162","True","True","False"
"ANIMALS\00_LEGACY_MIGRATION\09_RECONCILIATION\01_CONTENT_EXTRACTS\social_interaction_to_sound.content.md",".md","481","False","True","False"
"ANIMALS\00_LEGACY_MIGRATION\09_RECONCILIATION\01_CONTENT_EXTRACTS\social_interaction_to_sound.md.migration.content.md",".md","1165","True","True","False"
"ANIMALS\00_LEGACY_MIGRATION\09_RECONCILIATION\01_CONTENT_EXTRACTS\solitary_animals.content.md",".md","488","False","True","False"
"ANIMALS\00_LEGACY_MIGRATION\09_RECONCILIATION\01_CONTENT_EXTRACTS\solitary_animals.md.migration.content.md",".md","1162","True","True","False"
"ANIMALS\00_LEGACY_MIGRATION\09_RECONCILIATION\01_CONTENT_EXTRACTS\sound_absorption.content.md",".md","470","False","True","False"
"ANIMALS\00_LEGACY_MIGRATION\09_RECONCILIATION\01_CONTENT_EXTRACTS\sound_absorption.md.migration.content.md",".md","1133","True","True","False"
"ANIMALS\00_LEGACY_MIGRATION\09_RECONCILIATION\01_CONTENT_EXTRACTS\sound_direction.content.md",".md","469","False","True","False"
"ANIMALS\00_LEGACY_MIGRATION\09_RECONCILIATION\01_CONTENT_EXTRACTS\sound_direction.md.migration.content.md",".md","1131","True","True","False"
"ANIMALS\00_LEGACY_MIGRATION\09_RECONCILIATION\01_CONTENT_EXTRACTS\sound_distance.content.md",".md","468","False","True","False"
"ANIMALS\00_LEGACY_MIGRATION\09_RECONCILIATION\01_CONTENT_EXTRACTS\sound_distance.md.migration.content.md",".md","1129","True","True","False"
"ANIMALS\00_LEGACY_MIGRATION\09_RECONCILIATION\01_CONTENT_EXTRACTS\sound_environment.content.md",".md","471","False","True","False"
"ANIMALS\00_LEGACY_MIGRATION\09_RECONCILIATION\01_CONTENT_EXTRACTS\sound_environment.md.migration.content.md",".md","1135","True","True","False"
"ANIMALS\00_LEGACY_MIGRATION\09_RECONCILIATION\01_CONTENT_EXTRACTS\sound_occlusion.content.md",".md","469","False","True","False"
"ANIMALS\00_LEGACY_MIGRATION\09_RECONCILIATION\01_CONTENT_EXTRACTS\sound_occlusion.md.migration.content.md",".md","1131","True","True","False"
"ANIMALS\00_LEGACY_MIGRATION\09_RECONCILIATION\01_CONTENT_EXTRACTS\sound_position.content.md",".md","468","False","True","False"
"ANIMALS\00_LEGACY_MIGRATION\09_RECONCILIATION\01_CONTENT_EXTRACTS\sound_position.md.migration.content.md",".md","1129","True","True","False"
"ANIMALS\00_LEGACY_MIGRATION\09_RECONCILIATION\01_CONTENT_EXTRACTS\sound_reflection.content.md",".md","470","False","True","False"
"ANIMALS\00_LEGACY_MIGRATION\09_RECONCILIATION\01_CONTENT_EXTRACTS\sound_reflection.md.migration.content.md",".md","1133","True","True","False"
"ANIMALS\00_LEGACY_MIGRATION\09_RECONCILIATION\01_CONTENT_EXTRACTS\sound_reverberation.content.md",".md","473","False","True","False"
"ANIMALS\00_LEGACY_MIGRATION\09_RECONCILIATION\01_CONTENT_EXTRACTS\sound_reverberation.md.migration.content.md",".md","1139","True","True","False"
"ANIMALS\00_LEGACY_MIGRATION\09_RECONCILIATION\01_CONTENT_EXTRACTS\sources.content.md",".md","479","False","True","False"
"ANIMALS\00_LEGACY_MIGRATION\09_RECONCILIATION\01_CONTENT_EXTRACTS\sources.md.migration.content.md",".md","1150","True","True","False"
"ANIMALS\00_LEGACY_MIGRATION\09_RECONCILIATION\01_CONTENT_EXTRACTS\sources_E3B0C44298FC.content.md",".md","492","False","True","False"
"ANIMALS\00_LEGACY_MIGRATION\09_RECONCILIATION\01_CONTENT_EXTRACTS\sources_E3B0C44298FC.md.migration.content.md",".md","1163","True","True","False"
"ANIMALS\00_LEGACY_MIGRATION\09_RECONCILIATION\01_CONTENT_EXTRACTS\source_conflicts.content.md",".md","473","False","True","False"
"ANIMALS\00_LEGACY_MIGRATION\09_RECONCILIATION\01_CONTENT_EXTRACTS\source_conflicts.md.migration.content.md",".md","1136","True","True","False"
"ANIMALS\00_LEGACY_MIGRATION\09_RECONCILIATION\01_CONTENT_EXTRACTS\species_profile.content.md",".md","487","False","True","False"
"ANIMALS\00_LEGACY_MIGRATION\09_RECONCILIATION\01_CONTENT_EXTRACTS\species_profile.md.migration.content.md",".md","1166","True","True","False"
"ANIMALS\00_LEGACY_MIGRATION\09_RECONCILIATION\01_CONTENT_EXTRACTS\species_profile_E3B0C44298FC.content.md",".md","500","False","True","False"
"ANIMALS\00_LEGACY_MIGRATION\09_RECONCILIATION\01_CONTENT_EXTRACTS\species_profile_E3B0C44298FC.md.migration.content.md",".md","1179","True","True","False"
"ANIMALS\00_LEGACY_MIGRATION\09_RECONCILIATION\01_CONTENT_EXTRACTS\species_recordings.content.md",".md","472","False","True","False"
"ANIMALS\00_LEGACY_MIGRATION\09_RECONCILIATION\01_CONTENT_EXTRACTS\species_recordings.md.migration.content.md",".md","1140","True","True","False"
"ANIMALS\00_LEGACY_MIGRATION\09_RECONCILIATION\01_CONTENT_EXTRACTS\species_registry.content.md",".md","472","False","True","False"
"ANIMALS\00_LEGACY_MIGRATION\09_RECONCILIATION\01_CONTENT_EXTRACTS\species_registry.md.migration.content.md",".md","1134","True","True","False"
"ANIMALS\00_LEGACY_MIGRATION\09_RECONCILIATION\01_CONTENT_EXTRACTS\species_sound_profiles.content.md",".md","476","False","True","False"
"ANIMALS\00_LEGACY_MIGRATION\09_RECONCILIATION\01_CONTENT_EXTRACTS\species_sound_profiles.md.migration.content.md",".md","1137","True","True","False"
"ANIMALS\00_LEGACY_MIGRATION\09_RECONCILIATION\01_CONTENT_EXTRACTS\species_sound_profile_system.content.md",".md","482","False","True","False"
"ANIMALS\00_LEGACY_MIGRATION\09_RECONCILIATION\01_CONTENT_EXTRACTS\species_sound_profile_system.md.migration.content.md",".md","1166","True","True","False"
"ANIMALS\00_LEGACY_MIGRATION\09_RECONCILIATION\01_CONTENT_EXTRACTS\species_vocalizations.content.md",".md","475","False","True","False"
"ANIMALS\00_LEGACY_MIGRATION\09_RECONCILIATION\01_CONTENT_EXTRACTS\species_vocalizations.md.migration.content.md",".md","1135","True","True","False"
"ANIMALS\00_LEGACY_MIGRATION\09_RECONCILIATION\01_CONTENT_EXTRACTS\storm_behavior.content.md",".md","498","False","True","False"
"ANIMALS\00_LEGACY_MIGRATION\09_RECONCILIATION\01_CONTENT_EXTRACTS\storm_behavior.md.migration.content.md",".md","1190","True","True","False"
"ANIMALS\00_LEGACY_MIGRATION\09_RECONCILIATION\01_CONTENT_EXTRACTS\supernatural_event_behavior.content.md",".md","511","False","True","False"
"ANIMALS\00_LEGACY_MIGRATION\09_RECONCILIATION\01_CONTENT_EXTRACTS\supernatural_event_behavior.md.migration.content.md",".md","1216","True","True","False"
"ANIMALS\00_LEGACY_MIGRATION\09_RECONCILIATION\01_CONTENT_EXTRACTS\terrain_interaction.content.md",".md","475","False","True","False"
"ANIMALS\00_LEGACY_MIGRATION\09_RECONCILIATION\01_CONTENT_EXTRACTS\terrain_interaction.md.migration.content.md",".md","1137","True","True","False"
"ANIMALS\00_LEGACY_MIGRATION\09_RECONCILIATION\01_CONTENT_EXTRACTS\territorial_calls.content.md",".md","471","False","True","False"
"ANIMALS\00_LEGACY_MIGRATION\09_RECONCILIATION\01_CONTENT_EXTRACTS\territorial_calls.md.migration.content.md",".md","1127","True","True","False"
"ANIMALS\00_LEGACY_MIGRATION\09_RECONCILIATION\01_CONTENT_EXTRACTS\territorial_groups.content.md",".md","490","False","True","False"
"ANIMALS\00_LEGACY_MIGRATION\09_RECONCILIATION\01_CONTENT_EXTRACTS\territorial_groups.md.migration.content.md",".md","1166","True","True","False"
"ANIMALS\00_LEGACY_MIGRATION\09_RECONCILIATION\01_CONTENT_EXTRACTS\time_of_day.content.md",".md","467","False","True","False"
"ANIMALS\00_LEGACY_MIGRATION\09_RECONCILIATION\01_CONTENT_EXTRACTS\time_of_day.md.migration.content.md",".md","1121","True","True","False"
"ANIMALS\00_LEGACY_MIGRATION\09_RECONCILIATION\01_CONTENT_EXTRACTS\traditional_iconography.content.md",".md","480","False","True","False"
"ANIMALS\00_LEGACY_MIGRATION\09_RECONCILIATION\01_CONTENT_EXTRACTS\traditional_iconography.md.migration.content.md",".md","1150","True","True","False"
"ANIMALS\00_LEGACY_MIGRATION\09_RECONCILIATION\01_CONTENT_EXTRACTS\troop_system.content.md",".md","484","False","True","False"
"ANIMALS\00_LEGACY_MIGRATION\09_RECONCILIATION\01_CONTENT_EXTRACTS\troop_system.md.migration.content.md",".md","1154","True","True","False"
"ANIMALS\00_LEGACY_MIGRATION\09_RECONCILIATION\01_CONTENT_EXTRACTS\vegetation_interaction.content.md",".md","478","False","True","False"
"ANIMALS\00_LEGACY_MIGRATION\09_RECONCILIATION\01_CONTENT_EXTRACTS\vegetation_interaction.md.migration.content.md",".md","1143","True","True","False"
"ANIMALS\00_LEGACY_MIGRATION\09_RECONCILIATION\01_CONTENT_EXTRACTS\village_animal_soundscape.content.md",".md","479","False","True","False"
"ANIMALS\00_LEGACY_MIGRATION\09_RECONCILIATION\01_CONTENT_EXTRACTS\village_animal_soundscape.md.migration.content.md",".md","1143","True","True","False"
"ANIMALS\00_LEGACY_MIGRATION\09_RECONCILIATION\01_CONTENT_EXTRACTS\village_ecology.content.md",".md","471","False","True","False"
"ANIMALS\00_LEGACY_MIGRATION\09_RECONCILIATION\01_CONTENT_EXTRACTS\village_ecology.md.migration.content.md",".md","1129","True","True","False"
"ANIMALS\00_LEGACY_MIGRATION\09_RECONCILIATION\01_CONTENT_EXTRACTS\village_population.content.md",".md","474","False","True","False"
"ANIMALS\00_LEGACY_MIGRATION\09_RECONCILIATION\01_CONTENT_EXTRACTS\village_population.md.migration.content.md",".md","1138","True","True","False"
"ANIMALS\00_LEGACY_MIGRATION\09_RECONCILIATION\01_CONTENT_EXTRACTS\visual_references.content.md",".md","474","False","True","False"
"ANIMALS\00_LEGACY_MIGRATION\09_RECONCILIATION\01_CONTENT_EXTRACTS\visual_references.md.migration.content.md",".md","1138","True","True","False"
"ANIMALS\00_LEGACY_MIGRATION\09_RECONCILIATION\01_CONTENT_EXTRACTS\vocalization.content.md",".md","484","False","True","False"
"ANIMALS\00_LEGACY_MIGRATION\09_RECONCILIATION\01_CONTENT_EXTRACTS\vocalization.md.migration.content.md",".md","1160","True","True","False"
"ANIMALS\00_LEGACY_MIGRATION\09_RECONCILIATION\01_CONTENT_EXTRACTS\vocalization_E3B0C44298FC.content.md",".md","497","False","True","False"
"ANIMALS\00_LEGACY_MIGRATION\09_RECONCILIATION\01_CONTENT_EXTRACTS\vocalization_E3B0C44298FC.md.migration.content.md",".md","1173","True","True","False"
"ANIMALS\00_LEGACY_MIGRATION\09_RECONCILIATION\01_CONTENT_EXTRACTS\vocalization_system.content.md",".md","473","False","True","False"
"ANIMALS\00_LEGACY_MIGRATION\09_RECONCILIATION\01_CONTENT_EXTRACTS\vocalization_system.md.migration.content.md",".md","1131","True","True","False"
"ANIMALS\00_LEGACY_MIGRATION\09_RECONCILIATION\01_CONTENT_EXTRACTS\warning_calls.content.md",".md","467","False","True","False"
"ANIMALS\00_LEGACY_MIGRATION\09_RECONCILIATION\01_CONTENT_EXTRACTS\warning_calls.md.migration.content.md",".md","1119","True","True","False"
"ANIMALS\00_LEGACY_MIGRATION\09_RECONCILIATION\01_CONTENT_EXTRACTS\warning_sounds.content.md",".md","468","False","True","False"
"ANIMALS\00_LEGACY_MIGRATION\09_RECONCILIATION\01_CONTENT_EXTRACTS\warning_sounds.md.migration.content.md",".md","1121","True","True","False"
"ANIMALS\00_LEGACY_MIGRATION\09_RECONCILIATION\01_CONTENT_EXTRACTS\water_sources.content.md",".md","469","False","True","False"
"ANIMALS\00_LEGACY_MIGRATION\09_RECONCILIATION\01_CONTENT_EXTRACTS\water_sources.md.migration.content.md",".md","1125","True","True","False"
"ANIMALS\00_LEGACY_MIGRATION\09_RECONCILIATION\01_CONTENT_EXTRACTS\weather_response.content.md",".md","472","False","True","False"
"ANIMALS\00_LEGACY_MIGRATION\09_RECONCILIATION\01_CONTENT_EXTRACTS\weather_response.md.migration.content.md",".md","1131","True","True","False"
"ANIMALS\00_LEGACY_MIGRATION\09_RECONCILIATION\01_CONTENT_EXTRACTS\wedding_animal_soundscape.content.md",".md","479","False","True","False"
"ANIMALS\00_LEGACY_MIGRATION\09_RECONCILIATION\01_CONTENT_EXTRACTS\wedding_animal_soundscape.md.migration.content.md",".md","1143","True","True","False"
"ANIMALS\00_LEGACY_MIGRATION\09_RECONCILIATION\01_CONTENT_EXTRACTS\wedding_behavior.content.md",".md","500","False","True","False"
"ANIMALS\00_LEGACY_MIGRATION\09_RECONCILIATION\01_CONTENT_EXTRACTS\wedding_behavior.md.migration.content.md",".md","1194","True","True","False"
"ANIMALS\00_LEGACY_MIGRATION\09_RECONCILIATION\01_CONTENT_EXTRACTS\wedding_population.content.md",".md","474","False","True","False"
"ANIMALS\00_LEGACY_MIGRATION\09_RECONCILIATION\01_CONTENT_EXTRACTS\wedding_population.md.migration.content.md",".md","1138","True","True","False"
"ANIMALS\00_LEGACY_MIGRATION\09_RECONCILIATION\01_CONTENT_EXTRACTS\wilderness_population.content.md",".md","477","False","True","False"
"ANIMALS\00_LEGACY_MIGRATION\09_RECONCILIATION\01_CONTENT_EXTRACTS\wilderness_population.md.migration.content.md",".md","1144","True","True","False"
"ANIMALS\00_LEGACY_MIGRATION\09_RECONCILIATION\01_CONTENT_EXTRACTS\wild_recordings.content.md",".md","469","False","True","False"
"ANIMALS\00_LEGACY_MIGRATION\09_RECONCILIATION\01_CONTENT_EXTRACTS\wild_recordings.md.migration.content.md",".md","1134","True","True","False"
"ANIMALS\00_LEGACY_MIGRATION\09_RECONCILIATION\01_CONTENT_EXTRACTS\yajna_animal_soundscape.content.md",".md","477","False","True","False"
"ANIMALS\00_LEGACY_MIGRATION\09_RECONCILIATION\01_CONTENT_EXTRACTS\yajna_animal_soundscape.md.migration.content.md",".md","1139","True","True","False"
"ANIMALS\00_LEGACY_MIGRATION\09_RECONCILIATION\01_CONTENT_EXTRACTS\yajna_behavior.content.md",".md","498","False","True","False"
"ANIMALS\00_LEGACY_MIGRATION\09_RECONCILIATION\01_CONTENT_EXTRACTS\yajna_behavior.md.migration.content.md",".md","1190","True","True","False"
"ANIMALS\00_LEGACY_MIGRATION\09_RECONCILIATION\01_CONTENT_EXTRACTS\yajna_population.content.md",".md","472","False","True","False"
"ANIMALS\00_LEGACY_MIGRATION\09_RECONCILIATION\01_CONTENT_EXTRACTS\yajna_population.md.migration.content.md",".md","1134","True","True","False"
"ANIMALS\00_LEGACY_MIGRATION\09_RECONCILIATION\01_CONTENT_EXTRACTS\zoological_references.content.md",".md","478","False","True","False"
"ANIMALS\00_LEGACY_MIGRATION\09_RECONCILIATION\01_CONTENT_EXTRACTS\zoological_references.md.migration.content.md",".md","1146","True","True","False"
"ANIMALS\00_LEGACY_MIGRATION\09_RECONCILIATION\02_FILE_ASSESSMENTS\file_assessments.csv",".csv","91789","False","True","False"
"ANIMALS\00_LEGACY_MIGRATION\09_RECONCILIATION\08_DESTINATION_MAP\destination_map.csv",".csv","722","False","True","False"
"ANIMALS\00_LEGACY_MIGRATION\AUDIO_FINAL_RECONCILIATION\AUDIO_FINAL_RECONCILIATION_STATUS.md",".md","1327","True","True","False"
"ANIMALS\00_LEGACY_MIGRATION\AUDIO_FINAL_RECONCILIATION\02_DOMAIN_MAPPED\03_AUDIO_IDENTITY\amphibian_sound_profiles.md.provenance.md",".md","837","False","True","False"
"ANIMALS\00_LEGACY_MIGRATION\AUDIO_FINAL_RECONCILIATION\02_DOMAIN_MAPPED\03_AUDIO_IDENTITY\animal_sound_identity.md.provenance.md",".md","817","False","True","False"
"ANIMALS\00_LEGACY_MIGRATION\AUDIO_FINAL_RECONCILIATION\02_DOMAIN_MAPPED\03_AUDIO_IDENTITY\bird_sound_profiles.md.provenance.md",".md","832","False","True","False"
"ANIMALS\00_LEGACY_MIGRATION\AUDIO_FINAL_RECONCILIATION\02_DOMAIN_MAPPED\03_AUDIO_IDENTITY\fish_sound_profiles.md.provenance.md",".md","832","False","True","False"
"ANIMALS\00_LEGACY_MIGRATION\AUDIO_FINAL_RECONCILIATION\02_DOMAIN_MAPPED\03_AUDIO_IDENTITY\insect_sound_profiles.md.provenance.md",".md","834","False","True","False"
"ANIMALS\00_LEGACY_MIGRATION\AUDIO_FINAL_RECONCILIATION\02_DOMAIN_MAPPED\03_AUDIO_IDENTITY\mammal_sound_profiles.md.provenance.md",".md","834","False","True","False"
"ANIMALS\00_LEGACY_MIGRATION\AUDIO_FINAL_RECONCILIATION\02_DOMAIN_MAPPED\03_AUDIO_IDENTITY\reptile_sound_profiles.md.provenance.md",".md","835","False","True","False"
"ANIMALS\00_LEGACY_MIGRATION\AUDIO_FINAL_RECONCILIATION\02_DOMAIN_MAPPED\03_AUDIO_IDENTITY\species_sound_profiles.md.provenance.md",".md","818","False","True","False"
"ANIMALS\00_LEGACY_MIGRATION\AUDIO_FINAL_RECONCILIATION\02_DOMAIN_MAPPED\03_AUDIO_IDENTITY\species_sound_profile_system.md.provenance.md",".md","841","False","True","False"
"ANIMALS\00_LEGACY_MIGRATION\AUDIO_FINAL_RECONCILIATION\02_DOMAIN_MAPPED\03_AUDIO_IDENTITY\species_vocalizations.md.provenance.md",".md","817","False","True","False"
"ANIMALS\00_LEGACY_MIGRATION\AUDIO_FINAL_RECONCILIATION\02_DOMAIN_MAPPED\04_BEHAVIOR_SOUND\aggression_sounds.md.provenance.md",".md","813","False","True","False"
"ANIMALS\00_LEGACY_MIGRATION\AUDIO_FINAL_RECONCILIATION\02_DOMAIN_MAPPED\04_BEHAVIOR_SOUND\aggression_to_sound.md.provenance.md",".md","833","False","True","False"
"ANIMALS\00_LEGACY_MIGRATION\AUDIO_FINAL_RECONCILIATION\02_DOMAIN_MAPPED\04_BEHAVIOR_SOUND\alarm_calls.md.provenance.md",".md","807","False","True","False"
"ANIMALS\00_LEGACY_MIGRATION\AUDIO_FINAL_RECONCILIATION\02_DOMAIN_MAPPED\04_BEHAVIOR_SOUND\alarm_to_sound.md.provenance.md",".md","828","False","True","False"
"ANIMALS\00_LEGACY_MIGRATION\AUDIO_FINAL_RECONCILIATION\02_DOMAIN_MAPPED\04_BEHAVIOR_SOUND\behavior_to_sound.md.provenance.md",".md","831","False","True","False"
"ANIMALS\00_LEGACY_MIGRATION\AUDIO_FINAL_RECONCILIATION\02_DOMAIN_MAPPED\04_BEHAVIOR_SOUND\calm_sounds.md.provenance.md",".md","807","False","True","False"
"ANIMALS\00_LEGACY_MIGRATION\AUDIO_FINAL_RECONCILIATION\02_DOMAIN_MAPPED\04_BEHAVIOR_SOUND\contact_calls.md.provenance.md",".md","809","False","True","False"
"ANIMALS\00_LEGACY_MIGRATION\AUDIO_FINAL_RECONCILIATION\02_DOMAIN_MAPPED\04_BEHAVIOR_SOUND\courtship_calls.md.provenance.md",".md","811","False","True","False"
"ANIMALS\00_LEGACY_MIGRATION\AUDIO_FINAL_RECONCILIATION\02_DOMAIN_MAPPED\04_BEHAVIOR_SOUND\distress_calls.md.provenance.md",".md","810","False","True","False"
"ANIMALS\00_LEGACY_MIGRATION\AUDIO_FINAL_RECONCILIATION\02_DOMAIN_MAPPED\04_BEHAVIOR_SOUND\distress_to_sound.md.provenance.md",".md","831","False","True","False"
"ANIMALS\00_LEGACY_MIGRATION\AUDIO_FINAL_RECONCILIATION\02_DOMAIN_MAPPED\04_BEHAVIOR_SOUND\divine_event_animal_response.md.provenance.md",".md","842","False","True","False"
"ANIMALS\00_LEGACY_MIGRATION\AUDIO_FINAL_RECONCILIATION\02_DOMAIN_MAPPED\04_BEHAVIOR_SOUND\emotion_to_sound.md.provenance.md",".md","830","False","True","False"
"ANIMALS\00_LEGACY_MIGRATION\AUDIO_FINAL_RECONCILIATION\02_DOMAIN_MAPPED\04_BEHAVIOR_SOUND\environment_change_to_sound.md.provenance.md",".md","841","False","True","False"
"ANIMALS\00_LEGACY_MIGRATION\AUDIO_FINAL_RECONCILIATION\02_DOMAIN_MAPPED\04_BEHAVIOR_SOUND\fear_sounds.md.provenance.md",".md","807","False","True","False"
"ANIMALS\00_LEGACY_MIGRATION\AUDIO_FINAL_RECONCILIATION\02_DOMAIN_MAPPED\04_BEHAVIOR_SOUND\fear_to_sound.md.provenance.md",".md","827","False","True","False"
"ANIMALS\00_LEGACY_MIGRATION\AUDIO_FINAL_RECONCILIATION\02_DOMAIN_MAPPED\04_BEHAVIOR_SOUND\feeding_sounds.md.provenance.md",".md","810","False","True","False"
"ANIMALS\00_LEGACY_MIGRATION\AUDIO_FINAL_RECONCILIATION\02_DOMAIN_MAPPED\04_BEHAVIOR_SOUND\group_behavior_to_sound.md.provenance.md",".md","837","False","True","False"
"ANIMALS\00_LEGACY_MIGRATION\AUDIO_FINAL_RECONCILIATION\02_DOMAIN_MAPPED\04_BEHAVIOR_SOUND\group_calls.md.provenance.md",".md","807","False","True","False"
"ANIMALS\00_LEGACY_MIGRATION\AUDIO_FINAL_RECONCILIATION\02_DOMAIN_MAPPED\04_BEHAVIOR_SOUND\mating_calls.md.provenance.md",".md","808","False","True","False"
"ANIMALS\00_LEGACY_MIGRATION\AUDIO_FINAL_RECONCILIATION\02_DOMAIN_MAPPED\04_BEHAVIOR_SOUND\mother_offspring_calls.md.provenance.md",".md","818","False","True","False"
"ANIMALS\00_LEGACY_MIGRATION\AUDIO_FINAL_RECONCILIATION\02_DOMAIN_MAPPED\04_BEHAVIOR_SOUND\movement_to_sound.md.provenance.md",".md","831","False","True","False"
"ANIMALS\00_LEGACY_MIGRATION\AUDIO_FINAL_RECONCILIATION\02_DOMAIN_MAPPED\04_BEHAVIOR_SOUND\parent_offspring_calls.md.provenance.md",".md","818","False","True","False"
"ANIMALS\00_LEGACY_MIGRATION\AUDIO_FINAL_RECONCILIATION\02_DOMAIN_MAPPED\04_BEHAVIOR_SOUND\parent_offspring_to_sound.md.provenance.md",".md","839","False","True","False"
"ANIMALS\00_LEGACY_MIGRATION\AUDIO_FINAL_RECONCILIATION\02_DOMAIN_MAPPED\04_BEHAVIOR_SOUND\social_calls.md.provenance.md",".md","808","False","True","False"
"ANIMALS\00_LEGACY_MIGRATION\AUDIO_FINAL_RECONCILIATION\02_DOMAIN_MAPPED\04_BEHAVIOR_SOUND\social_interaction_to_sound.md.provenance.md",".md","841","False","True","False"
"ANIMALS\00_LEGACY_MIGRATION\AUDIO_FINAL_RECONCILIATION\02_DOMAIN_MAPPED\04_BEHAVIOR_SOUND\territorial_calls.md.provenance.md",".md","813","False","True","False"
"ANIMALS\00_LEGACY_MIGRATION\AUDIO_FINAL_RECONCILIATION\02_DOMAIN_MAPPED\04_BEHAVIOR_SOUND\warning_calls.md.provenance.md",".md","809","False","True","False"
"ANIMALS\00_LEGACY_MIGRATION\AUDIO_FINAL_RECONCILIATION\02_DOMAIN_MAPPED\04_BEHAVIOR_SOUND\warning_sounds.md.provenance.md",".md","810","False","True","False"
"ANIMALS\00_LEGACY_MIGRATION\AUDIO_FINAL_RECONCILIATION\02_DOMAIN_MAPPED\06_SPATIAL_ACOUSTICS\animal_audio_directionality.md.provenance.md",".md","826","False","True","False"
"ANIMALS\00_LEGACY_MIGRATION\AUDIO_FINAL_RECONCILIATION\02_DOMAIN_MAPPED\06_SPATIAL_ACOUSTICS\animal_audio_distance.md.provenance.md",".md","820","False","True","False"
"ANIMALS\00_LEGACY_MIGRATION\AUDIO_FINAL_RECONCILIATION\02_DOMAIN_MAPPED\06_SPATIAL_ACOUSTICS\animal_audio_reverb.md.provenance.md",".md","818","False","True","False"
"ANIMALS\00_LEGACY_MIGRATION\AUDIO_FINAL_RECONCILIATION\02_DOMAIN_MAPPED\06_SPATIAL_ACOUSTICS\movement_sounds.md.provenance.md",".md","814","False","True","False"
"ANIMALS\00_LEGACY_MIGRATION\AUDIO_FINAL_RECONCILIATION\02_DOMAIN_MAPPED\06_SPATIAL_ACOUSTICS\non_vocal_animal_sounds.md.provenance.md",".md","822","False","True","False"
"ANIMALS\00_LEGACY_MIGRATION\AUDIO_FINAL_RECONCILIATION\02_DOMAIN_MAPPED\06_SPATIAL_ACOUSTICS\sound_absorption.md.provenance.md",".md","823","False","True","False"
"ANIMALS\00_LEGACY_MIGRATION\AUDIO_FINAL_RECONCILIATION\02_DOMAIN_MAPPED\06_SPATIAL_ACOUSTICS\sound_direction.md.provenance.md",".md","822","False","True","False"
"ANIMALS\00_LEGACY_MIGRATION\AUDIO_FINAL_RECONCILIATION\02_DOMAIN_MAPPED\06_SPATIAL_ACOUSTICS\sound_distance.md.provenance.md",".md","821","False","True","False"
"ANIMALS\00_LEGACY_MIGRATION\AUDIO_FINAL_RECONCILIATION\02_DOMAIN_MAPPED\06_SPATIAL_ACOUSTICS\sound_environment.md.provenance.md",".md","824","False","True","False"
"ANIMALS\00_LEGACY_MIGRATION\AUDIO_FINAL_RECONCILIATION\02_DOMAIN_MAPPED\06_SPATIAL_ACOUSTICS\sound_occlusion.md.provenance.md",".md","822","False","True","False"
"ANIMALS\00_LEGACY_MIGRATION\AUDIO_FINAL_RECONCILIATION\02_DOMAIN_MAPPED\06_SPATIAL_ACOUSTICS\sound_position.md.provenance.md",".md","821","False","True","False"
"ANIMALS\00_LEGACY_MIGRATION\AUDIO_FINAL_RECONCILIATION\02_DOMAIN_MAPPED\06_SPATIAL_ACOUSTICS\sound_reflection.md.provenance.md",".md","823","False","True","False"
"ANIMALS\00_LEGACY_MIGRATION\AUDIO_FINAL_RECONCILIATION\02_DOMAIN_MAPPED\06_SPATIAL_ACOUSTICS\sound_reverberation.md.provenance.md",".md","826","False","True","False"
"ANIMALS\00_LEGACY_MIGRATION\AUDIO_FINAL_RECONCILIATION\02_DOMAIN_MAPPED\07_ENVIRONMENTAL_SOUNDSCAPE\environment_reactive_sounds.md.provenance.md",".md","833","False","True","False"
"ANIMALS\00_LEGACY_MIGRATION\AUDIO_FINAL_RECONCILIATION\02_DOMAIN_MAPPED\07_ENVIRONMENTAL_SOUNDSCAPE\environment_recordings.md.provenance.md",".md","839","False","True","False"
"ANIMALS\00_LEGACY_MIGRATION\AUDIO_FINAL_RECONCILIATION\02_DOMAIN_MAPPED\07_ENVIRONMENTAL_SOUNDSCAPE\forest_animal_soundscape.md.provenance.md",".md","830","False","True","False"
"ANIMALS\00_LEGACY_MIGRATION\AUDIO_FINAL_RECONCILIATION\02_DOMAIN_MAPPED\07_ENVIRONMENTAL_SOUNDSCAPE\mountain_animal_soundscape.md.provenance.md",".md","832","False","True","False"
"ANIMALS\00_LEGACY_MIGRATION\AUDIO_FINAL_RECONCILIATION\02_DOMAIN_MAPPED\07_ENVIRONMENTAL_SOUNDSCAPE\palace_animal_soundscape.md.provenance.md",".md","830","False","True","False"
"ANIMALS\00_LEGACY_MIGRATION\AUDIO_FINAL_RECONCILIATION\02_DOMAIN_MAPPED\07_ENVIRONMENTAL_SOUNDSCAPE\river_animal_soundscape.md.provenance.md",".md","829","False","True","False"
"ANIMALS\00_LEGACY_MIGRATION\AUDIO_FINAL_RECONCILIATION\02_DOMAIN_MAPPED\07_ENVIRONMENTAL_SOUNDSCAPE\village_animal_soundscape.md.provenance.md",".md","831","False","True","False"
"ANIMALS\00_LEGACY_MIGRATION\AUDIO_FINAL_RECONCILIATION\02_DOMAIN_MAPPED\07_ENVIRONMENTAL_SOUNDSCAPE\wedding_animal_soundscape.md.provenance.md",".md","831","False","True","False"
"ANIMALS\00_LEGACY_MIGRATION\AUDIO_FINAL_RECONCILIATION\02_DOMAIN_MAPPED\07_ENVIRONMENTAL_SOUNDSCAPE\yajna_animal_soundscape.md.provenance.md",".md","829","False","True","False"
"ANIMALS\00_LEGACY_MIGRATION\AUDIO_FINAL_RECONCILIATION\02_DOMAIN_MAPPED\08_INDIVIDUAL_VARIATION\age_based_sound_variation.md.provenance.md",".md","827","False","True","False"
"ANIMALS\00_LEGACY_MIGRATION\AUDIO_FINAL_RECONCILIATION\02_DOMAIN_MAPPED\08_INDIVIDUAL_VARIATION\individual_call_variation.md.provenance.md",".md","848","False","True","False"
"ANIMALS\00_LEGACY_MIGRATION\AUDIO_FINAL_RECONCILIATION\02_DOMAIN_MAPPED\08_INDIVIDUAL_VARIATION\individual_pitch_variation.md.provenance.md",".md","849","False","True","False"
"ANIMALS\00_LEGACY_MIGRATION\AUDIO_FINAL_RECONCILIATION\02_DOMAIN_MAPPED\08_INDIVIDUAL_VARIATION\individual_rhythm_variation.md.provenance.md",".md","850","False","True","False"
"ANIMALS\00_LEGACY_MIGRATION\AUDIO_FINAL_RECONCILIATION\02_DOMAIN_MAPPED\08_INDIVIDUAL_VARIATION\individual_sound_continuity.md.provenance.md",".md","850","False","True","False"
"ANIMALS\00_LEGACY_MIGRATION\AUDIO_FINAL_RECONCILIATION\02_DOMAIN_MAPPED\08_INDIVIDUAL_VARIATION\individual_timbre_variation.md.provenance.md",".md","850","False","True","False"
"ANIMALS\00_LEGACY_MIGRATION\AUDIO_FINAL_RECONCILIATION\02_DOMAIN_MAPPED\08_INDIVIDUAL_VARIATION\individual_voice_identity.md.provenance.md",".md","848","False","True","False"
"ANIMALS\00_LEGACY_MIGRATION\AUDIO_FINAL_RECONCILIATION\02_DOMAIN_MAPPED\08_INDIVIDUAL_VARIATION\individual_volume_variation.md.provenance.md",".md","850","False","True","False"
"ANIMALS\00_LEGACY_MIGRATION\AUDIO_FINAL_RECONCILIATION\02_DOMAIN_MAPPED\08_INDIVIDUAL_VARIATION\sex_based_sound_variation.md.provenance.md",".md","827","False","True","False"
"ANIMALS\00_LEGACY_MIGRATION\AUDIO_FINAL_RECONCILIATION\02_DOMAIN_MAPPED\09_CONTINUITY\animal_audio_continuity.md.provenance.md",".md","815","False","True","False"
"ANIMALS\00_LEGACY_MIGRATION\AUDIO_FINAL_RECONCILIATION\02_DOMAIN_MAPPED\09_CONTINUITY\animal_audio_continuity_E3B0C44298FC.md.provenance.md",".md","823","False","True","False"
"ANIMALS\00_LEGACY_MIGRATION\AUDIO_FINAL_RECONCILIATION\02_DOMAIN_MAPPED\09_CONTINUITY\animal_audio_intensity.md.provenance.md",".md","814","False","True","False"
"ANIMALS\00_LEGACY_MIGRATION\AUDIO_FINAL_RECONCILIATION\02_DOMAIN_MAPPED\09_CONTINUITY\animal_audio_timing.md.provenance.md",".md","811","False","True","False"
"ANIMALS\00_LEGACY_MIGRATION\AUDIO_FINAL_RECONCILIATION\02_DOMAIN_MAPPED\10_HANDOFF\animal_audio_registry.md.provenance.md",".md","818","False","True","False"
"ANIMALS\00_LEGACY_MIGRATION\AUDIO_FINAL_RECONCILIATION\02_DOMAIN_MAPPED\10_HANDOFF\animal_sound_requirements.md.provenance.md",".md","822","False","True","False"
"ANIMALS\00_LEGACY_MIGRATION\AUDIO_FINAL_RECONCILIATION\02_DOMAIN_MAPPED\10_HANDOFF\animal_to_audio.md.provenance.md",".md","812","False","True","False"
"ANIMALS\00_LEGACY_MIGRATION\AUDIO_FINAL_RECONCILIATION\02_DOMAIN_MAPPED\10_HANDOFF\animal_to_sound_design.md.provenance.md",".md","819","False","True","False"
"ANIMALS\00_LEGACY_MIGRATION\AUDIO_FINAL_RECONCILIATION\02_DOMAIN_MAPPED\11_RESEARCH_REFERENCE\animal_sound_references.md.provenance.md",".md","834","False","True","False"
"ANIMALS\00_LEGACY_MIGRATION\AUDIO_FINAL_RECONCILIATION\02_DOMAIN_MAPPED\11_RESEARCH_REFERENCE\behavior_recordings.md.provenance.md",".md","830","False","True","False"
"ANIMALS\00_LEGACY_MIGRATION\AUDIO_FINAL_RECONCILIATION\02_DOMAIN_MAPPED\11_RESEARCH_REFERENCE\domestic_recordings.md.provenance.md",".md","830","False","True","False"
"ANIMALS\00_LEGACY_MIGRATION\AUDIO_FINAL_RECONCILIATION\02_DOMAIN_MAPPED\11_RESEARCH_REFERENCE\reference_provenance.md.provenance.md",".md","831","False","True","False"
"ANIMALS\00_LEGACY_MIGRATION\AUDIO_FINAL_RECONCILIATION\02_DOMAIN_MAPPED\11_RESEARCH_REFERENCE\reference_quality.md.provenance.md",".md","828","False","True","False"
"ANIMALS\00_LEGACY_MIGRATION\AUDIO_FINAL_RECONCILIATION\02_DOMAIN_MAPPED\11_RESEARCH_REFERENCE\species_recordings.md.provenance.md",".md","829","False","True","False"
"ANIMALS\00_LEGACY_MIGRATION\AUDIO_FINAL_RECONCILIATION\02_DOMAIN_MAPPED\11_RESEARCH_REFERENCE\wild_recordings.md.provenance.md",".md","826","False","True","False"
"ANIMALS\00_LEGACY_MIGRATION\AUDIO_FINAL_RECONCILIATION\02_DOMAIN_MAPPED\12_REVIEW_REQUIRED\animal_audio_system.md.provenance.md",".md","816","False","True","False"
"ANIMALS\00_LEGACY_MIGRATION\AUDIO_FINAL_RECONCILIATION\02_DOMAIN_MAPPED\12_REVIEW_REQUIRED\animal_sound_system.md.provenance.md",".md","816","False","True","False"
"ANIMALS\00_LEGACY_MIGRATION\AUDIO_FINAL_RECONCILIATION\02_DOMAIN_MAPPED\12_REVIEW_REQUIRED\background_sound_layers.md.provenance.md",".md","820","False","True","False"
"ANIMALS\00_LEGACY_MIGRATION\AUDIO_FINAL_RECONCILIATION\02_DOMAIN_MAPPED\12_REVIEW_REQUIRED\individual_sound_variation.md.provenance.md",".md","823","False","True","False"
"ANIMALS\00_LEGACY_MIGRATION\AUDIO_FINAL_RECONCILIATION\02_DOMAIN_MAPPED\12_REVIEW_REQUIRED\pain_sounds.md.provenance.md",".md","808","False","True","False"
"ANIMALS\00_LEGACY_MIGRATION\AUDIO_FINAL_RECONCILIATION\02_DOMAIN_MAPPED\12_REVIEW_REQUIRED\vocalization_system.md.provenance.md",".md","816","False","True","False"
"ANIMALS\01_ANIMAL_TRUTH\animal_definition.md",".md","1950","False","True","False"
"ANIMALS\01_ANIMAL_TRUTH\animal_truth_architectural_closure.md",".md","5861","False","True","True"
"ANIMALS\01_ANIMAL_TRUTH\animal_truth_final_control.md",".md","1847","False","True","True"
"ANIMALS\01_ANIMAL_TRUTH\animal_truth_index.md",".md","3576","True","True","True"
"ANIMALS\01_ANIMAL_TRUTH\AUTHORITY\authority_roles.md",".md","584","False","True","False"
"ANIMALS\01_ANIMAL_TRUTH\CANON_CONNECTION\animal_canon_connection.md",".md","1769","False","True","False"
"ANIMALS\01_ANIMAL_TRUTH\CANON_CONNECTION\canon_scope.md",".md","1543","True","True","False"
"ANIMALS\01_ANIMAL_TRUTH\CANON_CONNECTION\canon_status.md",".md","1722","False","True","True"
"ANIMALS\01_ANIMAL_TRUTH\CANON_CONNECTION\source_registry_connection.md",".md","1193","False","True","False"
"ANIMALS\01_ANIMAL_TRUTH\CANON_CONNECTION\translation_version_control.md",".md","1048","False","True","False"
"ANIMALS\01_ANIMAL_TRUTH\CLAIMS\claim_definition.md",".md","1229","False","True","False"
"ANIMALS\01_ANIMAL_TRUTH\CLAIMS\claim_evidence_map.md",".md","845","False","True","False"
"ANIMALS\01_ANIMAL_TRUTH\CLAIMS\claim_registry.md",".md","1543","True","True","False"
"ANIMALS\01_ANIMAL_TRUTH\CLAIMS\claim_relationship_rules.md",".md","1358","False","True","False"
"ANIMALS\01_ANIMAL_TRUTH\CONTROL\assumptions.md",".md","915","False","True","False"
"ANIMALS\01_ANIMAL_TRUTH\CONTROL\change_history.md",".md","1383","False","True","False"
"ANIMALS\01_ANIMAL_TRUTH\CONTROL\cross_record_conflicts.md",".md","908","False","True","False"
"ANIMALS\01_ANIMAL_TRUTH\CONTROL\downstream_acknowledgement.md",".md","983","False","True","False"
"ANIMALS\01_ANIMAL_TRUTH\CONTROL\entity_merge_split.md",".md","917","False","True","False"
"ANIMALS\01_ANIMAL_TRUTH\CONTROL\provenance_rules.md",".md","1658","False","True","False"
"ANIMALS\01_ANIMAL_TRUTH\CONTROL\research_and_approval.md",".md","1470","False","True","False"
"ANIMALS\01_ANIMAL_TRUTH\DECISIONS\decision_definition.md",".md","1000","False","True","True"
"ANIMALS\01_ANIMAL_TRUTH\DECISIONS\decision_registry.md",".md","1172","True","True","False"
"ANIMALS\01_ANIMAL_TRUTH\EVIDENCE\evidence_definition.md",".md","918","True","True","False"
"ANIMALS\01_ANIMAL_TRUTH\EVIDENCE\evidence_origin.md",".md","678","True","True","False"
"ANIMALS\01_ANIMAL_TRUTH\EVIDENCE\evidence_registry.md",".md","1403","False","True","True"
"ANIMALS\01_ANIMAL_TRUTH\IDENTIFICATION\alternative_identifications.md",".md","1122","False","True","False"
"ANIMALS\01_ANIMAL_TRUTH\IDENTIFICATION\animal_identification.md",".md","1566","False","True","False"
"ANIMALS\01_ANIMAL_TRUTH\IDENTIFICATION\identification_confidence.md",".md","1289","False","True","True"
"ANIMALS\01_ANIMAL_TRUTH\IDENTIFICATION\identification_conflicts.md",".md","1262","False","True","True"
"ANIMALS\01_ANIMAL_TRUTH\IDENTIFICATION\identification_evidence.md",".md","1290","False","True","False"
"ANIMALS\01_ANIMAL_TRUTH\IDENTIFICATION\original_terms.md",".md","1191","False","True","False"
"ANIMALS\01_ANIMAL_TRUTH\IDENTIFICATION\possible_species.md",".md","1196","False","True","True"
"ANIMALS\01_ANIMAL_TRUTH\IDENTIFICATION\translation_mapping.md",".md","1218","False","True","False"
"ANIMALS\01_ANIMAL_TRUTH\IDENTITY_CONTROL\entity_vs_record.md",".md","995","False","True","True"
"ANIMALS\01_ANIMAL_TRUTH\IDENTITY_CONTROL\identity_lock.md",".md","785","False","True","False"
"ANIMALS\01_ANIMAL_TRUTH\IDENTITY_CONTROL\identity_lock_rules.md",".md","835","False","True","True"
"ANIMALS\01_ANIMAL_TRUTH\IDENTITY_CONTROL\identity_reopen.md",".md","623","False","True","False"
"ANIMALS\01_ANIMAL_TRUTH\INDIVIDUALS\individual_definition.md",".md","1134","True","True","False"
"ANIMALS\01_ANIMAL_TRUTH\INDIVIDUALS\individual_identity.md",".md","1364","True","True","True"
"ANIMALS\01_ANIMAL_TRUTH\INDIVIDUALS\individual_relationships.md",".md","1249","False","True","False"
"ANIMALS\01_ANIMAL_TRUTH\INDIVIDUALS\individual_status.md",".md","1040","False","True","False"
"ANIMALS\01_ANIMAL_TRUTH\INTERPRETATION\interpretation_definition.md",".md","605","False","True","False"
"ANIMALS\01_ANIMAL_TRUTH\INTERPRETATION\interpretation_registry.md",".md","740","False","True","False"
"ANIMALS\01_ANIMAL_TRUTH\LIFECYCLE\record_lifecycle.md",".md","1111","False","True","False"
"ANIMALS\01_ANIMAL_TRUTH\LIFECYCLE\record_versioning.md",".md","820","True","True","False"
"ANIMALS\01_ANIMAL_TRUTH\LIFECYCLE\truth_freeze.md",".md","1192","False","True","False"
"ANIMALS\01_ANIMAL_TRUTH\LIFECYCLE\truth_reopen_rules.md",".md","746","True","True","False"
"ANIMALS\01_ANIMAL_TRUTH\NEGATIVE_EVIDENCE\negative_evidence_rules.md",".md","931","False","True","False"
"ANIMALS\01_ANIMAL_TRUTH\SOURCE_MENTIONS\source_mention_definition.md",".md","1050","False","True","False"
"ANIMALS\01_ANIMAL_TRUTH\SOURCE_MENTIONS\source_mention_registry.md",".md","1030","False","True","False"
"ANIMALS\01_ANIMAL_TRUTH\SPECIES\common_names.md",".md","1016","False","True","False"
"ANIMALS\01_ANIMAL_TRUTH\SPECIES\regional_names.md",".md","944","False","True","False"
"ANIMALS\01_ANIMAL_TRUTH\SPECIES\species_definition.md",".md","1131","False","True","True"
"ANIMALS\01_ANIMAL_TRUTH\SPECIES\species_identity.md",".md","1120","False","True","True"
"ANIMALS\01_ANIMAL_TRUTH\SPECIES\species_registry.md",".md","1282","False","True","False"
"ANIMALS\01_ANIMAL_TRUTH\SPECIES\species_scope.md",".md","1130","True","True","False"
"ANIMALS\01_ANIMAL_TRUTH\STATE_HISTORY\individual_state_history.md",".md","874","False","True","False"
"ANIMALS\01_ANIMAL_TRUTH\TAXONOMY\historical_to_modern_mapping_rules.md",".md","1191","False","True","False"
"ANIMALS\01_ANIMAL_TRUTH\TAXONOMY\scientific_classification.md",".md","1131","False","True","False"
"ANIMALS\01_ANIMAL_TRUTH\TAXONOMY\taxonomic_synonyms.md",".md","1070","False","True","False"
"ANIMALS\01_ANIMAL_TRUTH\TAXONOMY\taxonomic_uncertainty.md",".md","1454","False","True","False"
"ANIMALS\01_ANIMAL_TRUTH\TAXONOMY\taxonomy.md",".md","1302","False","True","False"
"ANIMALS\01_ANIMAL_TRUTH\UNCERTAINTY\confidence_model.md",".md","988","False","True","True"
"ANIMALS\01_ANIMAL_TRUTH\UNCERTAINTY\uncertainty_dimensions.md",".md","1182","False","True","False"
"ANIMALS\01_ANIMAL_TRUTH\UNCERTAINTY\uncertainty_propagation_matrix.md",".md","1287","False","True","True"
"ANIMALS\01_ANIMAL_TRUTH\UNCERTAINTY\uncertainty_registry.md",".md","978","True","True","False"
"ANIMALS\02_BIOLOGY\BIOLOGY_COMPLETION_AUDIT.md",".md","949","False","True","False"
"ANIMALS\02_BIOLOGY\BIOLOGY_DATA_AUDIT.md",".md","3148","False","True","False"
"ANIMALS\02_BIOLOGY\BIOLOGY_DATA_DICTIONARY.md",".md","1646","False","True","True"
"ANIMALS\02_BIOLOGY\biology_definition.md",".md","3257","False","True","True"
"ANIMALS\02_BIOLOGY\BIOLOGY_GLOBAL_RULES.md",".md","2088","False","True","True"
"ANIMALS\02_BIOLOGY\biology_index.md",".md","3708","False","True","True"
"ANIMALS\02_BIOLOGY\BIOLOGY_MASTER_CONTRACT.md",".md","4327","False","True","True"
"ANIMALS\02_BIOLOGY\BIOLOGY_MASTER_RULES.md",".md","7742","False","True","True"
"ANIMALS\02_BIOLOGY\BIOLOGY_V3_MASTER_CONTRACT.md",".md","1962","False","True","False"
"ANIMALS\02_BIOLOGY\AGE\age_definition.md",".md","2666","False","True","True"
"ANIMALS\02_BIOLOGY\AGE\age_related_appearance.md",".md","3135","False","True","False"
"ANIMALS\02_BIOLOGY\AGE\age_related_behavior.md",".md","3130","False","True","False"
"ANIMALS\02_BIOLOGY\AGE\age_specific_constraints.md",".md","2804","False","True","True"
"ANIMALS\02_BIOLOGY\AGE\age_system.md",".md","2903","False","True","False"
"ANIMALS\02_BIOLOGY\AGE\aging.md",".md","2712","False","True","True"
"ANIMALS\02_BIOLOGY\AGE\biological_age.md",".md","2764","False","True","True"
"ANIMALS\02_BIOLOGY\AGE\chronological_age.md",".md","2833","False","True","True"
"ANIMALS\02_BIOLOGY\AGE\development.md",".md","2698","False","True","True"
"ANIMALS\02_BIOLOGY\AGE\life_stages.md",".md","2658","False","True","True"
"ANIMALS\02_BIOLOGY\ANATOMY\anatomy.md",".md","3122","False","True","False"
"ANIMALS\02_BIOLOGY\ANATOMY\external_anatomy.md",".md","2894","False","True","False"
"ANIMALS\02_BIOLOGY\ANATOMY\head_and_face.md",".md","2908","False","True","False"
"ANIMALS\02_BIOLOGY\ANATOMY\limbs_and_feet.md",".md","2907","False","True","False"
"ANIMALS\02_BIOLOGY\ANATOMY\musculoskeletal_system.md",".md","2900","False","True","False"
"ANIMALS\02_BIOLOGY\ANATOMY\skeleton.md",".md","2855","False","True","False"
"ANIMALS\02_BIOLOGY\ANATOMY\skin_fur_feathers.md",".md","2859","False","True","True"
"ANIMALS\02_BIOLOGY\ANATOMY\species_specific_structures.md",".md","2955","False","True","False"
"ANIMALS\02_BIOLOGY\CONTROL\anti_hallucination_master.md",".md","2841","False","True","True"
"ANIMALS\02_BIOLOGY\CONTROL\ANTI_HALLUCINATION_RULES.md",".md","1005","False","True","False"
"ANIMALS\02_BIOLOGY\CONTROL\biological_assumption_rules.md",".md","2712","False","True","True"
"ANIMALS\02_BIOLOGY\CONTROL\biological_change_control.md",".md","2717","False","True","True"
"ANIMALS\02_BIOLOGY\CONTROL\biological_claim_rules.md",".md","2690","False","True","True"
"ANIMALS\02_BIOLOGY\CONTROL\biological_conflict_registry.md",".md","2628","False","True","True"
"ANIMALS\02_BIOLOGY\CONTROL\biological_conflict_resolution.md",".md","2782","False","True","True"
"ANIMALS\02_BIOLOGY\CONTROL\biological_unknowns.md",".md","2755","False","True","True"
"ANIMALS\02_BIOLOGY\CONTROL\biological_unknown_registry.md",".md","2673","False","True","True"
"ANIMALS\02_BIOLOGY\CONTROL\BIOLOGY_COMPLETION_AUDIT.md",".md","3005","False","True","True"
"ANIMALS\02_BIOLOGY\CONTROL\BIOLOGY_DATA_DICTIONARY.md",".md","2866","False","True","True"
"ANIMALS\02_BIOLOGY\CONTROL\biology_provenance_rules.md",".md","2735","True","True","True"
"ANIMALS\02_BIOLOGY\CONTROL\BIOLOGY_V2_MASTER_CONTRACT.md",".md","3332","False","True","False"
"ANIMALS\02_BIOLOGY\CONTROL\CANONICAL_OWNERSHIP_MAP.md",".md","2223","False","True","False"
"ANIMALS\02_BIOLOGY\CONTROL\GENERATION_GUARD.md",".md","2942","False","True","True"
"ANIMALS\02_BIOLOGY\CONTROL\MASTER_BIOLOGY_STATUS.md",".md","706","False","True","False"
"ANIMALS\02_BIOLOGY\CONTROL\production_biology_gate.md",".md","3004","False","True","True"
"ANIMALS\02_BIOLOGY\CONTROL\research_status_rules.md",".md","1042","False","True","False"
"ANIMALS\02_BIOLOGY\CONTROL\APPLICABILITY\applicability_hierarchy.md",".md","730","False","True","False"
"ANIMALS\02_BIOLOGY\CONTROL\APPLICABILITY\applicability_rules.md",".md","821","False","True","False"
"ANIMALS\02_BIOLOGY\CONTROL\APPLICABILITY\evidence_scope_hierarchy.md",".md","528","False","True","False"
"ANIMALS\02_BIOLOGY\CONTROL\APPROVAL\BIOLOGY_V2_VALIDATION_REPORT.md",".md","26305","False","True","False"
"ANIMALS\02_BIOLOGY\CONTROL\APPROVAL\BIOLOGY_V3_FINAL_VALIDATION_REPORT.md",".md","1561","False","True","False"
"ANIMALS\02_BIOLOGY\CONTROL\APPROVAL\final_biology_gate.md",".md","1375","False","True","False"
"ANIMALS\02_BIOLOGY\CONTROL\CHANGE_CONTROL\change_contract.md",".md","345","False","True","False"
"ANIMALS\02_BIOLOGY\CONTROL\CHANGE_CONTROL\change_control.md",".md","752","False","True","False"
"ANIMALS\02_BIOLOGY\CONTROL\CONFLICTS\conflict_contract.md",".md","456","False","True","False"
"ANIMALS\02_BIOLOGY\CONTROL\COVERAGE\research_priority_contract.md",".md","828","False","True","False"
"ANIMALS\02_BIOLOGY\CONTROL\COVERAGE\MASTER\MASTER_ANIMAL_COVERAGE.md",".md","9336","False","True","False"
"ANIMALS\02_BIOLOGY\CONTROL\EVIDENCE\negative_evidence_contract.md",".md","290","False","True","False"
"ANIMALS\02_BIOLOGY\CONTROL\MEASUREMENTS\measurement_rules.md",".md","608","False","True","False"
"ANIMALS\02_BIOLOGY\CONTROL\ORPHANS\orphan_record_rules.md",".md","460","False","True","False"
"ANIMALS\02_BIOLOGY\CONTROL\RELEASE\FINAL_RELEASE_GATE.md",".md","1477","False","True","False"
"ANIMALS\02_BIOLOGY\CONTROL\RELEASE\snapshot_contract.md",".md","374","False","True","False"
"ANIMALS\02_BIOLOGY\CONTROL\RELEASE\SNAPSHOTS\BIOLOGY_V5_SHA256_MANIFEST.md",".md","44107","False","True","False"
"ANIMALS\02_BIOLOGY\CONTROL\SCHEMAS\evidence_schema.md",".md","941","False","True","False"
"ANIMALS\02_BIOLOGY\CONTROL\SCHEMAS\measurement_rules.md",".md","990","False","True","False"
"ANIMALS\02_BIOLOGY\CONTROL\SCHEMAS\source_schema.md",".md","1005","False","True","False"
"ANIMALS\02_BIOLOGY\CONTROL\SCHEMAS\species_record_schema.md",".md","950","False","True","False"
"ANIMALS\02_BIOLOGY\CONTROL\SNAPSHOTS\version_contract.md",".md","518","False","True","False"
"ANIMALS\02_BIOLOGY\CONTROL\TAXONOMY\taxonomy_contract.md",".md","599","False","True","False"
"ANIMALS\02_BIOLOGY\CONTROL\TRUTH_ENGINE\negative_evidence_contract.md",".md","418","False","True","False"
"ANIMALS\02_BIOLOGY\CONTROL\TRUTH_ENGINE\truth_class_contract.md",".md","1073","False","True","False"
"ANIMALS\02_BIOLOGY\CONTROL\TRUTH_ENGINE\REPORTS\BIOLOGY_V5_FINAL_AUDIT.md",".md","6239","False","True","False"
"ANIMALS\02_BIOLOGY\CONTROL\TRUTH_ENGINE\SCHEMAS\claim_contract.md",".md","929","False","True","False"
"ANIMALS\02_BIOLOGY\CONTROL\TRUTH_ENGINE\SCHEMAS\claim_schema.md",".md","690","False","True","False"
"ANIMALS\02_BIOLOGY\CONTROL\TRUTH_ENGINE\SCHEMAS\evidence_contract.md",".md","526","False","True","False"
"ANIMALS\02_BIOLOGY\CONTROL\TRUTH_ENGINE\SCHEMAS\evidence_schema.md",".md","618","False","True","False"
"ANIMALS\02_BIOLOGY\CONTROL\TRUTH_ENGINE\SCHEMAS\source_contract.md",".md","827","False","True","False"
"ANIMALS\02_BIOLOGY\CONTROL\TRUTH_ENGINE\SCHEMAS\source_schema.md",".md","630","False","True","False"
"ANIMALS\02_BIOLOGY\CONTROL\UNCERTAINTY\uncertainty_contract.md",".md","296","False","True","False"
"ANIMALS\02_BIOLOGY\HANDOFFS\behavior_handoff.md",".md","2691","False","True","True"
"ANIMALS\02_BIOLOGY\HANDOFFS\continuity_handoff.md",".md","2694","False","True","True"
"ANIMALS\02_BIOLOGY\HANDOFFS\domestic_trained_handoff.md",".md","2653","False","True","True"
"ANIMALS\02_BIOLOGY\HANDOFFS\ecology_handoff.md",".md","2639","False","True","True"
"ANIMALS\02_BIOLOGY\HANDOFFS\movement_handoff.md",".md","2695","False","True","True"
"ANIMALS\02_BIOLOGY\HANDOFFS\production_handoff.md",".md","2785","False","True","True"
"ANIMALS\02_BIOLOGY\HANDOFFS\visual_identity_handoff.md",".md","2705","False","True","True"
"ANIMALS\02_BIOLOGY\HEALTH\baseline_health.md",".md","2738","False","True","True"
"ANIMALS\02_BIOLOGY\HEALTH\disability.md",".md","2611","False","True","True"
"ANIMALS\02_BIOLOGY\HEALTH\disease.md",".md","2686","False","True","True"
"ANIMALS\02_BIOLOGY\HEALTH\disease_and_illness.md",".md","2933","False","True","False"
"ANIMALS\02_BIOLOGY\HEALTH\healing.md",".md","2621","False","True","True"
"ANIMALS\02_BIOLOGY\HEALTH\health_definition.md",".md","2645","False","True","True"
"ANIMALS\02_BIOLOGY\HEALTH\health_states.md",".md","2744","False","True","True"
"ANIMALS\02_BIOLOGY\HEALTH\health_state_continuity.md",".md","2625","False","True","True"
"ANIMALS\02_BIOLOGY\HEALTH\injury.md",".md","2684","False","True","True"
"ANIMALS\02_BIOLOGY\HEALTH\injury_states.md",".md","2759","False","True","False"
"ANIMALS\02_BIOLOGY\HEALTH\pain_response.md",".md","2692","False","True","True"
"ANIMALS\02_BIOLOGY\HEALTH\parasites.md",".md","2699","False","True","True"
"ANIMALS\02_BIOLOGY\HEALTH\recovery.md",".md","2825","False","True","False"
"ANIMALS\02_BIOLOGY\HEALTH\wounds.md",".md","2617","False","True","True"
"ANIMALS\02_BIOLOGY\HISTORICAL_BIOLOGY\ancient_range.md",".md","2797","False","True","True"
"ANIMALS\02_BIOLOGY\HISTORICAL_BIOLOGY\CURRENT_BIOLOGY_SCOPE.md",".md","1100","False","True","True"
"ANIMALS\02_BIOLOGY\HISTORICAL_BIOLOGY\historical_baseline.md",".md","2837","False","True","True"
"ANIMALS\02_BIOLOGY\HISTORICAL_BIOLOGY\historical_breed_uncertainty.md",".md","2737","False","True","True"
"ANIMALS\02_BIOLOGY\HISTORICAL_BIOLOGY\historical_domestication.md",".md","2724","False","True","True"
"ANIMALS\02_BIOLOGY\HISTORICAL_BIOLOGY\historical_ecology_connection.md",".md","2693","False","True","True"
"ANIMALS\02_BIOLOGY\HISTORICAL_BIOLOGY\reconstruction_limits.md",".md","2706","False","True","True"
"ANIMALS\02_BIOLOGY\INDIVIDUAL_BIOLOGICAL_STATE\baseline_state.md",".md","2748","False","True","True"
"ANIMALS\02_BIOLOGY\INDIVIDUAL_BIOLOGICAL_STATE\current_state.md",".md","2672","False","True","True"
"ANIMALS\02_BIOLOGY\INDIVIDUAL_BIOLOGICAL_STATE\individual_age_lock.md",".md","2722","False","True","True"
"ANIMALS\02_BIOLOGY\INDIVIDUAL_BIOLOGICAL_STATE\individual_health_lock.md",".md","2712","False","True","True"
"ANIMALS\02_BIOLOGY\INDIVIDUAL_BIOLOGICAL_STATE\individual_sex_lock.md",".md","2715","False","True","True"
"ANIMALS\02_BIOLOGY\INDIVIDUAL_BIOLOGICAL_STATE\individual_state_master_template.md",".md","2837","False","True","False"
"ANIMALS\02_BIOLOGY\INDIVIDUAL_BIOLOGICAL_STATE\species_fact_override_prevention.md",".md","2840","False","True","True"
"ANIMALS\02_BIOLOGY\INDIVIDUAL_BIOLOGICAL_STATE\state_definition.md",".md","2843","False","True","True"
"ANIMALS\02_BIOLOGY\INDIVIDUAL_BIOLOGICAL_STATE\state_dependencies.md",".md","2835","False","True","True"
"ANIMALS\02_BIOLOGY\INDIVIDUAL_BIOLOGICAL_STATE\state_transition.md",".md","2765","False","True","True"
"ANIMALS\02_BIOLOGY\LEGACY\SENSORY_SYSTEM_20261006_235357\balance_and_spatial_awareness.md",".md","2855","False","True","False"
"ANIMALS\02_BIOLOGY\LEGACY\SENSORY_SYSTEM_20261006_235357\hearing.md",".md","2788","False","True","False"
"ANIMALS\02_BIOLOGY\LEGACY\SENSORY_SYSTEM_20261006_235357\sensory_system.md",".md","2808","False","True","False"
"ANIMALS\02_BIOLOGY\LEGACY\SENSORY_SYSTEM_20261006_235357\smell.md",".md","2736","False","True","False"
"ANIMALS\02_BIOLOGY\LEGACY\SENSORY_SYSTEM_20261006_235357\touch.md",".md","2736","False","True","True"
"ANIMALS\02_BIOLOGY\LEGACY\SENSORY_SYSTEM_20261006_235357\vision.md",".md","2804","False","True","False"
"ANIMALS\02_BIOLOGY\NATURAL_VARIATION\age_variation.md",".md","2606","False","True","True"
"ANIMALS\02_BIOLOGY\NATURAL_VARIATION\environmental_variation.md",".md","2742","False","True","True"
"ANIMALS\02_BIOLOGY\NATURAL_VARIATION\geographic_variation.md",".md","2671","False","True","True"
"ANIMALS\02_BIOLOGY\NATURAL_VARIATION\individual_variation.md",".md","2685","False","True","True"
"ANIMALS\02_BIOLOGY\NATURAL_VARIATION\natural_asymmetry.md",".md","2943","False","True","False"
"ANIMALS\02_BIOLOGY\NATURAL_VARIATION\physical_variation.md",".md","2829","False","True","False"
"ANIMALS\02_BIOLOGY\NATURAL_VARIATION\seasonal_variation.md",".md","2654","False","True","True"
"ANIMALS\02_BIOLOGY\NATURAL_VARIATION\sex_variation.md",".md","2585","False","True","True"
"ANIMALS\02_BIOLOGY\NATURAL_VARIATION\species_variation.md",".md","2651","False","True","True"
"ANIMALS\02_BIOLOGY\NATURAL_VARIATION\variation_definition.md",".md","2687","False","True","True"
"ANIMALS\02_BIOLOGY\NUTRITION\dietary_requirements.md",".md","2736","False","True","True"
"ANIMALS\02_BIOLOGY\NUTRITION\digestion.md",".md","2705","False","True","True"
"ANIMALS\02_BIOLOGY\NUTRITION\feeding_biology.md",".md","2723","False","True","True"
"ANIMALS\02_BIOLOGY\NUTRITION\feeding_constraints.md",".md","2666","False","True","True"
"ANIMALS\02_BIOLOGY\NUTRITION\hunger.md",".md","2639","False","True","True"
"ANIMALS\02_BIOLOGY\NUTRITION\nutritional_state.md",".md","2611","False","True","True"
"ANIMALS\02_BIOLOGY\NUTRITION\thirst.md",".md","2637","False","True","True"
"ANIMALS\02_BIOLOGY\PHYSIOLOGY\breathing.md",".md","2834","False","True","False"
"ANIMALS\02_BIOLOGY\PHYSIOLOGY\circulation.md",".md","2648","False","True","True"
"ANIMALS\02_BIOLOGY\PHYSIOLOGY\energy.md",".md","2645","False","True","True"
"ANIMALS\02_BIOLOGY\PHYSIOLOGY\fatigue.md",".md","2705","False","True","True"
"ANIMALS\02_BIOLOGY\PHYSIOLOGY\hydration.md",".md","2662","False","True","True"
"ANIMALS\02_BIOLOGY\PHYSIOLOGY\metabolism.md",".md","2738","False","True","True"
"ANIMALS\02_BIOLOGY\PHYSIOLOGY\physiological_limits.md",".md","2742","False","True","True"
"ANIMALS\02_BIOLOGY\PHYSIOLOGY\physiological_systems.md",".md","2718","False","True","True"
"ANIMALS\02_BIOLOGY\PHYSIOLOGY\physiology.md",".md","2837","False","True","False"
"ANIMALS\02_BIOLOGY\PHYSIOLOGY\recovery.md",".md","2611","False","True","True"
"ANIMALS\02_BIOLOGY\PHYSIOLOGY\respiration.md",".md","2702","False","True","True"
"ANIMALS\02_BIOLOGY\PHYSIOLOGY\stress_response.md",".md","2943","False","True","False"
"ANIMALS\02_BIOLOGY\PHYSIOLOGY\thermoregulation.md",".md","2727","False","True","True"
"ANIMALS\02_BIOLOGY\REGISTRY\SYNONYMS\synonym_contract.md",".md","328","False","True","False"
"ANIMALS\02_BIOLOGY\REPRODUCTION\birth.md",".md","2638","False","True","True"
"ANIMALS\02_BIOLOGY\REPRODUCTION\breeding_season.md",".md","2778","False","True","False"
"ANIMALS\02_BIOLOGY\REPRODUCTION\fertility.md",".md","2626","False","True","True"
"ANIMALS\02_BIOLOGY\REPRODUCTION\gestation.md",".md","2605","False","True","True"
"ANIMALS\02_BIOLOGY\REPRODUCTION\lactation.md",".md","2647","False","True","True"
"ANIMALS\02_BIOLOGY\REPRODUCTION\mating_season.md",".md","2647","False","True","True"
"ANIMALS\02_BIOLOGY\REPRODUCTION\offspring_development.md",".md","2673","False","True","True"
"ANIMALS\02_BIOLOGY\REPRODUCTION\pregnancy.md",".md","2732","False","True","True"
"ANIMALS\02_BIOLOGY\REPRODUCTION\pregnancy_and_offspring.md",".md","2805","False","True","False"
"ANIMALS\02_BIOLOGY\REPRODUCTION\reproduction.md",".md","2890","False","True","False"
"ANIMALS\02_BIOLOGY\REPRODUCTION\reproductive_biology.md",".md","2768","False","True","True"
"ANIMALS\02_BIOLOGY\REPRODUCTION\reproductive_cycle.md",".md","2736","False","True","True"
"ANIMALS\02_BIOLOGY\RESEARCH\biology_research_registry.md",".md","3150","False","True","True"
"ANIMALS\02_BIOLOGY\RESEARCH\evidence_requirements.md",".md","2748","False","True","True"
"ANIMALS\02_BIOLOGY\RESEARCH\geographic_evidence_policy.md",".md","800","False","True","False"
"ANIMALS\02_BIOLOGY\RESEARCH\research_conflicts.md",".md","2737","False","True","True"
"ANIMALS\02_BIOLOGY\RESEARCH\RESEARCH_DATA_RULES.md",".md","657","True","True","False"
"ANIMALS\02_BIOLOGY\RESEARCH\research_status.md",".md","2656","False","True","True"
"ANIMALS\02_BIOLOGY\RESEARCH\research_status_definitions.md",".md","903","False","True","False"
"ANIMALS\02_BIOLOGY\RESEARCH\research_uncertainty.md",".md","2678","False","True","True"
"ANIMALS\02_BIOLOGY\RESEARCH\SPECIES_BIOLOGY_BASELINES.md",".md","11545","True","True","True"
"ANIMALS\02_BIOLOGY\RESEARCH\species_biology_master_registry.md",".md","23368","True","True","False"
"ANIMALS\02_BIOLOGY\RESEARCH\species_biology_records.md",".md","3230","False","True","True"
"ANIMALS\02_BIOLOGY\RESEARCH\species_record_template.md",".md","1760","False","True","False"
"ANIMALS\02_BIOLOGY\RESEARCH\SPECIES_REGISTRY.md",".md","5732","False","True","True"
"ANIMALS\02_BIOLOGY\RESEARCH\GAPS\OPEN_RESEARCH_GAPS.md",".md","354","False","True","False"
"ANIMALS\02_BIOLOGY\RESEARCH\GAPS\open_research_gaps_v3.md",".md","242","False","True","False"
"ANIMALS\02_BIOLOGY\RESEARCH\GAPS\research_gap_registry.md",".md","442","False","True","False"
"ANIMALS\02_BIOLOGY\RESEARCH\SPECIES_BIOLOGY_RECORDS\ANM-AMP-FRO-001.md",".md","5551","False","True","False"
"ANIMALS\02_BIOLOGY\RESEARCH\SPECIES_BIOLOGY_RECORDS\ANM-AVI-CRO-001.md",".md","5502","False","True","False"
"ANIMALS\02_BIOLOGY\RESEARCH\SPECIES_BIOLOGY_RECORDS\ANM-AVI-PAR-001.md",".md","5598","False","True","False"
"ANIMALS\02_BIOLOGY\RESEARCH\SPECIES_BIOLOGY_RECORDS\ANM-AVI-PEA-001.md",".md","5489","False","True","False"
"ANIMALS\02_BIOLOGY\RESEARCH\SPECIES_BIOLOGY_RECORDS\ANM-AVI-PIG-001.md",".md","5512","True","True","False"
"ANIMALS\02_BIOLOGY\RESEARCH\SPECIES_BIOLOGY_RECORDS\ANM-INV-BEE-001.md",".md","5511","False","True","False"
"ANIMALS\02_BIOLOGY\RESEARCH\SPECIES_BIOLOGY_RECORDS\ANM-INV-BUT-001.md",".md","5503","False","True","False"
"ANIMALS\02_BIOLOGY\RESEARCH\SPECIES_BIOLOGY_RECORDS\ANM-INV-FLY-001.md",".md","5526","False","True","False"
"ANIMALS\02_BIOLOGY\RESEARCH\SPECIES_BIOLOGY_RECORDS\ANM-MAM-BUF-001.md",".md","5504","False","True","False"
"ANIMALS\02_BIOLOGY\RESEARCH\SPECIES_BIOLOGY_RECORDS\ANM-MAM-CAT-001.md",".md","5643","False","True","False"
"ANIMALS\02_BIOLOGY\RESEARCH\SPECIES_BIOLOGY_RECORDS\ANM-MAM-CHI-001.md",".md","5481","False","True","False"
"ANIMALS\02_BIOLOGY\RESEARCH\SPECIES_BIOLOGY_RECORDS\ANM-MAM-DOG-001.md",".md","5643","False","True","False"
"ANIMALS\02_BIOLOGY\RESEARCH\SPECIES_BIOLOGY_RECORDS\ANM-MAM-DON-001.md",".md","5492","False","True","False"
"ANIMALS\02_BIOLOGY\RESEARCH\SPECIES_BIOLOGY_RECORDS\ANM-MAM-ELE-001.md",".md","5575","False","True","False"
"ANIMALS\02_BIOLOGY\RESEARCH\SPECIES_BIOLOGY_RECORDS\ANM-MAM-FEL-001.md",".md","5495","False","True","False"
"ANIMALS\02_BIOLOGY\RESEARCH\SPECIES_BIOLOGY_RECORDS\ANM-MAM-GOA-001.md",".md","5520","False","True","False"
"ANIMALS\02_BIOLOGY\RESEARCH\SPECIES_BIOLOGY_RECORDS\ANM-MAM-HOR-001.md",".md","5580","False","True","False"
"ANIMALS\02_BIOLOGY\RESEARCH\SPECIES_BIOLOGY_RECORDS\ANM-MAM-JAC-001.md",".md","5477","False","True","False"
"ANIMALS\02_BIOLOGY\RESEARCH\SPECIES_BIOLOGY_RECORDS\ANM-MAM-LAN-001.md",".md","5565","False","True","False"
"ANIMALS\02_BIOLOGY\RESEARCH\SPECIES_BIOLOGY_RECORDS\ANM-MAM-LEO-001.md",".md","5487","False","True","False"
"ANIMALS\02_BIOLOGY\RESEARCH\SPECIES_BIOLOGY_RECORDS\ANM-MAM-RHE-001.md",".md","5494","False","True","False"
"ANIMALS\02_BIOLOGY\RESEARCH\SPECIES_BIOLOGY_RECORDS\ANM-MAM-SAM-001.md",".md","5526","False","True","False"
"ANIMALS\02_BIOLOGY\RESEARCH\SPECIES_BIOLOGY_RECORDS\ANM-MAM-SBE-001.md",".md","5530","False","True","False"
"ANIMALS\02_BIOLOGY\RESEARCH\SPECIES_BIOLOGY_RECORDS\ANM-MAM-SHE-001.md",".md","5508","False","True","False"
"ANIMALS\02_BIOLOGY\RESEARCH\SPECIES_BIOLOGY_RECORDS\ANM-MAM-TIG-001.md",".md","5529","False","True","False"
"ANIMALS\02_BIOLOGY\RESEARCH\SPECIES_BIOLOGY_RECORDS\ANM-MAM-WBO-001.md",".md","5468","False","True","False"
"ANIMALS\02_BIOLOGY\RESEARCH\SPECIES_BIOLOGY_RECORDS\ANM-REP-COB-001.md",".md","5509","False","True","False"
"ANIMALS\02_BIOLOGY\RESEARCH\SPECIES_BIOLOGY_RECORDS\ANM-REP-CRO-001.md",".md","5514","False","True","False"
"ANIMALS\02_BIOLOGY\RESEARCH\SPECIES_BIOLOGY_RECORDS\ANM-REP-PYT-001.md",".md","5527","False","True","False"
"ANIMALS\02_BIOLOGY\RESEARCH\SPECIES_RECORDS\SP-ANT.md",".md","1100","False","True","False"
"ANIMALS\02_BIOLOGY\RESEARCH\SPECIES_RECORDS\SP-BAT.md",".md","1100","False","True","False"
"ANIMALS\02_BIOLOGY\RESEARCH\SPECIES_RECORDS\SP-BEE-EATER.md",".md","1098","False","True","False"
"ANIMALS\02_BIOLOGY\RESEARCH\SPECIES_RECORDS\SP-BEETLE.md",".md","1103","False","True","False"
"ANIMALS\02_BIOLOGY\RESEARCH\SPECIES_RECORDS\SP-BLACKBUCK.md",".md","1904","False","True","False"
"ANIMALS\02_BIOLOGY\RESEARCH\SPECIES_RECORDS\SP-BONNET.md",".md","1895","False","True","False"
"ANIMALS\02_BIOLOGY\RESEARCH\SPECIES_RECORDS\SP-BULLFROG.md",".md","1102","False","True","False"
"ANIMALS\02_BIOLOGY\RESEARCH\SPECIES_RECORDS\SP-BUTTERFLY.md",".md","1106","False","True","False"
"ANIMALS\02_BIOLOGY\RESEARCH\SPECIES_RECORDS\SP-CAT.md",".md","1886","False","True","False"
"ANIMALS\02_BIOLOGY\RESEARCH\SPECIES_RECORDS\SP-CATFISH.md",".md","1107","False","True","False"
"ANIMALS\02_BIOLOGY\RESEARCH\SPECIES_RECORDS\SP-CATLA.md",".md","1101","False","True","False"
"ANIMALS\02_BIOLOGY\RESEARCH\SPECIES_RECORDS\SP-CENTIPEDE.md",".md","1106","False","True","False"
"ANIMALS\02_BIOLOGY\RESEARCH\SPECIES_RECORDS\SP-CHAMELEON.md",".md","1101","False","True","False"
"ANIMALS\02_BIOLOGY\RESEARCH\SPECIES_RECORDS\SP-CHICKEN.md",".md","1898","False","True","False"
"ANIMALS\02_BIOLOGY\RESEARCH\SPECIES_RECORDS\SP-CHINKARA.md",".md","1901","False","True","False"
"ANIMALS\02_BIOLOGY\RESEARCH\SPECIES_RECORDS\SP-CHITAL.md",".md","1895","False","True","False"
"ANIMALS\02_BIOLOGY\RESEARCH\SPECIES_RECORDS\SP-CIVET.md",".md","1892","False","True","False"
"ANIMALS\02_BIOLOGY\RESEARCH\SPECIES_RECORDS\SP-COBRA.md",".md","1892","False","True","False"
"ANIMALS\02_BIOLOGY\RESEARCH\SPECIES_RECORDS\SP-COCKROACH.md",".md","1106","False","True","False"
"ANIMALS\02_BIOLOGY\RESEARCH\SPECIES_RECORDS\SP-COW.md",".md","1886","False","True","False"
"ANIMALS\02_BIOLOGY\RESEARCH\SPECIES_RECORDS\SP-CRANE.md",".md","1094","False","True","False"
"ANIMALS\02_BIOLOGY\RESEARCH\SPECIES_RECORDS\SP-CRICKET.md",".md","1104","False","True","False"
"ANIMALS\02_BIOLOGY\RESEARCH\SPECIES_RECORDS\SP-CROCODILE.md",".md","1904","False","True","False"
"ANIMALS\02_BIOLOGY\RESEARCH\SPECIES_RECORDS\SP-CROW.md",".md","1093","False","True","False"
"ANIMALS\02_BIOLOGY\RESEARCH\SPECIES_RECORDS\SP-CUCKOO.md",".md","1095","False","True","False"
"ANIMALS\02_BIOLOGY\RESEARCH\SPECIES_RECORDS\SP-DAMSELFLY.md",".md","1106","False","True","False"
"ANIMALS\02_BIOLOGY\RESEARCH\SPECIES_RECORDS\SP-DHOLE.md",".md","1892","False","True","False"
"ANIMALS\02_BIOLOGY\RESEARCH\SPECIES_RECORDS\SP-DOG.md",".md","1886","False","True","False"
"ANIMALS\02_BIOLOGY\RESEARCH\SPECIES_RECORDS\SP-DONKEY.md",".md","1895","False","True","False"
"ANIMALS\02_BIOLOGY\RESEARCH\SPECIES_RECORDS\SP-DOVE.md",".md","1093","False","True","False"
"ANIMALS\02_BIOLOGY\RESEARCH\SPECIES_RECORDS\SP-DRAGONFLY.md",".md","1106","False","True","False"
"ANIMALS\02_BIOLOGY\RESEARCH\SPECIES_RECORDS\SP-DUCK.md",".md","1889","False","True","False"
"ANIMALS\02_BIOLOGY\RESEARCH\SPECIES_RECORDS\SP-EAGLE.md",".md","1094","False","True","False"
"ANIMALS\02_BIOLOGY\RESEARCH\SPECIES_RECORDS\SP-EARTHWORM.md",".md","1106","False","True","False"
"ANIMALS\02_BIOLOGY\RESEARCH\SPECIES_RECORDS\SP-EGRET.md",".md","1094","False","True","False"
"ANIMALS\02_BIOLOGY\RESEARCH\SPECIES_RECORDS\SP-ELEPHANT.md",".md","1901","False","True","False"
"ANIMALS\02_BIOLOGY\RESEARCH\SPECIES_RECORDS\SP-FIREFLY.md",".md","1104","False","True","False"
"ANIMALS\02_BIOLOGY\RESEARCH\SPECIES_RECORDS\SP-FLY.md",".md","1100","False","True","False"
"ANIMALS\02_BIOLOGY\RESEARCH\SPECIES_RECORDS\SP-FOURHORNED.md",".md","1907","False","True","False"
"ANIMALS\02_BIOLOGY\RESEARCH\SPECIES_RECORDS\SP-FOX.md",".md","1886","False","True","False"
"ANIMALS\02_BIOLOGY\RESEARCH\SPECIES_RECORDS\SP-FROG.md",".md","1098","False","True","False"
"ANIMALS\02_BIOLOGY\RESEARCH\SPECIES_RECORDS\SP-FRUITBAT.md",".md","1106","False","True","False"
"ANIMALS\02_BIOLOGY\RESEARCH\SPECIES_RECORDS\SP-GARDENLIZARD.md",".md","1913","False","True","False"
"ANIMALS\02_BIOLOGY\RESEARCH\SPECIES_RECORDS\SP-GAUR.md",".md","1889","False","True","False"
"ANIMALS\02_BIOLOGY\RESEARCH\SPECIES_RECORDS\SP-GECKO.md",".md","1892","False","True","False"
"ANIMALS\02_BIOLOGY\RESEARCH\SPECIES_RECORDS\SP-GIANTSQUIRREL.md",".md","1111","False","True","False"
"ANIMALS\02_BIOLOGY\RESEARCH\SPECIES_RECORDS\SP-GOAT.md",".md","1889","False","True","False"
"ANIMALS\02_BIOLOGY\RESEARCH\SPECIES_RECORDS\SP-GOOSE.md",".md","1892","False","True","False"
"ANIMALS\02_BIOLOGY\RESEARCH\SPECIES_RECORDS\SP-GRASSHOPPER.md",".md","1108","False","True","False"
"ANIMALS\02_BIOLOGY\RESEARCH\SPECIES_RECORDS\SP-HARE.md",".md","1101","False","True","False"
"ANIMALS\02_BIOLOGY\RESEARCH\SPECIES_RECORDS\SP-HAWK.md",".md","1093","False","True","False"
"ANIMALS\02_BIOLOGY\RESEARCH\SPECIES_RECORDS\SP-HERON.md",".md","1094","False","True","False"
"ANIMALS\02_BIOLOGY\RESEARCH\SPECIES_RECORDS\SP-HONEYBEE.md",".md","1106","False","True","False"
"ANIMALS\02_BIOLOGY\RESEARCH\SPECIES_RECORDS\SP-HOOPOE.md",".md","1091","False","True","False"
"ANIMALS\02_BIOLOGY\RESEARCH\SPECIES_RECORDS\SP-HORSE.md",".md","1892","False","True","False"
"ANIMALS\02_BIOLOGY\RESEARCH\SPECIES_RECORDS\SP-INSECTBAT.md",".md","1114","False","True","False"
"ANIMALS\02_BIOLOGY\RESEARCH\SPECIES_RECORDS\SP-JACKAL.md",".md","1895","False","True","False"
"ANIMALS\02_BIOLOGY\RESEARCH\SPECIES_RECORDS\SP-JUNGLECAT.md",".md","1904","False","True","False"
"ANIMALS\02_BIOLOGY\RESEARCH\SPECIES_RECORDS\SP-JUNGLEFOWL.md",".md","1100","False","True","False"
"ANIMALS\02_BIOLOGY\RESEARCH\SPECIES_RECORDS\SP-KEELBACK.md",".md","1100","False","True","False"
"ANIMALS\02_BIOLOGY\RESEARCH\SPECIES_RECORDS\SP-KINGFISHER.md",".md","1099","False","True","False"
"ANIMALS\02_BIOLOGY\RESEARCH\SPECIES_RECORDS\SP-KITE.md",".md","1093","False","True","False"
"ANIMALS\02_BIOLOGY\RESEARCH\SPECIES_RECORDS\SP-KOEL.md",".md","1095","False","True","False"
"ANIMALS\02_BIOLOGY\RESEARCH\SPECIES_RECORDS\SP-KRAIT.md",".md","1892","False","True","False"
"ANIMALS\02_BIOLOGY\RESEARCH\SPECIES_RECORDS\SP-LANGUR.md",".md","1895","False","True","False"
"ANIMALS\02_BIOLOGY\RESEARCH\SPECIES_RECORDS\SP-LEOPARD.md",".md","1898","False","True","False"
"ANIMALS\02_BIOLOGY\RESEARCH\SPECIES_RECORDS\SP-MAHSEER.md",".md","1107","False","True","False"
"ANIMALS\02_BIOLOGY\RESEARCH\SPECIES_RECORDS\SP-MILLIPEDE.md",".md","1106","False","True","False"
"ANIMALS\02_BIOLOGY\RESEARCH\SPECIES_RECORDS\SP-MONGOOSE.md",".md","1901","False","True","False"
"ANIMALS\02_BIOLOGY\RESEARCH\SPECIES_RECORDS\SP-MONITOR.md",".md","1898","False","True","False"
"ANIMALS\02_BIOLOGY\RESEARCH\SPECIES_RECORDS\SP-MOSQUITO.md",".md","1105","False","True","False"
"ANIMALS\02_BIOLOGY\RESEARCH\SPECIES_RECORDS\SP-MOTH.md",".md","1101","False","True","False"
"ANIMALS\02_BIOLOGY\RESEARCH\SPECIES_RECORDS\SP-MOUSE.md",".md","1102","False","True","False"
"ANIMALS\02_BIOLOGY\RESEARCH\SPECIES_RECORDS\SP-MRIGAL.md",".md","1102","False","True","False"
"ANIMALS\02_BIOLOGY\RESEARCH\SPECIES_RECORDS\SP-MYNA.md",".md","1093","False","True","False"
"ANIMALS\02_BIOLOGY\RESEARCH\SPECIES_RECORDS\SP-NILGAI.md",".md","1895","False","True","False"
"ANIMALS\02_BIOLOGY\RESEARCH\SPECIES_RECORDS\SP-OTHERFRESHWATERFISH.md",".md","1128","False","True","False"
"ANIMALS\02_BIOLOGY\RESEARCH\SPECIES_RECORDS\SP-OTTER.md",".md","1892","False","True","False"
"ANIMALS\02_BIOLOGY\RESEARCH\SPECIES_RECORDS\SP-OWL.md",".md","1092","False","True","False"
"ANIMALS\02_BIOLOGY\RESEARCH\SPECIES_RECORDS\SP-OX.md",".md","1883","False","True","False"
"ANIMALS\02_BIOLOGY\RESEARCH\SPECIES_RECORDS\SP-PANGOLIN.md",".md","1101","False","True","False"
"ANIMALS\02_BIOLOGY\RESEARCH\SPECIES_RECORDS\SP-PARROT.md",".md","1106","False","True","False"
"ANIMALS\02_BIOLOGY\RESEARCH\SPECIES_RECORDS\SP-PARTRIDGE.md",".md","1098","False","True","False"
"ANIMALS\02_BIOLOGY\RESEARCH\SPECIES_RECORDS\SP-PEACOCK.md",".md","1099","False","True","False"
"ANIMALS\02_BIOLOGY\RESEARCH\SPECIES_RECORDS\SP-PIG.md",".md","1886","False","True","False"
"ANIMALS\02_BIOLOGY\RESEARCH\SPECIES_RECORDS\SP-PIGEON.md",".md","1895","False","True","False"
"ANIMALS\02_BIOLOGY\RESEARCH\SPECIES_RECORDS\SP-PORCUPINE.md",".md","1106","False","True","False"
"ANIMALS\02_BIOLOGY\RESEARCH\SPECIES_RECORDS\SP-PYTHON.md",".md","1895","False","True","False"
"ANIMALS\02_BIOLOGY\RESEARCH\SPECIES_RECORDS\SP-QUAIL.md",".md","1094","False","True","False"
"ANIMALS\02_BIOLOGY\RESEARCH\SPECIES_RECORDS\SP-RABBIT.md",".md","1103","False","True","False"
"ANIMALS\02_BIOLOGY\RESEARCH\SPECIES_RECORDS\SP-RAT.md",".md","1100","False","True","False"
"ANIMALS\02_BIOLOGY\RESEARCH\SPECIES_RECORDS\SP-RATSNAKE.md",".md","1901","False","True","False"
"ANIMALS\02_BIOLOGY\RESEARCH\SPECIES_RECORDS\SP-RHESUS.md",".md","1895","False","True","False"
"ANIMALS\02_BIOLOGY\RESEARCH\SPECIES_RECORDS\SP-RHINO.md",".md","1892","False","True","False"
"ANIMALS\02_BIOLOGY\RESEARCH\SPECIES_RECORDS\SP-ROBIN.md",".md","1094","False","True","False"
"ANIMALS\02_BIOLOGY\RESEARCH\SPECIES_RECORDS\SP-ROHU.md",".md","1100","False","True","False"
"ANIMALS\02_BIOLOGY\RESEARCH\SPECIES_RECORDS\SP-RUSSELL.md",".md","1898","False","True","False"
"ANIMALS\02_BIOLOGY\RESEARCH\SPECIES_RECORDS\SP-SAMBAR.md",".md","1895","False","True","False"
"ANIMALS\02_BIOLOGY\RESEARCH\SPECIES_RECORDS\SP-SAWSCALED.md",".md","1104","False","True","False"
"ANIMALS\02_BIOLOGY\RESEARCH\SPECIES_RECORDS\SP-SCORPION.md",".md","1105","False","True","False"
"ANIMALS\02_BIOLOGY\RESEARCH\SPECIES_RECORDS\SP-SHEEP.md",".md","1892","False","True","False"
"ANIMALS\02_BIOLOGY\RESEARCH\SPECIES_RECORDS\SP-SHREW.md",".md","1102","False","True","False"
"ANIMALS\02_BIOLOGY\RESEARCH\SPECIES_RECORDS\SP-SKINK.md",".md","1097","False","True","False"
"ANIMALS\02_BIOLOGY\RESEARCH\SPECIES_RECORDS\SP-SKITTERINGFROG.md",".md","1105","False","True","False"
"ANIMALS\02_BIOLOGY\RESEARCH\SPECIES_RECORDS\SP-SLOTHBEAR.md",".md","1904","False","True","False"
"ANIMALS\02_BIOLOGY\RESEARCH\SPECIES_RECORDS\SP-SNAIL.md",".md","1102","False","True","False"
"ANIMALS\02_BIOLOGY\RESEARCH\SPECIES_RECORDS\SP-SNAKEHEAD.md",".md","1109","False","True","False"
"ANIMALS\02_BIOLOGY\RESEARCH\SPECIES_RECORDS\SP-SPARROW.md",".md","1098","False","True","False"
"ANIMALS\02_BIOLOGY\RESEARCH\SPECIES_RECORDS\SP-SPIDER.md",".md","1103","False","True","False"
"ANIMALS\02_BIOLOGY\RESEARCH\SPECIES_RECORDS\SP-SQUIRREL.md",".md","1105","False","True","False"
"ANIMALS\02_BIOLOGY\RESEARCH\SPECIES_RECORDS\SP-STORK.md",".md","1094","False","True","False"
"ANIMALS\02_BIOLOGY\RESEARCH\SPECIES_RECORDS\SP-SUNBIRD.md",".md","1096","False","True","False"
"ANIMALS\02_BIOLOGY\RESEARCH\SPECIES_RECORDS\SP-TERMITE.md",".md","1104","False","True","False"
"ANIMALS\02_BIOLOGY\RESEARCH\SPECIES_RECORDS\SP-TIGER.md",".md","1892","False","True","False"
"ANIMALS\02_BIOLOGY\RESEARCH\SPECIES_RECORDS\SP-TOAD.md",".md","1098","False","True","False"
"ANIMALS\02_BIOLOGY\RESEARCH\SPECIES_RECORDS\SP-TORTOISE.md",".md","1901","False","True","False"
"ANIMALS\02_BIOLOGY\RESEARCH\SPECIES_RECORDS\SP-TREEFROG.md",".md","1103","False","True","False"
"ANIMALS\02_BIOLOGY\RESEARCH\SPECIES_RECORDS\SP-TURTLE.md",".md","1109","False","True","False"
"ANIMALS\02_BIOLOGY\RESEARCH\SPECIES_RECORDS\SP-VINESNAKE.md",".md","1102","False","True","False"
"ANIMALS\02_BIOLOGY\RESEARCH\SPECIES_RECORDS\SP-VULTURE.md",".md","1096","False","True","False"
"ANIMALS\02_BIOLOGY\RESEARCH\SPECIES_RECORDS\SP-WAGTAIL.md",".md","1096","False","True","False"
"ANIMALS\02_BIOLOGY\RESEARCH\SPECIES_RECORDS\SP-WASP.md",".md","1101","False","True","False"
"ANIMALS\02_BIOLOGY\RESEARCH\SPECIES_RECORDS\SP-WBUFFALO.md",".md","1901","False","True","False"
"ANIMALS\02_BIOLOGY\RESEARCH\SPECIES_RECORDS\SP-WEAVER.md",".md","1100","False","True","False"
"ANIMALS\02_BIOLOGY\RESEARCH\SPECIES_RECORDS\SP-WILD-BUFFALO.md",".md","1913","False","True","False"
"ANIMALS\02_BIOLOGY\RESEARCH\SPECIES_RECORDS\SP-WILDBEE.md",".md","1105","False","True","False"
"ANIMALS\02_BIOLOGY\RESEARCH\SPECIES_RECORDS\SP-WILDBOAR.md",".md","1901","False","True","False"
"ANIMALS\02_BIOLOGY\RESEARCH\SPECIES_RECORDS\SP-WOODPECKER.md",".md","1099","False","True","False"
"ANIMALS\02_BIOLOGY\RESEARCH\SPECIES_STATUS\research_gate.md",".md","1254","False","True","True"
"ANIMALS\02_BIOLOGY\RESEARCH\SPECIES_STATUS\species_biology_completeness_matrix.md",".md","12429","False","True","False"
"ANIMALS\02_BIOLOGY\RESEARCH\SPECIES_STATUS\species_biology_completeness_matrix_v3.md",".md","378","False","True","False"
"ANIMALS\02_BIOLOGY\RESEARCH\TAXONOMY\taxonomy_control.md",".md","772","False","True","False"
"ANIMALS\02_BIOLOGY\REST_AND_SLEEP\recovery_cycles.md",".md","2608","False","True","True"
"ANIMALS\02_BIOLOGY\REST_AND_SLEEP\rest_requirements.md",".md","2658","False","True","True"
"ANIMALS\02_BIOLOGY\REST_AND_SLEEP\sleep_requirements.md",".md","2699","False","True","True"
"ANIMALS\02_BIOLOGY\REST_AND_SLEEP\sleep_stages.md",".md","2651","False","True","True"
"ANIMALS\02_BIOLOGY\REST_AND_SLEEP\vigilance.md",".md","2721","False","True","True"
"ANIMALS\02_BIOLOGY\SCHEMAS\claim_schema.md",".md","619","False","True","False"
"ANIMALS\02_BIOLOGY\SCHEMAS\evidence_schema.md",".md","437","False","True","False"
"ANIMALS\02_BIOLOGY\SCHEMAS\source_schema.md",".md","339","False","True","False"
"ANIMALS\02_BIOLOGY\SENSES\balance.md",".md","2550","False","True","True"
"ANIMALS\02_BIOLOGY\SENSES\field_of_view.md",".md","2606","False","True","True"
"ANIMALS\02_BIOLOGY\SENSES\hearing.md",".md","2580","False","True","True"
"ANIMALS\02_BIOLOGY\SENSES\proprioception.md",".md","2612","False","True","True"
"ANIMALS\02_BIOLOGY\SENSES\sensory_environment_interaction.md",".md","2800","False","True","True"
"ANIMALS\02_BIOLOGY\SENSES\sensory_limitations.md",".md","2685","False","True","True"
"ANIMALS\02_BIOLOGY\SENSES\sensory_range.md",".md","2598","False","True","True"
"ANIMALS\02_BIOLOGY\SENSES\sensory_system.md",".md","2652","False","True","True"
"ANIMALS\02_BIOLOGY\SENSES\smell.md",".md","2659","False","True","True"
"ANIMALS\02_BIOLOGY\SENSES\taste.md",".md","2533","False","True","True"
"ANIMALS\02_BIOLOGY\SENSES\touch.md",".md","2598","False","True","True"
"ANIMALS\02_BIOLOGY\SENSES\vision.md",".md","2679","False","True","True"
"ANIMALS\02_BIOLOGY\SENSORY_SYSTEM\README.md",".md","1239","True","True","False"
"ANIMALS\02_BIOLOGY\SEX\sexual_dimorphism.md",".md","2636","False","True","True"
"ANIMALS\02_BIOLOGY\SEX\sex_definition.md",".md","2655","False","True","True"
"ANIMALS\02_BIOLOGY\SEX\sex_differences.md",".md","2673","False","True","True"
"ANIMALS\02_BIOLOGY\SEX\sex_specific_anatomy.md",".md","2655","False","True","True"
"ANIMALS\02_BIOLOGY\SEX\sex_specific_behavior_constraints.md",".md","2704","False","True","True"
"ANIMALS\02_BIOLOGY\SEX\sex_specific_physiology.md",".md","2648","False","True","True"
"ANIMALS\02_BIOLOGY\SEX\sex_system.md",".md","3088","False","True","False"
"ANIMALS\03_BEHAVIOR\BEHAVIOR_SYSTEM_STATUS.md",".md","1090","False","True","False"
"ANIMALS\03_BEHAVIOR\01_CORE\behavior_index.md",".md","2748","False","True","False"
"ANIMALS\03_BEHAVIOR\02_BEHAVIOR_DATABASE\amphibians_behavior.md",".md","6042","True","True","False"
"ANIMALS\03_BEHAVIOR\02_BEHAVIOR_DATABASE\behavior_database_index.md",".md","5977","True","True","True"
"ANIMALS\03_BEHAVIOR\02_BEHAVIOR_DATABASE\birds_behavior.md",".md","6035","True","True","False"
"ANIMALS\03_BEHAVIOR\02_BEHAVIOR_DATABASE\fish_behavior.md",".md","6063","True","True","False"
"ANIMALS\03_BEHAVIOR\02_BEHAVIOR_DATABASE\invertebrates_behavior.md",".md","6099","True","True","False"
"ANIMALS\03_BEHAVIOR\02_BEHAVIOR_DATABASE\mammals_behavior.md",".md","6078","True","True","False"
"ANIMALS\03_BEHAVIOR\02_BEHAVIOR_DATABASE\reptiles_behavior.md",".md","6073","True","True","False"
"ANIMALS\03_BEHAVIOR\04_INTERACTION\animal_animal_and_animal_human_interaction.md",".md","1202","False","True","False"
"ANIMALS\03_BEHAVIOR\04_INTERACTION\human_domestic_and_work_behavior.md",".md","1001","False","True","False"
"ANIMALS\03_BEHAVIOR\05_SURVIVAL\feeding_foraging_and_drinking.md",".md","2327","False","True","False"
"ANIMALS\03_BEHAVIOR\07_LEARNING\curiosity_learning_habituation.md",".md","1086","False","True","False"
"ANIMALS\03_BEHAVIOR\08_REPRODUCTION\reproduction_parenting_and_offspring.md",".md","903","False","True","False"
"ANIMALS\03_BEHAVIOR\10_BACKGROUND\background_population_behavior.md",".md","2600","False","True","False"
"ANIMALS\03_BEHAVIOR\11_RESEARCH_CONTROL\behavior_conflicts_and_uncertainty.md",".md","717","False","True","False"
"ANIMALS\03_BEHAVIOR\11_RESEARCH_CONTROL\behavior_control_and_validation.md",".md","1153","False","True","False"
"ANIMALS\03_BEHAVIOR\11_RESEARCH_CONTROL\behavior_database_validation.md",".md","5963","False","True","True"
"ANIMALS\03_BEHAVIOR\11_RESEARCH_CONTROL\behavior_fail_closed_policy.md",".md","2755","False","True","False"
"ANIMALS\04_MOVEMENT\MOVEMENT_SYSTEM_STATUS.md",".md","1426","True","True","False"
"ANIMALS\04_MOVEMENT\01_CORE\movement_definition.md",".md","1136","False","True","False"
"ANIMALS\04_MOVEMENT\02_MOVEMENT_DATABASE\amphibians_movement.md",".md","1062","False","True","False"
"ANIMALS\04_MOVEMENT\02_MOVEMENT_DATABASE\birds_movement.md",".md","1389","False","True","False"
"ANIMALS\04_MOVEMENT\02_MOVEMENT_DATABASE\fish_movement.md",".md","1127","False","True","False"
"ANIMALS\04_MOVEMENT\02_MOVEMENT_DATABASE\invertebrates_movement.md",".md","1142","False","True","False"
"ANIMALS\04_MOVEMENT\02_MOVEMENT_DATABASE\mammals_movement.md",".md","1654","False","True","False"
"ANIMALS\04_MOVEMENT\02_MOVEMENT_DATABASE\movement_database_index.md",".md","1136","False","True","False"
"ANIMALS\04_MOVEMENT\02_MOVEMENT_DATABASE\reptiles_movement.md",".md","1262","False","True","False"
"ANIMALS\04_MOVEMENT\07_SPECIAL_MOVEMENT\reproduction_parenting_and_offspring_movement.md",".md","333","False","True","False"
"ANIMALS\04_MOVEMENT\09_RESEARCH_CONTROL\cinematic_exaggeration_policy.md",".md","963","False","True","False"
"ANIMALS\04_MOVEMENT\09_RESEARCH_CONTROL\historical_reconstruction_policy.md",".md","631","False","True","False"
"ANIMALS\04_MOVEMENT\09_RESEARCH_CONTROL\movement_control_and_validation.md",".md","1251","False","True","False"
"ANIMALS\04_MOVEMENT\09_RESEARCH_CONTROL\movement_research_and_evidence.md",".md","706","False","True","False"
"ANIMALS\05_ECOLOGY\ecology_architecture_manifest.json",".json","3003","False","True","False"
"ANIMALS\05_ECOLOGY\ECOLOGY_SYSTEM_STATUS.md",".md","1163","False","True","True"
"ANIMALS\05_ECOLOGY\MOVEMENT_SYSTEM_STATUS.md",".md","1458","False","True","False"
"ANIMALS\05_ECOLOGY\01_CORE\ecology_index.md",".md","1080","False","True","False"
"ANIMALS\05_ECOLOGY\01_CORE\ecology_ownership_and_boundaries.md",".md","836","False","True","False"
"ANIMALS\05_ECOLOGY\02_ECOLOGY_DATABASE\ecological_communities.md",".md","792","False","True","False"
"ANIMALS\05_ECOLOGY\02_ECOLOGY_DATABASE\ecology_database_index.md",".md","805","False","True","False"
"ANIMALS\05_ECOLOGY\02_ECOLOGY_DATABASE\landscapes.md",".md","821","False","True","False"
"ANIMALS\05_ECOLOGY\02_ECOLOGY_DATABASE\regions.md",".md","759","False","True","False"
"ANIMALS\05_ECOLOGY\08_HUMAN_ECOLOGY\settlements_agriculture_and_grazing.md",".md","416","False","True","False"
"ANIMALS\05_ECOLOGY\09_ECOLOGICAL_INTERACTIONS\disease_and_parasite_ecology.md",".md","286","False","True","False"
"ANIMALS\05_ECOLOGY\10_DISTURBANCE_AND_CHANGE\human_landscape_change.md",".md","308","False","True","False"
"ANIMALS\05_ECOLOGY\11_SPECIAL_ECOLOGY\canonical_landscape_policy.md",".md","440","True","True","False"
"ANIMALS\05_ECOLOGY\11_SPECIAL_ECOLOGY\cinematic_ecology_policy.md",".md","516","False","True","False"
"ANIMALS\05_ECOLOGY\11_SPECIAL_ECOLOGY\historical_ecology_policy.md",".md","379","False","True","False"
"ANIMALS\05_ECOLOGY\13_RESEARCH_CONTROL\absence_justification.md",".md","649","False","True","False"
"ANIMALS\05_ECOLOGY\13_RESEARCH_CONTROL\abundance_vs_scene_density.md",".md","956","False","True","False"
"ANIMALS\05_ECOLOGY\13_RESEARCH_CONTROL\ai_contamination_firewall.md",".md","810","False","True","False"
"ANIMALS\05_ECOLOGY\13_RESEARCH_CONTROL\canonical_literary_ecology_interpretation.md",".md","761","False","True","False"
"ANIMALS\05_ECOLOGY\13_RESEARCH_CONTROL\canonical_source_version_control.md",".md","908","False","True","False"
"ANIMALS\05_ECOLOGY\13_RESEARCH_CONTROL\carrying_capacity_and_concentration.md",".md","1069","False","True","True"
"ANIMALS\05_ECOLOGY\13_RESEARCH_CONTROL\cinematic_evidence_firewall.md",".md","959","False","True","False"
"ANIMALS\05_ECOLOGY\13_RESEARCH_CONTROL\claim_level_provenance.md",".md","1040","False","True","False"
"ANIMALS\05_ECOLOGY\13_RESEARCH_CONTROL\ecological_continuity_state.md",".md","968","False","True","False"
"ANIMALS\05_ECOLOGY\13_RESEARCH_CONTROL\ecology_control_and_validation.md",".md","1211","False","True","False"
"ANIMALS\05_ECOLOGY\13_RESEARCH_CONTROL\ecology_research_and_evidence.md",".md","708","False","True","False"
"ANIMALS\05_ECOLOGY\13_RESEARCH_CONTROL\ecology_research_record_schema.md",".md","1068","False","True","False"
"ANIMALS\05_ECOLOGY\13_RESEARCH_CONTROL\evidence_inference_decision_firewall.md",".md","660","False","True","False"
"ANIMALS\05_ECOLOGY\13_RESEARCH_CONTROL\geographic_precision.md",".md","643","False","True","False"
"ANIMALS\05_ECOLOGY\13_RESEARCH_CONTROL\historical_human_landscape_control.md",".md","867","False","True","False"
"ANIMALS\05_ECOLOGY\13_RESEARCH_CONTROL\life_stage_and_reproductive_ecology.md",".md","696","False","True","False"
"ANIMALS\05_ECOLOGY\13_RESEARCH_CONTROL\master_ecological_rule.md",".md","1119","False","True","False"
"ANIMALS\05_ECOLOGY\13_RESEARCH_CONTROL\negative_evidence_and_absence.md",".md","834","False","True","False"
"ANIMALS\05_ECOLOGY\13_RESEARCH_CONTROL\ramayana_location_ecology_reconstruction.md",".md","1467","False","True","False"
"ANIMALS\05_ECOLOGY\13_RESEARCH_CONTROL\scene_ecology_audit.md",".md","667","False","True","False"
"ANIMALS\05_ECOLOGY\13_RESEARCH_CONTROL\scene_override_control.md",".md","1039","False","True","False"
"ANIMALS\05_ECOLOGY\13_RESEARCH_CONTROL\snapshot_integrity.md",".md","930","False","True","False"
"ANIMALS\05_ECOLOGY\13_RESEARCH_CONTROL\source_freshness_and_version_control.md",".md","853","False","True","False"
"ANIMALS\05_ECOLOGY\13_RESEARCH_CONTROL\source_hierarchy_and_conflict_resolution.md",".md","1461","True","True","False"
"ANIMALS\05_ECOLOGY\13_RESEARCH_CONTROL\source_independence.md",".md","811","False","True","False"
"ANIMALS\05_ECOLOGY\13_RESEARCH_CONTROL\temporal_layer_registry.md",".md","1163","False","True","False"
"ANIMALS\05_ECOLOGY\13_RESEARCH_CONTROL\uncertainty_propagation.md",".md","995","False","True","False"
"ANIMALS\05_ECOLOGY\13_RESEARCH_CONTROL\unknown_vs_absent.md",".md","687","False","True","False"
"ANIMALS\05_ECOLOGY\15_FINAL_HARDENING\02_EVIDENCE_CLAIM_PROVENANCE.md",".md","2181","False","True","False"
"ANIMALS\05_ECOLOGY\15_FINAL_HARDENING\03_SPATIAL_TEMPORAL_DEMOGRAPHIC_MODEL.md",".md","2073","False","True","True"
"ANIMALS\05_ECOLOGY\15_FINAL_HARDENING\04_ECOLOGICAL_CAUSALITY_AND_FOODWEB.md",".md","2113","False","True","True"
"ANIMALS\05_ECOLOGY\15_FINAL_HARDENING\05_SCENE_TO_PIXEL_TRACEABILITY.md",".md","2270","False","True","True"
"ANIMALS\05_ECOLOGY\15_FINAL_HARDENING\06_CROSS_SYSTEM_GOVERNANCE.md",".md","2044","False","True","True"
"ANIMALS\05_ECOLOGY\15_FINAL_HARDENING\07_CANONICAL_HISTORICAL_CONTROL.md",".md","1863","True","True","False"
"ANIMALS\05_ECOLOGY\15_FINAL_HARDENING\08_RESEARCH_RECORD_SCHEMA.md",".md","1583","False","True","False"
"ANIMALS\06_DOMESTIC_TRAINED\DOMESTIC_TRAINED_SYSTEM_STATUS.md",".md","1446","False","True","True"
"ANIMALS\06_DOMESTIC_TRAINED\01_CORE\domestic_trained_index.md",".md","949","False","True","True"
"ANIMALS\06_DOMESTIC_TRAINED\02_DOMESTICATION\domestication_status.md",".md","865","False","True","False"
"ANIMALS\06_DOMESTIC_TRAINED\03_TRAINING\training_progression_and_retraining.md",".md","606","False","True","False"
"ANIMALS\06_DOMESTIC_TRAINED\03_TRAINING\training_system.md",".md","1162","False","True","False"
"ANIMALS\06_DOMESTIC_TRAINED\05_WORK_AND_USE\specialized_uses.md",".md","494","False","True","False"
"ANIMALS\06_DOMESTIC_TRAINED\06_HUSBANDRY\housing_tethering_and_management.md",".md","551","False","True","False"
"ANIMALS\06_DOMESTIC_TRAINED\07_EQUIPMENT\equipment_database.md",".md","7152","True","True","True"
"ANIMALS\06_DOMESTIC_TRAINED\10_HISTORICAL_RECONSTRUCTION\ancient_breeds_types_and_populations.md",".md","478","False","True","False"
"ANIMALS\06_DOMESTIC_TRAINED\10_HISTORICAL_RECONSTRUCTION\historical_domestic_animal_policy.md",".md","760","False","True","False"
"ANIMALS\06_DOMESTIC_TRAINED\10_HISTORICAL_RECONSTRUCTION\historical_uncertainty.md",".md","424","False","True","False"
"ANIMALS\06_DOMESTIC_TRAINED\12_RESEARCH_CONTROL\approval_and_snapshot_control.md",".md","387","False","True","False"
"ANIMALS\06_DOMESTIC_TRAINED\12_RESEARCH_CONTROL\claim_provenance_and_source_version.md",".md","352","False","True","False"
"ANIMALS\06_DOMESTIC_TRAINED\12_RESEARCH_CONTROL\conflicts_and_uncertainty.md",".md","522","False","True","False"
"ANIMALS\06_DOMESTIC_TRAINED\12_RESEARCH_CONTROL\research_and_evidence.md",".md","692","False","True","False"
"ANIMALS\06_DOMESTIC_TRAINED\13_PRODUCTION_HANDOFF\ai_production_handoff.md",".md","536","False","True","True"
"ANIMALS\06_DOMESTIC_TRAINED\15_FINAL_HARDENING\02_training_state_machine.md",".md","556","False","True","False"
"ANIMALS\06_DOMESTIC_TRAINED\15_FINAL_HARDENING\06_historical_practice_firewall.md",".md","407","False","True","False"
"ANIMALS\06_DOMESTIC_TRAINED\15_FINAL_HARDENING\07_evidence_inference_decision_firewall.md",".md","438","False","True","False"
"ANIMALS\06_DOMESTIC_TRAINED\15_FINAL_HARDENING\10_prompt_contamination_firewall.md",".md","371","False","True","False"
"ANIMALS\06_DOMESTIC_TRAINED\15_FINAL_HARDENING\12_research_record_schema.md",".md","756","False","True","False"
"ANIMALS\06_DOMESTIC_TRAINED\15_FINAL_HARDENING\16_canonical_animal_state_vector.md",".md","2819","False","True","False"
"ANIMALS\06_DOMESTIC_TRAINED\15_FINAL_HARDENING\17_state_transition_firewall.md",".md","3690","False","True","True"
"ANIMALS\06_DOMESTIC_TRAINED\15_FINAL_HARDENING\18_role_category_firewall.md",".md","4158","False","True","False"
"ANIMALS\06_DOMESTIC_TRAINED\15_FINAL_HARDENING\19_identity_replacement_firewall.md",".md","5135","False","True","True"
"ANIMALS\06_DOMESTIC_TRAINED\15_FINAL_HARDENING\20_cross_system_authority_matrix.md",".md","6570","True","True","True"
"ANIMALS\06_DOMESTIC_TRAINED\15_FINAL_HARDENING\21_scene_state_firewall.md",".md","4786","False","True","True"
"ANIMALS\06_DOMESTIC_TRAINED\15_FINAL_HARDENING\22_breeding_lineage_control.md",".md","6152","False","True","False"
"ANIMALS\06_DOMESTIC_TRAINED\15_FINAL_HARDENING\23_welfare_load_and_work_gate.md",".md","5917","True","True","False"
"ANIMALS\06_DOMESTIC_TRAINED\15_FINAL_HARDENING\24_human_role_firewall.md",".md","5740","False","True","False"
"ANIMALS\06_DOMESTIC_TRAINED\15_FINAL_HARDENING\25_evidence_inference_decision_firewall.md",".md","6548","True","True","True"
"ANIMALS\06_DOMESTIC_TRAINED\15_FINAL_HARDENING\25_evidence_inference_firewall.md",".md","686","False","True","False"
"ANIMALS\06_DOMESTIC_TRAINED\15_FINAL_HARDENING\26_single_source_of_truth.md",".md","1795","False","True","False"
"ANIMALS\06_DOMESTIC_TRAINED\15_FINAL_HARDENING\27_final_zero_loophole_audit.md",".md","3164","False","True","False"
"ANIMALS\06_DOMESTIC_TRAINED\15_FINAL_HARDENING\28_production_traceability_firewall.md",".md","1086","False","True","True"
"ANIMALS\07_INTERACTION\INTERACTION_SYSTEM_STATUS.md",".md","1040","False","True","True"
"ANIMALS\07_INTERACTION\01_CORE\interaction_definition.md",".md","1257","False","True","False"
"ANIMALS\07_INTERACTION\01_CORE\interaction_index.md",".md","918","False","True","True"
"ANIMALS\07_INTERACTION\02_INTERACTION_DATABASE\participant_schema.md",".md","584","False","True","False"
"ANIMALS\07_INTERACTION\04_RELATIONSHIPS\interaction_vs_relationship.md",".md","507","False","True","False"
"ANIMALS\07_INTERACTION\04_RELATIONSHIPS\relationship_states.md",".md","492","False","True","False"
"ANIMALS\07_INTERACTION\04_RELATIONSHIPS\relationship_transition_control.md",".md","412","False","True","False"
"ANIMALS\07_INTERACTION\06_ANIMAL_HUMAN\animal_human_interactions.md",".md","491","False","True","False"
"ANIMALS\07_INTERACTION\09_CONFLICT_AND_COOPERATION\cooperation_competition_and_avoidance.md",".md","399","False","True","False"
"ANIMALS\07_INTERACTION\11_HISTORICAL_AND_CANONICAL\historical_interaction_policy.md",".md","438","False","True","False"
"ANIMALS\07_INTERACTION\15_RESEARCH_CONTROL\claim_provenance.md",".md","333","False","True","False"
"ANIMALS\07_INTERACTION\15_RESEARCH_CONTROL\conflicts_and_uncertainty.md",".md","363","False","True","False"
"ANIMALS\07_INTERACTION\15_RESEARCH_CONTROL\research_and_evidence.md",".md","385","False","True","False"
"ANIMALS\07_INTERACTION\17_FINAL_HARDENING\02_event_transition_firewall.md",".md","408","False","True","False"
"ANIMALS\07_INTERACTION\17_FINAL_HARDENING\04_relationship_firewall.md",".md","289","False","True","False"
"ANIMALS\07_INTERACTION\17_FINAL_HARDENING\05_scene_authority_firewall.md",".md","456","False","True","True"
"ANIMALS\07_INTERACTION\17_FINAL_HARDENING\08_historical_canonical_firewall.md",".md","400","False","True","False"
"ANIMALS\07_INTERACTION\17_FINAL_HARDENING\11_production_traceability_firewall.md",".md","364","False","True","True"
"ANIMALS\07_INTERACTION\17_FINAL_HARDENING\13_single_source_of_truth.md",".md","331","False","True","False"
"ANIMALS\07_INTERACTION\17_FINAL_HARDENING\15_final_zero_loophole_audit.md",".md","794","False","True","False"
"ANIMALS\07_INTERACTION\17_FINAL_HARDENING\16_relationship_authority_matrix.md",".md","1184","False","True","False"
"ANIMALS\07_INTERACTION\17_FINAL_HARDENING\18_interaction_causality_firewall.md",".md","815","False","True","False"
"ANIMALS\07_INTERACTION\17_FINAL_HARDENING\20_interaction_ordering_and_simultaneity.md",".md","643","False","True","False"
"ANIMALS\07_INTERACTION\17_FINAL_HARDENING\24_claim_level_evidence_firewall.md",".md","657","False","True","False"
"ANIMALS\07_INTERACTION\17_FINAL_HARDENING\28_interaction_zero_loophole_hardening_index.md",".md","776","False","True","True"
"ANIMALS\07_INTERACTION\17_FINAL_HARDENING\interaction_architecture_manifest.json",".json","2479","False","True","True"
"ANIMALS\07_INTERACTION\17_FINAL_HARDENING\interaction_production_trace.json",".json","253","False","True","True"
"ANIMALS\08_VISUAL_IDENTITY\VISUAL_IDENTITY_SYSTEM_STATUS.md",".md","1051","False","True","True"
"ANIMALS\08_VISUAL_IDENTITY\01_CORE\visual_identity_definition.md",".md","767","False","True","False"
"ANIMALS\08_VISUAL_IDENTITY\01_CORE\visual_identity_index.md",".md","550","False","True","True"
"ANIMALS\08_VISUAL_IDENTITY\01_CORE\visual_identity_scope_and_non_goals.md",".md","512","False","True","False"
"ANIMALS\08_VISUAL_IDENTITY\04_APPEARANCE_STATES\visual_state_transition.md",".md","413","False","True","False"
"ANIMALS\08_VISUAL_IDENTITY\06_FORMS_AND_MANIFESTATIONS\visual_forms.md",".md","443","False","True","False"
"ANIMALS\08_VISUAL_IDENTITY\07_CLOTHING_ORNAMENTS_AND_MARKINGS\clothing_and_costume_visual_state.md",".md","388","True","True","False"
"ANIMALS\08_VISUAL_IDENTITY\07_CLOTHING_ORNAMENTS_AND_MARKINGS\ornaments_markings_and_grooming.md",".md","360","False","True","False"
"ANIMALS\08_VISUAL_IDENTITY\09_HISTORICAL_AND_CANONICAL\canonical_appearance_reconstruction.md",".md","392","False","True","False"
"ANIMALS\08_VISUAL_IDENTITY\09_HISTORICAL_AND_CANONICAL\historical_visual_reconstruction.md",".md","453","False","True","False"
"ANIMALS\08_VISUAL_IDENTITY\09_HISTORICAL_AND_CANONICAL\modern_projection_firewall.md",".md","371","False","True","False"
"ANIMALS\08_VISUAL_IDENTITY\10_REFERENCE_AND_RECONSTRUCTION\reconstruction_method.md",".md","317","False","True","False"
"ANIMALS\08_VISUAL_IDENTITY\10_REFERENCE_AND_RECONSTRUCTION\reference_image_policy.md",".md","326","True","True","True"
"ANIMALS\08_VISUAL_IDENTITY\10_REFERENCE_AND_RECONSTRUCTION\visual_decision_record.md",".md","327","False","True","False"
"ANIMALS\08_VISUAL_IDENTITY\13_SUPERNATURAL\divine_and_transformed_forms.md",".md","285","False","True","False"
"ANIMALS\08_VISUAL_IDENTITY\13_SUPERNATURAL\supernatural_visual_firewall.md",".md","331","False","True","False"
"ANIMALS\08_VISUAL_IDENTITY\15_RESEARCH_CONTROL\approval_and_snapshot_control.md",".md","281","False","True","False"
"ANIMALS\08_VISUAL_IDENTITY\15_RESEARCH_CONTROL\claim_provenance.md",".md","277","True","True","False"
"ANIMALS\08_VISUAL_IDENTITY\15_RESEARCH_CONTROL\dependency_invalidation.md",".md","327","False","True","False"
"ANIMALS\08_VISUAL_IDENTITY\15_RESEARCH_CONTROL\research_and_evidence.md",".md","307","False","True","False"
"ANIMALS\08_VISUAL_IDENTITY\16_PRODUCTION_HANDOFF\ai_production_handoff.md",".md","261","False","True","False"
"ANIMALS\08_VISUAL_IDENTITY\17_FINAL_HARDENING\02_visual_state_transition_firewall.md",".md","246","False","True","False"
"ANIMALS\08_VISUAL_IDENTITY\17_FINAL_HARDENING\05_canonical_poetic_firewall.md",".md","277","False","True","False"
"ANIMALS\08_VISUAL_IDENTITY\17_FINAL_HARDENING\06_reference_contamination_firewall.md",".md","318","False","True","False"
"ANIMALS\08_VISUAL_IDENTITY\17_FINAL_HARDENING\07_cross_system_authority_matrix.md",".md","455","False","True","False"
"ANIMALS\08_VISUAL_IDENTITY\17_FINAL_HARDENING\08_scene_override_firewall.md",".md","237","False","True","False"
"ANIMALS\08_VISUAL_IDENTITY\17_FINAL_HARDENING\09_production_traceability_firewall.md",".md","233","False","True","True"
"ANIMALS\08_VISUAL_IDENTITY\17_FINAL_HARDENING\11_single_source_of_truth.md",".md","293","True","True","False"
"ANIMALS\08_VISUAL_IDENTITY\17_FINAL_HARDENING\12_visual_claim_evidence_firewall.md",".md","230","False","True","False"
"ANIMALS\08_VISUAL_IDENTITY\17_FINAL_HARDENING\13_dependency_graph.md",".md","326","False","True","True"
"ANIMALS\08_VISUAL_IDENTITY\17_FINAL_HARDENING\16_visual_identity_zero_loophole_index.md",".md","595","False","True","True"
"ANIMALS\08_VISUAL_IDENTITY\17_FINAL_HARDENING\19_visual_conflict_resolution.md",".md","934","False","True","False"
"ANIMALS\08_VISUAL_IDENTITY\17_FINAL_HARDENING\20_reference_version_control.md",".md","567","False","True","False"
"ANIMALS\08_VISUAL_IDENTITY\17_FINAL_HARDENING\23_ai_bias_beautification_firewall.md",".md","733","False","True","True"
"ANIMALS\08_VISUAL_IDENTITY\17_FINAL_HARDENING\24_identity_recognition_envelope.md",".md","786","False","True","False"
"ANIMALS\08_VISUAL_IDENTITY\17_FINAL_HARDENING\25_temporary_state_stacking_firewall.md",".md","749","True","True","False"
"ANIMALS\08_VISUAL_IDENTITY\17_FINAL_HARDENING\27_scar_and_marking_lifecycle.md",".md","454","False","True","False"
"ANIMALS\08_VISUAL_IDENTITY\17_FINAL_HARDENING\33_asset_trait_audit.md",".md","684","False","True","True"
"ANIMALS\08_VISUAL_IDENTITY\17_FINAL_HARDENING\34_reference_conflict_firewall.md",".md","367","False","True","False"
"ANIMALS\08_VISUAL_IDENTITY\17_FINAL_HARDENING\visual_identity_architecture_manifest.json",".json","1316","False","True","True"
"ANIMALS\09_CONTINUITY\CONTINUITY_SYSTEM_STATUS.md",".md","1360","False","True","True"
"ANIMALS\09_CONTINUITY\01_CORE\continuity_index.md",".md","875","False","True","True"
"ANIMALS\09_CONTINUITY\01_CORE\continuity_scope_and_non_goals.md",".md","644","False","True","False"
"ANIMALS\09_CONTINUITY\02_IDENTITY_CONTINUITY\identity_persistence.md",".md","597","False","True","True"
"ANIMALS\09_CONTINUITY\04_TIMELINE\temporal_ordering_and_simultaneity.md",".md","529","False","True","False"
"ANIMALS\09_CONTINUITY\04_TIMELINE\temporal_precision_and_uncertainty.md",".md","394","False","True","False"
"ANIMALS\09_CONTINUITY\05_SCENE_CONTINUITY\offscreen_existence_firewall.md",".md","508","False","True","False"
"ANIMALS\09_CONTINUITY\06_EVENT_TRANSITIONS\event_model.md",".md","484","False","True","True"
"ANIMALS\09_CONTINUITY\06_EVENT_TRANSITIONS\state_transition_firewall.md",".md","452","False","True","True"
"ANIMALS\09_CONTINUITY\08_RELATIONSHIP_AND_INTERACTION_CONTINUITY\relationship_continuity.md",".md","421","False","True","False"
"ANIMALS\09_CONTINUITY\09_VISUAL_AND_ASSET_CONTINUITY\asset_continuity_firewall.md",".md","445","False","True","True"
"ANIMALS\09_CONTINUITY\09_VISUAL_AND_ASSET_CONTINUITY\shot_continuity_audit.md",".md","466","False","True","True"
"ANIMALS\09_CONTINUITY\13_DEATH_REPLACEMENT_AND_REAPPEARANCE\reappearance_policy.md",".md","413","False","True","True"
"ANIMALS\09_CONTINUITY\14_RESEARCH_CONTROL\claim_level_provenance.md",".md","415","False","True","False"
"ANIMALS\09_CONTINUITY\14_RESEARCH_CONTROL\conflicts_and_uncertainty.md",".md","339","False","True","False"
"ANIMALS\09_CONTINUITY\14_RESEARCH_CONTROL\continuity_audit.md",".md","371","False","True","True"
"ANIMALS\09_CONTINUITY\14_RESEARCH_CONTROL\research_and_evidence.md",".md","371","False","True","False"
"ANIMALS\09_CONTINUITY\16_FINAL_HARDENING\01_continuity_state_vector.md",".md","464","False","True","False"
"ANIMALS\09_CONTINUITY\16_FINAL_HARDENING\02_snapshot_immutability_firewall.md",".md","248","False","True","False"
"ANIMALS\09_CONTINUITY\16_FINAL_HARDENING\14_canonical_time_authority.md",".md","230","False","True","False"
"ANIMALS\09_CONTINUITY\16_FINAL_HARDENING\16_production_traceability_firewall.md",".md","295","False","True","True"
"ANIMALS\09_CONTINUITY\16_FINAL_HARDENING\22_stale_domain_reference_firewall.md",".md","591","False","True","False"
"ANIMALS\09_CONTINUITY\16_FINAL_HARDENING\30_approval_invalidation_firewall.md",".md","372","False","True","False"
"ANIMALS\09_CONTINUITY\16_FINAL_HARDENING\36_reverse_audit_firewall.md",".md","478","False","True","True"
"ANIMALS\09_CONTINUITY\16_FINAL_HARDENING\40_final_zero_loophole_audit_v11.md",".md","1805","False","True","True"
"ANIMALS\09_CONTINUITY\16_FINAL_HARDENING\continuity_production_trace.json",".json","1214","False","True","True"
"ANIMALS\10_AI_PRODUCTION\AI_PRODUCTION_SYSTEM_STATUS.md",".md","1270","False","True","True"
"ANIMALS\10_AI_PRODUCTION\01_CORE\ai_production_definition.md",".md","580","False","True","True"
"ANIMALS\10_AI_PRODUCTION\01_CORE\ai_production_scope_and_non_goals.md",".md","473","False","True","False"
"ANIMALS\10_AI_PRODUCTION\02_PRODUCTION_DATABASE\production_record_schema.md",".md","304","False","True","True"
"ANIMALS\10_AI_PRODUCTION\03_PROMPT_ENGINE\negative_prompt_policy.md",".md","550","False","True","False"
"ANIMALS\10_AI_PRODUCTION\04_REFERENCE_MANAGEMENT\reference_contamination_firewall.md",".md","375","False","True","False"
"ANIMALS\10_AI_PRODUCTION\04_REFERENCE_MANAGEMENT\reference_set_policy.md",".md","539","False","True","False"
"ANIMALS\10_AI_PRODUCTION\07_BEHAVIOR_AND_INSTINCT_PRESERVATION\behavior_prompt_binding.md",".md","359","False","True","False"
"ANIMALS\10_AI_PRODUCTION\10_ENVIRONMENT_AND_ECOLOGY\ecological_realism_firewall.md",".md","363","False","True","False"
"ANIMALS\10_AI_PRODUCTION\15_VALIDATION_AND_QA\final_shot_acceptance.md",".md","493","False","True","True"
"ANIMALS\10_AI_PRODUCTION\15_VALIDATION_AND_QA\validation_gate.md",".md","364","False","True","False"
"ANIMALS\10_AI_PRODUCTION\17_HISTORICAL_CANONICAL_AND_SUPERNATURAL\canonical_production_firewall.md",".md","381","False","True","False"
"ANIMALS\10_AI_PRODUCTION\19_RESEARCH_CONTROL\research_and_evidence.md",".md","296","False","True","False"
"ANIMALS\10_AI_PRODUCTION\20_PRODUCTION_HANDOFF\final_traceability_chain.md",".md","327","False","True","True"
"ANIMALS\10_AI_PRODUCTION\21_FINAL_HARDENING\06_model_drift_firewall.md",".md","266","False","True","True"
"ANIMALS\10_AI_PRODUCTION\21_FINAL_HARDENING\10_single_source_of_truth.md",".md","284","False","True","True"
"ANIMALS\10_AI_PRODUCTION\21_FINAL_HARDENING\11_production_traceability_firewall.md",".md","237","False","True","True"
"ANIMALS\10_AI_PRODUCTION\21_FINAL_HARDENING\15_final_zero_loophole_audit.md",".md","761","False","True","True"
"ANIMALS\10_AI_PRODUCTION\21_FINAL_HARDENING\16_upstream_snapshot_integrity_firewall.md",".md","637","False","True","True"
"ANIMALS\10_AI_PRODUCTION\21_FINAL_HARDENING\17_prompt_compilation_firewall.md",".md","652","False","True","False"
"ANIMALS\10_AI_PRODUCTION\21_FINAL_HARDENING\18_reference_authority_matrix.md",".md","725","False","True","True"
"ANIMALS\10_AI_PRODUCTION\21_FINAL_HARDENING\20_stochastic_generation_control.md",".md","615","False","True","True"
"ANIMALS\10_AI_PRODUCTION\21_FINAL_HARDENING\23_compositing_post_firewall.md",".md","583","False","True","True"
"ANIMALS\10_AI_PRODUCTION\21_FINAL_HARDENING\24_audio_sync_firewall.md",".md","468","False","True","False"
"ANIMALS\10_AI_PRODUCTION\21_FINAL_HARDENING\25_asset_lineage_and_derived_asset_firewall.md",".md","504","False","True","True"
"ANIMALS\10_AI_PRODUCTION\21_FINAL_HARDENING\26_validation_independence_firewall.md",".md","581","False","True","True"
"ANIMALS\10_AI_PRODUCTION\21_FINAL_HARDENING\30_forbidden_production_shortcuts.md",".md","892","False","True","True"
"ANIMALS\10_AI_PRODUCTION\21_FINAL_HARDENING\35_final_zero_loophole_audit_v2.md",".md","789","False","True","True"
"ANIMALS\10_AI_PRODUCTION\21_FINAL_HARDENING\ai_production_architecture_manifest.json",".json","2271","False","True","True"
"ANIMALS\11_AUDIO\AI_AUDIO_SYSTEM_STATUS.md",".md","569","False","True","False"
"ANIMALS\11_AUDIO\01_CORE\audio_index.md",".md","1582","False","True","False"
"ANIMALS\11_AUDIO\01_CORE\audio_ownership_and_boundaries.md",".md","1100","False","True","False"
"ANIMALS\11_AUDIO\01_CORE\audio_scope_and_non_goals.md",".md","534","False","True","False"
"ANIMALS\11_AUDIO\02_AUDIO_DATABASE\audio_database_index.md",".md","534","False","True","False"
"ANIMALS\11_AUDIO\02_AUDIO_DATABASE\audio_record_schema.md",".md","630","False","True","False"
"ANIMALS\11_AUDIO\03_ANIMAL_VOCALIZATION\age_sex_and_life_stage_sound.md",".md","309","False","True","False"
"ANIMALS\11_AUDIO\05_ACOUSTIC_ENVIRONMENT\distance_occlusion_and_reflection.md",".md","359","False","True","False"
"ANIMALS\11_AUDIO\08_DOMESTIC_AND_HUMAN_ASSOCIATION\historical_human_animal_sound.md",".md","291","False","True","False"
"ANIMALS\11_AUDIO\10_RECORDING_AND_REFERENCE\recording_reference_policy.md",".md","522","True","True","False"
"ANIMALS\11_AUDIO\10_RECORDING_AND_REFERENCE\reference_contamination_firewall.md",".md","495","False","True","False"
"ANIMALS\11_AUDIO\12_SPATIAL_AUDIO\spatial_audio_realism.md",".md","337","False","True","False"
"ANIMALS\11_AUDIO\13_AI_AUDIO_PRODUCTION\ai_audio_master_rule.md",".md","339","False","True","False"
"ANIMALS\11_AUDIO\14_SCENE_AND_SHOT_AUDIO\audio_layering.md",".md","367","False","True","False"
"ANIMALS\11_AUDIO\14_SCENE_AND_SHOT_AUDIO\scene_audio_pipeline.md",".md","313","False","True","True"
"ANIMALS\11_AUDIO\16_RESEARCH_CONTROL\audio_fail_closed_policy.md",".md","434","False","True","True"
"ANIMALS\11_AUDIO\16_RESEARCH_CONTROL\research_and_evidence.md",".md","336","False","True","False"
"ANIMALS\11_AUDIO\17_HISTORICAL_CANONICAL_AND_SUPERNATURAL\canonical_audio_firewall.md",".md","337","False","True","False"
"ANIMALS\11_AUDIO\19_HANDOFFS\final_audio_traceability_chain.md",".md","377","False","True","True"
"ANIMALS\11_AUDIO\20_FINAL_HARDENING\04_acoustic_ecology_firewall.md",".md","141","False","True","False"
"ANIMALS\11_AUDIO\20_FINAL_HARDENING\09_forbidden_audio_shortcuts.md",".md","445","False","True","False"
"ANIMALS\11_AUDIO\20_FINAL_HARDENING\12_spatial_audio_firewall.md",".md","207","False","True","False"
"ANIMALS\11_AUDIO\20_FINAL_HARDENING\17_audio_source_identity_firewall.md",".md","534","False","True","False"
"ANIMALS\11_AUDIO\20_FINAL_HARDENING\20_vocalization_intensity_firewall.md",".md","464","False","True","False"
"ANIMALS\11_AUDIO\20_FINAL_HARDENING\22_acoustic_scene_presence_firewall.md",".md","457","False","True","False"
"ANIMALS\11_AUDIO\20_FINAL_HARDENING\24_negative_acoustic_evidence_firewall.md",".md","439","False","True","False"
"ANIMALS\11_AUDIO\20_FINAL_HARDENING\25_environmental_acoustic_causality_firewall.md",".md","517","False","True","False"
"ANIMALS\11_AUDIO\20_FINAL_HARDENING\26_historical_acoustic_contamination_firewall.md",".md","413","False","True","False"
"ANIMALS\11_AUDIO\20_FINAL_HARDENING\27_recording_editing_provenance_firewall.md",".md","419","False","True","False"
"ANIMALS\11_AUDIO\20_FINAL_HARDENING\28_reference_to_truth_firewall.md",".md","414","False","True","False"
"ANIMALS\11_AUDIO\20_FINAL_HARDENING\29_prompt_compilation_firewall.md",".md","457","False","True","False"
"ANIMALS\11_AUDIO\20_FINAL_HARDENING\31_model_audio_identity_firewall.md",".md","347","False","True","True"
"ANIMALS\11_AUDIO\20_FINAL_HARDENING\32_stochastic_audio_control.md",".md","362","False","True","True"
"ANIMALS\11_AUDIO\20_FINAL_HARDENING\33_temporal_audio_sync_firewall.md",".md","477","False","True","False"
"ANIMALS\11_AUDIO\20_FINAL_HARDENING\34_acoustic_physics_firewall.md",".md","336","True","True","False"
"ANIMALS\11_AUDIO\20_FINAL_HARDENING\35_multi_source_separation_firewall.md",".md","481","False","True","False"
"ANIMALS\11_AUDIO\20_FINAL_HARDENING\37_audio_approval_scope_firewall.md",".md","336","True","True","True"
"ANIMALS\11_AUDIO\20_FINAL_HARDENING\39_audio_conflict_resolution_firewall.md",".md","508","False","True","False"
"ANIMALS\11_AUDIO\20_FINAL_HARDENING\41_audio_replacement_and_regeneration_firewall.md",".md","354","False","True","True"
"ANIMALS\11_AUDIO\20_FINAL_HARDENING\47_audio_reverse_audit_firewall.md",".md","306","False","True","True"
"ANIMALS\11_AUDIO\20_FINAL_HARDENING\48_audio_forward_audit_firewall.md",".md","341","False","True","True"
"ANIMALS\11_AUDIO\20_FINAL_HARDENING\49_audio_zero_loophole_control_matrix.md",".md","970","False","True","True"
"ANIMALS\11_AUDIO\20_FINAL_HARDENING\50_audio_final_zero_loophole_audit_v2.md",".md","916","False","True","True"
"ANIMALS\11_AUDIO\20_FINAL_HARDENING\audio_system_manifest.json",".json","1771","False","True","True"
"ANIMALS\12_CINEMATIC_INTEGRATION\AI_CINEMATIC_INTEGRATION_SYSTEM_STATUS.md",".md","636","False","True","False"
"ANIMALS\12_CINEMATIC_INTEGRATION\01_CORE\cinematic_integration_index.md",".md","1091","False","True","False"
"ANIMALS\12_CINEMATIC_INTEGRATION\01_CORE\cinematic_integration_non_goals.md",".md","451","False","True","False"
"ANIMALS\12_CINEMATIC_INTEGRATION\07_LIGHTING_AND_EXPOSURE\exposure_and_physical_plausibility.md",".md","302","False","True","False"
"ANIMALS\12_CINEMATIC_INTEGRATION\09_AUDIO_INTEGRATION\audio_visual_causality.md",".md","390","False","True","False"
"ANIMALS\12_CINEMATIC_INTEGRATION\15_HISTORICAL_CANONICAL_AND_SUPERNATURAL\historical_cinematic_firewall.md",".md","287","False","True","False"
"ANIMALS\12_CINEMATIC_INTEGRATION\16_EDITING_AND_TEMPORAL_INTEGRATION\temporal_editing_firewall.md",".md","305","False","True","False"
"ANIMALS\12_CINEMATIC_INTEGRATION\18_AI_PRODUCTION_HANDOFF\cinematic_prompt_compilation.md",".md","382","False","True","False"
"ANIMALS\12_CINEMATIC_INTEGRATION\19_VALIDATION_AND_QA\cinematic_shot_audit.md",".md","618","False","True","False"
"ANIMALS\12_CINEMATIC_INTEGRATION\20_RESEARCH_CONTROL\cinematic_fail_closed_policy.md",".md","523","False","True","False"
"ANIMALS\12_CINEMATIC_INTEGRATION\20_RESEARCH_CONTROL\cinematic_research_and_evidence.md",".md","421","False","True","False"
"ANIMALS\12_CINEMATIC_INTEGRATION\22_FINAL_HANDOFFS\final_cinematic_traceability.md",".md","359","False","True","True"
"ANIMALS\12_CINEMATIC_INTEGRATION\23_FINAL_HARDENING\13_reference_contamination_firewall.md",".md","245","False","True","False"
"ANIMALS\12_CINEMATIC_INTEGRATION\23_FINAL_HARDENING\16_audio_visual_integrity_firewall.md",".md","208","False","True","False"
"ANIMALS\12_CINEMATIC_INTEGRATION\23_FINAL_HARDENING\17_shot_state_atomicity.md",".md","273","False","True","False"
"ANIMALS\12_CINEMATIC_INTEGRATION\23_FINAL_HARDENING\20_forbidden_cinematic_shortcuts.md",".md","580","False","True","False"
"ANIMALS\12_CINEMATIC_INTEGRATION\23_FINAL_HARDENING\21_cinematic_reverse_audit.md",".md","300","False","True","True"
"ANIMALS\12_CINEMATIC_INTEGRATION\23_FINAL_HARDENING\22_cinematic_forward_audit.md",".md","287","False","True","True"
"ANIMALS\12_CINEMATIC_INTEGRATION\23_FINAL_HARDENING\23_zero_loophole_control_matrix.md",".md","814","False","True","True"
"ANIMALS\12_CINEMATIC_INTEGRATION\23_FINAL_HARDENING\cinematic_integration_manifest.json",".json","1525","False","True","True"
"ANIMALS\13_COSTUME_TRACK\COSTUME_TRACK_SYSTEM_STATUS.md",".md","590","False","True","False"
"ANIMALS\13_COSTUME_TRACK\01_CORE\costume_non_goals.md",".md","469","False","True","False"
"ANIMALS\13_COSTUME_TRACK\01_CORE\costume_ownership_and_boundaries.md",".md","576","False","True","False"
"ANIMALS\13_COSTUME_TRACK\01_CORE\costume_track_index.md",".md","501","False","True","False"
"ANIMALS\13_COSTUME_TRACK\03_GARMENT_SYSTEM\garment_taxonomy.md",".md","371","False","True","False"
"ANIMALS\13_COSTUME_TRACK\03_GARMENT_SYSTEM\layering_and_draping.md",".md","318","True","True","False"
"ANIMALS\13_COSTUME_TRACK\05_CONSTRUCTION_AND_CRAFT\construction_methods.md",".md","278","False","True","False"
"ANIMALS\13_COSTUME_TRACK\06_COLOR_AND_DYE\color_and_dye_control.md",".md","208","True","True","False"
"ANIMALS\13_COSTUME_TRACK\07_ORNAMENT_AND_JEWELRY\ornament_database.md",".md","205","True","True","False"
"ANIMALS\13_COSTUME_TRACK\08_HEAD_HAIR_AND_ADORNMENT\head_adornment.md",".md","251","False","True","False"
"ANIMALS\13_COSTUME_TRACK\09_FOOTWEAR_AND_ACCESSORIES\footwear_and_accessories.md",".md","184","False","True","False"
"ANIMALS\13_COSTUME_TRACK\10_STATUS_ROLE_AND_IDENTITY\status_and_role_costume.md",".md","309","False","True","False"
"ANIMALS\13_COSTUME_TRACK\11_CULTURAL_REGIONAL_AND_SOCIAL_CONTEXT\regional_costume_control.md",".md","260","False","True","False"
"ANIMALS\13_COSTUME_TRACK\11_CULTURAL_REGIONAL_AND_SOCIAL_CONTEXT\social_context_firewall.md",".md","321","False","True","False"
"ANIMALS\13_COSTUME_TRACK\12_HISTORICAL_AND_CANONICAL_RESEARCH\canonical_costume_research.md",".md","328","False","True","False"
"ANIMALS\13_COSTUME_TRACK\12_HISTORICAL_AND_CANONICAL_RESEARCH\historical_costume_research.md",".md","351","True","True","False"
"ANIMALS\13_COSTUME_TRACK\12_HISTORICAL_AND_CANONICAL_RESEARCH\uncertainty_and_conflicts.md",".md","280","False","True","False"
"ANIMALS\13_COSTUME_TRACK\13_CHARACTER_COSTUME_INTEGRATION\individual_variation_firewall.md",".md","244","True","True","False"
"ANIMALS\13_COSTUME_TRACK\20_VALIDATION_AND_QA\costume_asset_audit.md",".md","326","False","True","True"
"ANIMALS\13_COSTUME_TRACK\21_RESEARCH_CONTROL\costume_evidence_firewall.md",".md","401","True","True","False"
"ANIMALS\13_COSTUME_TRACK\21_RESEARCH_CONTROL\costume_research_control.md",".md","277","False","True","False"
"ANIMALS\13_COSTUME_TRACK\22_ASSET_AND_COSTUME_LINEAGE\costume_asset_lineage.md",".md","297","False","True","True"
"ANIMALS\13_COSTUME_TRACK\22_ASSET_AND_COSTUME_LINEAGE\replacement_and_regeneration.md",".md","327","False","True","True"
"ANIMALS\13_COSTUME_TRACK\23_FINAL_HARDENING\02_historical_anachronism_firewall.md",".md","177","False","True","False"
"ANIMALS\13_COSTUME_TRACK\23_FINAL_HARDENING\03_cultural_assumption_firewall.md",".md","187","False","True","False"
"ANIMALS\13_COSTUME_TRACK\23_FINAL_HARDENING\05_material_truth_firewall.md",".md","135","True","True","False"
"ANIMALS\13_COSTUME_TRACK\23_FINAL_HARDENING\20_reference_contamination_firewall.md",".md","135","False","True","False"
"ANIMALS\13_COSTUME_TRACK\23_FINAL_HARDENING\39_zero_loophole_control_matrix.md",".md","172","False","True","False"
"ANIMALS\13_COSTUME_TRACK\23_FINAL_HARDENING\costume_track_manifest.json",".json","2365","False","True","True"
"ANIMALS\14_BATTLE_HIGH_STRESS\battle_high_stress_manifest.json",".json","1067","False","True","True"
"ANIMALS\14_BATTLE_HIGH_STRESS\BATTLE_HIGH_STRESS_SYSTEM_STATUS.md",".md","926","False","True","True"
"ANIMALS\14_BATTLE_HIGH_STRESS\01_CORE\battle_high_stress_index.md",".md","1162","False","True","True"
"ANIMALS\14_BATTLE_HIGH_STRESS\01_CORE\battle_high_stress_non_goals.md",".md","782","False","True","False"
"ANIMALS\14_BATTLE_HIGH_STRESS\01_CORE\master_stress_principles.md",".md","924","False","True","False"
"ANIMALS\14_BATTLE_HIGH_STRESS\02_STRESS_AND_THREAT_DATABASE\stressor_database.md",".md","560","False","True","False"
"ANIMALS\14_BATTLE_HIGH_STRESS\02_STRESS_AND_THREAT_DATABASE\stress_threat_record_schema.md",".md","622","False","True","False"
"ANIMALS\14_BATTLE_HIGH_STRESS\02_STRESS_AND_THREAT_DATABASE\threat_taxonomy.md",".md","693","False","True","False"
"ANIMALS\14_BATTLE_HIGH_STRESS\04_STRESS_PHYSIOLOGY\acute_stress_response.md",".md","516","False","True","False"
"ANIMALS\14_BATTLE_HIGH_STRESS\04_STRESS_PHYSIOLOGY\chronic_and_cumulative_stress.md",".md","426","False","True","False"
"ANIMALS\14_BATTLE_HIGH_STRESS\04_STRESS_PHYSIOLOGY\stress_thresholds_and_load.md",".md","375","False","True","False"
"ANIMALS\14_BATTLE_HIGH_STRESS\05_BEHAVIORAL_STRESS_RESPONSE\stress_state_transitions.md",".md","384","False","True","False"
"ANIMALS\14_BATTLE_HIGH_STRESS\07_AGGRESSION_AND_DEFENSE\territorial_and_protective_response.md",".md","480","False","True","False"
"ANIMALS\14_BATTLE_HIGH_STRESS\09_PREDATOR_PREY_AND_ESCAPE\predator_prey_stress_escalation.md",".md","415","False","True","False"
"ANIMALS\14_BATTLE_HIGH_STRESS\12_HISTORICAL_AND_CANONICAL_BATTLE\canonical_battle_context.md",".md","479","False","True","False"
"ANIMALS\14_BATTLE_HIGH_STRESS\12_HISTORICAL_AND_CANONICAL_BATTLE\historical_battle_reconstruction.md",".md","452","False","True","False"
"ANIMALS\14_BATTLE_HIGH_STRESS\16_AUDIO_AND_ACOUSTIC_STRESS\startle_and_noise_response.md",".md","323","False","True","False"
"ANIMALS\14_BATTLE_HIGH_STRESS\18_CONTINUITY_AND_RECOVERY\post_battle_behavioral_continuity.md",".md","353","False","True","False"
"ANIMALS\14_BATTLE_HIGH_STRESS\20_AI_PRODUCTION_HANDOFF\ai_stress_output_boundary.md",".md","443","False","True","False"
"ANIMALS\14_BATTLE_HIGH_STRESS\20_AI_PRODUCTION_HANDOFF\stress_ai_handoff.md",".md","398","False","True","False"
"ANIMALS\14_BATTLE_HIGH_STRESS\22_ASSET_AND_COSTUME_LINEAGE\stress_asset_lineage.md",".md","488","False","True","True"
"ANIMALS\14_BATTLE_HIGH_STRESS\22_RESEARCH_CONTROL\canonical_stress_evidence.md",".md","370","True","True","False"
"ANIMALS\14_BATTLE_HIGH_STRESS\22_RESEARCH_CONTROL\historical_stress_evidence.md",".md","358","False","True","False"
"ANIMALS\14_BATTLE_HIGH_STRESS\22_RESEARCH_CONTROL\stress_conflicts_and_uncertainty.md",".md","347","False","True","False"
"ANIMALS\14_BATTLE_HIGH_STRESS\22_RESEARCH_CONTROL\stress_evidence_firewall.md",".md","346","False","True","False"
"ANIMALS\14_BATTLE_HIGH_STRESS\22_RESEARCH_CONTROL\stress_research_control.md",".md","376","False","True","False"
"ANIMALS\14_BATTLE_HIGH_STRESS\23_FINAL_HARDENING\01_authority_boundary_firewall.md",".md","326","False","True","False"
"ANIMALS\14_BATTLE_HIGH_STRESS\23_FINAL_HARDENING\06_panic_firewall.md",".md","244","False","True","False"
"ANIMALS\14_BATTLE_HIGH_STRESS\23_FINAL_HARDENING\10_pain_behavior_firewall.md",".md","252","False","True","False"
"ANIMALS\14_BATTLE_HIGH_STRESS\23_FINAL_HARDENING\16_canonical_context_firewall.md",".md","241","False","True","False"
"ANIMALS\14_BATTLE_HIGH_STRESS\23_FINAL_HARDENING\23_ai_source_of_truth_firewall.md",".md","251","False","True","False"
"ANIMALS\14_BATTLE_HIGH_STRESS\23_FINAL_HARDENING\33_provenance_tamper_firewall.md",".md","218","False","True","True"
"ANIMALS\14_BATTLE_HIGH_STRESS\23_FINAL_HARDENING\36_forbidden_shortcuts.md",".md","512","False","True","False"
"ANIMALS\14_BATTLE_HIGH_STRESS\23_FINAL_HARDENING\37_forward_reverse_audit.md",".md","335","False","True","True"
"ANIMALS\14_BATTLE_HIGH_STRESS\23_FINAL_HARDENING\39_final_zero_loophole_audit.md",".md","1235","False","True","False"
"ANIMALS\15_RESEARCH\research_manifest.json",".json","750","False","True","False"
"ANIMALS\15_RESEARCH\RESEARCH_SYSTEM_STATUS.md",".md","844","False","True","False"
"ANIMALS\15_RESEARCH\01_CORE\research_authority_boundaries.md",".md","710","False","True","False"
"ANIMALS\15_RESEARCH\01_CORE\research_principles.md",".md","1017","False","True","False"
"ANIMALS\15_RESEARCH\01_CORE\research_system_definition.md",".md","908","False","True","False"
"ANIMALS\15_RESEARCH\02_RESEARCH_DATABASE\research_geography_control.md",".md","411","False","True","False"
"ANIMALS\15_RESEARCH\02_RESEARCH_DATABASE\research_record_schema.md",".md","454","False","True","False"
"ANIMALS\15_RESEARCH\02_RESEARCH_DATABASE\research_taxonomy_control.md",".md","441","False","True","False"
"ANIMALS\15_RESEARCH\02_RESEARCH_DATABASE\research_temporal_control.md",".md","419","False","True","False"
"ANIMALS\15_RESEARCH\03_SOURCE_MANAGEMENT\india_taxonomy_authorities.md",".md","834","False","True","False"
"ANIMALS\15_RESEARCH\03_SOURCE_MANAGEMENT\source_quality_rules.md",".md","852","True","True","False"
"ANIMALS\15_RESEARCH\03_SOURCE_MANAGEMENT\source_registry.md",".md","3631","False","True","False"
"ANIMALS\15_RESEARCH\04_EVIDENCE_MANAGEMENT\evidence_extraction_rules.md",".md","458","False","True","False"
"ANIMALS\15_RESEARCH\04_EVIDENCE_MANAGEMENT\evidence_registry.md",".md","2720","False","True","False"
"ANIMALS\15_RESEARCH\05_CLAIM_MANAGEMENT\claim_confidence_rules.md",".md","455","False","True","False"
"ANIMALS\15_RESEARCH\05_CLAIM_MANAGEMENT\claim_registry.md",".md","2143","False","True","False"
"ANIMALS\15_RESEARCH\06_INTERPRETATION_AND_INFERENCE\canonical_vs_scientific_inference.md",".md","463","False","True","False"
"ANIMALS\15_RESEARCH\06_INTERPRETATION_AND_INFERENCE\inference_firewall.md",".md","547","False","True","False"
"ANIMALS\15_RESEARCH\06_INTERPRETATION_AND_INFERENCE\research_decision_framework.md",".md","445","False","True","False"
"ANIMALS\15_RESEARCH\07_SPECIES_RESEARCH\asian_elephant_research_record.md",".md","976","False","True","False"
"ANIMALS\15_RESEARCH\07_SPECIES_RESEARCH\donkey_camel_research_record.md",".md","671","False","True","False"
"ANIMALS\15_RESEARCH\07_SPECIES_RESEARCH\horse_research_record.md",".md","869","False","True","False"
"ANIMALS\15_RESEARCH\07_SPECIES_RESEARCH\MASTER_ANIMAL_RESEARCH_QUEUE.md",".md","7323","False","True","False"
"ANIMALS\15_RESEARCH\07_SPECIES_RESEARCH\species_record_schema.md",".md","726","False","True","False"
"ANIMALS\15_RESEARCH\07_SPECIES_RESEARCH\species_research_master.md",".md","689","False","True","False"
"ANIMALS\15_RESEARCH\08_BIOLOGY_RESEARCH\biology_record_schema.md",".md","490","False","True","False"
"ANIMALS\15_RESEARCH\09_BEHAVIOR_RESEARCH\behavior_research_record_schema.md",".md","600","False","True","False"
"ANIMALS\15_RESEARCH\10_MOVEMENT_RESEARCH\movement_research_record_schema.md",".md","491","False","True","False"
"ANIMALS\15_RESEARCH\11_ECOLOGY_RESEARCH\ecology_research_record_schema.md",".md","536","False","True","False"
"ANIMALS\15_RESEARCH\12_DOMESTIC_AND_TRAINED_RESEARCH\domestic_research_record_schema.md",".md","520","False","True","False"
"ANIMALS\15_RESEARCH\13_INTERACTION_RESEARCH\interaction_research_record_schema.md",".md","448","False","True","False"
"ANIMALS\15_RESEARCH\14_BATTLE_HIGH_STRESS\01_research_index.md",".md","1214","False","True","False"
"ANIMALS\15_RESEARCH\14_BATTLE_HIGH_STRESS\02_scientific_stress_foundations.md",".md","1862","False","True","False"
"ANIMALS\15_RESEARCH\14_BATTLE_HIGH_STRESS\03_defensive_modes_and_freeze_flight.md",".md","1369","False","True","False"
"ANIMALS\15_RESEARCH\14_BATTLE_HIGH_STRESS\04_cumulative_stress_and_recovery.md",".md","1271","False","True","False"
"ANIMALS\15_RESEARCH\14_BATTLE_HIGH_STRESS\05_valmiki_ramayana_battle_evidence.md",".md","2296","True","True","False"
"ANIMALS\15_RESEARCH\14_BATTLE_HIGH_STRESS\06_canonical_battle_animal_roles.md",".md","1406","False","True","False"
"ANIMALS\15_RESEARCH\14_BATTLE_HIGH_STRESS\07_battle_acoustic_and_environmental_evidence.md",".md","1350","True","True","False"
"ANIMALS\15_RESEARCH\14_BATTLE_HIGH_STRESS\08_research_gaps_and_next_claims.md",".md","1253","False","True","False"
"ANIMALS\15_RESEARCH\14_VISUAL_IDENTITY_RESEARCH\visual_research_record_schema.md",".md","447","False","True","False"
"ANIMALS\15_RESEARCH\15_CONTINUITY_RESEARCH\continuity_research_record_schema.md",".md","345","False","True","False"
"ANIMALS\15_RESEARCH\16_AUDIO_RESEARCH\audio_research_record_schema.md",".md","386","False","True","False"
"ANIMALS\15_RESEARCH\17_BATTLE_AND_HIGH_STRESS_RESEARCH\battle_stress_research_baseline.md",".md","958","False","True","False"
"ANIMALS\15_RESEARCH\17_BATTLE_AND_HIGH_STRESS_RESEARCH\stress_research_record_schema.md",".md","566","False","True","False"
"ANIMALS\15_RESEARCH\18_COSTUME_AND_EQUIPMENT_RESEARCH\equipment_research_record_schema.md",".md","399","True","True","False"
"ANIMALS\15_RESEARCH\19_HISTORICAL_RESEARCH\historical_research_record_schema.md",".md","367","False","True","False"
"ANIMALS\15_RESEARCH\19_HISTORICAL_RESEARCH\historical_research_status.md",".md","725","True","True","False"
"ANIMALS\15_RESEARCH\20_CANONICAL_RESEARCH\canonical_research_record_schema.md",".md","418","False","True","False"
"ANIMALS\15_RESEARCH\20_CANONICAL_RESEARCH\valmiki_ramayana_animal_battle_registry.md",".md","1195","False","True","False"
"ANIMALS\15_RESEARCH\21_ENVIRONMENTAL_AND_GEOGRAPHIC_RESEARCH\environment_research_record_schema.md",".md","404","False","True","False"
"ANIMALS\15_RESEARCH\22_CROSS_SYSTEM_RECONCILIATION\reconciliation_record_schema.md",".md","501","False","True","False"
"ANIMALS\15_RESEARCH\23_RESEARCH_VALIDATION\ai_evidence_firewall.md",".md","401","True","True","False"
"ANIMALS\15_RESEARCH\23_RESEARCH_VALIDATION\research_validation_gate.md",".md","503","False","True","False"
"ANIMALS\15_RESEARCH\23_RESEARCH_VALIDATION\research_validation_record_schema.md",".md","407","False","True","False"
"ANIMALS\15_RESEARCH\24_RESEARCH_SNAPSHOTS\research_snapshot_schema.md",".md","379","False","True","False"
"ANIMALS\15_RESEARCH\25_RESEARCH_HANDOFFS\domain_handoff_matrix.md",".md","930","False","True","False"
"ANIMALS\15_RESEARCH\25_RESEARCH_HANDOFFS\handoff_record_schema.md",".md","286","False","True","False"
"ANIMALS\15_RESEARCH\26_FINAL_HARDENING\01_source_integrity_firewall.md",".md","229","False","True","False"
"ANIMALS\15_RESEARCH\26_FINAL_HARDENING\02_evidence_claim_boundary.md",".md","283","False","True","False"
"ANIMALS\15_RESEARCH\26_FINAL_HARDENING\03_inference_firewall.md",".md","230","False","True","False"
"ANIMALS\15_RESEARCH\26_FINAL_HARDENING\05_geographic_scope_firewall.md",".md","305","False","True","False"
"ANIMALS\15_RESEARCH\26_FINAL_HARDENING\06_temporal_scope_firewall.md",".md","274","False","True","False"
"ANIMALS\15_RESEARCH\26_FINAL_HARDENING\07_canonical_scientific_boundary.md",".md","301","False","True","False"
"ANIMALS\15_RESEARCH\26_FINAL_HARDENING\08_negative_evidence_firewall.md",".md","220","False","True","False"
"ANIMALS\15_RESEARCH\26_FINAL_HARDENING\09_ai_contamination_firewall.md",".md","251","False","True","False"
"ANIMALS\15_RESEARCH\26_FINAL_HARDENING\10_source_conflict_firewall.md",".md","356","False","True","False"
"ANIMALS\15_RESEARCH\26_FINAL_HARDENING\11_claim_scope_firewall.md",".md","167","False","True","False"
"ANIMALS\15_RESEARCH\26_FINAL_HARDENING\12_species_generalization_firewall.md",".md","297","False","True","False"
"ANIMALS\15_RESEARCH\26_FINAL_HARDENING\13_individual_population_firewall.md",".md","264","False","True","False"
"ANIMALS\15_RESEARCH\26_FINAL_HARDENING\14_historical_anachronism_firewall.md",".md","243","False","True","False"
"ANIMALS\15_RESEARCH\26_FINAL_HARDENING\15_research_status_firewall.md",".md","410","False","True","False"
"ANIMALS\15_RESEARCH\26_FINAL_HARDENING\16_snapshot_immutability.md",".md","187","False","True","False"
"ANIMALS\15_RESEARCH\26_FINAL_HARDENING\17_stale_research_firewall.md",".md","226","False","True","False"
"ANIMALS\15_RESEARCH\26_FINAL_HARDENING\18_cross_system_authority_firewall.md",".md","583","False","True","False"
"ANIMALS\15_RESEARCH\26_FINAL_HARDENING\19_provenance_tamper_firewall.md",".md","254","False","True","False"
"ANIMALS\15_RESEARCH\26_FINAL_HARDENING\20_duplicate_claim_firewall.md",".md","271","False","True","False"
"ANIMALS\15_RESEARCH\26_FINAL_HARDENING\21_research_completeness_firewall.md",".md","334","False","True","False"
"ANIMALS\15_RESEARCH\26_FINAL_HARDENING\22_domain_handoff_firewall.md",".md","252","False","True","False"
"ANIMALS\15_RESEARCH\26_FINAL_HARDENING\23_research_snapshot_dependency.md",".md","199","False","True","False"
"ANIMALS\15_RESEARCH\26_FINAL_HARDENING\25_fail_closed_firewall.md",".md","269","False","True","False"
"ANIMALS\15_RESEARCH\26_FINAL_HARDENING\26_forward_reverse_audit.md",".md","218","False","True","False"
"ANIMALS\15_RESEARCH\26_FINAL_HARDENING\27_production_gate.md",".md","246","False","True","False"
"ANIMALS\15_RESEARCH\26_FINAL_HARDENING\28_zero_loophole_control_matrix.md",".md","1128","False","True","False"
"ANIMALS\15_RESEARCH\26_FINAL_HARDENING\29_final_zero_loophole_audit.md",".md","642","False","True","False"
"ANIMALS\15_RESEARCH\26_FINAL_HARDENING\research_zero_loophole_rules.md",".md","968","False","True","False"
"ANIMALS\16_CONFLICTS_UNKNOWN\conflicts_unknown_manifest.json",".json","757","False","True","False"
"ANIMALS\16_CONFLICTS_UNKNOWN\CONFLICTS_UNKNOWN_SYSTEM_STATUS.md",".md","553","True","True","False"
"ANIMALS\16_CONFLICTS_UNKNOWN\01_CORE\authority_boundary.md",".md","751","True","True","False"
"ANIMALS\16_CONFLICTS_UNKNOWN\01_CORE\conflicts_unknown_definition.md",".md","953","False","True","False"
"ANIMALS\16_CONFLICTS_UNKNOWN\01_CORE\conflict_unknown_principles.md",".md","661","True","True","False"
"ANIMALS\16_CONFLICTS_UNKNOWN\01_CORE\uncertainty_vocabulary.md",".md","678","False","True","False"
"ANIMALS\16_CONFLICTS_UNKNOWN\02_UNKNOWN_DATABASE\unknown_registry.md",".md","368","True","True","False"
"ANIMALS\16_CONFLICTS_UNKNOWN\03_CONFLICT_DATABASE\conflict_types.md",".md","843","False","True","False"
"ANIMALS\16_CONFLICTS_UNKNOWN\04_SOURCE_CONFLICTS\source_conflict_rules.md",".md","428","False","True","False"
"ANIMALS\16_CONFLICTS_UNKNOWN\05_EVIDENCE_GAPS\evidence_gap_schema.md",".md","308","False","True","False"
"ANIMALS\16_CONFLICTS_UNKNOWN\06_TAXONOMIC_UNCERTAINTY\taxonomy_uncertainty_rules.md",".md","455","False","True","False"
"ANIMALS\16_CONFLICTS_UNKNOWN\08_TEMPORAL_UNCERTAINTY\temporal_uncertainty_rules.md",".md","346","False","True","False"
"ANIMALS\16_CONFLICTS_UNKNOWN\15_DOMESTIC_TRAINING_UNCERTAINTY\domestic_training_uncertainty.md",".md","249","False","True","False"
"ANIMALS\16_CONFLICTS_UNKNOWN\16_INTERACTION_UNCERTAINTY\interaction_uncertainty.md",".md","267","False","True","False"
"ANIMALS\16_CONFLICTS_UNKNOWN\18_AUDIO_UNCERTAINTY\audio_uncertainty.md",".md","277","False","True","False"
"ANIMALS\16_CONFLICTS_UNKNOWN\19_BATTLE_STRESS_UNCERTAINTY\stress_uncertainty.md",".md","286","False","True","False"
"ANIMALS\16_CONFLICTS_UNKNOWN\20_COSTUME_EQUIPMENT_UNCERTAINTY\equipment_uncertainty.md",".md","324","False","True","False"
"ANIMALS\16_CONFLICTS_UNKNOWN\22_RESOLUTION_ENGINE\resolution_rules.md",".md","376","False","True","False"
"ANIMALS\16_CONFLICTS_UNKNOWN\27_VALIDATION_AND_QA\validation_rules.md",".md","275","False","True","False"
"ANIMALS\16_CONFLICTS_UNKNOWN\28_RESEARCH_CONTROL\research_relationship.md",".md","348","False","True","False"
"ANIMALS\16_CONFLICTS_UNKNOWN\29_FINAL_HARDENING\01_unknown_not_absent_firewall.md",".md","170","False","True","False"
"ANIMALS\16_CONFLICTS_UNKNOWN\29_FINAL_HARDENING\02_conflict_not_error_firewall.md",".md","169","False","True","False"
"ANIMALS\16_CONFLICTS_UNKNOWN\29_FINAL_HARDENING\03_ambiguity_not_conflict_firewall.md",".md","211","False","True","False"
"ANIMALS\16_CONFLICTS_UNKNOWN\29_FINAL_HARDENING\05_evidence_gap_firewall.md",".md","208","False","True","False"
"ANIMALS\16_CONFLICTS_UNKNOWN\29_FINAL_HARDENING\07_resolution_provenance_firewall.md",".md","200","False","True","False"
"ANIMALS\16_CONFLICTS_UNKNOWN\29_FINAL_HARDENING\09_taxonomy_blocking_firewall.md",".md","206","False","True","False"
"ANIMALS\16_CONFLICTS_UNKNOWN\29_FINAL_HARDENING\10_geography_blocking_firewall.md",".md","232","False","True","False"
"ANIMALS\16_CONFLICTS_UNKNOWN\29_FINAL_HARDENING\11_temporal_blocking_firewall.md",".md","224","False","True","False"
"ANIMALS\16_CONFLICTS_UNKNOWN\29_FINAL_HARDENING\12_canonical_conflict_firewall.md",".md","197","False","True","False"
"ANIMALS\16_CONFLICTS_UNKNOWN\29_FINAL_HARDENING\13_historical_conflict_firewall.md",".md","192","False","True","False"
"ANIMALS\16_CONFLICTS_UNKNOWN\29_FINAL_HARDENING\19_visual_conflict_firewall.md",".md","218","False","True","False"
"ANIMALS\16_CONFLICTS_UNKNOWN\29_FINAL_HARDENING\20_audio_conflict_firewall.md",".md","196","False","True","False"
"ANIMALS\16_CONFLICTS_UNKNOWN\29_FINAL_HARDENING\21_stress_conflict_firewall.md",".md","221","False","True","False"
"ANIMALS\16_CONFLICTS_UNKNOWN\29_FINAL_HARDENING\22_equipment_conflict_firewall.md",".md","207","True","True","False"
"ANIMALS\16_CONFLICTS_UNKNOWN\29_FINAL_HARDENING\30_duplicate_conflict_firewall.md",".md","226","False","True","False"
"ANIMALS\16_CONFLICTS_UNKNOWN\29_FINAL_HARDENING\31_temporal_order_firewall.md",".md","210","False","True","False"
"ANIMALS\16_CONFLICTS_UNKNOWN\29_FINAL_HARDENING\32_provenance_tamper_firewall.md",".md","190","False","True","False"
"ANIMALS\16_CONFLICTS_UNKNOWN\29_FINAL_HARDENING\35_forbidden_shortcuts.md",".md","336","False","True","True"
"ANIMALS\16_CONFLICTS_UNKNOWN\29_FINAL_HARDENING\36_forward_reverse_audit.md",".md","280","False","True","False"
"ANIMALS\16_CONFLICTS_UNKNOWN\29_FINAL_HARDENING\37_zero_loophole_control_matrix.md",".md","1478","False","True","False"
"ANIMALS\16_CONFLICTS_UNKNOWN\29_FINAL_HARDENING\38_final_zero_loophole_audit.md",".md","972","False","True","False"
"ANIMALS\17_PRODUCTION_HANDOFF\PRODUCTION_HANDOFF_SYSTEM_STATUS.md",".md","453","False","True","False"
"ANIMALS\17_PRODUCTION_HANDOFF\01_CORE\production_handoff_definition.md",".md","912","False","True","False"
"ANIMALS\17_PRODUCTION_HANDOFF\01_CORE\production_handoff_non_goals.md",".md","796","False","True","False"
"ANIMALS\17_PRODUCTION_HANDOFF\03_SOURCE_SNAPSHOT_HANDOFF\snapshot_handoff_rules.md",".md","604","False","True","False"
"ANIMALS\17_PRODUCTION_HANDOFF\10_VISUAL_IDENTITY_HANDOFF\visual_identity_handoff_rules.md",".md","394","False","True","False"
"ANIMALS\17_PRODUCTION_HANDOFF\16_AI_PRODUCTION_HANDOFF\ai_production_handoff_rules.md",".md","529","False","True","False"
"ANIMALS\17_PRODUCTION_HANDOFF\21_REJECTION_AND_REWORK\rejection_rules.md",".md","407","False","True","True"
"ANIMALS\17_PRODUCTION_HANDOFF\22_LINEAGE_AND_PROVENANCE\lineage_rules.md",".md","438","False","True","True"
"ANIMALS\17_PRODUCTION_HANDOFF\24_RESEARCH_AND_CONFLICT_HANDOFF\research_conflict_rules.md",".md","488","True","True","False"
"ANIMALS\17_PRODUCTION_HANDOFF\26_FINAL_HARDENING\01_authority_boundary_firewall.md",".md","376","False","True","False"
"ANIMALS\17_PRODUCTION_HANDOFF\26_FINAL_HARDENING\08_research_conflict_firewall.md",".md","271","True","True","False"
"ANIMALS\17_PRODUCTION_HANDOFF\26_FINAL_HARDENING\14_visual_identity_firewall.md",".md","267","False","True","True"
"ANIMALS\17_PRODUCTION_HANDOFF\26_FINAL_HARDENING\19_ai_output_firewall.md",".md","225","False","True","False"
"ANIMALS\17_PRODUCTION_HANDOFF\26_FINAL_HARDENING\21_reference_set_firewall.md",".md","292","False","True","False"
"ANIMALS\17_PRODUCTION_HANDOFF\26_FINAL_HARDENING\29_provenance_tamper_firewall.md",".md","259","False","True","True"
"ANIMALS\17_PRODUCTION_HANDOFF\26_FINAL_HARDENING\33_forbidden_shortcuts.md",".md","449","False","True","False"
"ANIMALS\17_PRODUCTION_HANDOFF\26_FINAL_HARDENING\34_reverse_audit_firewall.md",".md","280","False","True","True"
"ANIMALS\17_PRODUCTION_HANDOFF\26_FINAL_HARDENING\36_zero_loophole_control_matrix.md",".md","621","False","True","True"
"ANIMALS\17_PRODUCTION_HANDOFF\26_FINAL_HARDENING\37_final_zero_loophole_audit.md",".md","1091","True","True","False"
"ANIMALS\18_QA_APPROVAL\qa_approval_manifest.json",".json","594","False","True","False"
"ANIMALS\18_QA_APPROVAL\QA_APPROVAL_SYSTEM_STATUS.md",".md","1093","False","True","True"
"ANIMALS\18_QA_APPROVAL\01_CORE\qa_approval_definition.md",".md","920","False","True","True"
"ANIMALS\18_QA_APPROVAL\01_CORE\qa_authority_boundaries.md",".md","532","False","True","False"
"ANIMALS\18_QA_APPROVAL\01_CORE\qa_master_principles.md",".md","788","False","True","False"
"ANIMALS\18_QA_APPROVAL\03_INPUT_VALIDATION\input_contract.md",".md","364","False","True","True"
"ANIMALS\18_QA_APPROVAL\04_SOURCE_AND_SNAPSHOT_QA\source_traceability.md",".md","278","True","True","True"
"ANIMALS\18_QA_APPROVAL\15_COSTUME_EQUIPMENT_QA\costume_equipment_validation.md",".md","320","True","True","False"
"ANIMALS\18_QA_APPROVAL\17_AI_PRODUCTION_QA\ai_production_validation.md",".md","329","False","True","True"
"ANIMALS\18_QA_APPROVAL\20_ASSET_QA\asset_validation.md",".md","310","False","True","True"
"ANIMALS\18_QA_APPROVAL\22_REJECTION_AND_REWORK\defect_classification.md",".md","493","False","True","False"
"ANIMALS\18_QA_APPROVAL\22_REJECTION_AND_REWORK\rejection_rules.md",".md","487","False","True","True"
"ANIMALS\18_QA_APPROVAL\23_APPROVAL_CONTROL\approval_invalidation.md",".md","380","True","True","True"
"ANIMALS\18_QA_APPROVAL\24_LINEAGE_AND_AUDIT\forward_audit.md",".md","268","False","True","True"
"ANIMALS\18_QA_APPROVAL\24_LINEAGE_AND_AUDIT\reverse_audit.md",".md","311","True","True","True"
"ANIMALS\18_QA_APPROVAL\25_FINAL_OUTPUT_QA\release_blockers.md",".md","589","True","True","False"
"ANIMALS\18_QA_APPROVAL\26_RESEARCH_AND_CONFLICT_QA\conflict_escalation.md",".md","437","True","True","False"
"ANIMALS\18_QA_APPROVAL\26_RESEARCH_AND_CONFLICT_QA\research_conflict_gate.md",".md","356","False","True","False"
"ANIMALS\18_QA_APPROVAL\27_FINAL_HARDENING\20_ai_source_truth_firewall.md",".md","121","False","True","False"
"ANIMALS\18_QA_APPROVAL\27_FINAL_HARDENING\22_reference_integrity_firewall.md",".md","98","False","True","False"
"ANIMALS\18_QA_APPROVAL\27_FINAL_HARDENING\33_unknown_conflict_firewall.md",".md","121","False","True","False"
"ANIMALS\18_QA_APPROVAL\27_FINAL_HARDENING\36_forward_audit_firewall.md",".md","93","False","True","False"
"ANIMALS\18_QA_APPROVAL\27_FINAL_HARDENING\37_reverse_audit_firewall.md",".md","93","False","True","False"
"ANIMALS\18_QA_APPROVAL\27_FINAL_HARDENING\39_final_zero_loophole_audit.md",".md","459","False","True","False"
"ANIMALS\19_REGISTRY_CONNECTION\registry_connection_manifest.json",".json","576","False","True","False"
"ANIMALS\19_REGISTRY_CONNECTION\REGISTRY_CONNECTION_SYSTEM_STATUS.md",".md","942","False","True","False"
"ANIMALS\19_REGISTRY_CONNECTION\01_CORE\registry_authority_boundaries.md",".md","627","False","True","False"
"ANIMALS\19_REGISTRY_CONNECTION\01_CORE\registry_connection_definition.md",".md","652","False","True","False"
"ANIMALS\19_REGISTRY_CONNECTION\01_CORE\registry_connection_index.md",".md","639","False","True","False"
"ANIMALS\19_REGISTRY_CONNECTION\01_CORE\registry_master_principles.md",".md","840","True","True","False"
"ANIMALS\19_REGISTRY_CONNECTION\04_DOMAIN_REGISTRY\domain_registry_rules.md",".md","462","False","True","False"
"ANIMALS\19_REGISTRY_CONNECTION\05_SNAPSHOT_REGISTRY\snapshot_resolution.md",".md","530","False","True","False"
"ANIMALS\19_REGISTRY_CONNECTION\06_CLAIM_EVIDENCE_REGISTRY\claim_evidence_rules.md",".md","324","False","True","False"
"ANIMALS\19_REGISTRY_CONNECTION\07_SCENE_REGISTRY\scene_registry_rules.md",".md","302","False","True","False"
"ANIMALS\19_REGISTRY_CONNECTION\08_SHOT_REGISTRY\shot_registry_rules.md",".md","256","False","True","False"
"ANIMALS\19_REGISTRY_CONNECTION\11_IDENTITY_REGISTRY\identity_resolution_rules.md",".md","376","False","True","True"
"ANIMALS\19_REGISTRY_CONNECTION\12_RELATIONSHIP_REGISTRY\relationship_integrity.md",".md","284","False","True","False"
"ANIMALS\19_REGISTRY_CONNECTION\15_LINEAGE_REGISTRY\lineage_rules.md",".md","289","False","True","True"
"ANIMALS\19_REGISTRY_CONNECTION\17_RESEARCH_CONFLICT_REGISTRY\research_conflict_rules.md",".md","340","False","True","False"
"ANIMALS\19_REGISTRY_CONNECTION\18_PRODUCTION_HANDOFF_REGISTRY\handoff_registry_rules.md",".md","295","False","True","False"
"ANIMALS\19_REGISTRY_CONNECTION\20_CROSS_SYSTEM_CONNECTION\cross_system_matrix.md",".md","465","False","True","False"
"ANIMALS\19_REGISTRY_CONNECTION\21_RESOLUTION_ENGINE\resolution_failure_states.md",".md","477","False","True","False"
"ANIMALS\19_REGISTRY_CONNECTION\21_RESOLUTION_ENGINE\resolution_rules.md",".md","426","False","True","False"
"ANIMALS\19_REGISTRY_CONNECTION\22_REJECTION_AND_REPAIR\rejection_rules.md",".md","392","False","True","False"
"ANIMALS\19_REGISTRY_CONNECTION\23_AUDIT_AND_INTEGRITY\forward_registry_audit.md",".md","194","False","True","True"
"ANIMALS\19_REGISTRY_CONNECTION\23_AUDIT_AND_INTEGRITY\reverse_registry_audit.md",".md","219","False","True","True"
"ANIMALS\19_REGISTRY_CONNECTION\24_ACCESS_AND_AUTHORITY\authority_matrix.md",".md","378","False","True","False"
"ANIMALS\19_REGISTRY_CONNECTION\25_FINAL_REGISTRY\final_registry_gate.md",".md","595","False","True","False"
"ANIMALS\19_REGISTRY_CONNECTION\25_FINAL_REGISTRY\final_registry_non_goals.md",".md","428","False","True","False"
"ANIMALS\19_REGISTRY_CONNECTION\26_FINAL_HARDENING\01_authority_boundary.md",".md","106","False","True","False"
"ANIMALS\19_REGISTRY_CONNECTION\26_FINAL_HARDENING\06_unknown_reference.md",".md","95","False","True","False"
"ANIMALS\19_REGISTRY_CONNECTION\26_FINAL_HARDENING\08_stale_reference.md",".md","84","False","True","False"
"ANIMALS\19_REGISTRY_CONNECTION\26_FINAL_HARDENING\11_scope_integrity.md",".md","95","False","True","False"
"ANIMALS\19_REGISTRY_CONNECTION\26_FINAL_HARDENING\15_authority_inversion.md",".md","118","False","True","False"
"ANIMALS\19_REGISTRY_CONNECTION\26_FINAL_HARDENING\24_research_conflict_firewall.md",".md","94","False","True","False"
"ANIMALS\19_REGISTRY_CONNECTION\26_FINAL_HARDENING\34_forward_resolution.md",".md","120","False","True","False"
"ANIMALS\19_REGISTRY_CONNECTION\26_FINAL_HARDENING\39_zero_loophole_matrix.md",".md","416","False","True","False"
"ANIMALS\20_EPISODE_INTEGRATION\episode_integration_manifest.json",".json","597","False","True","False"
"ANIMALS\20_EPISODE_INTEGRATION\EPISODE_INTEGRATION_SYSTEM_STATUS.md",".md","878","True","True","False"
"ANIMALS\20_EPISODE_INTEGRATION\01_CORE\episode_integration_index.md",".md","484","False","True","False"
"ANIMALS\20_EPISODE_INTEGRATION\01_CORE\episode_master_principles.md",".md","1066","True","True","False"
"ANIMALS\20_EPISODE_INTEGRATION\25_EPISODE_LINEAGE_AUDIT\forward_episode_audit.md",".md","185","False","True","True"
"ANIMALS\20_EPISODE_INTEGRATION\25_EPISODE_LINEAGE_AUDIT\reverse_episode_audit.md",".md","163","False","True","True"
"ANIMALS\20_EPISODE_INTEGRATION\28_FINAL_HARDENING\20_ai_truth_firewall.md",".md","90","False","True","False"
"ANIMALS\20_EPISODE_INTEGRATION\28_FINAL_HARDENING\24_unknown_conflict_firewall.md",".md","132","False","True","False"
"ANIMALS\20_EPISODE_INTEGRATION\28_FINAL_HARDENING\30_forward_audit.md",".md","106","False","True","False"
"ANIMALS\20_EPISODE_INTEGRATION\28_FINAL_HARDENING\40_final_zero_loophole_audit.md",".md","790","False","True","False"
"ASSET_REGISTRY\INDEX\asset_index.md",".md","703","True","True","True"
"ASSET_REGISTRY\INDEX\asset_location_index.md",".md","291","False","True","True"
"ASSET_REGISTRY\REPORTS\asset_inventory_report.md",".md","800","True","True","True"
"CHARACTERS\brahma\approval.md",".md","57","False","True","False"
"CHARACTERS\brahma\canon.md",".md","54","False","True","False"
"CHARACTERS\brahma\character.md",".md","58","False","True","False"
"CHARACTERS\brahma\character_state.md",".md","64","False","True","False"
"CHARACTERS\brahma\continuity.md",".md","59","False","True","False"
"CHARACTERS\brahma\knowledge_state.md",".md","64","False","True","False"
"CHARACTERS\brahma\production_notes.md",".md","65","False","True","False"
"CHARACTERS\brahma\reference_index.md",".md","64","False","True","False"
"CHARACTERS\brahma\relationships.md",".md","62","False","True","False"
"CHARACTERS\brahma\research_questions.md",".md","67","False","True","False"
"CHARACTERS\brahma\timeline.md",".md","57","False","True","False"
"CHARACTERS\brahma\visual_identity_lock.md",".md","69","False","True","False"
"CHARACTERS\brahma\appearance\age.md",".md","63","False","True","False"
"CHARACTERS\brahma\appearance\canonical_marks.md",".md","75","False","True","False"
"CHARACTERS\brahma\appearance\distinguishing_features.md",".md","83","False","True","False"
"CHARACTERS\brahma\appearance\ears.md",".md","64","False","True","False"
"CHARACTERS\brahma\appearance\eyebrows.md",".md","68","False","True","False"
"CHARACTERS\brahma\appearance\eyes.md",".md","64","False","True","False"
"CHARACTERS\brahma\appearance\feet.md",".md","64","False","True","False"
"CHARACTERS\brahma\appearance\hands.md",".md","65","False","True","False"
"CHARACTERS\brahma\appearance\height.md",".md","66","False","True","False"
"CHARACTERS\brahma\appearance\mouth.md",".md","65","False","True","False"
"CHARACTERS\brahma\appearance\nose.md",".md","64","False","True","False"
"CHARACTERS\brahma\appearance\posture.md",".md","67","False","True","False"
"CHARACTERS\brahma\appearance\teeth.md",".md","65","False","True","False"
"CHARACTERS\brahma\appearance\visual_identity.md",".md","75","False","True","False"
"CHARACTERS\brahma\references\index.md",".md","61","False","True","False"
"CHARACTERS\brahma\voice\breathing.md",".md","64","False","True","False"
"CHARACTERS\brahma\voice\dialogue_style.md",".md","69","False","True","False"
"CHARACTERS\brahma\voice\emotion_voice.md",".md","68","False","True","False"
"CHARACTERS\brahma\voice\lip_sync.md",".md","63","False","True","False"
"CHARACTERS\brahma\voice\pauses.md",".md","61","False","True","False"
"CHARACTERS\brahma\voice\rhythm.md",".md","61","False","True","False"
"CHARACTERS\brahma\voice\voice_lock.md",".md","65","False","True","False"
"CHARACTERS\brahma\voice\voice_reference.md",".md","70","False","True","False"
"CHARACTERS\brahma\voice\volume.md",".md","61","False","True","False"
"CHARACTERS\daksha\approval.md",".md","57","False","True","False"
"CHARACTERS\daksha\canon.md",".md","54","False","True","False"
"CHARACTERS\daksha\character.md",".md","58","False","True","False"
"CHARACTERS\daksha\character_state.md",".md","64","False","True","False"
"CHARACTERS\daksha\continuity.md",".md","59","False","True","False"
"CHARACTERS\daksha\knowledge_state.md",".md","64","False","True","False"
"CHARACTERS\daksha\production_notes.md",".md","65","False","True","False"
"CHARACTERS\daksha\reference_index.md",".md","64","False","True","False"
"CHARACTERS\daksha\relationships.md",".md","62","False","True","False"
"CHARACTERS\daksha\research_questions.md",".md","67","False","True","False"
"CHARACTERS\daksha\timeline.md",".md","57","False","True","False"
"CHARACTERS\daksha\visual_identity_lock.md",".md","69","False","True","False"
"CHARACTERS\daksha\appearance\age.md",".md","22433","True","True","True"
"CHARACTERS\daksha\appearance\body.md",".md","33018","True","True","True"
"CHARACTERS\daksha\appearance\canonical_marks.md",".md","21161","True","True","True"
"CHARACTERS\daksha\appearance\clothing.md",".md","39039","True","True","True"
"CHARACTERS\daksha\appearance\distinguishing_features.md",".md","35124","True","True","False"
"CHARACTERS\daksha\appearance\ears.md",".md","64","False","True","False"
"CHARACTERS\daksha\appearance\eyebrows.md",".md","68","False","True","False"
"CHARACTERS\daksha\appearance\eyes.md",".md","64","False","True","False"
"CHARACTERS\daksha\appearance\feet.md",".md","64","False","True","False"
"CHARACTERS\daksha\appearance\hands.md",".md","65","False","True","False"
"CHARACTERS\daksha\appearance\height.md",".md","66","False","True","False"
"CHARACTERS\daksha\appearance\mouth.md",".md","65","False","True","False"
"CHARACTERS\daksha\appearance\nose.md",".md","64","False","True","False"
"CHARACTERS\daksha\appearance\posture.md",".md","67","False","True","False"
"CHARACTERS\daksha\appearance\teeth.md",".md","65","False","True","False"
"CHARACTERS\daksha\appearance\visual_identity.md",".md","75","False","True","False"
"CHARACTERS\daksha\references\index.md",".md","61","False","True","False"
"CHARACTERS\daksha\voice\breathing.md",".md","64","False","True","False"
"CHARACTERS\daksha\voice\dialogue_style.md",".md","69","False","True","False"
"CHARACTERS\daksha\voice\emotion_voice.md",".md","68","False","True","False"
"CHARACTERS\daksha\voice\lip_sync.md",".md","63","False","True","False"
"CHARACTERS\daksha\voice\pauses.md",".md","61","False","True","False"
"CHARACTERS\daksha\voice\rhythm.md",".md","61","False","True","False"
"CHARACTERS\daksha\voice\voice_lock.md",".md","65","False","True","False"
"CHARACTERS\daksha\voice\voice_reference.md",".md","70","False","True","False"
"CHARACTERS\daksha\voice\volume.md",".md","61","False","True","False"
"CHARACTERS\himavan\approval.md",".md","57","False","True","False"
"CHARACTERS\himavan\canon.md",".md","54","False","True","False"
"CHARACTERS\himavan\character.md",".md","58","False","True","False"
"CHARACTERS\himavan\character_state.md",".md","64","False","True","False"
"CHARACTERS\himavan\continuity.md",".md","59","False","True","False"
"CHARACTERS\himavan\knowledge_state.md",".md","64","False","True","False"
"CHARACTERS\himavan\production_notes.md",".md","65","False","True","False"
"CHARACTERS\himavan\reference_index.md",".md","64","False","True","False"
"CHARACTERS\himavan\relationships.md",".md","62","False","True","False"
"CHARACTERS\himavan\research_questions.md",".md","67","False","True","False"
"CHARACTERS\himavan\timeline.md",".md","57","False","True","False"
"CHARACTERS\himavan\visual_identity_lock.md",".md","69","False","True","False"
"CHARACTERS\himavan\appearance\age.md",".md","63","False","True","False"
"CHARACTERS\himavan\appearance\canonical_marks.md",".md","75","False","True","False"
"CHARACTERS\himavan\appearance\distinguishing_features.md",".md","83","False","True","False"
"CHARACTERS\himavan\appearance\ears.md",".md","64","False","True","False"
"CHARACTERS\himavan\appearance\eyebrows.md",".md","68","False","True","False"
"CHARACTERS\himavan\appearance\eyes.md",".md","64","False","True","False"
"CHARACTERS\himavan\appearance\feet.md",".md","64","False","True","False"
"CHARACTERS\himavan\appearance\hands.md",".md","65","False","True","False"
"CHARACTERS\himavan\appearance\height.md",".md","66","False","True","False"
"CHARACTERS\himavan\appearance\mouth.md",".md","65","False","True","False"
"CHARACTERS\himavan\appearance\nose.md",".md","64","False","True","False"
"CHARACTERS\himavan\appearance\posture.md",".md","67","False","True","False"
"CHARACTERS\himavan\appearance\teeth.md",".md","65","False","True","False"
"CHARACTERS\himavan\appearance\visual_identity.md",".md","75","False","True","False"
"CHARACTERS\himavan\references\index.md",".md","61","False","True","False"
"CHARACTERS\himavan\voice\breathing.md",".md","64","False","True","False"
"CHARACTERS\himavan\voice\dialogue_style.md",".md","69","False","True","False"
"CHARACTERS\himavan\voice\emotion_voice.md",".md","68","False","True","False"
"CHARACTERS\himavan\voice\lip_sync.md",".md","63","False","True","False"
"CHARACTERS\himavan\voice\pauses.md",".md","61","False","True","False"
"CHARACTERS\himavan\voice\rhythm.md",".md","61","False","True","False"
"CHARACTERS\himavan\voice\voice_lock.md",".md","65","False","True","False"
"CHARACTERS\himavan\voice\voice_reference.md",".md","70","False","True","False"
"CHARACTERS\himavan\voice\volume.md",".md","61","False","True","False"
"CHARACTERS\kamadeva\approval.md",".md","57","False","True","False"
"CHARACTERS\kamadeva\canon.md",".md","54","False","True","False"
"CHARACTERS\kamadeva\character.md",".md","58","False","True","False"
"CHARACTERS\kamadeva\character_state.md",".md","64","False","True","False"
"CHARACTERS\kamadeva\continuity.md",".md","59","False","True","False"
"CHARACTERS\kamadeva\knowledge_state.md",".md","64","False","True","False"
"CHARACTERS\kamadeva\production_notes.md",".md","65","False","True","False"
"CHARACTERS\kamadeva\reference_index.md",".md","64","False","True","False"
"CHARACTERS\kamadeva\relationships.md",".md","62","False","True","False"
"CHARACTERS\kamadeva\research_questions.md",".md","67","False","True","False"
"CHARACTERS\kamadeva\timeline.md",".md","57","False","True","False"
"CHARACTERS\kamadeva\visual_identity_lock.md",".md","69","False","True","False"
"CHARACTERS\kamadeva\appearance\age.md",".md","63","False","True","False"
"CHARACTERS\kamadeva\appearance\canonical_marks.md",".md","75","False","True","False"
"CHARACTERS\kamadeva\appearance\distinguishing_features.md",".md","83","False","True","False"
"CHARACTERS\kamadeva\appearance\ears.md",".md","64","False","True","False"
"CHARACTERS\kamadeva\appearance\eyebrows.md",".md","68","False","True","False"
"CHARACTERS\kamadeva\appearance\eyes.md",".md","64","False","True","False"
"CHARACTERS\kamadeva\appearance\feet.md",".md","64","False","True","False"
"CHARACTERS\kamadeva\appearance\hands.md",".md","65","False","True","False"
"CHARACTERS\kamadeva\appearance\height.md",".md","66","False","True","False"
"CHARACTERS\kamadeva\appearance\mouth.md",".md","65","False","True","False"
"CHARACTERS\kamadeva\appearance\nose.md",".md","64","False","True","False"
"CHARACTERS\kamadeva\appearance\posture.md",".md","67","False","True","False"
"CHARACTERS\kamadeva\appearance\teeth.md",".md","65","False","True","False"
"CHARACTERS\kamadeva\appearance\visual_identity.md",".md","75","False","True","False"
"CHARACTERS\kamadeva\references\index.md",".md","61","False","True","False"
"CHARACTERS\kamadeva\voice\breathing.md",".md","64","False","True","False"
"CHARACTERS\kamadeva\voice\dialogue_style.md",".md","69","False","True","False"
"CHARACTERS\kamadeva\voice\emotion_voice.md",".md","68","False","True","False"
"CHARACTERS\kamadeva\voice\lip_sync.md",".md","63","False","True","False"
"CHARACTERS\kamadeva\voice\pauses.md",".md","61","False","True","False"
"CHARACTERS\kamadeva\voice\rhythm.md",".md","61","False","True","False"
"CHARACTERS\kamadeva\voice\voice_lock.md",".md","65","False","True","False"
"CHARACTERS\kamadeva\voice\voice_reference.md",".md","70","False","True","False"
"CHARACTERS\kamadeva\voice\volume.md",".md","61","False","True","False"
"CHARACTERS\lakshmana\approval.md",".md","57","False","True","False"
"CHARACTERS\lakshmana\canon.md",".md","54","False","True","False"
"CHARACTERS\lakshmana\character.md",".md","58","False","True","False"
"CHARACTERS\lakshmana\character_state.md",".md","64","False","True","False"
"CHARACTERS\lakshmana\continuity.md",".md","59","False","True","False"
"CHARACTERS\lakshmana\knowledge_state.md",".md","64","False","True","False"
"CHARACTERS\lakshmana\production_notes.md",".md","65","False","True","False"
"CHARACTERS\lakshmana\reference_index.md",".md","64","False","True","False"
"CHARACTERS\lakshmana\relationships.md",".md","62","False","True","False"
"CHARACTERS\lakshmana\research_questions.md",".md","67","False","True","False"
"CHARACTERS\lakshmana\timeline.md",".md","57","False","True","False"
"CHARACTERS\lakshmana\visual_identity_lock.md",".md","69","False","True","False"
"CHARACTERS\lakshmana\appearance\age.md",".md","63","False","True","False"
"CHARACTERS\lakshmana\appearance\canonical_marks.md",".md","75","False","True","False"
"CHARACTERS\lakshmana\appearance\distinguishing_features.md",".md","83","False","True","False"
"CHARACTERS\lakshmana\appearance\ears.md",".md","64","False","True","False"
"CHARACTERS\lakshmana\appearance\eyebrows.md",".md","68","False","True","False"
"CHARACTERS\lakshmana\appearance\eyes.md",".md","64","False","True","False"
"CHARACTERS\lakshmana\appearance\feet.md",".md","64","False","True","False"
"CHARACTERS\lakshmana\appearance\hands.md",".md","65","False","True","False"
"CHARACTERS\lakshmana\appearance\height.md",".md","66","False","True","False"
"CHARACTERS\lakshmana\appearance\mouth.md",".md","65","False","True","False"
"CHARACTERS\lakshmana\appearance\nose.md",".md","64","False","True","False"
"CHARACTERS\lakshmana\appearance\posture.md",".md","67","False","True","False"
"CHARACTERS\lakshmana\appearance\teeth.md",".md","65","False","True","False"
"CHARACTERS\lakshmana\appearance\visual_identity.md",".md","75","False","True","False"
"CHARACTERS\lakshmana\references\index.md",".md","61","False","True","False"
"CHARACTERS\lakshmana\voice\breathing.md",".md","64","False","True","False"
"CHARACTERS\lakshmana\voice\dialogue_style.md",".md","69","False","True","False"
"CHARACTERS\lakshmana\voice\emotion_voice.md",".md","68","False","True","False"
"CHARACTERS\lakshmana\voice\lip_sync.md",".md","63","False","True","False"
"CHARACTERS\lakshmana\voice\pauses.md",".md","61","False","True","False"
"CHARACTERS\lakshmana\voice\rhythm.md",".md","61","False","True","False"
"CHARACTERS\lakshmana\voice\voice_lock.md",".md","65","False","True","False"
"CHARACTERS\lakshmana\voice\voice_reference.md",".md","70","False","True","False"
"CHARACTERS\lakshmana\voice\volume.md",".md","61","False","True","False"
"CHARACTERS\maina\approval.md",".md","57","False","True","False"
"CHARACTERS\maina\canon.md",".md","54","False","True","False"
"CHARACTERS\maina\character.md",".md","58","False","True","False"
"CHARACTERS\maina\character_state.md",".md","64","False","True","False"
"CHARACTERS\maina\continuity.md",".md","59","False","True","False"
"CHARACTERS\maina\knowledge_state.md",".md","64","False","True","False"
"CHARACTERS\maina\production_notes.md",".md","65","False","True","False"
"CHARACTERS\maina\reference_index.md",".md","64","False","True","False"
"CHARACTERS\maina\relationships.md",".md","62","False","True","False"
"CHARACTERS\maina\research_questions.md",".md","67","False","True","False"
"CHARACTERS\maina\timeline.md",".md","57","False","True","False"
"CHARACTERS\maina\visual_identity_lock.md",".md","69","False","True","False"
"CHARACTERS\maina\appearance\age.md",".md","63","False","True","False"
"CHARACTERS\maina\appearance\canonical_marks.md",".md","75","False","True","False"
"CHARACTERS\maina\appearance\distinguishing_features.md",".md","83","False","True","False"
"CHARACTERS\maina\appearance\ears.md",".md","64","False","True","False"
"CHARACTERS\maina\appearance\eyebrows.md",".md","68","False","True","False"
"CHARACTERS\maina\appearance\eyes.md",".md","64","False","True","False"
"CHARACTERS\maina\appearance\feet.md",".md","64","False","True","False"
"CHARACTERS\maina\appearance\hands.md",".md","65","False","True","False"
"CHARACTERS\maina\appearance\height.md",".md","66","False","True","False"
"CHARACTERS\maina\appearance\mouth.md",".md","65","False","True","False"
"CHARACTERS\maina\appearance\nose.md",".md","64","False","True","False"
"CHARACTERS\maina\appearance\posture.md",".md","67","False","True","False"
"CHARACTERS\maina\appearance\teeth.md",".md","65","False","True","False"
"CHARACTERS\maina\appearance\visual_identity.md",".md","75","False","True","False"
"CHARACTERS\maina\references\index.md",".md","61","False","True","False"
"CHARACTERS\maina\voice\breathing.md",".md","64","False","True","False"
"CHARACTERS\maina\voice\dialogue_style.md",".md","69","False","True","False"
"CHARACTERS\maina\voice\emotion_voice.md",".md","68","False","True","False"
"CHARACTERS\maina\voice\lip_sync.md",".md","63","False","True","False"
"CHARACTERS\maina\voice\pauses.md",".md","61","False","True","False"
"CHARACTERS\maina\voice\rhythm.md",".md","61","False","True","False"
"CHARACTERS\maina\voice\voice_lock.md",".md","65","False","True","False"
"CHARACTERS\maina\voice\voice_reference.md",".md","70","False","True","False"
"CHARACTERS\maina\voice\volume.md",".md","61","False","True","False"
"CHARACTERS\narada\approval.md",".md","57","False","True","False"
"CHARACTERS\narada\canon.md",".md","54","False","True","False"
"CHARACTERS\narada\character.md",".md","58","False","True","False"
"CHARACTERS\narada\character_state.md",".md","64","False","True","False"
"CHARACTERS\narada\continuity.md",".md","59","False","True","False"
"CHARACTERS\narada\knowledge_state.md",".md","64","False","True","False"
"CHARACTERS\narada\production_notes.md",".md","65","False","True","False"
"CHARACTERS\narada\reference_index.md",".md","64","False","True","False"
"CHARACTERS\narada\relationships.md",".md","62","False","True","False"
"CHARACTERS\narada\research_questions.md",".md","67","False","True","False"
"CHARACTERS\narada\timeline.md",".md","57","False","True","False"
"CHARACTERS\narada\visual_identity_lock.md",".md","69","False","True","False"
"CHARACTERS\narada\appearance\age.md",".md","63","False","True","False"
"CHARACTERS\narada\appearance\canonical_marks.md",".md","75","False","True","False"
"CHARACTERS\narada\appearance\distinguishing_features.md",".md","83","False","True","False"
"CHARACTERS\narada\appearance\ears.md",".md","64","False","True","False"
"CHARACTERS\narada\appearance\eyebrows.md",".md","68","False","True","False"
"CHARACTERS\narada\appearance\eyes.md",".md","64","False","True","False"
"CHARACTERS\narada\appearance\feet.md",".md","64","False","True","False"
"CHARACTERS\narada\appearance\hands.md",".md","65","False","True","False"
"CHARACTERS\narada\appearance\height.md",".md","66","False","True","False"
"CHARACTERS\narada\appearance\mouth.md",".md","65","False","True","False"
"CHARACTERS\narada\appearance\nose.md",".md","64","False","True","False"
"CHARACTERS\narada\appearance\posture.md",".md","67","False","True","False"
"CHARACTERS\narada\appearance\teeth.md",".md","65","False","True","False"
"CHARACTERS\narada\appearance\visual_identity.md",".md","75","False","True","False"
"CHARACTERS\narada\references\index.md",".md","61","False","True","False"
"CHARACTERS\narada\voice\breathing.md",".md","64","False","True","False"
"CHARACTERS\narada\voice\dialogue_style.md",".md","69","False","True","False"
"CHARACTERS\narada\voice\emotion_voice.md",".md","68","False","True","False"
"CHARACTERS\narada\voice\lip_sync.md",".md","63","False","True","False"
"CHARACTERS\narada\voice\pauses.md",".md","61","False","True","False"
"CHARACTERS\narada\voice\rhythm.md",".md","61","False","True","False"
"CHARACTERS\narada\voice\voice_lock.md",".md","65","False","True","False"
"CHARACTERS\narada\voice\voice_reference.md",".md","70","False","True","False"
"CHARACTERS\narada\voice\volume.md",".md","61","False","True","False"
"CHARACTERS\parvati\approval.md",".md","57","False","True","False"
"CHARACTERS\parvati\canon.md",".md","54","False","True","False"
"CHARACTERS\parvati\character.md",".md","58","False","True","False"
"CHARACTERS\parvati\character_state.md",".md","64","False","True","False"
"CHARACTERS\parvati\continuity.md",".md","59","False","True","False"
"CHARACTERS\parvati\knowledge_state.md",".md","64","False","True","False"
"CHARACTERS\parvati\production_notes.md",".md","65","False","True","False"
"CHARACTERS\parvati\reference_index.md",".md","64","False","True","False"
"CHARACTERS\parvati\relationships.md",".md","62","False","True","False"
"CHARACTERS\parvati\research_questions.md",".md","67","False","True","False"
"CHARACTERS\parvati\timeline.md",".md","57","False","True","False"
"CHARACTERS\parvati\visual_identity_lock.md",".md","69","False","True","False"
"CHARACTERS\parvati\appearance\age.md",".md","63","False","True","False"
"CHARACTERS\parvati\appearance\canonical_marks.md",".md","75","False","True","False"
"CHARACTERS\parvati\appearance\distinguishing_features.md",".md","83","False","True","False"
"CHARACTERS\parvati\appearance\ears.md",".md","64","False","True","False"
"CHARACTERS\parvati\appearance\eyebrows.md",".md","68","False","True","False"
"CHARACTERS\parvati\appearance\eyes.md",".md","64","False","True","False"
"CHARACTERS\parvati\appearance\feet.md",".md","64","False","True","False"
"CHARACTERS\parvati\appearance\hands.md",".md","65","False","True","False"
"CHARACTERS\parvati\appearance\height.md",".md","66","False","True","False"
"CHARACTERS\parvati\appearance\mouth.md",".md","65","False","True","False"
"CHARACTERS\parvati\appearance\nose.md",".md","64","False","True","False"
"CHARACTERS\parvati\appearance\posture.md",".md","67","False","True","False"
"CHARACTERS\parvati\appearance\teeth.md",".md","65","False","True","False"
"CHARACTERS\parvati\appearance\visual_identity.md",".md","75","False","True","False"
"CHARACTERS\parvati\references\index.md",".md","61","False","True","False"
"CHARACTERS\parvati\voice\breathing.md",".md","64","False","True","False"
"CHARACTERS\parvati\voice\dialogue_style.md",".md","69","False","True","False"
"CHARACTERS\parvati\voice\emotion_voice.md",".md","68","False","True","False"
"CHARACTERS\parvati\voice\lip_sync.md",".md","63","False","True","False"
"CHARACTERS\parvati\voice\pauses.md",".md","61","False","True","False"
"CHARACTERS\parvati\voice\rhythm.md",".md","61","False","True","False"
"CHARACTERS\parvati\voice\voice_lock.md",".md","65","False","True","False"
"CHARACTERS\parvati\voice\voice_reference.md",".md","70","False","True","False"
"CHARACTERS\parvati\voice\volume.md",".md","61","False","True","False"
"CHARACTERS\rama\approval.md",".md","57","False","True","False"
"CHARACTERS\rama\canon.md",".md","54","False","True","False"
"CHARACTERS\rama\character.md",".md","58","False","True","False"
"CHARACTERS\rama\character_state.md",".md","64","False","True","False"
"CHARACTERS\rama\continuity.md",".md","59","False","True","False"
"CHARACTERS\rama\knowledge_state.md",".md","64","False","True","False"
"CHARACTERS\rama\production_notes.md",".md","65","False","True","False"
"CHARACTERS\rama\reference_index.md",".md","64","False","True","False"
"CHARACTERS\rama\relationships.md",".md","62","False","True","False"
"CHARACTERS\rama\research_questions.md",".md","67","False","True","False"
"CHARACTERS\rama\timeline.md",".md","57","False","True","False"
"CHARACTERS\rama\visual_identity_lock.md",".md","69","False","True","False"
"CHARACTERS\rama\appearance\age.md",".md","63","False","True","False"
"CHARACTERS\rama\appearance\canonical_marks.md",".md","75","False","True","False"
"CHARACTERS\rama\appearance\distinguishing_features.md",".md","83","False","True","False"
"CHARACTERS\rama\appearance\ears.md",".md","64","False","True","False"
"CHARACTERS\rama\appearance\eyebrows.md",".md","68","False","True","False"
"CHARACTERS\rama\appearance\eyes.md",".md","64","False","True","False"
"CHARACTERS\rama\appearance\feet.md",".md","64","False","True","False"
"CHARACTERS\rama\appearance\hands.md",".md","65","False","True","False"
"CHARACTERS\rama\appearance\height.md",".md","66","False","True","False"
"CHARACTERS\rama\appearance\mouth.md",".md","65","False","True","False"
"CHARACTERS\rama\appearance\nose.md",".md","64","False","True","False"
"CHARACTERS\rama\appearance\posture.md",".md","67","False","True","False"
"CHARACTERS\rama\appearance\teeth.md",".md","65","False","True","False"
"CHARACTERS\rama\appearance\visual_identity.md",".md","75","False","True","False"
"CHARACTERS\rama\references\index.md",".md","61","False","True","False"
"CHARACTERS\rama\voice\breathing.md",".md","64","False","True","False"
"CHARACTERS\rama\voice\dialogue_style.md",".md","69","False","True","False"
"CHARACTERS\rama\voice\emotion_voice.md",".md","68","False","True","False"
"CHARACTERS\rama\voice\lip_sync.md",".md","63","False","True","False"
"CHARACTERS\rama\voice\pauses.md",".md","61","False","True","False"
"CHARACTERS\rama\voice\rhythm.md",".md","61","False","True","False"
"CHARACTERS\rama\voice\voice_lock.md",".md","65","False","True","False"
"CHARACTERS\rama\voice\voice_reference.md",".md","70","False","True","False"
"CHARACTERS\rama\voice\volume.md",".md","61","False","True","False"
"CHARACTERS\rati\approval.md",".md","57","False","True","False"
"CHARACTERS\rati\canon.md",".md","54","False","True","False"
"CHARACTERS\rati\character.md",".md","58","False","True","False"
"CHARACTERS\rati\character_state.md",".md","64","False","True","False"
"CHARACTERS\rati\continuity.md",".md","59","False","True","False"
"CHARACTERS\rati\knowledge_state.md",".md","64","False","True","False"
"CHARACTERS\rati\production_notes.md",".md","65","False","True","False"
"CHARACTERS\rati\reference_index.md",".md","64","False","True","False"
"CHARACTERS\rati\relationships.md",".md","62","False","True","False"
"CHARACTERS\rati\research_questions.md",".md","67","False","True","False"
"CHARACTERS\rati\timeline.md",".md","57","False","True","False"
"CHARACTERS\rati\visual_identity_lock.md",".md","69","False","True","False"
"CHARACTERS\rati\appearance\age.md",".md","63","False","True","False"
"CHARACTERS\rati\appearance\canonical_marks.md",".md","75","False","True","False"
"CHARACTERS\rati\appearance\distinguishing_features.md",".md","83","False","True","False"
"CHARACTERS\rati\appearance\ears.md",".md","64","False","True","False"
"CHARACTERS\rati\appearance\eyebrows.md",".md","68","False","True","False"
"CHARACTERS\rati\appearance\eyes.md",".md","64","False","True","False"
"CHARACTERS\rati\appearance\feet.md",".md","64","False","True","False"
"CHARACTERS\rati\appearance\hands.md",".md","65","False","True","False"
"CHARACTERS\rati\appearance\height.md",".md","66","False","True","False"
"CHARACTERS\rati\appearance\mouth.md",".md","65","False","True","False"
"CHARACTERS\rati\appearance\nose.md",".md","64","False","True","False"
"CHARACTERS\rati\appearance\posture.md",".md","67","False","True","False"
"CHARACTERS\rati\appearance\teeth.md",".md","65","False","True","False"
"CHARACTERS\rati\appearance\visual_identity.md",".md","75","False","True","False"
"CHARACTERS\rati\references\index.md",".md","61","False","True","False"
"CHARACTERS\rati\voice\breathing.md",".md","64","False","True","False"
"CHARACTERS\rati\voice\dialogue_style.md",".md","69","False","True","False"
"CHARACTERS\rati\voice\emotion_voice.md",".md","68","False","True","False"
"CHARACTERS\rati\voice\lip_sync.md",".md","63","False","True","False"
"CHARACTERS\rati\voice\pauses.md",".md","61","False","True","False"
"CHARACTERS\rati\voice\rhythm.md",".md","61","False","True","False"
"CHARACTERS\rati\voice\voice_lock.md",".md","65","False","True","False"
"CHARACTERS\rati\voice\voice_reference.md",".md","70","False","True","False"
"CHARACTERS\rati\voice\volume.md",".md","61","False","True","False"
"CHARACTERS\sati\approval.md",".md","57","False","True","False"
"CHARACTERS\sati\canon.md",".md","54","False","True","False"
"CHARACTERS\sati\character.md",".md","58","False","True","False"
"CHARACTERS\sati\character_state.md",".md","64","False","True","False"
"CHARACTERS\sati\continuity.md",".md","59","False","True","False"
"CHARACTERS\sati\knowledge_state.md",".md","64","False","True","False"
"CHARACTERS\sati\production_notes.md",".md","65","False","True","False"
"CHARACTERS\sati\reference_index.md",".md","64","False","True","False"
"CHARACTERS\sati\relationships.md",".md","62","False","True","False"
"CHARACTERS\sati\research_questions.md",".md","67","False","True","False"
"CHARACTERS\sati\timeline.md",".md","57","False","True","False"
"CHARACTERS\sati\visual_identity_lock.md",".md","69","False","True","False"
"CHARACTERS\sati\appearance\age.md",".md","63","False","True","False"
"CHARACTERS\sati\appearance\canonical_marks.md",".md","75","False","True","False"
"CHARACTERS\sati\appearance\distinguishing_features.md",".md","83","False","True","False"
"CHARACTERS\sati\appearance\ears.md",".md","64","False","True","False"
"CHARACTERS\sati\appearance\eyebrows.md",".md","68","False","True","False"
"CHARACTERS\sati\appearance\eyes.md",".md","64","False","True","False"
"CHARACTERS\sati\appearance\feet.md",".md","64","False","True","False"
"CHARACTERS\sati\appearance\hands.md",".md","65","False","True","False"
"CHARACTERS\sati\appearance\height.md",".md","66","False","True","False"
"CHARACTERS\sati\appearance\mouth.md",".md","65","False","True","False"
"CHARACTERS\sati\appearance\nose.md",".md","64","False","True","False"
"CHARACTERS\sati\appearance\posture.md",".md","67","False","True","False"
"CHARACTERS\sati\appearance\teeth.md",".md","65","False","True","False"
"CHARACTERS\sati\appearance\visual_identity.md",".md","75","False","True","False"
"CHARACTERS\sati\references\index.md",".md","61","False","True","False"
"CHARACTERS\sati\voice\breathing.md",".md","64","False","True","False"
"CHARACTERS\sati\voice\dialogue_style.md",".md","69","False","True","False"
"CHARACTERS\sati\voice\emotion_voice.md",".md","68","False","True","False"
"CHARACTERS\sati\voice\lip_sync.md",".md","63","False","True","False"
"CHARACTERS\sati\voice\pauses.md",".md","61","False","True","False"
"CHARACTERS\sati\voice\rhythm.md",".md","61","False","True","False"
"CHARACTERS\sati\voice\voice_lock.md",".md","65","False","True","False"
"CHARACTERS\sati\voice\voice_reference.md",".md","70","False","True","False"
"CHARACTERS\sati\voice\volume.md",".md","61","False","True","False"
"CHARACTERS\shiva\approval.md",".md","57","False","True","False"
"CHARACTERS\shiva\canon.md",".md","54","False","True","False"
"CHARACTERS\shiva\character.md",".md","58","False","True","False"
"CHARACTERS\shiva\character_state.md",".md","64","False","True","False"
"CHARACTERS\shiva\continuity.md",".md","59","False","True","False"
"CHARACTERS\shiva\knowledge_state.md",".md","64","False","True","False"
"CHARACTERS\shiva\production_notes.md",".md","65","False","True","False"
"CHARACTERS\shiva\reference_index.md",".md","64","False","True","False"
"CHARACTERS\shiva\relationships.md",".md","62","False","True","False"
"CHARACTERS\shiva\research_questions.md",".md","67","False","True","False"
"CHARACTERS\shiva\timeline.md",".md","57","False","True","False"
"CHARACTERS\shiva\visual_identity_lock.md",".md","69","False","True","False"
"CHARACTERS\shiva\appearance\age.md",".md","63","False","True","False"
"CHARACTERS\shiva\appearance\canonical_marks.md",".md","75","False","True","False"
"CHARACTERS\shiva\appearance\distinguishing_features.md",".md","83","False","True","False"
"CHARACTERS\shiva\appearance\ears.md",".md","64","False","True","False"
"CHARACTERS\shiva\appearance\eyebrows.md",".md","68","False","True","False"
"CHARACTERS\shiva\appearance\eyes.md",".md","64","False","True","False"
"CHARACTERS\shiva\appearance\feet.md",".md","64","False","True","False"
"CHARACTERS\shiva\appearance\hands.md",".md","65","False","True","False"
"CHARACTERS\shiva\appearance\height.md",".md","66","False","True","False"
"CHARACTERS\shiva\appearance\mouth.md",".md","65","False","True","False"
"CHARACTERS\shiva\appearance\nose.md",".md","64","False","True","False"
"CHARACTERS\shiva\appearance\posture.md",".md","67","False","True","False"
"CHARACTERS\shiva\appearance\teeth.md",".md","65","False","True","False"
"CHARACTERS\shiva\appearance\visual_identity.md",".md","75","False","True","False"
"CHARACTERS\shiva\references\index.md",".md","61","False","True","False"
"CHARACTERS\shiva\voice\breathing.md",".md","64","False","True","False"
"CHARACTERS\shiva\voice\dialogue_style.md",".md","69","False","True","False"
"CHARACTERS\shiva\voice\emotion_voice.md",".md","68","False","True","False"
"CHARACTERS\shiva\voice\lip_sync.md",".md","63","False","True","False"
"CHARACTERS\shiva\voice\pauses.md",".md","61","False","True","False"
"CHARACTERS\shiva\voice\rhythm.md",".md","61","False","True","False"
"CHARACTERS\shiva\voice\voice_lock.md",".md","65","False","True","False"
"CHARACTERS\shiva\voice\voice_reference.md",".md","70","False","True","False"
"CHARACTERS\shiva\voice\volume.md",".md","61","False","True","False"
"CHARACTERS\sita\approval.md",".md","57","False","True","False"
"CHARACTERS\sita\canon.md",".md","54","False","True","False"
"CHARACTERS\sita\character.md",".md","58","False","True","False"
"CHARACTERS\sita\character_state.md",".md","64","False","True","False"
"CHARACTERS\sita\continuity.md",".md","59","False","True","False"
"CHARACTERS\sita\knowledge_state.md",".md","64","False","True","False"
"CHARACTERS\sita\production_notes.md",".md","65","False","True","False"
"CHARACTERS\sita\reference_index.md",".md","64","False","True","False"
"CHARACTERS\sita\relationships.md",".md","62","False","True","False"
"CHARACTERS\sita\research_questions.md",".md","67","False","True","False"
"CHARACTERS\sita\timeline.md",".md","57","False","True","False"
"CHARACTERS\sita\visual_identity_lock.md",".md","69","False","True","False"
"CHARACTERS\sita\appearance\age.md",".md","63","False","True","False"
"CHARACTERS\sita\appearance\canonical_marks.md",".md","75","False","True","False"
"CHARACTERS\sita\appearance\distinguishing_features.md",".md","83","False","True","False"
"CHARACTERS\sita\appearance\ears.md",".md","64","False","True","False"
"CHARACTERS\sita\appearance\eyebrows.md",".md","68","False","True","False"
"CHARACTERS\sita\appearance\eyes.md",".md","64","False","True","False"
"CHARACTERS\sita\appearance\feet.md",".md","64","False","True","False"
"CHARACTERS\sita\appearance\hands.md",".md","65","False","True","False"
"CHARACTERS\sita\appearance\height.md",".md","66","False","True","False"
"CHARACTERS\sita\appearance\mouth.md",".md","65","False","True","False"
"CHARACTERS\sita\appearance\nose.md",".md","64","False","True","False"
"CHARACTERS\sita\appearance\posture.md",".md","67","False","True","False"
"CHARACTERS\sita\appearance\teeth.md",".md","65","False","True","False"
"CHARACTERS\sita\appearance\visual_identity.md",".md","75","False","True","False"
"CHARACTERS\sita\references\index.md",".md","61","False","True","False"
"CHARACTERS\sita\voice\breathing.md",".md","64","False","True","False"
"CHARACTERS\sita\voice\dialogue_style.md",".md","69","False","True","False"
"CHARACTERS\sita\voice\emotion_voice.md",".md","68","False","True","False"
"CHARACTERS\sita\voice\lip_sync.md",".md","63","False","True","False"
"CHARACTERS\sita\voice\pauses.md",".md","61","False","True","False"
"CHARACTERS\sita\voice\rhythm.md",".md","61","False","True","False"
"CHARACTERS\sita\voice\voice_lock.md",".md","65","False","True","False"
"CHARACTERS\sita\voice\voice_reference.md",".md","70","False","True","False"
"CHARACTERS\sita\voice\volume.md",".md","61","False","True","False"
"CHARACTERS\vishnu\approval.md",".md","57","False","True","False"
"CHARACTERS\vishnu\canon.md",".md","54","False","True","False"
"CHARACTERS\vishnu\character.md",".md","58","False","True","False"
"CHARACTERS\vishnu\character_state.md",".md","64","False","True","False"
"CHARACTERS\vishnu\continuity.md",".md","59","False","True","False"
"CHARACTERS\vishnu\knowledge_state.md",".md","64","False","True","False"
"CHARACTERS\vishnu\production_notes.md",".md","65","False","True","False"
"CHARACTERS\vishnu\reference_index.md",".md","64","False","True","False"
"CHARACTERS\vishnu\relationships.md",".md","62","False","True","False"
"CHARACTERS\vishnu\research_questions.md",".md","67","False","True","False"
"CHARACTERS\vishnu\timeline.md",".md","57","False","True","False"
"CHARACTERS\vishnu\visual_identity_lock.md",".md","69","False","True","False"
"CHARACTERS\vishnu\appearance\age.md",".md","63","False","True","False"
"CHARACTERS\vishnu\appearance\canonical_marks.md",".md","75","False","True","False"
"CHARACTERS\vishnu\appearance\distinguishing_features.md",".md","83","False","True","False"
"CHARACTERS\vishnu\appearance\ears.md",".md","64","False","True","False"
"CHARACTERS\vishnu\appearance\eyebrows.md",".md","68","False","True","False"
"CHARACTERS\vishnu\appearance\eyes.md",".md","64","False","True","False"
"CHARACTERS\vishnu\appearance\feet.md",".md","64","False","True","False"
"CHARACTERS\vishnu\appearance\hands.md",".md","65","False","True","False"
"CHARACTERS\vishnu\appearance\height.md",".md","66","False","True","False"
"CHARACTERS\vishnu\appearance\mouth.md",".md","65","False","True","False"
"CHARACTERS\vishnu\appearance\nose.md",".md","64","False","True","False"
"CHARACTERS\vishnu\appearance\posture.md",".md","67","False","True","False"
"CHARACTERS\vishnu\appearance\teeth.md",".md","65","False","True","False"
"CHARACTERS\vishnu\appearance\visual_identity.md",".md","75","False","True","False"
"CHARACTERS\vishnu\references\index.md",".md","61","False","True","False"
"CHARACTERS\vishnu\voice\breathing.md",".md","64","False","True","False"
"CHARACTERS\vishnu\voice\dialogue_style.md",".md","69","False","True","False"
"CHARACTERS\vishnu\voice\emotion_voice.md",".md","68","False","True","False"
"CHARACTERS\vishnu\voice\lip_sync.md",".md","63","False","True","False"
"CHARACTERS\vishnu\voice\pauses.md",".md","61","False","True","False"
"CHARACTERS\vishnu\voice\rhythm.md",".md","61","False","True","False"
"CHARACTERS\vishnu\voice\voice_lock.md",".md","65","False","True","False"
"CHARACTERS\vishnu\voice\voice_reference.md",".md","70","False","True","False"
"CHARACTERS\vishnu\voice\volume.md",".md","61","False","True","False"
"CINEMATOGRAPHY\cinematography_system_integrity.md",".md","2126","True","True","True"
"CINEMATOGRAPHY\color_language.md",".md","1502","True","True","False"
"CINEMATOGRAPHY\README.md",".md","1321","True","True","False"
"CINEMATOGRAPHY\religious_sensitivity.md",".md","1347","True","True","False"
"CINEMATOGRAPHY\sources.md",".md","938","True","True","False"
"CINEMATOGRAPHY\camera\camera_body.md",".md","3828","False","True","False"
"CINEMATOGRAPHY\camera\camera_distance.md",".md","2412","False","True","False"
"CINEMATOGRAPHY\camera\camera_height.md",".md","1409","False","True","False"
"CINEMATOGRAPHY\camera\orbit_rules.md",".md","873","False","True","False"
"CINEMATOGRAPHY\framing\dynamic_framing.md",".md","19537","False","True","False"
"CINEMATOGRAPHY\framing\foreground_background.md",".md","18978","False","True","False"
"CINEMATOGRAPHY\framing\frame_edges.md",".md","18971","False","True","False"
"CINEMATOGRAPHY\framing\framing_continuity.md",".md","19217","False","True","False"
"CINEMATOGRAPHY\framing\framing_rules.md",".md","19338","False","True","False"
"CINEMATOGRAPHY\framing\headroom_leadroom.md",".md","19231","False","True","False"
"CINEMATOGRAPHY\framing\multi_subject_framing.md",".md","18900","False","True","False"
"CINEMATOGRAPHY\framing\negative_space.md",".md","18974","False","True","False"
"CINEMATOGRAPHY\framing\over_shoulder.md",".md","21768","False","True","False"
"CINEMATOGRAPHY\framing\profile.md",".md","21018","False","True","False"
"CINEMATOGRAPHY\framing\subject_placement.md",".md","19169","False","True","False"
"CINEMATOGRAPHY\framing\two_shot.md",".md","21595","False","True","False"
"CINEMATOGRAPHY\framing\_FRAMING_SYSTEM_CONTRACT.md",".md","29919","False","True","False"
"CINEMATOGRAPHY\grammar\camera_grammar.md",".md","54599","False","True","True"
"CINEMATOGRAPHY\grammar\coverage.md",".md","49976","True","True","True"
"CINEMATOGRAPHY\grammar\cutting_for_camera.md",".md","50536","False","True","True"
"CINEMATOGRAPHY\grammar\eyeline.md",".md","49380","False","True","True"
"CINEMATOGRAPHY\grammar\master_shot.md",".md","48905","False","True","True"
"CINEMATOGRAPHY\grammar\reverse_shot.md",".md","48932","False","True","True"
"CINEMATOGRAPHY\grammar\screen_direction.md",".md","50092","False","True","True"
"CINEMATOGRAPHY\grammar\shot_progression.md",".md","49956","False","True","True"
"CINEMATOGRAPHY\grammar\visual_continuity.md",".md","52722","False","True","True"
"CINEMATOGRAPHY\LENSES\anamorphic_behavior.md",".md","7384","False","True","True"
"CINEMATOGRAPHY\LENSES\bokeh.md",".md","13576","False","True","False"
"CINEMATOGRAPHY\LENSES\crop_factor.md",".md","17925","False","True","True"
"CINEMATOGRAPHY\LENSES\field_of_view.md",".md","19703","False","True","False"
"CINEMATOGRAPHY\LENSES\flare.md",".md","15134","True","True","False"
"CINEMATOGRAPHY\LENSES\focal_length.md",".md","19559","False","True","False"
"CINEMATOGRAPHY\LENSES\focus_transition.md",".md","28312","False","True","True"
"CINEMATOGRAPHY\LENSES\ghosting.md",".md","30009","False","True","True"
"CINEMATOGRAPHY\LENSES\lens_breathing.md",".md","28221","False","True","True"
"CINEMATOGRAPHY\LENSES\lens_continuity.md",".md","31396","False","True","True"
"CINEMATOGRAPHY\LENSES\lens_distortion.md",".md","30970","False","True","False"
"CINEMATOGRAPHY\LENSES\lens_physics.md",".md","37834","False","True","True"
"CINEMATOGRAPHY\LENSES\lens_selection_rules.md",".md","40842","True","True","True"
"CINEMATOGRAPHY\LENSES\lens_system.md",".md","35598","False","True","False"
"CINEMATOGRAPHY\LENSES\macro.md",".md","34675","True","True","True"
"CINEMATOGRAPHY\LENSES\minimum_focus_distance.md",".md","32605","True","True","True"
"CINEMATOGRAPHY\LENSES\normal_lens.md",".md","40782","True","True","True"
"CINEMATOGRAPHY\LENSES\perspective.md",".md","53526","False","True","False"
"CINEMATOGRAPHY\LENSES\perspective_distortion.md",".md","40106","True","True","False"
"CINEMATOGRAPHY\LENSES\sensor_size.md",".md","48068","False","True","False"
"CINEMATOGRAPHY\LENSES\spatial_compression.md",".md","46437","False","True","True"
"CINEMATOGRAPHY\LENSES\spherical_lens_behavior.md",".md","42814","True","True","True"
"CINEMATOGRAPHY\LENSES\telephoto.md",".md","45427","True","True","True"
"CINEMATOGRAPHY\LENSES\ultra_wide.md",".md","46108","True","True","True"
"CINEMATOGRAPHY\LENSES\vignetting.md",".md","46967","False","True","True"
"CINEMATOGRAPHY\LENSES\wide_angle.md",".md","48226","True","True","True"
"CINEMATOGRAPHY\lighting\ambient_light.md",".md","30396","True","True","False"
"CINEMATOGRAPHY\lighting\atmospheric_lighting.md",".md","31131","True","True","False"
"CINEMATOGRAPHY\lighting\backlight.md",".md","30355","True","True","False"
"CINEMATOGRAPHY\lighting\bounce_light.md",".md","30985","True","True","True"
"CINEMATOGRAPHY\lighting\color_temperature.md",".md","30494","True","True","False"
"CINEMATOGRAPHY\lighting\divine_lighting.md",".md","32152","True","True","True"
"CINEMATOGRAPHY\lighting\emotional_lighting.md",".md","31525","True","True","False"
"CINEMATOGRAPHY\lighting\exposure.md",".md","31161","True","True","False"
"CINEMATOGRAPHY\lighting\fill_light.md",".md","30752","True","True","True"
"CINEMATOGRAPHY\lighting\firelight.md",".md","30710","True","True","False"
"CINEMATOGRAPHY\lighting\key_light.md",".md","30418","True","True","False"
"CINEMATOGRAPHY\lighting\lighting_continuity.md",".md","31139","True","True","False"
"CINEMATOGRAPHY\lighting\lighting_rules.md",".md","32993","True","True","True"
"CINEMATOGRAPHY\lighting\lighting_state.md",".md","33076","True","True","False"
"CINEMATOGRAPHY\lighting\light_direction.md",".md","31276","True","True","False"
"CINEMATOGRAPHY\lighting\light_falloff.md",".md","31063","True","True","False"
"CINEMATOGRAPHY\lighting\light_transport.md",".md","33938","True","True","False"
"CINEMATOGRAPHY\lighting\moonlight.md",".md","30480","True","True","False"
"CINEMATOGRAPHY\lighting\motivated_lighting.md",".md","31236","True","True","False"
"CINEMATOGRAPHY\lighting\natural_lighting.md",".md","30774","True","True","False"
"CINEMATOGRAPHY\lighting\negative_fill.md",".md","30549","True","True","False"
"CINEMATOGRAPHY\lighting\practical_lights.md",".md","30563","True","True","False"
"CINEMATOGRAPHY\lighting\reflected_light.md",".md","30760","True","True","False"
"CINEMATOGRAPHY\lighting\rim_light.md",".md","30318","True","True","False"
"CINEMATOGRAPHY\lighting\shadow_behavior.md",".md","30945","True","True","False"
"CINEMATOGRAPHY\lighting\skin_lighting.md",".md","31324","True","True","True"
"CINEMATOGRAPHY\lighting\sunlight.md",".md","30833","True","True","False"
"CINEMATOGRAPHY\lighting\volumetric_light.md",".md","30743","True","True","False"
"CINEMATOGRAPHY\lighting\_LIGHTING_SYSTEM_CONTRACT.md",".md","38309","True","True","True"
"CINEMATOGRAPHY\research\camera_reference.md",".md","1337","False","True","True"
"CINEMATOGRAPHY\research\cinematography_history.md",".md","1567","False","True","False"
"CINEMATOGRAPHY\research\cinematography_reference_index.md",".md","1525","False","True","False"
"CINEMATOGRAPHY\research\cinematography_research.md",".md","2348","True","True","False"
"CINEMATOGRAPHY\research\evidence_protocol.md",".md","1387","False","True","False"
"CINEMATOGRAPHY\research\film_reference.md",".md","1254","False","True","False"
"CINEMATOGRAPHY\research\lens_reference.md",".md","1188","False","True","True"
"CINEMATOGRAPHY\research\lighting_reference.md",".md","1342","False","True","False"
"CINEMATOGRAPHY\research\movement_reference.md",".md","1213","False","True","False"
"CINEMATOGRAPHY\research\research_rules.md",".md","2358","False","True","False"
"CINEMATOGRAPHY\research\research_to_system_bridge.md",".md","1789","False","True","False"
"CINEMATOGRAPHY\research\source_registry.md",".md","1779","True","True","False"
"CINEMATOGRAPHY\research\style_reference_firewall.md",".md","1285","True","True","False"
"CINEMATOGRAPHY\research\_RESEARCH_SYSTEM_CONTRACT.md",".md","4913","True","True","True"
"CINEMATOGRAPHY\shot_design\environmental_storytelling.md",".md","4350","False","True","True"
"CINEMATOGRAPHY\shot_design\insert_shots.md",".md","3936","True","True","True"
"CINEMATOGRAPHY\shot_design\reveal_design.md",".md","4379","False","True","True"
"CINEMATOGRAPHY\shot_design\ritual_shots.md",".md","4491","True","True","True"
"CINEMATOGRAPHY\shot_design\shot_information.md",".md","4789","False","True","True"
"CINEMATOGRAPHY\shot_design\visual_storytelling.md",".md","4327","True","True","True"
"CINEMATOGRAPHY\shot_design\_SHOT_DESIGN_SYSTEM_CONTRACT.md",".md","8598","True","True","True"
"CONTINUITY\AI_GENERATION\ai_change_history.md",".md","14109","True","True","True"
"CONTINUITY\AI_GENERATION\ai_generation_history.md",".md","21732","True","True","True"
"CONTINUITY\AI_GENERATION\ai_generation_parameters.md",".md","14970","True","True","True"
"CONTINUITY\AI_GENERATION\ai_generation_state.md",".md","21527","True","True","True"
"CONTINUITY\AI_GENERATION\ai_generation_version.md",".md","13019","True","True","True"
"CONTINUITY\AI_GENERATION\ai_identity_anchors.md",".md","19283","True","True","True"
"CONTINUITY\AI_GENERATION\ai_model_version.md",".md","17349","True","True","True"
"CONTINUITY\AI_GENERATION\ai_negative_constraints.md",".md","23208","True","True","True"
"CONTINUITY\AI_GENERATION\ai_previous_output.md",".md","18380","False","True","True"
"CONTINUITY\AI_GENERATION\ai_prompt_constraints.md",".md","20980","True","True","True"
"CONTINUITY\AI_GENERATION\ai_reference_assets.md",".md","24076","True","True","True"
"CONTINUITY\AI_GENERATION\ai_regeneration_history.md",".md","22513","False","True","True"
"CONTINUITY\AI_GENERATION\ai_seed_state.md",".md","24149","True","True","True"
"CONTINUITY\AI_GENERATION\ai_variation_limits.md",".md","25744","True","True","True"
"CONTINUITY\ANIMAL\README.md",".md","1991","False","True","True"
"CONTINUITY\ANIMAL\AI\animal_ai_rules.md",".md","4419","False","True","True"
"CONTINUITY\ANIMAL\AI\animal_generation_interface.md",".md","2537","False","True","True"
"CONTINUITY\ANIMAL\AI\animal_generation_qa.md",".md","4264","False","True","True"
"CONTINUITY\ANIMAL\AI\animal_identity_interface.md",".md","2590","False","True","True"
"CONTINUITY\ANIMAL\AI\animal_reference_rules.md",".md","3024","False","True","True"
"CONTINUITY\ANIMAL\ANATOMY\anatomy_continuity.md",".md","2765","False","True","False"
"CONTINUITY\ANIMAL\ANATOMY\sexual_dimorphism.md",".md","768","False","True","False"
"CONTINUITY\ANIMAL\ANATOMY\skeleton_anatomy.md",".md","1114","False","True","False"
"CONTINUITY\ANIMAL\ANATOMY\species_morphology.md",".md","1437","False","True","False"
"CONTINUITY\ANIMAL\AUDIO\animal_audio.md",".md","2431","False","True","True"
"CONTINUITY\ANIMAL\AUDIO\audio_state.md",".md","684","False","True","False"
"CONTINUITY\ANIMAL\AUDIO\audio_validation.md",".md","1095","False","True","False"
"CONTINUITY\ANIMAL\AUDIO\equipment_audio.md",".md","761","True","True","False"
"CONTINUITY\ANIMAL\AUDIO\spatial_audio.md",".md","968","False","True","False"
"CONTINUITY\ANIMAL\BEHAVIOR\behavioral_history.md",".md","591","False","True","False"
"CONTINUITY\ANIMAL\BEHAVIOR\behavior_continuity.md",".md","1821","False","True","True"
"CONTINUITY\ANIMAL\BEHAVIOR\behavior_interaction_boundary.md",".md","364","False","True","False"
"CONTINUITY\ANIMAL\BEHAVIOR\species_behavior.md",".md","905","False","True","False"
"CONTINUITY\ANIMAL\BEHAVIOR\transformation_behavior.md",".md","612","False","True","True"
"CONTINUITY\ANIMAL\COGNITION\cognition_continuity.md",".md","1518","False","True","True"
"CONTINUITY\ANIMAL\COGNITION\cognitive_constraints.md",".md","604","False","True","False"
"CONTINUITY\ANIMAL\COGNITION\cognitive_history.md",".md","633","False","True","False"
"CONTINUITY\ANIMAL\COGNITION\divine_mythological_cognition.md",".md","821","False","True","True"
"CONTINUITY\ANIMAL\COGNITION\memory.md",".md","854","False","True","False"
"CONTINUITY\ANIMAL\COGNITION\memory_decay.md",".md","559","False","True","False"
"CONTINUITY\ANIMAL\COGNITION\problem_solving.md",".md","583","False","True","False"
"CONTINUITY\ANIMAL\COGNITION\spatial_cognition.md",".md","712","False","True","False"
"CONTINUITY\ANIMAL\COGNITION\species_cognition.md",".md","669","False","True","False"
"CONTINUITY\ANIMAL\CORE\authority.md",".md","940","True","True","False"
"CONTINUITY\ANIMAL\CORE\error_framework.md",".md","646","False","True","False"
"CONTINUITY\ANIMAL\CORE\README.md",".md","3911","False","True","True"
"CONTINUITY\ANIMAL\CORE\reference_interface.md",".md","746","False","True","False"
"CONTINUITY\ANIMAL\CORE\relationships.md",".md","848","False","True","False"
"CONTINUITY\ANIMAL\CORE\retroactive_correction.md",".md","640","False","True","False"
"CONTINUITY\ANIMAL\CORE\state_ledger_interface.md",".md","715","False","True","False"
"CONTINUITY\ANIMAL\ECOLOGY\ecological_history.md",".md","476","False","True","False"
"CONTINUITY\ANIMAL\ECOLOGY\ecological_relationships.md",".md","650","False","True","False"
"CONTINUITY\ANIMAL\ECOLOGY\error_framework.md",".md","724","False","True","False"
"CONTINUITY\ANIMAL\ECOLOGY\food_web.md",".md","567","False","True","False"
"CONTINUITY\ANIMAL\ECOLOGY\plants_food_sources.md",".md","610","False","True","False"
"CONTINUITY\ANIMAL\ECOLOGY\retroactive_correction.md",".md","600","False","True","False"
"CONTINUITY\ANIMAL\ENVIRONMENT\README.md",".md","2088","True","True","True"
"CONTINUITY\ANIMAL\ENVIRONMENT\AI\environment_reference_rules.md",".md","348","False","True","False"
"CONTINUITY\ANIMAL\ENVIRONMENT\AUDIO\environment_audio_interface.md",".md","381","False","True","False"
"CONTINUITY\ANIMAL\ENVIRONMENT\CORE\classification.md",".md","523","False","True","False"
"CONTINUITY\ANIMAL\ENVIRONMENT\NATURAL_PHENOMENA\phenomenon_history.md",".md","223","False","True","False"
"CONTINUITY\ANIMAL\ENVIRONMENT\RESIDUE\environmental_residue.md",".md","295","True","True","False"
"CONTINUITY\ANIMAL\ENVIRONMENT\SURFACE\contact_marks.md",".md","352","False","True","False"
"CONTINUITY\ANIMAL\EQUIPMENT\AI\equipment_reference_rules.md",".md","321","False","True","False"
"CONTINUITY\ANIMAL\EQUIPMENT\CANON\classification.md",".md","307","False","True","False"
"CONTINUITY\ANIMAL\EQUIPMENT\CANON\equipment_research.md",".md","258","False","True","False"
"CONTINUITY\ANIMAL\EQUIPMENT\CORE\master_model.md",".md","549","True","True","True"
"CONTINUITY\ANIMAL\EQUIPMENT\DIVINE_MYTHOLOGICAL\supernatural_properties.md",".md","265","False","True","False"
"CONTINUITY\ANIMAL\EQUIPMENT\IDENTITY\equipment_identity.md",".md","294","False","True","False"
"CONTINUITY\ANIMAL\EQUIPMENT\PHYSICAL_STATE\residue.md",".md","208","True","True","False"
"CONTINUITY\ANIMAL\EQUIPMENT\PROP_INTERFACE\prop_interface.md",".md","265","False","True","False"
"CONTINUITY\ANIMAL\EVENT\AI\animal_event_ai_interface.md",".md","318","False","True","True"
"CONTINUITY\ANIMAL\EVENT\BEHAVIOR\behavior_origin.md",".md","304","False","True","False"
"CONTINUITY\ANIMAL\EVENT\CANON_RESEARCH\source_record.md",".md","269","False","True","False"
"CONTINUITY\ANIMAL\EVENT\CANON_RESEARCH\truth_classification.md",".md","317","False","True","False"
"CONTINUITY\ANIMAL\EVENT\HISTORY\event_history.md",".md","255","False","True","False"
"CONTINUITY\ANIMAL\EVENT\HISTORY\revision_history.md",".md","184","False","True","False"
"CONTINUITY\ANIMAL\EVENT\LOCOMOTION\movement_event.md",".md","299","False","True","False"
"CONTINUITY\ANIMAL\EVENT\PERCEPTION\attention_recognition.md",".md","241","False","True","False"
"CONTINUITY\ANIMAL\EVENT\QA\event_qa.md",".md","340","False","True","False"
"CONTINUITY\ANIMAL\EVENT\REGISTRY\event_registry.md",".md","362","False","True","False"
"CONTINUITY\ANIMAL\EVENT\REGISTRY\query_interface.md",".md","218","False","True","False"
"CONTINUITY\ANIMAL\EVENT\SPATIAL\event_spatial_interface.md",".md","231","False","True","False"
"CONTINUITY\ANIMAL\GROUP\CANON_RESEARCH\group_evidence.md",".md","254","False","True","False"
"CONTINUITY\ANIMAL\GROUP\CANON_RESEARCH\group_truth_classification.md",".md","442","False","True","False"
"CONTINUITY\ANIMAL\GROUP\CANON_RESEARCH\source_conflicts.md",".md","241","False","True","False"
"CONTINUITY\ANIMAL\GROUP\CLASSIFICATION\biological_validity.md",".md","231","False","True","False"
"CONTINUITY\ANIMAL\GROUP\ECOLOGY\group_density_effects.md",".md","229","False","True","False"
"CONTINUITY\ANIMAL\GROUP\PREDATOR_PREY\casualty_response.md",".md","247","False","True","False"
"CONTINUITY\ANIMAL\GROUP\REGISTRY\group_registry.md",".md","296","False","True","False"
"CONTINUITY\ANIMAL\GROUP\REGISTRY\query_interface.md",".md","205","False","True","False"
"CONTINUITY\ANIMAL\GROUP\SPATIAL\group_spatial_state.md",".md","230","False","True","False"
"CONTINUITY\ANIMAL\HUMAN_INTERACTION\CANON_RESEARCH\canon_sources.md",".md","298","False","True","False"
"CONTINUITY\ANIMAL\HUMAN_INTERACTION\CANON_RESEARCH\research_boundary.md",".md","340","False","True","False"
"CONTINUITY\ANIMAL\HUMAN_INTERACTION\CORE\authority.md",".md","481","False","True","False"
"CONTINUITY\ANIMAL\HUMAN_INTERACTION\DETAIL_LEVELS\promotion.md",".md","309","False","True","False"
"CONTINUITY\ANIMAL\HUMAN_INTERACTION\DOMESTICATION\domestication_state.md",".md","217","False","True","False"
"CONTINUITY\ANIMAL\HUMAN_INTERACTION\REGISTRY\interaction_registry.md",".md","368","False","True","False"
"CONTINUITY\ANIMAL\INDIVIDUAL\BASELINE\individual_variation.md",".md","290","False","True","False"
"CONTINUITY\ANIMAL\INDIVIDUAL\CANON_RESEARCH\conflicting_evidence.md",".md","235","False","True","False"
"CONTINUITY\ANIMAL\INDIVIDUAL\CANON_RESEARCH\evidence_classification.md",".md","289","False","True","False"
"CONTINUITY\ANIMAL\INDIVIDUAL\CANON_RESEARCH\individual_evidence.md",".md","277","False","True","False"
"CONTINUITY\ANIMAL\INDIVIDUAL\CLASSIFICATION\classification_history.md",".md","205","False","True","False"
"CONTINUITY\ANIMAL\INDIVIDUAL\COGNITION_INTERFACE\individual_memory_reference.md",".md","281","False","True","False"
"CONTINUITY\ANIMAL\INDIVIDUAL\CORE\authority.md",".md","400","False","True","False"
"CONTINUITY\ANIMAL\INDIVIDUAL\DIVINE_MYTHOLOGICAL\extraordinary_properties.md",".md","291","False","True","False"
"CONTINUITY\ANIMAL\INDIVIDUAL\EQUIPMENT_INTERFACE\equipment_reference.md",".md","240","False","True","False"
"CONTINUITY\ANIMAL\INDIVIDUAL\EVENT_INTERFACE\experience_reference.md",".md","292","False","True","False"
"CONTINUITY\ANIMAL\INDIVIDUAL\HUMAN_RELATIONSHIPS\human_relationship_reference.md",".md","321","False","True","False"
"CONTINUITY\ANIMAL\INDIVIDUAL\REGISTRY\individual_registry.md",".md","344","False","True","False"
"CONTINUITY\ANIMAL\INDIVIDUAL\SEX_REPRODUCTION\sex_state.md",".md","148","False","True","False"
"CONTINUITY\ANIMAL\INDIVIDUAL\STATE\individual_state.md",".md","240","False","True","False"
"CONTINUITY\ANIMAL\INTERACTION\AUDIO_INTERFACE\audio_causality.md",".md","199","True","True","False"
"CONTINUITY\ANIMAL\INTERACTION\CANON_RESEARCH\canon_sources.md",".md","306","False","True","False"
"CONTINUITY\ANIMAL\INTERACTION\CANON_RESEARCH\research_classification.md",".md","260","False","True","False"
"CONTINUITY\ANIMAL\INTERACTION\CORE\authority.md",".md","350","False","True","False"
"CONTINUITY\ANIMAL\INTERACTION\CORE\domain_boundary.md",".md","710","False","True","False"
"CONTINUITY\ANIMAL\INTERACTION\DISEASE_PARASITE\disease_transmission.md",".md","270","False","True","False"
"CONTINUITY\ANIMAL\INTERACTION\MEMORY_INTERFACE\learning_reference.md",".md","225","False","True","False"
"CONTINUITY\ANIMAL\INTERACTION\PARTICIPANTS\participant_identity.md",".md","316","False","True","False"
"CONTINUITY\ANIMAL\INTERACTION\REGISTRY\interaction_registry.md",".md","281","False","True","False"
"CONTINUITY\ANIMAL\LIGHTING\README.md",".md","1581","True","True","True"
"CONTINUITY\ANIMAL\LIGHTING\AI\animal_lighting_ai_interface.md",".md","341","True","True","True"
"CONTINUITY\ANIMAL\LIGHTING\AI\lighting_generation_state.md",".md","292","True","True","False"
"CONTINUITY\ANIMAL\LIGHTING\AI\lighting_regeneration.md",".md","314","True","True","False"
"CONTINUITY\ANIMAL\LIGHTING\CANON_RESEARCH\lighting_evidence.md",".md","344","False","True","False"
"CONTINUITY\ANIMAL\LIGHTING\CANON_RESEARCH\lighting_truth_classification.md",".md","366","False","True","False"
"CONTINUITY\ANIMAL\LIGHTING\CORE\animal_lighting_core.md",".md","1167","True","True","True"
"CONTINUITY\ANIMAL\LIGHTING\DIVINE_MYTHOLOGICAL\supernatural_light.md",".md","245","False","True","False"
"CONTINUITY\ANIMAL\LIGHTING\LIGHT_SOURCE\light_sources.md",".md","304","False","True","False"
"CONTINUITY\ANIMAL\LIGHTING\LIGHT_SOURCE\multiple_sources.md",".md","269","False","True","False"
"CONTINUITY\ANIMAL\LIGHTING\QA\lighting_qa.md",".md","299","True","True","False"
"CONTINUITY\ANIMAL\LIGHTING\QUALITY\dappled_light.md",".md","246","False","True","False"
"CONTINUITY\ANIMAL\LIGHTING\QUALITY\light_quality.md",".md","238","True","True","False"
"CONTINUITY\ANIMAL\LIGHTING\REGISTRY\query_interface.md",".md","216","True","True","False"
"CONTINUITY\ANIMAL\LIGHTING\SHADOW\shadow_continuity.md",".md","224","False","True","False"
"CONTINUITY\ANIMAL\LIGHTING\SPATIAL\spatial_consistency.md",".md","208","False","True","False"
"CONTINUITY\ANIMAL\LIGHTING\SPATIAL\spatial_interface.md",".md","212","False","True","False"
"CONTINUITY\ANIMAL\LOCOMOTION\AI\reference_rules.md",".md","272","False","True","False"
"CONTINUITY\ANIMAL\LOCOMOTION\CANON_RESEARCH\canon_locomotion.md",".md","292","False","True","False"
"CONTINUITY\ANIMAL\LOCOMOTION\CANON_RESEARCH\conflicts.md",".md","197","False","True","False"
"CONTINUITY\ANIMAL\LOCOMOTION\CORE\domain_boundary.md",".md","674","False","True","False"
"CONTINUITY\ANIMAL\PERCEPTION\CANON_RESEARCH\canon_perception.md",".md","304","False","True","False"
"CONTINUITY\ANIMAL\PERCEPTION\CANON_RESEARCH\source_conflicts.md",".md","187","False","True","False"
"CONTINUITY\ANIMAL\PERCEPTION\DIRECTION\direction_uncertainty.md",".md","156","False","True","False"
"CONTINUITY\ANIMAL\PERCEPTION\HEARING\auditory_perception.md",".md","194","False","True","False"
"CONTINUITY\ANIMAL\PERCEPTION\HEARING\directional_hearing.md",".md","207","False","True","False"
"CONTINUITY\ANIMAL\PERCEPTION\HEARING\frequency_range.md",".md","208","False","True","False"
"CONTINUITY\ANIMAL\PERCEPTION\MISPERCEPTION\false_detection.md",".md","242","False","True","False"
"CONTINUITY\ANIMAL\PERCEPTION\SENSORY_LIMITS\sensory_limits.md",".md","225","False","True","False"
"CONTINUITY\ANIMAL\PERCEPTION\SMELL\olfactory_perception.md",".md","199","False","True","False"
"CONTINUITY\ANIMAL\PERCEPTION\SMELL\wind_and_scent.md",".md","189","False","True","False"
"CONTINUITY\ANIMAL\PERCEPTION\THERMAL\thermal_perception.md",".md","161","False","True","False"
"CONTINUITY\ANIMAL\PERCEPTION\VIBRATION\vibration_perception.md",".md","145","False","True","False"
"CONTINUITY\ANIMAL\PERFORMANCE\README.md",".md","1829","False","True","True"
"CONTINUITY\ANIMAL\PERFORMANCE\AI\previous_output.md",".md","296","False","True","False"
"CONTINUITY\ANIMAL\PERFORMANCE\CANON_RESEARCH\performance_canon.md",".md","313","False","True","False"
"CONTINUITY\ANIMAL\PERFORMANCE\CANON_RESEARCH\performance_reconstruction.md",".md","314","False","True","False"
"CONTINUITY\ANIMAL\PERFORMANCE\CANON_RESEARCH\source_conflicts.md",".md","181","False","True","False"
"CONTINUITY\ANIMAL\PERFORMANCE\CONTINUITY\performance_memory.md",".md","244","False","True","False"
"CONTINUITY\ANIMAL\PERFORMANCE\ERROR\retroactive_correction.md",".md","346","False","True","False"
"CONTINUITY\ANIMAL\PHYSIOLOGY\AI\previous_output.md",".md","267","False","True","False"
"CONTINUITY\ANIMAL\PHYSIOLOGY\BASELINE\normal_ranges.md",".md","184","False","True","False"
"CONTINUITY\ANIMAL\PHYSIOLOGY\CANON_RESEARCH\canon_physiology.md",".md","326","False","True","False"
"CONTINUITY\ANIMAL\PHYSIOLOGY\CANON_RESEARCH\historical_reconstruction.md",".md","244","False","True","False"
"CONTINUITY\ANIMAL\PHYSIOLOGY\CANON_RESEARCH\source_conflicts.md",".md","178","False","True","False"
"CONTINUITY\ANIMAL\PHYSIOLOGY\CARDIOVASCULAR\cardiovascular_state.md",".md","201","False","True","False"
"CONTINUITY\ANIMAL\PHYSIOLOGY\CLASSIFICATION\severity.md",".md","177","False","True","False"
"CONTINUITY\ANIMAL\PHYSIOLOGY\ENDOCRINE\endocrine_state.md",".md","209","False","True","False"
"CONTINUITY\ANIMAL\PHYSIOLOGY\IDENTITY\individual_baseline.md",".md","355","False","True","False"
"CONTINUITY\ANIMAL\PHYSIOLOGY\IMMUNE_SYSTEM\immune_response.md",".md","142","False","True","False"
"CONTINUITY\ANIMAL\PHYSIOLOGY\NATURAL_VARIATION\individual_variation.md",".md","241","False","True","False"
"CONTINUITY\ANIMAL\PHYSIOLOGY\NERVOUS_SYSTEM\nervous_state.md",".md","182","False","True","False"
"CONTINUITY\ANIMAL\PHYSIOLOGY\PREGNANCY\pregnancy_state.md",".md","194","False","True","False"
"CONTINUITY\ANIMAL\PHYSIOLOGY\RESPIRATION\exercise_respiration.md",".md","216","False","True","False"
"CONTINUITY\ANIMAL\POPULATION\README.md",".md","1680","False","True","True"
"CONTINUITY\ANIMAL\POPULATION\ABUNDANCE\population_abundance.md",".md","181","False","True","False"
"CONTINUITY\ANIMAL\POPULATION\AI\population_previous_output.md",".md","257","False","True","False"
"CONTINUITY\ANIMAL\POPULATION\CANON_RESEARCH\canon_population.md",".md","280","False","True","False"
"CONTINUITY\ANIMAL\POPULATION\CANON_RESEARCH\population_size_evidence.md",".md","227","False","True","False"
"CONTINUITY\ANIMAL\POPULATION\CANON_RESEARCH\source_conflicts.md",".md","180","False","True","False"
"CONTINUITY\ANIMAL\POPULATION\CLASSIFICATION\population_status.md",".md","228","False","True","False"
"CONTINUITY\ANIMAL\POPULATION\CLIMATE\climate_population_effects.md",".md","178","False","True","False"
"CONTINUITY\ANIMAL\POPULATION\CORE\population_state_model.md",".md","323","False","True","True"
"CONTINUITY\ANIMAL\POPULATION\DISPERSAL\dispersal_state.md",".md","133","False","True","False"
"CONTINUITY\ANIMAL\POPULATION\DISTRIBUTION\distribution_state.md",".md","212","False","True","False"
"CONTINUITY\ANIMAL\POPULATION\ERROR\retroactive_correction.md",".md","372","False","True","False"
"CONTINUITY\ANIMAL\POPULATION\GENETICS_INTERFACE\individual_lineage.md",".md","177","False","True","False"
"CONTINUITY\ANIMAL\POPULATION\GENETICS_INTERFACE\population_genetics.md",".md","225","False","True","False"
"CONTINUITY\ANIMAL\POPULATION\IDENTITY\population_lineage.md",".md","203","False","True","False"
"CONTINUITY\ANIMAL\POPULATION\PREDATOR_PREY\population_predation.md",".md","205","False","True","False"
"CONTINUITY\ANIMAL\POPULATION\RECRUITMENT\recruitment.md",".md","186","False","True","False"
"CONTINUITY\ANIMAL\POPULATION\REPRODUCTION\reproductive_success.md",".md","189","False","True","False"
"CONTINUITY\ANIMAL\POPULATION\SURVIVAL\survival_state.md",".md","184","False","True","False"
"CONTINUITY\ANIMAL\QA\README.md",".md","1433","False","True","True"
"CONTINUITY\ANIMAL\QA\AI_GENERATION\ai_generation_qa.md",".md","317","False","True","True"
"CONTINUITY\ANIMAL\QA\AUDIT\qa_audit.md",".md","184","False","True","True"
"CONTINUITY\ANIMAL\QA\AUTHORITY\authority_validation.md",".md","234","False","True","False"
"CONTINUITY\ANIMAL\QA\CANON_RESEARCH\canon_qa.md",".md","260","False","True","False"
"CONTINUITY\ANIMAL\QA\CANON_RESEARCH\research_qa.md",".md","268","False","True","False"
"CONTINUITY\ANIMAL\QA\CORE\qa_core.md",".md","995","True","True","True"
"CONTINUITY\ANIMAL\QA\ERROR\error_taxonomy.md",".md","326","False","True","False"
"CONTINUITY\ANIMAL\QA\LIGHTING\animal_lighting_qa.md",".md","297","False","True","False"
"CONTINUITY\ANIMAL\QA\OUTPUT\output_integrity.md",".md","268","False","True","False"
"CONTINUITY\ANIMAL\QA\REFERENCE\reference_qa.md",".md","239","False","True","False"
"CONTINUITY\ANIMAL\REGISTRY\README.md",".md","1612","False","True","True"
"CONTINUITY\ANIMAL\REGISTRY\AI_GENERATION\ai_output_registry.md",".md","211","False","True","True"
"CONTINUITY\ANIMAL\REGISTRY\APPROVAL\conditional_approval.md",".md","252","False","True","False"
"CONTINUITY\ANIMAL\REGISTRY\AUDIO\audio_registry.md",".md","170","False","True","False"
"CONTINUITY\ANIMAL\REGISTRY\AUDIT\consistency_check.md",".md","296","False","True","False"
"CONTINUITY\ANIMAL\REGISTRY\CANON_RESEARCH\canon_registry.md",".md","187","False","True","False"
"CONTINUITY\ANIMAL\REGISTRY\CANON_RESEARCH\research_registry.md",".md","160","False","True","False"
"CONTINUITY\ANIMAL\REGISTRY\CHANGE_HISTORY\entity_change_history.md",".md","167","False","True","False"
"CONTINUITY\ANIMAL\REGISTRY\CHANGE_HISTORY\registry_change_history.md",".md","224","False","True","False"
"CONTINUITY\ANIMAL\REGISTRY\CORE\registry_core.md",".md","817","False","True","True"
"CONTINUITY\ANIMAL\REGISTRY\CORE\registry_entity_model.md",".md","428","False","True","True"
"CONTINUITY\ANIMAL\REGISTRY\DEPENDENCY\dependency_graph.md",".md","322","False","True","False"
"CONTINUITY\ANIMAL\REGISTRY\ENTITY\entity_registry.md",".md","226","False","True","False"
"CONTINUITY\ANIMAL\REGISTRY\EVENT\event_registry.md",".md","189","False","True","False"
"CONTINUITY\ANIMAL\REGISTRY\INDEX\pending_records.md",".md","137","False","True","False"
"CONTINUITY\ANIMAL\REGISTRY\LIGHTING\lighting_registry.md",".md","182","True","True","False"
"CONTINUITY\ANIMAL\REGISTRY\LOCK\lock_registry.md",".md","178","False","True","False"
"CONTINUITY\ANIMAL\REGISTRY\PROVENANCE\asset_lineage.md",".md","174","False","True","True"
"CONTINUITY\ANIMAL\REGISTRY\PROVENANCE\provenance_registry.md",".md","223","False","True","True"
"CONTINUITY\ANIMAL\REGISTRY\REFERENCE\reference_dependencies.md",".md","186","False","True","False"
"CONTINUITY\ANIMAL\REGISTRY\REFERENCE\reference_registry.md",".md","184","False","True","False"
"CONTINUITY\ANIMAL\REGISTRY\RETROACTIVE\invalid_reference_propagation.md",".md","291","False","True","False"
"CONTINUITY\ANIMAL\REGISTRY\SEARCH\search_index.md",".md","177","False","True","False"
"CONTINUITY\ANIMAL\REGISTRY\SPECIES\species_alias_registry.md",".md","181","False","True","False"
"CONTINUITY\ANIMAL\REGISTRY\SPECIES\species_registry.md",".md","225","False","True","False"
"CONTINUITY\ANIMAL\REGISTRY\STATE\state_registry.md",".md","208","False","True","False"
"CONTINUITY\ANIMAL\REGISTRY\VOCALIZATION\vocalization_registry.md",".md","157","False","True","True"
"CONTINUITY\ANIMAL\SPECIES\README.md",".md","1954","False","True","True"
"CONTINUITY\ANIMAL\SPECIES\AGE\species_age_ranges.md",".md","129","False","True","False"
"CONTINUITY\ANIMAL\SPECIES\AI\species_ai_interface.md",".md","325","False","True","False"
"CONTINUITY\ANIMAL\SPECIES\AI\species_reference_rules.md",".md","323","False","True","False"
"CONTINUITY\ANIMAL\SPECIES\ARCHAEOLOGY\archaeological_evidence.md",".md","284","False","True","False"
"CONTINUITY\ANIMAL\SPECIES\CANON\canon_species_identity.md",".md","230","False","True","False"
"CONTINUITY\ANIMAL\SPECIES\CLASSIFICATION\classification_conflicts.md",".md","278","False","True","False"
"CONTINUITY\ANIMAL\SPECIES\COGNITION\cognitive_limits.md",".md","173","False","True","False"
"CONTINUITY\ANIMAL\SPECIES\COGNITION\species_cognition.md",".md","214","False","True","False"
"CONTINUITY\ANIMAL\SPECIES\CORE\species_state_model.md",".md","413","False","True","True"
"CONTINUITY\ANIMAL\SPECIES\DISTRIBUTION\historical_range.md",".md","211","False","True","False"
"CONTINUITY\ANIMAL\SPECIES\DIVINE_MYTHOLOGICAL\extraordinary_species.md",".md","345","False","True","False"
"CONTINUITY\ANIMAL\SPECIES\DIVINE_MYTHOLOGICAL\mythical_animals.md",".md","255","False","True","False"
"CONTINUITY\ANIMAL\SPECIES\ERROR\species_errors.md",".md","243","False","True","False"
"CONTINUITY\ANIMAL\SPECIES\HUMAN_USE\species_human_use.md",".md","215","False","True","False"
"CONTINUITY\ANIMAL\SPECIES\ICONOGRAPHY\iconographic_species.md",".md","259","False","True","False"
"CONTINUITY\ANIMAL\SPECIES\IDENTITY\species_identity.md",".md","337","False","True","False"
"CONTINUITY\ANIMAL\SPECIES\NOMENCLATURE\name_authority.md",".md","142","False","True","False"
"CONTINUITY\ANIMAL\SPECIES\PURANAS\purana_species_evidence.md",".md","198","False","True","False"
"CONTINUITY\ANIMAL\SPECIES\QA\canon_vs_reconstruction.md",".md","485","False","True","False"
"CONTINUITY\ANIMAL\SPECIES\RAMAYANA\ramayana_species_evidence.md",".md","249","False","True","False"
"CONTINUITY\ANIMAL\SPECIES\RAMAYANA\ramcharitmanas_species.md",".md","283","False","True","False"
"CONTINUITY\ANIMAL\SPECIES\REFERENCE\source_conflicts.md",".md","212","False","True","False"
"CONTINUITY\ANIMAL\SPECIES\REFERENCE\species_reference_registry.md",".md","178","False","True","False"
"CONTINUITY\ANIMAL\SPECIES\RETROACTIVE\species_correction.md",".md","382","False","True","False"
"CONTINUITY\ANIMAL\SPECIES\SYNONYMS\species_synonyms.md",".md","186","False","True","False"
"CONTINUITY\ANIMAL\SPECIES\TAXONOMY\taxonomic_history.md",".md","190","False","True","False"
"CONTINUITY\ANIMAL\SPECIES\TAXONOMY\taxonomic_identity.md",".md","264","False","True","False"
"CONTINUITY\ANIMAL\SPECIES\TRADITIONAL_NAMES\traditional_species_names.md",".md","217","False","True","False"
"CONTINUITY\ANIMAL\SPECIES\VARIATION\geographic_variation.md",".md","198","False","True","False"
"CONTINUITY\ANIMAL\SPECIES\VOCALIZATION\communication.md",".md","194","False","True","False"
"CONTINUITY\ANIMAL\STATE\APPROVAL\state_conditions.md",".md","232","False","True","False"
"CONTINUITY\ANIMAL\STATE\CANON_RESEARCH\state_canon.md",".md","232","False","True","False"
"CONTINUITY\ANIMAL\STATE\CANON_RESEARCH\state_reconstruction.md",".md","215","False","True","False"
"CONTINUITY\ANIMAL\STATE\DIVINE_MYTHOLOGICAL\supernatural_state.md",".md","286","False","True","False"
"CONTINUITY\ANIMAL\STATE\PREVIOUS_STATE\previous_state.md",".md","195","False","True","False"
"CONTINUITY\ANIMAL\TRANSFORMATION\README.md",".md","1737","False","True","True"
"CONTINUITY\ANIMAL\TRANSFORMATION\AI\transformation_ai_interface.md",".md","306","False","True","False"
"CONTINUITY\ANIMAL\TRANSFORMATION\APPROVAL\conditional_approval.md",".md","264","False","True","False"
"CONTINUITY\ANIMAL\TRANSFORMATION\CANON\transformation_canon.md",".md","202","False","True","False"
"CONTINUITY\ANIMAL\TRANSFORMATION\CAUSE\transformation_cause.md",".md","214","False","True","False"
"CONTINUITY\ANIMAL\TRANSFORMATION\CLASSIFICATION\transformation_classification.md",".md","279","False","True","False"
"CONTINUITY\ANIMAL\TRANSFORMATION\CORE\transformation_core.md",".md","1161","False","True","True"
"CONTINUITY\ANIMAL\TRANSFORMATION\CURSE_BLESSING\blessing_transformation.md",".md","147","False","True","False"
"CONTINUITY\ANIMAL\TRANSFORMATION\CURSE_BLESSING\curse_transformation.md",".md","145","False","True","False"
"CONTINUITY\ANIMAL\TRANSFORMATION\DEMONIC\demonic_transformation.md",".md","222","False","True","False"
"CONTINUITY\ANIMAL\TRANSFORMATION\DIVINE\divine_transformation.md",".md","202","False","True","False"
"CONTINUITY\ANIMAL\TRANSFORMATION\FORM\form_definition.md",".md","194","False","True","False"
"CONTINUITY\ANIMAL\TRANSFORMATION\HISTORY\transformation_history.md",".md","165","False","True","False"
"CONTINUITY\ANIMAL\TRANSFORMATION\QA\canon_qa.md",".md","212","False","True","False"
"CONTINUITY\ANIMAL\TRANSFORMATION\QA\transformation_qa.md",".md","391","False","True","False"
"CONTINUITY\ANIMAL\TRANSFORMATION\RAMAYANA\ramayana_transformations.md",".md","243","False","True","False"
"CONTINUITY\ANIMAL\TRANSFORMATION\REFERENCE\reference_conflicts.md",".md","235","False","True","False"
"CONTINUITY\ANIMAL\TRANSFORMATION\REFERENCE\transformation_references.md",".md","246","False","True","False"
"CONTINUITY\ANIMAL\TRANSFORMATION\REGISTRY\form_registry.md",".md","212","False","True","False"
"CONTINUITY\ANIMAL\TRANSFORMATION\RESEARCH\transformation_research.md",".md","215","False","True","False"
"CONTINUITY\ANIMAL\TRANSFORMATION\TRADITION\traditional_transformations.md",".md","171","False","True","False"
"CONTINUITY\ANIMAL\TRANSFORMATION\TRIGGER\transformation_trigger.md",".md","319","False","True","False"
"CONTINUITY\ANIMAL\VOCALIZATION\AI\ai_generation_history.md",".md","154","False","True","True"
"CONTINUITY\ANIMAL\VOCALIZATION\AI\ai_previous_output.md",".md","209","False","True","False"
"CONTINUITY\ANIMAL\VOCALIZATION\CALL_IDENTITY\call_identity.md",".md","172","False","True","False"
"CONTINUITY\ANIMAL\VOCALIZATION\CALL_INTENSITY\intensity.md",".md","173","False","True","False"
"CONTINUITY\ANIMAL\VOCALIZATION\CALL_STRUCTURE\call_structure.md",".md","218","False","True","False"
"CONTINUITY\ANIMAL\VOCALIZATION\CANON_RESEARCH\research_hierarchy.md",".md","252","False","True","False"
"CONTINUITY\ANIMAL\VOCALIZATION\COMMUNICATION\signal_meaning.md",".md","203","False","True","False"
"CONTINUITY\ANIMAL\VOCALIZATION\DIRECTION\directionality.md",".md","153","False","True","False"
"CONTINUITY\ANIMAL\VOCALIZATION\DISTANCE\distance_attenuation.md",".md","122","False","True","False"
"CONTINUITY\ANIMAL\VOCALIZATION\DIVINE\divine_vocalization.md",".md","202","False","True","False"
"CONTINUITY\ANIMAL\VOCALIZATION\DOPPLER\doppler.md",".md","195","False","True","False"
"CONTINUITY\ANIMAL\VOCALIZATION\LOCK\vocal_lock.md",".md","245","False","True","False"
"CONTINUITY\ANIMAL\VOCALIZATION\MYTHOLOGICAL\mythological_vocalization.md",".md","203","False","True","False"
"CONTINUITY\ANIMAL\VOCALIZATION\OCCLUSION\occlusion.md",".md","170","False","True","False"
"CONTINUITY\ANIMAL\VOCALIZATION\QA\canon_qa.md",".md","169","False","True","False"
"CONTINUITY\ANIMAL\VOCALIZATION\RAMAYANA\ramayana_animal_vocalization.md",".md","253","False","True","False"
"CONTINUITY\ANIMAL\VOCALIZATION\REFERENCE\vocal_reference_assets.md",".md","284","False","True","False"
"CONTINUITY\ANIMAL\VOCALIZATION\REGISTRY\call_registry.md",".md","155","False","True","False"
"CONTINUITY\ANIMAL\VOCALIZATION\REGISTRY\vocalization_registry.md",".md","172","False","True","False"
"CONTINUITY\ANIMAL\VOCALIZATION\RETROACTIVE\retroactive_vocal_correction.md",".md","315","False","True","False"
"CONTINUITY\ANIMAL\VOCALIZATION\REVERBERATION\reverberation.md",".md","116","False","True","False"
"CONTINUITY\ANIMAL\VOCALIZATION\SHOT_CONTINUITY\shot_vocalization.md",".md","218","False","True","False"
"CONTINUITY\ANIMAL\VOCALIZATION\SPATIAL\spatial_vocalization.md",".md","142","False","True","False"
"CONTINUITY\ANIMAL\VOCALIZATION\SUPERNATURAL\supernatural_vocalization.md",".md","176","False","True","False"
"CONTINUITY\ANIMAL\VOCALIZATION\TRADITION\traditional_vocalization.md",".md","136","False","True","False"
"CONTINUITY\ANIMAL\VOCALIZATION\VOCAL_MECHANICS\physical_sound_generation.md",".md","195","False","True","False"
"CONTINUITY\ANIMAL\VOCALIZATION\WARNING\warning_vocalization.md",".md","120","False","True","False"
"CONTINUITY\AUDIO\AUDIO_CONTINUITY_CONTRACT.md",".md","5265","False","True","True"
"CONTINUITY\AUDIO\README.md",".md","2391","True","True","True"
"CONTINUITY\AUDIO\README_LOOPHOLE_CLOSURE.md",".md","2763","False","True","True"
"CONTINUITY\AUDIO\ACOUSTIC_ENVIRONMENT\acoustic_environment_identity.md",".md","161","False","True","False"
"CONTINUITY\AUDIO\ACOUSTIC_ENVIRONMENT\acoustic_fingerprint.md",".md","152","False","True","False"
"CONTINUITY\AUDIO\ACOUSTIC_ENVIRONMENT\battlefield_acoustics.md",".md","153","False","True","False"
"CONTINUITY\AUDIO\ACOUSTIC_ENVIRONMENT\cave_acoustics.md",".md","146","False","True","False"
"CONTINUITY\AUDIO\ACOUSTIC_ENVIRONMENT\city_acoustics.md",".md","146","False","True","False"
"CONTINUITY\AUDIO\ACOUSTIC_ENVIRONMENT\environmental_recovery.md",".md","154","False","True","False"
"CONTINUITY\AUDIO\ACOUSTIC_ENVIRONMENT\forest_acoustics.md",".md","148","False","True","False"
"CONTINUITY\AUDIO\ACOUSTIC_ENVIRONMENT\mountain_acoustics.md",".md","150","False","True","False"
"CONTINUITY\AUDIO\ACOUSTIC_ENVIRONMENT\open_field_acoustics.md",".md","152","False","True","False"
"CONTINUITY\AUDIO\ACOUSTIC_ENVIRONMENT\palace_acoustics.md",".md","148","False","True","False"
"CONTINUITY\AUDIO\ACOUSTIC_ENVIRONMENT\river_acoustics.md",".md","147","False","True","False"
"CONTINUITY\AUDIO\ACOUSTIC_ENVIRONMENT\room_identity.md",".md","145","False","True","False"
"CONTINUITY\AUDIO\ACOUSTIC_ENVIRONMENT\room_impulse_response.md",".md","153","False","True","False"
"CONTINUITY\AUDIO\ACOUSTIC_ENVIRONMENT\room_materials.md",".md","146","False","True","False"
"CONTINUITY\AUDIO\ACOUSTIC_ENVIRONMENT\room_shape.md",".md","142","False","True","False"
"CONTINUITY\AUDIO\ACOUSTIC_ENVIRONMENT\room_size.md",".md","141","False","True","False"
"CONTINUITY\AUDIO\ACOUSTIC_ENVIRONMENT\sea_acoustics.md",".md","145","False","True","False"
"CONTINUITY\AUDIO\ACOUSTIC_ENVIRONMENT\temple_acoustics.md",".md","148","False","True","False"
"CONTINUITY\AUDIO\ACOUSTIC_ENVIRONMENT\terrain_acoustic_identity.md",".md","157","False","True","False"
"CONTINUITY\AUDIO\ACOUSTIC_ENVIRONMENT\village_acoustics.md",".md","149","False","True","False"
"CONTINUITY\AUDIO\ACOUSTIC_ENVIRONMENT\weather_acoustic_state.md",".md","154","False","True","False"
"CONTINUITY\AUDIO\ACOUSTIC_PHYSICS\absorption.md",".md","142","False","True","False"
"CONTINUITY\AUDIO\ACOUSTIC_PHYSICS\crowd_acoustics.md",".md","147","False","True","False"
"CONTINUITY\AUDIO\ACOUSTIC_PHYSICS\diffraction.md",".md","143","False","True","False"
"CONTINUITY\AUDIO\ACOUSTIC_PHYSICS\directionality.md",".md","146","False","True","False"
"CONTINUITY\AUDIO\ACOUSTIC_PHYSICS\distance_attenuation.md",".md","152","False","True","False"
"CONTINUITY\AUDIO\ACOUSTIC_PHYSICS\doppler_effect.md",".md","146","False","True","False"
"CONTINUITY\AUDIO\ACOUSTIC_PHYSICS\humidity_acoustics.md",".md","150","False","True","False"
"CONTINUITY\AUDIO\ACOUSTIC_PHYSICS\impact_to_audio_validation.md",".md","158","False","True","False"
"CONTINUITY\AUDIO\ACOUSTIC_PHYSICS\large_battle_acoustics.md",".md","154","False","True","False"
"CONTINUITY\AUDIO\ACOUSTIC_PHYSICS\large_space_acoustics.md",".md","153","False","True","False"
"CONTINUITY\AUDIO\ACOUSTIC_PHYSICS\light_before_sound.md",".md","150","False","True","False"
"CONTINUITY\AUDIO\ACOUSTIC_PHYSICS\occlusion.md",".md","141","False","True","False"
"CONTINUITY\AUDIO\ACOUSTIC_PHYSICS\physics_to_audio_validation.md",".md","159","False","True","False"
"CONTINUITY\AUDIO\ACOUSTIC_PHYSICS\reflection.md",".md","142","False","True","False"
"CONTINUITY\AUDIO\ACOUSTIC_PHYSICS\reverberation.md",".md","145","False","True","False"
"CONTINUITY\AUDIO\ACOUSTIC_PHYSICS\sound_propagation.md",".md","149","False","True","False"
"CONTINUITY\AUDIO\ACOUSTIC_PHYSICS\sound_source_energy.md",".md","151","False","True","False"
"CONTINUITY\AUDIO\ACOUSTIC_PHYSICS\sound_source_position.md",".md","153","False","True","False"
"CONTINUITY\AUDIO\ACOUSTIC_PHYSICS\sound_source_scale.md",".md","150","False","True","False"
"CONTINUITY\AUDIO\ACOUSTIC_PHYSICS\sound_source_velocity.md",".md","153","False","True","False"
"CONTINUITY\AUDIO\ACOUSTIC_PHYSICS\sound_travel_time.md",".md","149","False","True","False"
"CONTINUITY\AUDIO\ACOUSTIC_PHYSICS\speed_of_sound.md",".md","146","False","True","False"
"CONTINUITY\AUDIO\ACOUSTIC_PHYSICS\surface_reflection.md",".md","150","False","True","False"
"CONTINUITY\AUDIO\ACOUSTIC_PHYSICS\temperature_acoustics.md",".md","153","False","True","False"
"CONTINUITY\AUDIO\ACOUSTIC_PHYSICS\terrain_acoustics.md",".md","149","False","True","False"
"CONTINUITY\AUDIO\ACOUSTIC_PHYSICS\water_acoustics.md",".md","147","False","True","False"
"CONTINUITY\AUDIO\ACOUSTIC_PHYSICS\weather_acoustics.md",".md","149","False","True","False"
"CONTINUITY\AUDIO\ACOUSTIC_PHYSICS\wind_acoustics.md",".md","146","False","True","False"
"CONTINUITY\AUDIO\ACOUSTIC_RECONSTRUCTION\acoustic_reconstruction.md",".md","177","False","True","False"
"CONTINUITY\AUDIO\ADR_DUBBING\adr_acoustic_match.md",".md","150","False","True","False"
"CONTINUITY\AUDIO\ADR_DUBBING\adr_continuity.md",".md","146","False","True","False"
"CONTINUITY\AUDIO\ADR_DUBBING\adr_emotion_match.md",".md","149","False","True","False"
"CONTINUITY\AUDIO\ADR_DUBBING\adr_identity.md",".md","144","False","True","False"
"CONTINUITY\AUDIO\ADR_DUBBING\adr_lip_sync.md",".md","144","False","True","False"
"CONTINUITY\AUDIO\ADR_DUBBING\adr_original_reference.md",".md","154","False","True","False"
"CONTINUITY\AUDIO\ADR_DUBBING\adr_performance_match.md",".md","153","False","True","False"
"CONTINUITY\AUDIO\ADR_DUBBING\adr_reason.md",".md","142","False","True","False"
"CONTINUITY\AUDIO\ADR_DUBBING\adr_replacement.md",".md","147","False","True","False"
"CONTINUITY\AUDIO\ADR_DUBBING\adr_room_match.md",".md","146","False","True","False"
"CONTINUITY\AUDIO\ADR_DUBBING\adr_session.md",".md","143","False","True","False"
"CONTINUITY\AUDIO\ADR_DUBBING\adr_sync.md",".md","140","False","True","False"
"CONTINUITY\AUDIO\ADR_DUBBING\adr_take.md",".md","140","False","True","False"
"CONTINUITY\AUDIO\ADR_DUBBING\adr_voice_match.md",".md","147","False","True","False"
"CONTINUITY\AUDIO\ADR_DUBBING\dubbing_emotion.md",".md","147","False","True","False"
"CONTINUITY\AUDIO\ADR_DUBBING\dubbing_identity.md",".md","148","False","True","False"
"CONTINUITY\AUDIO\ADR_DUBBING\dubbing_language.md",".md","148","False","True","False"
"CONTINUITY\AUDIO\ADR_DUBBING\dubbing_lineage.md",".md","147","False","True","False"
"CONTINUITY\AUDIO\ADR_DUBBING\dubbing_performer.md",".md","149","False","True","False"
"CONTINUITY\AUDIO\ADR_DUBBING\dubbing_sync.md",".md","144","False","True","False"
"CONTINUITY\AUDIO\ADR_DUBBING\dubbing_timing.md",".md","146","False","True","False"
"CONTINUITY\AUDIO\ADR_DUBBING\dubbing_translation.md",".md","151","False","True","False"
"CONTINUITY\AUDIO\ADR_DUBBING\dubbing_version.md",".md","147","False","True","False"
"CONTINUITY\AUDIO\AI\ai_previous_output.md",".md","225","True","True","False"
"CONTINUITY\AUDIO\AI_AUDIO\ai_audio_artifact_detection.md",".md","159","False","True","False"
"CONTINUITY\AUDIO\AI_AUDIO\ai_audio_clone_authorization.md",".md","160","False","True","False"
"CONTINUITY\AUDIO\AI_AUDIO\ai_audio_clone_provenance.md",".md","157","False","True","False"
"CONTINUITY\AUDIO\AI_AUDIO\ai_audio_continuity_enforcement.md",".md","163","False","True","False"
"CONTINUITY\AUDIO\AI_AUDIO\ai_audio_cross_model_compatibility.md",".md","166","False","True","False"
"CONTINUITY\AUDIO\AI_AUDIO\ai_audio_drift.md",".md","146","False","True","False"
"CONTINUITY\AUDIO\AI_AUDIO\ai_audio_generation_history.md",".md","159","False","True","False"
"CONTINUITY\AUDIO\AI_AUDIO\ai_audio_generation_parameters.md",".md","162","False","True","False"
"CONTINUITY\AUDIO\AI_AUDIO\ai_audio_identity.md",".md","149","False","True","False"
"CONTINUITY\AUDIO\AI_AUDIO\ai_audio_model.md",".md","146","False","True","False"
"CONTINUITY\AUDIO\AI_AUDIO\ai_audio_model_migration.md",".md","156","False","True","False"
"CONTINUITY\AUDIO\AI_AUDIO\ai_audio_model_version.md",".md","154","False","True","False"
"CONTINUITY\AUDIO\AI_AUDIO\ai_audio_negative_constraints.md",".md","161","False","True","False"
"CONTINUITY\AUDIO\AI_AUDIO\ai_audio_previous_output.md",".md","156","False","True","False"
"CONTINUITY\AUDIO\AI_AUDIO\ai_audio_prompt_constraints.md",".md","159","False","True","False"
"CONTINUITY\AUDIO\AI_AUDIO\ai_audio_reference_assets.md",".md","157","False","True","False"
"CONTINUITY\AUDIO\AI_AUDIO\ai_audio_regeneration_history.md",".md","161","False","True","False"
"CONTINUITY\AUDIO\AI_AUDIO\ai_audio_seed_state.md",".md","151","False","True","False"
"CONTINUITY\AUDIO\AI_AUDIO\ai_audio_state_bridge.md",".md","153","False","True","False"
"CONTINUITY\AUDIO\AI_AUDIO\ai_audio_voice_clone.md",".md","152","False","True","False"
"CONTINUITY\AUDIO\AI_AUDIO\ai_audio_voice_model.md",".md","152","False","True","False"
"CONTINUITY\AUDIO\AI_AUDIO\ai_audio_voice_model_lineage.md",".md","160","False","True","False"
"CONTINUITY\AUDIO\AMBIENCE_EXPANDED\ambience_repetition_control.md",".md","159","False","True","False"
"CONTINUITY\AUDIO\AMBIENCE_EXPANDED\ambience_state_transition.md",".md","157","False","True","False"
"CONTINUITY\AUDIO\AMBIENCE_EXPANDED\animal_activity_density.md",".md","155","False","True","False"
"CONTINUITY\AUDIO\AMBIENCE_EXPANDED\battle_activity.md",".md","147","False","True","False"
"CONTINUITY\AUDIO\AMBIENCE_EXPANDED\crowd_density.md",".md","145","False","True","False"
"CONTINUITY\AUDIO\AMBIENCE_EXPANDED\crowd_variation.md",".md","147","False","True","False"
"CONTINUITY\AUDIO\AMBIENCE_EXPANDED\fire_activity.md",".md","145","False","True","False"
"CONTINUITY\AUDIO\AMBIENCE_EXPANDED\forest_activity.md",".md","147","False","True","False"
"CONTINUITY\AUDIO\AMBIENCE_EXPANDED\human_activity_density.md",".md","154","False","True","False"
"CONTINUITY\AUDIO\AMBIENCE_EXPANDED\location_ambience.md",".md","149","False","True","False"
"CONTINUITY\AUDIO\AMBIENCE_EXPANDED\market_activity.md",".md","147","False","True","False"
"CONTINUITY\AUDIO\AMBIENCE_EXPANDED\population_density.md",".md","150","False","True","False"
"CONTINUITY\AUDIO\AMBIENCE_EXPANDED\procedural_variation.md",".md","152","False","True","False"
"CONTINUITY\AUDIO\AMBIENCE_EXPANDED\ritual_activity.md",".md","147","False","True","False"
"CONTINUITY\AUDIO\AMBIENCE_EXPANDED\season_ambience.md",".md","147","False","True","False"
"CONTINUITY\AUDIO\AMBIENCE_EXPANDED\time_ambience.md",".md","145","False","True","False"
"CONTINUITY\AUDIO\AMBIENCE_EXPANDED\traffic_activity.md",".md","148","False","True","False"
"CONTINUITY\AUDIO\AMBIENCE_EXPANDED\water_activity.md",".md","146","False","True","False"
"CONTINUITY\AUDIO\AMBIENCE_EXPANDED\weather_ambience.md",".md","148","False","True","False"
"CONTINUITY\AUDIO\AMBIENCE_EXPANDED\wind_activity.md",".md","145","False","True","False"
"CONTINUITY\AUDIO\AMBIENCE_EXPANDED\world_ambience_identity.md",".md","155","False","True","False"
"CONTINUITY\AUDIO\AMBIENT\ambient_identity.md",".md","171","False","True","False"
"CONTINUITY\AUDIO\APPROVAL\conditional_approval.md",".md","254","False","True","False"
"CONTINUITY\AUDIO\APPROVAL_LOCK\approval_history.md",".md","148","False","True","False"
"CONTINUITY\AUDIO\APPROVAL_LOCK\attribute_lock.md",".md","146","False","True","False"
"CONTINUITY\AUDIO\APPROVAL_LOCK\audio_approval_state.md",".md","152","False","True","False"
"CONTINUITY\AUDIO\APPROVAL_LOCK\audio_conditional_approval.md",".md","158","False","True","False"
"CONTINUITY\AUDIO\APPROVAL_LOCK\audio_lock.md",".md","142","False","True","False"
"CONTINUITY\AUDIO\APPROVAL_LOCK\audio_master_lock.md",".md","149","False","True","False"
"CONTINUITY\AUDIO\APPROVAL_LOCK\audio_rejection.md",".md","147","False","True","False"
"CONTINUITY\AUDIO\APPROVAL_LOCK\audio_reopen.md",".md","144","False","True","False"
"CONTINUITY\AUDIO\APPROVAL_LOCK\audio_repair_required.md",".md","153","False","True","False"
"CONTINUITY\AUDIO\APPROVAL_LOCK\audio_revalidation_required.md",".md","159","False","True","False"
"CONTINUITY\AUDIO\APPROVAL_LOCK\audio_review_state.md",".md","150","False","True","False"
"CONTINUITY\AUDIO\APPROVAL_LOCK\audio_unlock.md",".md","144","False","True","False"
"CONTINUITY\AUDIO\APPROVAL_LOCK\downstream_lock_inheritance.md",".md","159","False","True","False"
"CONTINUITY\AUDIO\APPROVAL_LOCK\lock_history.md",".md","144","False","True","False"
"CONTINUITY\AUDIO\APPROVAL_LOCK\source_lock.md",".md","143","False","True","False"
"CONTINUITY\AUDIO\APPROVAL_LOCK\user_override.md",".md","145","False","True","False"
"CONTINUITY\AUDIO\APPROVAL_LOCK\version_lock.md",".md","144","False","True","False"
"CONTINUITY\AUDIO\ASSET_LINEAGE\asset_branch.md",".md","144","False","True","False"
"CONTINUITY\AUDIO\ASSET_LINEAGE\asset_child.md",".md","143","False","True","False"
"CONTINUITY\AUDIO\ASSET_LINEAGE\asset_derivation.md",".md","148","False","True","False"
"CONTINUITY\AUDIO\ASSET_LINEAGE\asset_edited.md",".md","144","False","True","False"
"CONTINUITY\AUDIO\ASSET_LINEAGE\asset_final.md",".md","143","False","True","False"
"CONTINUITY\AUDIO\ASSET_LINEAGE\asset_hash.md",".md","142","False","True","False"
"CONTINUITY\AUDIO\ASSET_LINEAGE\asset_identity.md",".md","146","False","True","False"
"CONTINUITY\AUDIO\ASSET_LINEAGE\asset_integrity.md",".md","147","False","True","False"
"CONTINUITY\AUDIO\ASSET_LINEAGE\asset_lineage.md",".md","145","False","True","False"
"CONTINUITY\AUDIO\ASSET_LINEAGE\asset_lock.md",".md","142","False","True","False"
"CONTINUITY\AUDIO\ASSET_LINEAGE\asset_master.md",".md","144","False","True","False"
"CONTINUITY\AUDIO\ASSET_LINEAGE\asset_merge.md",".md","143","False","True","False"
"CONTINUITY\AUDIO\ASSET_LINEAGE\asset_parent.md",".md","144","False","True","False"
"CONTINUITY\AUDIO\ASSET_LINEAGE\asset_processed.md",".md","147","False","True","False"
"CONTINUITY\AUDIO\ASSET_LINEAGE\asset_provenance.md",".md","148","False","True","False"
"CONTINUITY\AUDIO\ASSET_LINEAGE\asset_raw.md",".md","141","False","True","False"
"CONTINUITY\AUDIO\ASSET_LINEAGE\asset_replacement.md",".md","149","False","True","False"
"CONTINUITY\AUDIO\ASSET_LINEAGE\asset_reproducibility.md",".md","153","False","True","False"
"CONTINUITY\AUDIO\ASSET_LINEAGE\asset_supersession.md",".md","150","False","True","False"
"CONTINUITY\AUDIO\ASSET_LINEAGE\asset_version.md",".md","145","False","True","False"
"CONTINUITY\AUDIO\ATTRIBUTE_OWNERSHIP\audio_attribute_dependency_matrix.md",".md","165","False","True","False"
"CONTINUITY\AUDIO\ATTRIBUTE_OWNERSHIP\audio_attribute_ownership.md",".md","157","False","True","False"
"CONTINUITY\AUDIO\ATTRIBUTE_OWNERSHIP\audio_conflict_resolution.md",".md","157","False","True","False"
"CONTINUITY\AUDIO\ATTRIBUTE_OWNERSHIP\audio_domain_authority_matrix.md",".md","161","False","True","False"
"CONTINUITY\AUDIO\ATTRIBUTE_OWNERSHIP\audio_duplicate_prevention.md",".md","158","False","True","False"
"CONTINUITY\AUDIO\ATTRIBUTE_OWNERSHIP\audio_inheritance_rules.md",".md","155","False","True","False"
"CONTINUITY\AUDIO\ATTRIBUTE_OWNERSHIP\audio_override_authority.md",".md","156","False","True","False"
"CONTINUITY\AUDIO\ATTRIBUTE_OWNERSHIP\audio_scope_boundaries.md",".md","154","False","True","False"
"CONTINUITY\AUDIO\ATTRIBUTE_OWNERSHIP\audio_single_source_of_truth.md",".md","160","False","True","False"
"CONTINUITY\AUDIO\ATTRIBUTE_OWNERSHIP\audio_source_of_truth_matrix.md",".md","160","False","True","False"
"CONTINUITY\AUDIO\ATTRIBUTE_OWNERSHIP\audio_unknown_ownership.md",".md","155","False","True","False"
"CONTINUITY\AUDIO\AUDIO_BIBLES\animal_audio_bible.md",".md","150","False","True","False"
"CONTINUITY\AUDIO\AUDIO_BIBLES\battle_audio_bible.md",".md","150","False","True","False"
"CONTINUITY\AUDIO\AUDIO_BIBLES\character_audio_bible.md",".md","153","False","True","False"
"CONTINUITY\AUDIO\AUDIO_BIBLES\environment_audio_bible.md",".md","155","False","True","False"
"CONTINUITY\AUDIO\AUDIO_BIBLES\episode_audio_bible.md",".md","151","False","True","False"
"CONTINUITY\AUDIO\AUDIO_BIBLES\equipment_audio_bible.md",".md","153","False","True","False"
"CONTINUITY\AUDIO\AUDIO_BIBLES\location_audio_bible.md",".md","152","False","True","False"
"CONTINUITY\AUDIO\AUDIO_BIBLES\material_audio_bible.md",".md","152","False","True","False"
"CONTINUITY\AUDIO\AUDIO_BIBLES\music_audio_bible.md",".md","149","False","True","False"
"CONTINUITY\AUDIO\AUDIO_BIBLES\production_audio_glossary.md",".md","157","False","True","False"
"CONTINUITY\AUDIO\AUDIO_BIBLES\prop_audio_bible.md",".md","148","False","True","False"
"CONTINUITY\AUDIO\AUDIO_BIBLES\ritual_audio_bible.md",".md","150","False","True","False"
"CONTINUITY\AUDIO\AUDIO_BIBLES\scene_audio_bible.md",".md","149","False","True","False"
"CONTINUITY\AUDIO\AUDIO_BIBLES\series_audio_bible.md",".md","150","False","True","False"
"CONTINUITY\AUDIO\AUDIO_BIBLES\silence_audio_bible.md",".md","151","False","True","False"
"CONTINUITY\AUDIO\AUDIO_BIBLES\voice_audio_bible.md",".md","149","False","True","False"
"CONTINUITY\AUDIO\AUDIO_BIBLES\weapon_audio_bible.md",".md","150","False","True","False"
"CONTINUITY\AUDIO\AUDIO_EVENT\audio_event.md",".md","192","False","True","False"
"CONTINUITY\AUDIO\AUDIO_LAYERS\layer_masking.md",".md","187","False","True","False"
"CONTINUITY\AUDIO\AUDIO_REALITY\ambiguous_audio.md",".md","147","False","True","False"
"CONTINUITY\AUDIO\AUDIO_REALITY\audience_only_audio.md",".md","151","False","True","False"
"CONTINUITY\AUDIO\AUDIO_REALITY\character_only_audio.md",".md","152","False","True","False"
"CONTINUITY\AUDIO\AUDIO_REALITY\diegetic_audio.md",".md","146","False","True","False"
"CONTINUITY\AUDIO\AUDIO_REALITY\divine_audio.md",".md","144","False","True","False"
"CONTINUITY\AUDIO\AUDIO_REALITY\dream_audio.md",".md","143","False","True","False"
"CONTINUITY\AUDIO\AUDIO_REALITY\flashback_audio.md",".md","147","False","True","False"
"CONTINUITY\AUDIO\AUDIO_REALITY\hallucination_audio.md",".md","151","False","True","False"
"CONTINUITY\AUDIO\AUDIO_REALITY\internal_audio.md",".md","146","False","True","False"
"CONTINUITY\AUDIO\AUDIO_REALITY\memory_audio.md",".md","144","False","True","False"
"CONTINUITY\AUDIO\AUDIO_REALITY\non_diegetic_audio.md",".md","150","False","True","False"
"CONTINUITY\AUDIO\AUDIO_REALITY\off_screen_audio.md",".md","148","False","True","False"
"CONTINUITY\AUDIO\AUDIO_REALITY\on_screen_audio.md",".md","147","False","True","False"
"CONTINUITY\AUDIO\AUDIO_REALITY\out_of_world_audio.md",".md","150","False","True","False"
"CONTINUITY\AUDIO\AUDIO_REALITY\point_of_view_audio.md",".md","151","False","True","False"
"CONTINUITY\AUDIO\AUDIO_REALITY\reality_state_continuity.md",".md","156","False","True","False"
"CONTINUITY\AUDIO\AUDIO_REALITY\reality_transition.md",".md","150","False","True","False"
"CONTINUITY\AUDIO\AUDIO_REALITY\spiritual_audio.md",".md","147","False","True","False"
"CONTINUITY\AUDIO\AUDIO_REALITY\subjective_audio.md",".md","148","False","True","False"
"CONTINUITY\AUDIO\AUDIO_REALITY\supernatural_audio.md",".md","150","False","True","False"
"CONTINUITY\AUDIO\AUDIO_REALITY\vision_audio.md",".md","144","False","True","False"
"CONTINUITY\AUDIO\AUDIO_STATE\audio_state.md",".md","364","False","True","False"
"CONTINUITY\AUDIO\AUDIO_STATE\previous_audio_state.md",".md","272","False","True","False"
"CONTINUITY\AUDIO\AUDIT\audio_audit.md",".md","197","False","True","False"
"CONTINUITY\AUDIO\AUTHORITY\source_authority.md",".md","181","False","True","False"
"CONTINUITY\AUDIO\CANON_RESEARCH\audio_research_hierarchy.md",".md","268","False","True","False"
"CONTINUITY\AUDIO\CANON_RESEARCH_EXPANDED\audio_acoustic_reconstruction.md",".md","161","False","True","False"
"CONTINUITY\AUDIO\CANON_RESEARCH_EXPANDED\audio_biological_reconstruction.md",".md","163","False","True","False"
"CONTINUITY\AUDIO\CANON_RESEARCH_EXPANDED\audio_canonical_fact.md",".md","152","False","True","False"
"CONTINUITY\AUDIO\CANON_RESEARCH_EXPANDED\audio_commentary.md",".md","148","False","True","False"
"CONTINUITY\AUDIO\CANON_RESEARCH_EXPANDED\audio_conflicting_sources.md",".md","157","False","True","False"
"CONTINUITY\AUDIO\CANON_RESEARCH_EXPANDED\audio_cultural_reconstruction.md",".md","161","False","True","False"
"CONTINUITY\AUDIO\CANON_RESEARCH_EXPANDED\audio_derived_canon.md",".md","151","False","True","False"
"CONTINUITY\AUDIO\CANON_RESEARCH_EXPANDED\audio_evidence_chain.md",".md","152","False","True","False"
"CONTINUITY\AUDIO\CANON_RESEARCH_EXPANDED\audio_historical_reconstruction.md",".md","163","False","True","False"
"CONTINUITY\AUDIO\CANON_RESEARCH_EXPANDED\audio_instrument_reconstruction.md",".md","163","False","True","False"
"CONTINUITY\AUDIO\CANON_RESEARCH_EXPANDED\audio_puranic_evidence.md",".md","154","False","True","False"
"CONTINUITY\AUDIO\CANON_RESEARCH_EXPANDED\audio_ramcharitmanas.md",".md","152","False","True","False"
"CONTINUITY\AUDIO\CANON_RESEARCH_EXPANDED\audio_ritual_reconstruction.md",".md","159","False","True","False"
"CONTINUITY\AUDIO\CANON_RESEARCH_EXPANDED\audio_scriptural_evidence.md",".md","157","False","True","False"
"CONTINUITY\AUDIO\CANON_RESEARCH_EXPANDED\audio_source_confidence.md",".md","155","False","True","False"
"CONTINUITY\AUDIO\CANON_RESEARCH_EXPANDED\audio_traditional_interpretation.md",".md","164","False","True","False"
"CONTINUITY\AUDIO\CANON_RESEARCH_EXPANDED\audio_uncertainty.md",".md","149","False","True","False"
"CONTINUITY\AUDIO\CANON_RESEARCH_EXPANDED\audio_unknown.md",".md","145","False","True","False"
"CONTINUITY\AUDIO\CANON_RESEARCH_EXPANDED\audio_valmiki_ramayana.md",".md","154","False","True","False"
"CONTINUITY\AUDIO\COMMENTARIES\commentary_audio.md",".md","175","False","True","False"
"CONTINUITY\AUDIO\CORE\audio_continuity_core.md",".md","740","False","True","True"
"CONTINUITY\AUDIO\CORE\audio_identity_principles.md",".md","399","False","True","False"
"CONTINUITY\AUDIO\CROSS_DOMAIN_AUTHORITY\ai_generation_interface.md",".md","155","False","True","False"
"CONTINUITY\AUDIO\CROSS_DOMAIN_AUTHORITY\animal_interface.md",".md","148","False","True","False"
"CONTINUITY\AUDIO\CROSS_DOMAIN_AUTHORITY\camera_interface.md",".md","148","False","True","False"
"CONTINUITY\AUDIO\CROSS_DOMAIN_AUTHORITY\character_interface.md",".md","151","False","True","False"
"CONTINUITY\AUDIO\CROSS_DOMAIN_AUTHORITY\costume_interface.md",".md","149","False","True","False"
"CONTINUITY\AUDIO\CROSS_DOMAIN_AUTHORITY\environment_interface.md",".md","153","False","True","False"
"CONTINUITY\AUDIO\CROSS_DOMAIN_AUTHORITY\event_interface.md",".md","147","False","True","False"
"CONTINUITY\AUDIO\CROSS_DOMAIN_AUTHORITY\knowledge_interface.md",".md","151","False","True","False"
"CONTINUITY\AUDIO\CROSS_DOMAIN_AUTHORITY\lighting_interface.md",".md","150","False","True","False"
"CONTINUITY\AUDIO\CROSS_DOMAIN_AUTHORITY\location_interface.md",".md","150","False","True","False"
"CONTINUITY\AUDIO\CROSS_DOMAIN_AUTHORITY\performance_interface.md",".md","153","False","True","False"
"CONTINUITY\AUDIO\CROSS_DOMAIN_AUTHORITY\physics_interface.md",".md","149","False","True","False"
"CONTINUITY\AUDIO\CROSS_DOMAIN_AUTHORITY\physiology_interface.md",".md","152","False","True","False"
"CONTINUITY\AUDIO\CROSS_DOMAIN_AUTHORITY\prop_interface.md",".md","146","False","True","False"
"CONTINUITY\AUDIO\CROSS_DOMAIN_AUTHORITY\qa_interface.md",".md","144","False","True","False"
"CONTINUITY\AUDIO\CROSS_DOMAIN_AUTHORITY\relationship_interface.md",".md","154","False","True","False"
"CONTINUITY\AUDIO\CROSS_DOMAIN_AUTHORITY\spatial_interface.md",".md","149","False","True","False"
"CONTINUITY\AUDIO\CROSS_DOMAIN_AUTHORITY\state_interface.md",".md","147","False","True","False"
"CONTINUITY\AUDIO\CROSS_DOMAIN_AUTHORITY\timeline_interface.md",".md","150","False","True","False"
"CONTINUITY\AUDIO\CROSS_DOMAIN_AUTHORITY\transformation_interface.md",".md","156","False","True","False"
"CONTINUITY\AUDIO\CROSS_DOMAIN_AUTHORITY\vfx_interface.md",".md","145","False","True","False"
"CONTINUITY\AUDIO\CROSS_DOMAIN_AUTHORITY\weapon_interface.md",".md","148","False","True","False"
"CONTINUITY\AUDIO\DEPENDENCY\animal_to_audio_dependency.md",".md","158","False","True","False"
"CONTINUITY\AUDIO\DEPENDENCY\audio_attribute_impact.md",".md","154","False","True","False"
"CONTINUITY\AUDIO\DEPENDENCY\audio_change_impact.md",".md","151","False","True","False"
"CONTINUITY\AUDIO\DEPENDENCY\audio_dependency_edge.md",".md","153","False","True","False"
"CONTINUITY\AUDIO\DEPENDENCY\audio_dependency_graph.md",".md","154","False","True","False"
"CONTINUITY\AUDIO\DEPENDENCY\audio_dependency_node.md",".md","153","False","True","False"
"CONTINUITY\AUDIO\DEPENDENCY\camera_to_audio_dependency.md",".md","158","False","True","False"
"CONTINUITY\AUDIO\DEPENDENCY\character_to_audio_dependency.md",".md","161","False","True","False"
"CONTINUITY\AUDIO\DEPENDENCY\costume_to_audio_dependency.md",".md","159","False","True","False"
"CONTINUITY\AUDIO\DEPENDENCY\dependency_revalidation.md",".md","155","False","True","False"
"CONTINUITY\AUDIO\DEPENDENCY\downstream_propagation.md",".md","154","False","True","False"
"CONTINUITY\AUDIO\DEPENDENCY\earliest_error_detection.md",".md","156","False","True","False"
"CONTINUITY\AUDIO\DEPENDENCY\environment_to_audio_dependency.md",".md","163","False","True","False"
"CONTINUITY\AUDIO\DEPENDENCY\event_to_audio_dependency.md",".md","157","False","True","False"
"CONTINUITY\AUDIO\DEPENDENCY\knowledge_to_audio_dependency.md",".md","161","False","True","False"
"CONTINUITY\AUDIO\DEPENDENCY\lighting_to_audio_dependency.md",".md","160","False","True","False"
"CONTINUITY\AUDIO\DEPENDENCY\location_to_audio_dependency.md",".md","160","False","True","False"
"CONTINUITY\AUDIO\DEPENDENCY\performance_to_audio_dependency.md",".md","163","False","True","False"
"CONTINUITY\AUDIO\DEPENDENCY\physics_to_audio_dependency.md",".md","159","False","True","False"
"CONTINUITY\AUDIO\DEPENDENCY\physiology_to_audio_dependency.md",".md","162","False","True","False"
"CONTINUITY\AUDIO\DEPENDENCY\prop_to_audio_dependency.md",".md","156","False","True","False"
"CONTINUITY\AUDIO\DEPENDENCY\relationship_to_audio_dependency.md",".md","164","False","True","False"
"CONTINUITY\AUDIO\DEPENDENCY\state_to_audio_dependency.md",".md","157","False","True","False"
"CONTINUITY\AUDIO\DEPENDENCY\timeline_to_audio_dependency.md",".md","160","False","True","False"
"CONTINUITY\AUDIO\DEPENDENCY\transformation_to_audio_dependency.md",".md","166","False","True","False"
"CONTINUITY\AUDIO\DEPENDENCY\upstream_dependency.md",".md","151","False","True","False"
"CONTINUITY\AUDIO\DEPENDENCY\weapon_to_audio_dependency.md",".md","158","False","True","False"
"CONTINUITY\AUDIO\DIALOGUE\dialogue_identity.md",".md","155","False","True","False"
"CONTINUITY\AUDIO\DIALOGUE\dialogue_text.md",".md","256","False","True","False"
"CONTINUITY\AUDIO\DIALOGUE_EXPANDED\dialogue_background_speech.md",".md","158","False","True","False"
"CONTINUITY\AUDIO\DIALOGUE_EXPANDED\dialogue_code_switching.md",".md","155","False","True","False"
"CONTINUITY\AUDIO\DIALOGUE_EXPANDED\dialogue_exact_text.md",".md","151","False","True","False"
"CONTINUITY\AUDIO\DIALOGUE_EXPANDED\dialogue_interruption.md",".md","153","False","True","False"
"CONTINUITY\AUDIO\DIALOGUE_EXPANDED\dialogue_language.md",".md","149","False","True","False"
"CONTINUITY\AUDIO\DIALOGUE_EXPANDED\dialogue_language_switch.md",".md","156","False","True","False"
"CONTINUITY\AUDIO\DIALOGUE_EXPANDED\dialogue_lineage.md",".md","148","False","True","False"
"CONTINUITY\AUDIO\DIALOGUE_EXPANDED\dialogue_line_identity.md",".md","154","False","True","False"
"CONTINUITY\AUDIO\DIALOGUE_EXPANDED\dialogue_line_version.md",".md","153","False","True","False"
"CONTINUITY\AUDIO\DIALOGUE_EXPANDED\dialogue_listening.md",".md","150","False","True","False"
"CONTINUITY\AUDIO\DIALOGUE_EXPANDED\dialogue_micro_reaction.md",".md","155","False","True","False"
"CONTINUITY\AUDIO\DIALOGUE_EXPANDED\dialogue_overlap.md",".md","148","False","True","False"
"CONTINUITY\AUDIO\DIALOGUE_EXPANDED\dialogue_phoneme_timing.md",".md","155","False","True","False"
"CONTINUITY\AUDIO\DIALOGUE_EXPANDED\dialogue_reaction.md",".md","149","False","True","False"
"CONTINUITY\AUDIO\DIALOGUE_EXPANDED\dialogue_script.md",".md","147","False","True","False"
"CONTINUITY\AUDIO\DIALOGUE_EXPANDED\dialogue_sentence_timing.md",".md","156","False","True","False"
"CONTINUITY\AUDIO\DIALOGUE_EXPANDED\dialogue_translation.md",".md","152","False","True","False"
"CONTINUITY\AUDIO\DIALOGUE_EXPANDED\dialogue_transliteration.md",".md","156","False","True","False"
"CONTINUITY\AUDIO\DIALOGUE_EXPANDED\dialogue_unintelligible_speech.md",".md","162","False","True","False"
"CONTINUITY\AUDIO\DIALOGUE_EXPANDED\dialogue_variant.md",".md","148","False","True","False"
"CONTINUITY\AUDIO\DIALOGUE_EXPANDED\dialogue_word_timing.md",".md","152","False","True","False"
"CONTINUITY\AUDIO\DIALOGUE_EXPANDED\listener_identity.md",".md","149","False","True","False"
"CONTINUITY\AUDIO\DIALOGUE_EXPANDED\listener_state.md",".md","146","False","True","False"
"CONTINUITY\AUDIO\DIALOGUE_EXPANDED\speaker_identity.md",".md","148","False","True","False"
"CONTINUITY\AUDIO\DIALOGUE_EXPANDED\speaker_state.md",".md","145","False","True","False"
"CONTINUITY\AUDIO\ERROR\spatial_audio_error.md",".md","160","False","True","False"
"CONTINUITY\AUDIO\ERROR_DETECTION\acoustic_environment_error.md",".md","158","False","True","False"
"CONTINUITY\AUDIO\ERROR_DETECTION\ai_audio_artifact.md",".md","149","False","True","False"
"CONTINUITY\AUDIO\ERROR_DETECTION\ambience_error.md",".md","146","False","True","False"
"CONTINUITY\AUDIO\ERROR_DETECTION\audio_identity_error.md",".md","152","False","True","False"
"CONTINUITY\AUDIO\ERROR_DETECTION\breath_sync_error.md",".md","149","False","True","False"
"CONTINUITY\AUDIO\ERROR_DETECTION\dialogue_error.md",".md","146","False","True","False"
"CONTINUITY\AUDIO\ERROR_DETECTION\distance_error.md",".md","146","False","True","False"
"CONTINUITY\AUDIO\ERROR_DETECTION\duplicate_sound_error.md",".md","153","False","True","False"
"CONTINUITY\AUDIO\ERROR_DETECTION\foley_error.md",".md","143","False","True","False"
"CONTINUITY\AUDIO\ERROR_DETECTION\hallucinated_sound.md",".md","150","False","True","False"
"CONTINUITY\AUDIO\ERROR_DETECTION\impossible_sound.md",".md","148","False","True","False"
"CONTINUITY\AUDIO\ERROR_DETECTION\lip_sync_error.md",".md","146","False","True","False"
"CONTINUITY\AUDIO\ERROR_DETECTION\loop_detection.md",".md","146","False","True","False"
"CONTINUITY\AUDIO\ERROR_DETECTION\missing_sound.md",".md","145","False","True","False"
"CONTINUITY\AUDIO\ERROR_DETECTION\mixing_error.md",".md","144","False","True","False"
"CONTINUITY\AUDIO\ERROR_DETECTION\music_continuity_error.md",".md","154","False","True","False"
"CONTINUITY\AUDIO\ERROR_DETECTION\physics_audio_error.md",".md","151","False","True","False"
"CONTINUITY\AUDIO\ERROR_DETECTION\procedural_repetition_error.md",".md","159","False","True","False"
"CONTINUITY\AUDIO\ERROR_DETECTION\pronunciation_error.md",".md","151","False","True","False"
"CONTINUITY\AUDIO\ERROR_DETECTION\reverb_error.md",".md","144","False","True","False"
"CONTINUITY\AUDIO\ERROR_DETECTION\silence_error.md",".md","145","False","True","False"
"CONTINUITY\AUDIO\ERROR_DETECTION\spatial_audio_error.md",".md","151","False","True","False"
"CONTINUITY\AUDIO\ERROR_DETECTION\technical_audio_error.md",".md","153","False","True","False"
"CONTINUITY\AUDIO\ERROR_DETECTION\voice_drift.md",".md","143","False","True","False"
"CONTINUITY\AUDIO\ERROR_DETECTION\voice_model_drift.md",".md","149","False","True","False"
"CONTINUITY\AUDIO\ERROR_DETECTION\wrong_perspective_sound.md",".md","155","False","True","False"
"CONTINUITY\AUDIO\ERROR_DETECTION\wrong_source_sound.md",".md","150","False","True","False"
"CONTINUITY\AUDIO\ERROR_DETECTION\wrong_state_sound.md",".md","149","False","True","False"
"CONTINUITY\AUDIO\ERROR_DETECTION\wrong_timing_sound.md",".md","150","False","True","False"
"CONTINUITY\AUDIO\FOLEY\foley_continuity.md",".md","158","True","True","False"
"CONTINUITY\AUDIO\FOLEY_CAUSALITY\breakage.md",".md","140","False","True","False"
"CONTINUITY\AUDIO\FOLEY_CAUSALITY\catching.md",".md","140","False","True","False"
"CONTINUITY\AUDIO\FOLEY_CAUSALITY\cloth_motion_audio.md",".md","150","False","True","False"
"CONTINUITY\AUDIO\FOLEY_CAUSALITY\contact_force.md",".md","145","False","True","False"
"CONTINUITY\AUDIO\FOLEY_CAUSALITY\contact_pressure.md",".md","148","False","True","False"
"CONTINUITY\AUDIO\FOLEY_CAUSALITY\contact_type.md",".md","144","False","True","False"
"CONTINUITY\AUDIO\FOLEY_CAUSALITY\deformation.md",".md","143","False","True","False"
"CONTINUITY\AUDIO\FOLEY_CAUSALITY\dragging.md",".md","140","False","True","False"
"CONTINUITY\AUDIO\FOLEY_CAUSALITY\equipment_motion_audio.md",".md","154","False","True","False"
"CONTINUITY\AUDIO\FOLEY_CAUSALITY\falling.md",".md","139","False","True","False"
"CONTINUITY\AUDIO\FOLEY_CAUSALITY\footstep_identity.md",".md","149","False","True","False"
"CONTINUITY\AUDIO\FOLEY_CAUSALITY\friction.md",".md","140","False","True","False"
"CONTINUITY\AUDIO\FOLEY_CAUSALITY\gripping.md",".md","140","False","True","False"
"CONTINUITY\AUDIO\FOLEY_CAUSALITY\impact_energy.md",".md","145","False","True","False"
"CONTINUITY\AUDIO\FOLEY_CAUSALITY\jewelry_motion_audio.md",".md","152","False","True","False"
"CONTINUITY\AUDIO\FOLEY_CAUSALITY\material_identity.md",".md","149","False","True","False"
"CONTINUITY\AUDIO\FOLEY_CAUSALITY\material_state.md",".md","146","False","True","False"
"CONTINUITY\AUDIO\FOLEY_CAUSALITY\object_damage.md",".md","145","False","True","False"
"CONTINUITY\AUDIO\FOLEY_CAUSALITY\object_mass.md",".md","143","False","True","False"
"CONTINUITY\AUDIO\FOLEY_CAUSALITY\object_size.md",".md","143","False","True","False"
"CONTINUITY\AUDIO\FOLEY_CAUSALITY\physical_action.md",".md","147","False","True","False"
"CONTINUITY\AUDIO\FOLEY_CAUSALITY\physical_source.md",".md","147","False","True","False"
"CONTINUITY\AUDIO\FOLEY_CAUSALITY\residual_sound.md",".md","146","False","True","False"
"CONTINUITY\AUDIO\FOLEY_CAUSALITY\rolling.md",".md","139","False","True","False"
"CONTINUITY\AUDIO\FOLEY_CAUSALITY\stretching.md",".md","142","False","True","False"
"CONTINUITY\AUDIO\FOLEY_CAUSALITY\surface_identity.md",".md","148","False","True","False"
"CONTINUITY\AUDIO\FOLEY_CAUSALITY\surface_state.md",".md","145","False","True","False"
"CONTINUITY\AUDIO\FOLEY_CAUSALITY\tearing.md",".md","139","False","True","False"
"CONTINUITY\AUDIO\FOLEY_CAUSALITY\throwing.md",".md","140","False","True","False"
"CONTINUITY\AUDIO\FOLEY_CAUSALITY\weapon_motion_audio.md",".md","151","False","True","False"
"CONTINUITY\AUDIO\IDENTITY\source_identity.md",".md","283","True","True","False"
"CONTINUITY\AUDIO\LANGUAGE\language_authority.md",".md","134","False","True","False"
"CONTINUITY\AUDIO\LANGUAGE\language_continuity.md",".md","135","False","True","False"
"CONTINUITY\AUDIO\LANGUAGE\LANGUAGE_CONTINUITY_CONTRACT.md",".md","2596","False","True","True"
"CONTINUITY\AUDIO\LANGUAGE\language_event.md",".md","130","False","True","False"
"CONTINUITY\AUDIO\LANGUAGE\language_hierarchy.md",".md","134","False","True","False"
"CONTINUITY\AUDIO\LANGUAGE\language_history.md",".md","132","False","True","False"
"CONTINUITY\AUDIO\LANGUAGE\language_identity.md",".md","133","False","True","False"
"CONTINUITY\AUDIO\LANGUAGE\language_registry.md",".md","133","False","True","False"
"CONTINUITY\AUDIO\LANGUAGE\language_scope.md",".md","130","False","True","False"
"CONTINUITY\AUDIO\LANGUAGE\language_source_of_truth.md",".md","140","False","True","False"
"CONTINUITY\AUDIO\LANGUAGE\language_state.md",".md","130","False","True","False"
"CONTINUITY\AUDIO\LANGUAGE\language_transition.md",".md","135","False","True","False"
"CONTINUITY\AUDIO\LANGUAGE\language_version.md",".md","132","False","True","False"
"CONTINUITY\AUDIO\LANGUAGE\ADR_DUBBING\awadhi_dubbing.md",".md","130","False","True","False"
"CONTINUITY\AUDIO\LANGUAGE\ADR_DUBBING\hindi_dubbing.md",".md","129","False","True","False"
"CONTINUITY\AUDIO\LANGUAGE\ADR_DUBBING\language_adr.md",".md","128","False","True","False"
"CONTINUITY\AUDIO\LANGUAGE\ADR_DUBBING\language_dubbing.md",".md","132","False","True","False"
"CONTINUITY\AUDIO\LANGUAGE\ADR_DUBBING\language_dubbing_continuity.md",".md","143","False","True","False"
"CONTINUITY\AUDIO\LANGUAGE\ADR_DUBBING\language_dubbing_emotion.md",".md","140","False","True","False"
"CONTINUITY\AUDIO\LANGUAGE\ADR_DUBBING\language_dubbing_performer.md",".md","142","False","True","False"
"CONTINUITY\AUDIO\LANGUAGE\ADR_DUBBING\language_dubbing_sync.md",".md","137","False","True","False"
"CONTINUITY\AUDIO\LANGUAGE\ADR_DUBBING\language_dubbing_timing.md",".md","139","False","True","False"
"CONTINUITY\AUDIO\LANGUAGE\ADR_DUBBING\sanskrit_dubbing.md",".md","132","False","True","False"
"CONTINUITY\AUDIO\LANGUAGE\AI\ai_language_constraint.md",".md","138","False","True","False"
"CONTINUITY\AUDIO\LANGUAGE\AI\ai_language_generation_state.md",".md","144","False","True","False"
"CONTINUITY\AUDIO\LANGUAGE\AI\ai_language_hallucination_prevention.md",".md","152","False","True","False"
"CONTINUITY\AUDIO\LANGUAGE\AI\ai_language_negative_constraint.md",".md","147","False","True","False"
"CONTINUITY\AUDIO\LANGUAGE\AI\ai_language_prompt_rule.md",".md","139","False","True","False"
"CONTINUITY\AUDIO\LANGUAGE\AI\ai_language_pronunciation_generation.md",".md","152","False","True","False"
"CONTINUITY\AUDIO\LANGUAGE\AI\ai_language_selection.md",".md","137","False","True","False"
"CONTINUITY\AUDIO\LANGUAGE\AI\ai_language_switch_prevention.md",".md","145","False","True","False"
"CONTINUITY\AUDIO\LANGUAGE\AI\ai_language_validation.md",".md","138","False","True","False"
"CONTINUITY\AUDIO\LANGUAGE\AI\ai_language_voice_generation.md",".md","144","False","True","False"
"CONTINUITY\AUDIO\LANGUAGE\AWADHI\awadhi_character_usage.md",".md","138","False","True","False"
"CONTINUITY\AUDIO\LANGUAGE\AWADHI\awadhi_dialogue.md",".md","131","False","True","False"
"CONTINUITY\AUDIO\LANGUAGE\AWADHI\awadhi_diction.md",".md","130","False","True","False"
"CONTINUITY\AUDIO\LANGUAGE\AWADHI\awadhi_grammar.md",".md","130","False","True","False"
"CONTINUITY\AUDIO\LANGUAGE\AWADHI\awadhi_hindi_relationship.md",".md","141","False","True","False"
"CONTINUITY\AUDIO\LANGUAGE\AWADHI\awadhi_identity.md",".md","131","False","True","False"
"CONTINUITY\AUDIO\LANGUAGE\AWADHI\awadhi_meter.md",".md","128","False","True","False"
"CONTINUITY\AUDIO\LANGUAGE\AWADHI\awadhi_pronunciation.md",".md","136","False","True","False"
"CONTINUITY\AUDIO\LANGUAGE\AWADHI\awadhi_ramcharitmanas_context.md",".md","145","False","True","False"
"CONTINUITY\AUDIO\LANGUAGE\AWADHI\awadhi_register.md",".md","131","False","True","False"
"CONTINUITY\AUDIO\LANGUAGE\AWADHI\awadhi_scene_usage.md",".md","134","False","True","False"
"CONTINUITY\AUDIO\LANGUAGE\AWADHI\awadhi_translation.md",".md","134","False","True","False"
"CONTINUITY\AUDIO\LANGUAGE\CANON_RESEARCH\commentary_language.md",".md","135","False","True","False"
"CONTINUITY\AUDIO\LANGUAGE\CANON_RESEARCH\historical_language_reconstruction.md",".md","150","False","True","False"
"CONTINUITY\AUDIO\LANGUAGE\CANON_RESEARCH\language_canonical_fact.md",".md","139","False","True","False"
"CONTINUITY\AUDIO\LANGUAGE\CANON_RESEARCH\language_conflicting_sources.md",".md","144","False","True","False"
"CONTINUITY\AUDIO\LANGUAGE\CANON_RESEARCH\language_derived_canon.md",".md","138","False","True","False"
"CONTINUITY\AUDIO\LANGUAGE\CANON_RESEARCH\language_traditional_interpretation.md",".md","151","False","True","False"
"CONTINUITY\AUDIO\LANGUAGE\CANON_RESEARCH\language_uncertainty.md",".md","136","False","True","False"
"CONTINUITY\AUDIO\LANGUAGE\CANON_RESEARCH\puranic_language.md",".md","132","False","True","False"
"CONTINUITY\AUDIO\LANGUAGE\CANON_RESEARCH\ramcharitmanas_language.md",".md","139","False","True","False"
"CONTINUITY\AUDIO\LANGUAGE\CANON_RESEARCH\valmiki_ramayana_language.md",".md","141","False","True","False"
"CONTINUITY\AUDIO\LANGUAGE\CHARACTER\character_awadhi_usage.md",".md","138","False","True","False"
"CONTINUITY\AUDIO\LANGUAGE\CHARACTER\character_hindi_usage.md",".md","137","False","True","False"
"CONTINUITY\AUDIO\LANGUAGE\CHARACTER\character_language_context.md",".md","142","False","True","False"
"CONTINUITY\AUDIO\LANGUAGE\CHARACTER\character_language_exceptions.md",".md","145","False","True","False"
"CONTINUITY\AUDIO\LANGUAGE\CHARACTER\character_language_history.md",".md","142","False","True","False"
"CONTINUITY\AUDIO\LANGUAGE\CHARACTER\character_language_identity.md",".md","143","False","True","False"
"CONTINUITY\AUDIO\LANGUAGE\CHARACTER\character_language_preference.md",".md","145","False","True","False"
"CONTINUITY\AUDIO\LANGUAGE\CHARACTER\character_language_switching.md",".md","144","False","True","False"
"CONTINUITY\AUDIO\LANGUAGE\CHARACTER\character_primary_language.md",".md","142","False","True","False"
"CONTINUITY\AUDIO\LANGUAGE\CHARACTER\character_sanskrit_usage.md",".md","140","False","True","False"
"CONTINUITY\AUDIO\LANGUAGE\CHARACTER\character_secondary_language.md",".md","144","False","True","False"
"CONTINUITY\AUDIO\LANGUAGE\DIALOGUE\dialogue_language_conflict.md",".md","142","False","True","False"
"CONTINUITY\AUDIO\LANGUAGE\DIALOGUE\dialogue_language_continuity.md",".md","144","False","True","False"
"CONTINUITY\AUDIO\LANGUAGE\DIALOGUE\dialogue_language_id.md",".md","136","False","True","False"
"CONTINUITY\AUDIO\LANGUAGE\DIALOGUE\dialogue_language_override.md",".md","142","False","True","False"
"CONTINUITY\AUDIO\LANGUAGE\DIALOGUE\dialogue_language_reason.md",".md","140","False","True","False"
"CONTINUITY\AUDIO\LANGUAGE\DIALOGUE\dialogue_language_switch.md",".md","140","False","True","False"
"CONTINUITY\AUDIO\LANGUAGE\DIALOGUE\dialogue_language_unknown.md",".md","141","False","True","False"
"CONTINUITY\AUDIO\LANGUAGE\DIALOGUE\dialogue_language_validation.md",".md","144","False","True","False"
"CONTINUITY\AUDIO\LANGUAGE\DIALOGUE\dialogue_primary_language.md",".md","141","False","True","False"
"CONTINUITY\AUDIO\LANGUAGE\DIALOGUE\dialogue_secondary_language.md",".md","143","False","True","False"
"CONTINUITY\AUDIO\LANGUAGE\HINDI\hindi_character_usage.md",".md","137","False","True","False"
"CONTINUITY\AUDIO\LANGUAGE\HINDI\hindi_dialogue.md",".md","130","False","True","False"
"CONTINUITY\AUDIO\LANGUAGE\HINDI\hindi_diction.md",".md","129","False","True","False"
"CONTINUITY\AUDIO\LANGUAGE\HINDI\hindi_formality.md",".md","131","False","True","False"
"CONTINUITY\AUDIO\LANGUAGE\HINDI\hindi_grammar.md",".md","129","False","True","False"
"CONTINUITY\AUDIO\LANGUAGE\HINDI\hindi_honorifics.md",".md","132","False","True","False"
"CONTINUITY\AUDIO\LANGUAGE\HINDI\hindi_identity.md",".md","130","False","True","False"
"CONTINUITY\AUDIO\LANGUAGE\HINDI\hindi_major_dialogue.md",".md","136","False","True","False"
"CONTINUITY\AUDIO\LANGUAGE\HINDI\hindi_pronunciation.md",".md","135","False","True","False"
"CONTINUITY\AUDIO\LANGUAGE\HINDI\hindi_register.md",".md","130","False","True","False"
"CONTINUITY\AUDIO\LANGUAGE\HINDI\hindi_scene_usage.md",".md","133","False","True","False"
"CONTINUITY\AUDIO\LANGUAGE\HINDI\hindi_translation.md",".md","133","False","True","False"
"CONTINUITY\AUDIO\LANGUAGE\POLICY\canonical_language.md",".md","134","False","True","False"
"CONTINUITY\AUDIO\LANGUAGE\POLICY\language_exception_rules.md",".md","140","False","True","False"
"CONTINUITY\AUDIO\LANGUAGE\POLICY\language_mixing_rules.md",".md","137","False","True","False"
"CONTINUITY\AUDIO\LANGUAGE\POLICY\language_priority.md",".md","133","False","True","False"
"CONTINUITY\AUDIO\LANGUAGE\POLICY\language_selection_rules.md",".md","140","False","True","False"
"CONTINUITY\AUDIO\LANGUAGE\POLICY\language_switching_rules.md",".md","140","False","True","False"
"CONTINUITY\AUDIO\LANGUAGE\POLICY\narrative_language.md",".md","134","False","True","False"
"CONTINUITY\AUDIO\LANGUAGE\POLICY\primary_language.md",".md","132","False","True","False"
"CONTINUITY\AUDIO\LANGUAGE\POLICY\production_language.md",".md","135","False","True","False"
"CONTINUITY\AUDIO\LANGUAGE\POLICY\sacred_language.md",".md","131","False","True","False"
"CONTINUITY\AUDIO\LANGUAGE\POLICY\secondary_language.md",".md","134","False","True","False"
"CONTINUITY\AUDIO\LANGUAGE\PRONUNCIATION\awadhi_pronunciation_rules.md",".md","142","False","True","False"
"CONTINUITY\AUDIO\LANGUAGE\PRONUNCIATION\divine_name_pronunciation_by_language.md",".md","153","False","True","False"
"CONTINUITY\AUDIO\LANGUAGE\PRONUNCIATION\hindi_pronunciation_rules.md",".md","141","False","True","False"
"CONTINUITY\AUDIO\LANGUAGE\PRONUNCIATION\language_phoneme_rules.md",".md","138","False","True","False"
"CONTINUITY\AUDIO\LANGUAGE\PRONUNCIATION\language_pronunciation_exceptions.md",".md","149","False","True","False"
"CONTINUITY\AUDIO\LANGUAGE\PRONUNCIATION\language_pronunciation_identity.md",".md","147","False","True","False"
"CONTINUITY\AUDIO\LANGUAGE\PRONUNCIATION\mantra_pronunciation_by_language.md",".md","148","False","True","False"
"CONTINUITY\AUDIO\LANGUAGE\PRONUNCIATION\name_pronunciation_by_language.md",".md","146","False","True","False"
"CONTINUITY\AUDIO\LANGUAGE\PRONUNCIATION\place_name_pronunciation_by_language.md",".md","152","False","True","False"
"CONTINUITY\AUDIO\LANGUAGE\PRONUNCIATION\sanskrit_pronunciation_rules.md",".md","144","False","True","False"
"CONTINUITY\AUDIO\LANGUAGE\QA\ai_language_qa.md",".md","130","False","True","False"
"CONTINUITY\AUDIO\LANGUAGE\QA\awadhi_qa.md",".md","125","False","True","False"
"CONTINUITY\AUDIO\LANGUAGE\QA\character_language_qa.md",".md","137","False","True","False"
"CONTINUITY\AUDIO\LANGUAGE\QA\cross_episode_language_qa.md",".md","141","False","True","False"
"CONTINUITY\AUDIO\LANGUAGE\QA\hindi_qa.md",".md","124","False","True","False"
"CONTINUITY\AUDIO\LANGUAGE\QA\language_consistency_qa.md",".md","139","False","True","False"
"CONTINUITY\AUDIO\LANGUAGE\QA\language_identity_qa.md",".md","136","False","True","False"
"CONTINUITY\AUDIO\LANGUAGE\QA\language_switch_qa.md",".md","134","False","True","False"
"CONTINUITY\AUDIO\LANGUAGE\QA\pronunciation_qa.md",".md","132","False","True","False"
"CONTINUITY\AUDIO\LANGUAGE\QA\sanskrit_qa.md",".md","127","False","True","False"
"CONTINUITY\AUDIO\LANGUAGE\QA\scene_language_qa.md",".md","133","False","True","False"
"CONTINUITY\AUDIO\LANGUAGE\QA\subtitle_language_qa.md",".md","136","False","True","False"
"CONTINUITY\AUDIO\LANGUAGE\QA\translation_qa.md",".md","130","False","True","False"
"CONTINUITY\AUDIO\LANGUAGE\QA\transliteration_qa.md",".md","134","False","True","False"
"CONTINUITY\AUDIO\LANGUAGE\RAMAYANA_CONFIGURATION\awadhi_secondary.md",".md","132","False","True","False"
"CONTINUITY\AUDIO\LANGUAGE\RAMAYANA_CONFIGURATION\hindi_primary.md",".md","129","False","True","False"
"CONTINUITY\AUDIO\LANGUAGE\RAMAYANA_CONFIGURATION\language_character_rules.md",".md","140","False","True","False"
"CONTINUITY\AUDIO\LANGUAGE\RAMAYANA_CONFIGURATION\language_event_rules.md",".md","136","False","True","False"
"CONTINUITY\AUDIO\LANGUAGE\RAMAYANA_CONFIGURATION\language_ritual_rules.md",".md","137","False","True","False"
"CONTINUITY\AUDIO\LANGUAGE\RAMAYANA_CONFIGURATION\language_scene_rules.md",".md","136","False","True","False"
"CONTINUITY\AUDIO\LANGUAGE\RAMAYANA_CONFIGURATION\major_dialogue_hindi.md",".md","136","False","True","False"
"CONTINUITY\AUDIO\LANGUAGE\RAMAYANA_CONFIGURATION\ramcharitmanas_awadhi_context.md",".md","145","False","True","False"
"CONTINUITY\AUDIO\LANGUAGE\RAMAYANA_CONFIGURATION\sanskrit_ritual_context.md",".md","139","False","True","False"
"CONTINUITY\AUDIO\LANGUAGE\RAMAYANA_CONFIGURATION\sanskrit_sacred.md",".md","131","False","True","False"
"CONTINUITY\AUDIO\LANGUAGE\REGISTRY\character_language_registry.md",".md","143","False","True","False"
"CONTINUITY\AUDIO\LANGUAGE\REGISTRY\dialogue_language_registry.md",".md","142","False","True","False"
"CONTINUITY\AUDIO\LANGUAGE\REGISTRY\language_approval_registry.md",".md","142","False","True","False"
"CONTINUITY\AUDIO\LANGUAGE\REGISTRY\language_exception_registry.md",".md","143","False","True","False"
"CONTINUITY\AUDIO\LANGUAGE\REGISTRY\language_identity_registry.md",".md","142","False","True","False"
"CONTINUITY\AUDIO\LANGUAGE\REGISTRY\language_registry.md",".md","133","False","True","False"
"CONTINUITY\AUDIO\LANGUAGE\REGISTRY\language_version_registry.md",".md","141","False","True","False"
"CONTINUITY\AUDIO\LANGUAGE\REGISTRY\pronunciation_registry.md",".md","138","False","True","False"
"CONTINUITY\AUDIO\LANGUAGE\REGISTRY\scene_language_registry.md",".md","139","False","True","False"
"CONTINUITY\AUDIO\LANGUAGE\REGISTRY\translation_registry.md",".md","136","False","True","False"
"CONTINUITY\AUDIO\LANGUAGE\SANSKRIT\classical_sanskrit.md",".md","134","False","True","False"
"CONTINUITY\AUDIO\LANGUAGE\SANSKRIT\sanskrit_chandas.md",".md","132","False","True","False"
"CONTINUITY\AUDIO\LANGUAGE\SANSKRIT\sanskrit_chant.md",".md","130","False","True","False"
"CONTINUITY\AUDIO\LANGUAGE\SANSKRIT\sanskrit_character_usage.md",".md","140","False","True","False"
"CONTINUITY\AUDIO\LANGUAGE\SANSKRIT\sanskrit_dialogue.md",".md","133","False","True","False"
"CONTINUITY\AUDIO\LANGUAGE\SANSKRIT\sanskrit_identity.md",".md","133","False","True","False"
"CONTINUITY\AUDIO\LANGUAGE\SANSKRIT\sanskrit_mantra.md",".md","131","False","True","False"
"CONTINUITY\AUDIO\LANGUAGE\SANSKRIT\sanskrit_meter.md",".md","130","False","True","False"
"CONTINUITY\AUDIO\LANGUAGE\SANSKRIT\sanskrit_phonetics.md",".md","134","False","True","False"
"CONTINUITY\AUDIO\LANGUAGE\SANSKRIT\sanskrit_pronunciation.md",".md","138","False","True","False"
"CONTINUITY\AUDIO\LANGUAGE\SANSKRIT\sanskrit_recitation.md",".md","135","False","True","False"
"CONTINUITY\AUDIO\LANGUAGE\SANSKRIT\sanskrit_ritual.md",".md","131","False","True","False"
"CONTINUITY\AUDIO\LANGUAGE\SANSKRIT\sanskrit_sandhi.md",".md","131","False","True","False"
"CONTINUITY\AUDIO\LANGUAGE\SANSKRIT\sanskrit_translation.md",".md","136","False","True","False"
"CONTINUITY\AUDIO\LANGUAGE\SANSKRIT\sanskrit_transliteration.md",".md","140","False","True","False"
"CONTINUITY\AUDIO\LANGUAGE\SANSKRIT\vedic_sanskrit.md",".md","130","False","True","False"
"CONTINUITY\AUDIO\LANGUAGE\SCENE\scene_default_language.md",".md","138","False","True","False"
"CONTINUITY\AUDIO\LANGUAGE\SCENE\scene_language_consistency.md",".md","142","False","True","False"
"CONTINUITY\AUDIO\LANGUAGE\SCENE\scene_language_density.md",".md","138","False","True","False"
"CONTINUITY\AUDIO\LANGUAGE\SCENE\scene_language_identity.md",".md","139","False","True","False"
"CONTINUITY\AUDIO\LANGUAGE\SCENE\scene_language_rules.md",".md","136","False","True","False"
"CONTINUITY\AUDIO\LANGUAGE\SCENE\scene_language_transition.md",".md","141","False","True","False"
"CONTINUITY\AUDIO\LANGUAGE\SCENE\scene_language_validation.md",".md","141","False","True","False"
"CONTINUITY\AUDIO\LANGUAGE\SCENE\scene_multi_language.md",".md","136","False","True","False"
"CONTINUITY\AUDIO\LANGUAGE\SPEECH\language_speech_emphasis.md",".md","140","False","True","False"
"CONTINUITY\AUDIO\LANGUAGE\SPEECH\language_speech_identity.md",".md","140","False","True","False"
"CONTINUITY\AUDIO\LANGUAGE\SPEECH\language_speech_intonation.md",".md","142","False","True","False"
"CONTINUITY\AUDIO\LANGUAGE\SPEECH\language_speech_pause.md",".md","137","False","True","False"
"CONTINUITY\AUDIO\LANGUAGE\SPEECH\language_speech_register.md",".md","140","False","True","False"
"CONTINUITY\AUDIO\LANGUAGE\SPEECH\language_speech_rhythm.md",".md","138","False","True","False"
"CONTINUITY\AUDIO\LANGUAGE\SPEECH\language_speech_speed.md",".md","137","False","True","False"
"CONTINUITY\AUDIO\LANGUAGE\SPEECH\language_speech_style.md",".md","137","False","True","False"
"CONTINUITY\AUDIO\LANGUAGE\SPEECH\language_speech_transition.md",".md","142","False","True","False"
"CONTINUITY\AUDIO\LANGUAGE\SUBTITLES\subtitle_awadhi.md",".md","131","False","True","False"
"CONTINUITY\AUDIO\LANGUAGE\SUBTITLES\subtitle_dialogue_sync.md",".md","138","False","True","False"
"CONTINUITY\AUDIO\LANGUAGE\SUBTITLES\subtitle_hindi.md",".md","130","False","True","False"
"CONTINUITY\AUDIO\LANGUAGE\SUBTITLES\subtitle_language_consistency.md",".md","145","False","True","False"
"CONTINUITY\AUDIO\LANGUAGE\SUBTITLES\subtitle_language_identity.md",".md","142","False","True","False"
"CONTINUITY\AUDIO\LANGUAGE\SUBTITLES\subtitle_sanskrit.md",".md","133","False","True","False"
"CONTINUITY\AUDIO\LANGUAGE\SUBTITLES\subtitle_source_language.md",".md","140","False","True","False"
"CONTINUITY\AUDIO\LANGUAGE\SUBTITLES\subtitle_target_language.md",".md","140","False","True","False"
"CONTINUITY\AUDIO\LANGUAGE\SUBTITLES\subtitle_timing.md",".md","131","False","True","False"
"CONTINUITY\AUDIO\LANGUAGE\SUBTITLES\subtitle_translation.md",".md","136","False","True","False"
"CONTINUITY\AUDIO\LANGUAGE\SWITCHING\switch_canonical_context.md",".md","140","False","True","False"
"CONTINUITY\AUDIO\LANGUAGE\SWITCHING\switch_character.md",".md","132","False","True","False"
"CONTINUITY\AUDIO\LANGUAGE\SWITCHING\switch_continuity.md",".md","133","False","True","False"
"CONTINUITY\AUDIO\LANGUAGE\SWITCHING\switch_emotional_context.md",".md","140","False","True","False"
"CONTINUITY\AUDIO\LANGUAGE\SWITCHING\switch_identity.md",".md","131","False","True","False"
"CONTINUITY\AUDIO\LANGUAGE\SWITCHING\switch_new_language.md",".md","135","False","True","False"
"CONTINUITY\AUDIO\LANGUAGE\SWITCHING\switch_previous_language.md",".md","140","False","True","False"
"CONTINUITY\AUDIO\LANGUAGE\SWITCHING\switch_reason.md",".md","129","False","True","False"
"CONTINUITY\AUDIO\LANGUAGE\SWITCHING\switch_return.md",".md","129","False","True","False"
"CONTINUITY\AUDIO\LANGUAGE\SWITCHING\switch_ritual.md",".md","129","False","True","False"
"CONTINUITY\AUDIO\LANGUAGE\SWITCHING\switch_scene.md",".md","128","False","True","False"
"CONTINUITY\AUDIO\LANGUAGE\SWITCHING\switch_trigger.md",".md","130","False","True","False"
"CONTINUITY\AUDIO\LANGUAGE\SWITCHING\switch_validation.md",".md","133","False","True","False"
"CONTINUITY\AUDIO\LANGUAGE\TRANSLATION\awadhi_hindi_translation.md",".md","140","False","True","False"
"CONTINUITY\AUDIO\LANGUAGE\TRANSLATION\canonical_translation.md",".md","137","False","True","False"
"CONTINUITY\AUDIO\LANGUAGE\TRANSLATION\dramatic_translation.md",".md","136","False","True","False"
"CONTINUITY\AUDIO\LANGUAGE\TRANSLATION\hindi_awadhi_translation.md",".md","140","False","True","False"
"CONTINUITY\AUDIO\LANGUAGE\TRANSLATION\literal_translation.md",".md","135","False","True","False"
"CONTINUITY\AUDIO\LANGUAGE\TRANSLATION\meaning_preserving_translation.md",".md","146","False","True","False"
"CONTINUITY\AUDIO\LANGUAGE\TRANSLATION\sanskrit_awadhi_translation.md",".md","143","False","True","False"
"CONTINUITY\AUDIO\LANGUAGE\TRANSLATION\sanskrit_hindi_translation.md",".md","142","False","True","False"
"CONTINUITY\AUDIO\LANGUAGE\TRANSLATION\source_language.md",".md","131","False","True","False"
"CONTINUITY\AUDIO\LANGUAGE\TRANSLATION\target_language.md",".md","131","False","True","False"
"CONTINUITY\AUDIO\LANGUAGE\TRANSLATION\translation_authority.md",".md","137","False","True","False"
"CONTINUITY\AUDIO\LANGUAGE\TRANSLATION\translation_identity.md",".md","136","False","True","False"
"CONTINUITY\AUDIO\LANGUAGE\TRANSLATION\translation_lineage.md",".md","135","False","True","False"
"CONTINUITY\AUDIO\LANGUAGE\TRANSLATION\translation_type.md",".md","132","False","True","False"
"CONTINUITY\AUDIO\LANGUAGE\TRANSLATION\translation_version.md",".md","135","False","True","False"
"CONTINUITY\AUDIO\LANGUAGE\TRANSLITERATION\awadhi_transliteration.md",".md","138","False","True","False"
"CONTINUITY\AUDIO\LANGUAGE\TRANSLITERATION\devanagari.md",".md","126","False","True","False"
"CONTINUITY\AUDIO\LANGUAGE\TRANSLITERATION\hindi_transliteration.md",".md","137","False","True","False"
"CONTINUITY\AUDIO\LANGUAGE\TRANSLITERATION\romanization.md",".md","128","False","True","False"
"CONTINUITY\AUDIO\LANGUAGE\TRANSLITERATION\sanskrit_transliteration.md",".md","140","False","True","False"
"CONTINUITY\AUDIO\LANGUAGE\TRANSLITERATION\source_script.md",".md","129","False","True","False"
"CONTINUITY\AUDIO\LANGUAGE\TRANSLITERATION\target_script.md",".md","129","False","True","False"
"CONTINUITY\AUDIO\LANGUAGE\TRANSLITERATION\transliteration_consistency.md",".md","143","False","True","False"
"CONTINUITY\AUDIO\LANGUAGE\TRANSLITERATION\transliteration_identity.md",".md","140","False","True","False"
"CONTINUITY\AUDIO\LANGUAGE\VOICE\language_specific_accent.md",".md","140","False","True","False"
"CONTINUITY\AUDIO\LANGUAGE\VOICE\language_specific_articulation.md",".md","146","False","True","False"
"CONTINUITY\AUDIO\LANGUAGE\VOICE\language_specific_timbre.md",".md","140","False","True","False"
"CONTINUITY\AUDIO\LANGUAGE\VOICE\language_specific_voice.md",".md","139","False","True","False"
"CONTINUITY\AUDIO\LANGUAGE\VOICE\language_voice_continuity.md",".md","141","False","True","False"
"CONTINUITY\AUDIO\LANGUAGE\VOICE\language_voice_identity.md",".md","139","False","True","False"
"CONTINUITY\AUDIO\LANGUAGE\VOICE\language_voice_profile.md",".md","138","False","True","False"
"CONTINUITY\AUDIO\LANGUAGE\VOICE\language_voice_transition.md",".md","141","False","True","False"
"CONTINUITY\AUDIO\LAYERING\ambient_layer.md",".md","145","False","True","False"
"CONTINUITY\AUDIO\LAYERING\dialogue_layer.md",".md","146","False","True","False"
"CONTINUITY\AUDIO\LAYERING\foley_layer.md",".md","143","False","True","False"
"CONTINUITY\AUDIO\LAYERING\foreground_layer.md",".md","148","False","True","False"
"CONTINUITY\AUDIO\LAYERING\layer_conflict.md",".md","146","False","True","False"
"CONTINUITY\AUDIO\LAYERING\layer_continuity.md",".md","148","False","True","False"
"CONTINUITY\AUDIO\LAYERING\layer_dependency.md",".md","148","False","True","False"
"CONTINUITY\AUDIO\LAYERING\layer_entry.md",".md","143","False","True","False"
"CONTINUITY\AUDIO\LAYERING\layer_exit.md",".md","142","False","True","False"
"CONTINUITY\AUDIO\LAYERING\layer_identity.md",".md","146","False","True","False"
"CONTINUITY\AUDIO\LAYERING\layer_masking.md",".md","145","False","True","False"
"CONTINUITY\AUDIO\LAYERING\layer_overlap.md",".md","145","False","True","False"
"CONTINUITY\AUDIO\LAYERING\layer_priority.md",".md","146","False","True","False"
"CONTINUITY\AUDIO\LAYERING\layer_type.md",".md","142","False","True","False"
"CONTINUITY\AUDIO\LAYERING\music_layer.md",".md","143","False","True","False"
"CONTINUITY\AUDIO\LAYERING\non_diegetic_layer.md",".md","150","False","True","False"
"CONTINUITY\AUDIO\LAYERING\sfx_layer.md",".md","141","False","True","False"
"CONTINUITY\AUDIO\LAYERING\silence_layer.md",".md","145","False","True","False"
"CONTINUITY\AUDIO\LAYERING\spiritual_layer.md",".md","147","False","True","False"
"CONTINUITY\AUDIO\LAYERING\subjective_layer.md",".md","148","False","True","False"
"CONTINUITY\AUDIO\LOCK\audio_lock.md",".md","248","False","True","False"
"CONTINUITY\AUDIO\MIXING\mix_continuity.md",".md","232","False","True","False"
"CONTINUITY\AUDIO\MIXING\noise_floor.md",".md","165","False","True","False"
"CONTINUITY\AUDIO\MIX_MASTER_DELIVERY\ambience_priority.md",".md","149","False","True","False"
"CONTINUITY\AUDIO\MIX_MASTER_DELIVERY\archive_master.md",".md","146","False","True","False"
"CONTINUITY\AUDIO\MIX_MASTER_DELIVERY\broadcast_master.md",".md","148","False","True","False"
"CONTINUITY\AUDIO\MIX_MASTER_DELIVERY\clipping.md",".md","140","False","True","False"
"CONTINUITY\AUDIO\MIX_MASTER_DELIVERY\compression.md",".md","143","False","True","False"
"CONTINUITY\AUDIO\MIX_MASTER_DELIVERY\deliverable_master.md",".md","150","False","True","False"
"CONTINUITY\AUDIO\MIX_MASTER_DELIVERY\dialogue_priority.md",".md","149","False","True","False"
"CONTINUITY\AUDIO\MIX_MASTER_DELIVERY\dynamic_range.md",".md","145","False","True","False"
"CONTINUITY\AUDIO\MIX_MASTER_DELIVERY\foley_priority.md",".md","146","False","True","False"
"CONTINUITY\AUDIO\MIX_MASTER_DELIVERY\frequency_balance.md",".md","149","False","True","False"
"CONTINUITY\AUDIO\MIX_MASTER_DELIVERY\headroom.md",".md","140","False","True","False"
"CONTINUITY\AUDIO\MIX_MASTER_DELIVERY\language_master.md",".md","147","False","True","False"
"CONTINUITY\AUDIO\MIX_MASTER_DELIVERY\limiting.md",".md","140","False","True","False"
"CONTINUITY\AUDIO\MIX_MASTER_DELIVERY\loudness.md",".md","140","False","True","False"
"CONTINUITY\AUDIO\MIX_MASTER_DELIVERY\lufs.md",".md","136","False","True","False"
"CONTINUITY\AUDIO\MIX_MASTER_DELIVERY\master_bus.md",".md","142","False","True","False"
"CONTINUITY\AUDIO\MIX_MASTER_DELIVERY\master_stem.md",".md","143","False","True","False"
"CONTINUITY\AUDIO\MIX_MASTER_DELIVERY\mix_automation.md",".md","146","False","True","False"
"CONTINUITY\AUDIO\MIX_MASTER_DELIVERY\mix_balance.md",".md","143","False","True","False"
"CONTINUITY\AUDIO\MIX_MASTER_DELIVERY\mix_bus_routing.md",".md","147","False","True","False"
"CONTINUITY\AUDIO\MIX_MASTER_DELIVERY\mix_identity.md",".md","144","False","True","False"
"CONTINUITY\AUDIO\MIX_MASTER_DELIVERY\mix_priority.md",".md","144","False","True","False"
"CONTINUITY\AUDIO\MIX_MASTER_DELIVERY\mix_state.md",".md","141","False","True","False"
"CONTINUITY\AUDIO\MIX_MASTER_DELIVERY\mix_stem_routing.md",".md","148","False","True","False"
"CONTINUITY\AUDIO\MIX_MASTER_DELIVERY\mix_version.md",".md","143","False","True","False"
"CONTINUITY\AUDIO\MIX_MASTER_DELIVERY\mono_compatibility.md",".md","150","False","True","False"
"CONTINUITY\AUDIO\MIX_MASTER_DELIVERY\music_priority.md",".md","146","False","True","False"
"CONTINUITY\AUDIO\MIX_MASTER_DELIVERY\phase.md",".md","137","False","True","False"
"CONTINUITY\AUDIO\MIX_MASTER_DELIVERY\polarity.md",".md","140","False","True","False"
"CONTINUITY\AUDIO\MIX_MASTER_DELIVERY\sfx_priority.md",".md","144","False","True","False"
"CONTINUITY\AUDIO\MIX_MASTER_DELIVERY\stereo_correlation.md",".md","150","False","True","False"
"CONTINUITY\AUDIO\MIX_MASTER_DELIVERY\streaming_master.md",".md","148","False","True","False"
"CONTINUITY\AUDIO\MIX_MASTER_DELIVERY\true_peak.md",".md","141","False","True","False"
"CONTINUITY\AUDIO\MIX_MASTER_DELIVERY\versioned_delivery.md",".md","150","False","True","False"
"CONTINUITY\AUDIO\MUSIC_CONTINUITY_HARDENING\character_theme.md",".md","147","False","True","False"
"CONTINUITY\AUDIO\MUSIC_CONTINUITY_HARDENING\cue_identity.md",".md","144","False","True","False"
"CONTINUITY\AUDIO\MUSIC_CONTINUITY_HARDENING\cue_lineage.md",".md","143","False","True","False"
"CONTINUITY\AUDIO\MUSIC_CONTINUITY_HARDENING\cue_version.md",".md","143","False","True","False"
"CONTINUITY\AUDIO\MUSIC_CONTINUITY_HARDENING\event_theme.md",".md","143","False","True","False"
"CONTINUITY\AUDIO\MUSIC_CONTINUITY_HARDENING\historical_instrument.md",".md","153","False","True","False"
"CONTINUITY\AUDIO\MUSIC_CONTINUITY_HARDENING\instrumentation.md",".md","147","False","True","False"
"CONTINUITY\AUDIO\MUSIC_CONTINUITY_HARDENING\instrument_identity.md",".md","151","False","True","False"
"CONTINUITY\AUDIO\MUSIC_CONTINUITY_HARDENING\instrument_tuning.md",".md","149","False","True","False"
"CONTINUITY\AUDIO\MUSIC_CONTINUITY_HARDENING\leitmotif_identity.md",".md","150","False","True","False"
"CONTINUITY\AUDIO\MUSIC_CONTINUITY_HARDENING\location_theme.md",".md","146","False","True","False"
"CONTINUITY\AUDIO\MUSIC_CONTINUITY_HARDENING\mode_continuity.md",".md","147","False","True","False"
"CONTINUITY\AUDIO\MUSIC_CONTINUITY_HARDENING\motif_transformation.md",".md","152","False","True","False"
"CONTINUITY\AUDIO\MUSIC_CONTINUITY_HARDENING\musical_entry.md",".md","145","False","True","False"
"CONTINUITY\AUDIO\MUSIC_CONTINUITY_HARDENING\musical_exit.md",".md","144","False","True","False"
"CONTINUITY\AUDIO\MUSIC_CONTINUITY_HARDENING\musical_transformation.md",".md","154","False","True","False"
"CONTINUITY\AUDIO\MUSIC_CONTINUITY_HARDENING\musical_transition.md",".md","150","False","True","False"
"CONTINUITY\AUDIO\MUSIC_CONTINUITY_HARDENING\music_history.md",".md","145","False","True","False"
"CONTINUITY\AUDIO\MUSIC_CONTINUITY_HARDENING\music_state.md",".md","143","False","True","False"
"CONTINUITY\AUDIO\MUSIC_CONTINUITY_HARDENING\raga_continuity.md",".md","147","False","True","False"
"CONTINUITY\AUDIO\MUSIC_CONTINUITY_HARDENING\relationship_theme.md",".md","150","False","True","False"
"CONTINUITY\AUDIO\MUSIC_CONTINUITY_HARDENING\rhythm_continuity.md",".md","149","False","True","False"
"CONTINUITY\AUDIO\MUSIC_CONTINUITY_HARDENING\spiritual_theme.md",".md","147","False","True","False"
"CONTINUITY\AUDIO\MUSIC_CONTINUITY_HARDENING\tempo_continuity.md",".md","148","False","True","False"
"CONTINUITY\AUDIO\MUSIC_CONTINUITY_HARDENING\theme_identity.md",".md","146","False","True","False"
"CONTINUITY\AUDIO\NATURAL_VARIATION_EXPANDED\ambient_variation.md",".md","149","False","True","False"
"CONTINUITY\AUDIO\NATURAL_VARIATION_EXPANDED\animal_audio_variation.md",".md","154","False","True","False"
"CONTINUITY\AUDIO\NATURAL_VARIATION_EXPANDED\breathing_variation.md",".md","151","False","True","False"
"CONTINUITY\AUDIO\NATURAL_VARIATION_EXPANDED\crowd_variation.md",".md","147","False","True","False"
"CONTINUITY\AUDIO\NATURAL_VARIATION_EXPANDED\emphasis_variation.md",".md","150","False","True","False"
"CONTINUITY\AUDIO\NATURAL_VARIATION_EXPANDED\environmental_variation.md",".md","155","False","True","False"
"CONTINUITY\AUDIO\NATURAL_VARIATION_EXPANDED\foley_variation.md",".md","147","False","True","False"
"CONTINUITY\AUDIO\NATURAL_VARIATION_EXPANDED\intonation_variation.md",".md","152","False","True","False"
"CONTINUITY\AUDIO\NATURAL_VARIATION_EXPANDED\music_performance_variation.md",".md","159","False","True","False"
"CONTINUITY\AUDIO\NATURAL_VARIATION_EXPANDED\pause_variation.md",".md","147","False","True","False"
"CONTINUITY\AUDIO\NATURAL_VARIATION_EXPANDED\speech_variation.md",".md","148","False","True","False"
"CONTINUITY\AUDIO\NATURAL_VARIATION_EXPANDED\variation_continuity_rules.md",".md","158","False","True","False"
"CONTINUITY\AUDIO\NATURAL_VARIATION_EXPANDED\variation_identity_boundary.md",".md","159","False","True","False"
"CONTINUITY\AUDIO\NATURAL_VARIATION_EXPANDED\variation_limits.md",".md","148","False","True","False"
"CONTINUITY\AUDIO\NATURAL_VARIATION_EXPANDED\variation_state_dependency.md",".md","158","False","True","False"
"CONTINUITY\AUDIO\NATURAL_VARIATION_EXPANDED\voice_variation.md",".md","147","False","True","False"
"CONTINUITY\AUDIO\NONVERBAL_VOCALIZATION\anger_vocalization.md",".md","150","False","True","False"
"CONTINUITY\AUDIO\NONVERBAL_VOCALIZATION\breath_vocalization.md",".md","151","False","True","False"
"CONTINUITY\AUDIO\NONVERBAL_VOCALIZATION\chant.md",".md","137","False","True","False"
"CONTINUITY\AUDIO\NONVERBAL_VOCALIZATION\cry.md",".md","135","False","True","False"
"CONTINUITY\AUDIO\NONVERBAL_VOCALIZATION\fear_vocalization.md",".md","149","False","True","False"
"CONTINUITY\AUDIO\NONVERBAL_VOCALIZATION\gasp.md",".md","136","False","True","False"
"CONTINUITY\AUDIO\NONVERBAL_VOCALIZATION\groan.md",".md","137","False","True","False"
"CONTINUITY\AUDIO\NONVERBAL_VOCALIZATION\humming.md",".md","139","False","True","False"
"CONTINUITY\AUDIO\NONVERBAL_VOCALIZATION\laugh.md",".md","137","False","True","False"
"CONTINUITY\AUDIO\NONVERBAL_VOCALIZATION\moan.md",".md","136","False","True","False"
"CONTINUITY\AUDIO\NONVERBAL_VOCALIZATION\mouth_sound.md",".md","143","False","True","False"
"CONTINUITY\AUDIO\NONVERBAL_VOCALIZATION\pain_vocalization.md",".md","149","False","True","False"
"CONTINUITY\AUDIO\NONVERBAL_VOCALIZATION\relief_vocalization.md",".md","151","False","True","False"
"CONTINUITY\AUDIO\NONVERBAL_VOCALIZATION\shout.md",".md","137","False","True","False"
"CONTINUITY\AUDIO\NONVERBAL_VOCALIZATION\sigh.md",".md","136","False","True","False"
"CONTINUITY\AUDIO\NONVERBAL_VOCALIZATION\singing.md",".md","139","False","True","False"
"CONTINUITY\AUDIO\NONVERBAL_VOCALIZATION\sob.md",".md","135","False","True","False"
"CONTINUITY\AUDIO\NONVERBAL_VOCALIZATION\surprise_vocalization.md",".md","153","False","True","False"
"CONTINUITY\AUDIO\NONVERBAL_VOCALIZATION\swallowing.md",".md","142","False","True","False"
"CONTINUITY\AUDIO\NONVERBAL_VOCALIZATION\throat_clearing.md",".md","147","False","True","False"
"CONTINUITY\AUDIO\NONVERBAL_VOCALIZATION\vocal_exertion.md",".md","146","False","True","False"
"CONTINUITY\AUDIO\NONVERBAL_VOCALIZATION\whisper.md",".md","139","False","True","False"
"CONTINUITY\AUDIO\PERFORMER\performer_age_state.md",".md","151","False","True","False"
"CONTINUITY\AUDIO\PERFORMER\performer_authorization.md",".md","155","False","True","False"
"CONTINUITY\AUDIO\PERFORMER\performer_continuity.md",".md","152","False","True","False"
"CONTINUITY\AUDIO\PERFORMER\performer_emotional_state.md",".md","157","False","True","False"
"CONTINUITY\AUDIO\PERFORMER\performer_fatigue_state.md",".md","155","False","True","False"
"CONTINUITY\AUDIO\PERFORMER\performer_health_state.md",".md","154","False","True","False"
"CONTINUITY\AUDIO\PERFORMER\performer_identity.md",".md","150","False","True","False"
"CONTINUITY\AUDIO\PERFORMER\performer_multiple.md",".md","150","False","True","False"
"CONTINUITY\AUDIO\PERFORMER\performer_performance_history.md",".md","161","False","True","False"
"CONTINUITY\AUDIO\PERFORMER\performer_replacement.md",".md","153","False","True","False"
"CONTINUITY\AUDIO\PERFORMER\performer_stunt_voice.md",".md","153","False","True","False"
"CONTINUITY\AUDIO\PERFORMER\performer_voice_double.md",".md","154","False","True","False"
"CONTINUITY\AUDIO\PERFORMER\performer_voice_provenance.md",".md","158","False","True","False"
"CONTINUITY\AUDIO\PRONUNCIATION\pronunciation_continuity.md",".md","291","False","True","False"
"CONTINUITY\AUDIO\PRONUNCIATION\pronunciation_variants.md",".md","185","False","True","False"
"CONTINUITY\AUDIO\PRONUNCIATION_EXPANDED\chandas.md",".md","139","False","True","False"
"CONTINUITY\AUDIO\PRONUNCIATION_EXPANDED\chant_pronunciation.md",".md","151","False","True","False"
"CONTINUITY\AUDIO\PRONUNCIATION_EXPANDED\classical_sanskrit_pronunciation.md",".md","164","False","True","False"
"CONTINUITY\AUDIO\PRONUNCIATION_EXPANDED\divine_name_pronunciation.md",".md","157","False","True","False"
"CONTINUITY\AUDIO\PRONUNCIATION_EXPANDED\mantra_pronunciation.md",".md","152","False","True","False"
"CONTINUITY\AUDIO\PRONUNCIATION_EXPANDED\meter.md",".md","137","False","True","False"
"CONTINUITY\AUDIO\PRONUNCIATION_EXPANDED\name_pronunciation.md",".md","150","False","True","False"
"CONTINUITY\AUDIO\PRONUNCIATION_EXPANDED\phoneme_inventory.md",".md","149","False","True","False"
"CONTINUITY\AUDIO\PRONUNCIATION_EXPANDED\phoneme_timing.md",".md","146","False","True","False"
"CONTINUITY\AUDIO\PRONUNCIATION_EXPANDED\phonetic_identity.md",".md","149","False","True","False"
"CONTINUITY\AUDIO\PRONUNCIATION_EXPANDED\place_name_pronunciation.md",".md","156","False","True","False"
"CONTINUITY\AUDIO\PRONUNCIATION_EXPANDED\pronunciation_authority.md",".md","155","False","True","False"
"CONTINUITY\AUDIO\PRONUNCIATION_EXPANDED\pronunciation_conflict.md",".md","154","False","True","False"
"CONTINUITY\AUDIO\PRONUNCIATION_EXPANDED\pronunciation_exception.md",".md","155","False","True","False"
"CONTINUITY\AUDIO\PRONUNCIATION_EXPANDED\recitation_pronunciation.md",".md","156","False","True","False"
"CONTINUITY\AUDIO\PRONUNCIATION_EXPANDED\sandhi.md",".md","138","False","True","False"
"CONTINUITY\AUDIO\PRONUNCIATION_EXPANDED\sanskrit_pronunciation.md",".md","154","False","True","False"
"CONTINUITY\AUDIO\PRONUNCIATION_EXPANDED\speaker_specific_pronunciation.md",".md","162","False","True","False"
"CONTINUITY\AUDIO\PRONUNCIATION_EXPANDED\transliteration.md",".md","147","False","True","False"
"CONTINUITY\AUDIO\PRONUNCIATION_EXPANDED\vedic_pronunciation.md",".md","151","False","True","False"
"CONTINUITY\AUDIO\PRONUNCIATION_EXPANDED\word_pronunciation.md",".md","150","False","True","False"
"CONTINUITY\AUDIO\PROVENANCE_RIGHTS\asset_provenance.md",".md","148","False","True","False"
"CONTINUITY\AUDIO\PROVENANCE_RIGHTS\attribution.md",".md","143","False","True","False"
"CONTINUITY\AUDIO\PROVENANCE_RIGHTS\audio_provenance.md",".md","148","False","True","False"
"CONTINUITY\AUDIO\PROVENANCE_RIGHTS\contamination_tracking.md",".md","154","False","True","False"
"CONTINUITY\AUDIO\PROVENANCE_RIGHTS\license_state.md",".md","145","False","True","False"
"CONTINUITY\AUDIO\PROVENANCE_RIGHTS\model_provenance.md",".md","148","False","True","False"
"CONTINUITY\AUDIO\PROVENANCE_RIGHTS\performer_consent.md",".md","149","False","True","False"
"CONTINUITY\AUDIO\PROVENANCE_RIGHTS\recording_provenance.md",".md","152","False","True","False"
"CONTINUITY\AUDIO\PROVENANCE_RIGHTS\reference_provenance.md",".md","152","False","True","False"
"CONTINUITY\AUDIO\PROVENANCE_RIGHTS\source_integrity.md",".md","148","False","True","False"
"CONTINUITY\AUDIO\PROVENANCE_RIGHTS\training_source_provenance.md",".md","158","False","True","False"
"CONTINUITY\AUDIO\PROVENANCE_RIGHTS\usage_restriction.md",".md","149","False","True","False"
"CONTINUITY\AUDIO\PROVENANCE_RIGHTS\voice_clone_authorization.md",".md","157","False","True","False"
"CONTINUITY\AUDIO\PROVENANCE_RIGHTS\voice_provenance.md",".md","148","False","True","False"
"CONTINUITY\AUDIO\QA\audio_qa.md",".md","246","False","True","True"
"CONTINUITY\AUDIO\QA\canon_qa.md",".md","154","False","True","False"
"CONTINUITY\AUDIO\QA\pronunciation_qa.md",".md","159","False","True","False"
"CONTINUITY\AUDIO\QA\sfx_qa.md",".md","130","False","True","False"
"CONTINUITY\AUDIO\QA\spatial_qa.md",".md","140","False","True","False"
"CONTINUITY\AUDIO\QA_HARDENING\ai_artifact_qa.md",".md","146","False","True","False"
"CONTINUITY\AUDIO\QA_HARDENING\ambience_qa.md",".md","143","False","True","False"
"CONTINUITY\AUDIO\QA_HARDENING\continuity_qa.md",".md","145","False","True","False"
"CONTINUITY\AUDIO\QA_HARDENING\cross_episode_audio_qa.md",".md","154","False","True","False"
"CONTINUITY\AUDIO\QA_HARDENING\dialogue_qa.md",".md","143","False","True","False"
"CONTINUITY\AUDIO\QA_HARDENING\during_generation_audio_qa.md",".md","158","False","True","False"
"CONTINUITY\AUDIO\QA_HARDENING\foley_qa.md",".md","140","False","True","False"
"CONTINUITY\AUDIO\QA_HARDENING\human_realism_audio_qa.md",".md","154","False","True","False"
"CONTINUITY\AUDIO\QA_HARDENING\mix_qa.md",".md","138","False","True","False"
"CONTINUITY\AUDIO\QA_HARDENING\music_qa.md",".md","140","False","True","False"
"CONTINUITY\AUDIO\QA_HARDENING\physical_causality_qa.md",".md","153","False","True","False"
"CONTINUITY\AUDIO\QA_HARDENING\post_generation_audio_qa.md",".md","156","False","True","False"
"CONTINUITY\AUDIO\QA_HARDENING\pre_episode_audio_qa.md",".md","152","False","True","False"
"CONTINUITY\AUDIO\QA_HARDENING\pre_generation_audio_qa.md",".md","155","False","True","False"
"CONTINUITY\AUDIO\QA_HARDENING\pre_scene_audio_qa.md",".md","150","False","True","False"
"CONTINUITY\AUDIO\QA_HARDENING\pre_sequence_audio_qa.md",".md","153","False","True","False"
"CONTINUITY\AUDIO\QA_HARDENING\pre_shot_audio_qa.md",".md","149","False","True","False"
"CONTINUITY\AUDIO\QA_HARDENING\pronunciation_qa.md",".md","148","False","True","False"
"CONTINUITY\AUDIO\QA_HARDENING\series_audio_qa.md",".md","147","False","True","False"
"CONTINUITY\AUDIO\QA_HARDENING\sfx_qa.md",".md","138","False","True","False"
"CONTINUITY\AUDIO\QA_HARDENING\silence_qa.md",".md","142","False","True","False"
"CONTINUITY\AUDIO\QA_HARDENING\spatial_qa.md",".md","142","False","True","False"
"CONTINUITY\AUDIO\QA_HARDENING\technical_qa.md",".md","144","False","True","False"
"CONTINUITY\AUDIO\QA_HARDENING\voice_qa.md",".md","140","False","True","False"
"CONTINUITY\AUDIO\RAMAYANA\ramayana_audio.md",".md","340","False","True","False"
"CONTINUITY\AUDIO\RECORDING\recording_best_take.md",".md","151","False","True","False"
"CONTINUITY\AUDIO\RECORDING\recording_contamination.md",".md","155","False","True","False"
"CONTINUITY\AUDIO\RECORDING\recording_environment.md",".md","153","False","True","False"
"CONTINUITY\AUDIO\RECORDING\recording_identity.md",".md","150","False","True","False"
"CONTINUITY\AUDIO\RECORDING\recording_location.md",".md","150","False","True","False"
"CONTINUITY\AUDIO\RECORDING\recording_metadata.md",".md","150","False","True","False"
"CONTINUITY\AUDIO\RECORDING\recording_microphone.md",".md","152","False","True","False"
"CONTINUITY\AUDIO\RECORDING\recording_microphone_distance.md",".md","161","False","True","False"
"CONTINUITY\AUDIO\RECORDING\recording_microphone_pattern.md",".md","160","False","True","False"
"CONTINUITY\AUDIO\RECORDING\recording_microphone_position.md",".md","161","False","True","False"
"CONTINUITY\AUDIO\RECORDING\recording_noise_floor.md",".md","153","False","True","False"
"CONTINUITY\AUDIO\RECORDING\recording_performer.md",".md","151","False","True","False"
"CONTINUITY\AUDIO\RECORDING\recording_preamp.md",".md","148","False","True","False"
"CONTINUITY\AUDIO\RECORDING\recording_provenance.md",".md","152","False","True","False"
"CONTINUITY\AUDIO\RECORDING\recording_rights.md",".md","148","False","True","False"
"CONTINUITY\AUDIO\RECORDING\recording_room.md",".md","146","False","True","False"
"CONTINUITY\AUDIO\RECORDING\recording_room_tone.md",".md","151","False","True","False"
"CONTINUITY\AUDIO\RECORDING\recording_session.md",".md","149","False","True","False"
"CONTINUITY\AUDIO\RECORDING\recording_signal_chain.md",".md","154","False","True","False"
"CONTINUITY\AUDIO\RECORDING\recording_take.md",".md","146","False","True","False"
"CONTINUITY\AUDIO\RECORDING\recording_technical_settings.md",".md","160","False","True","False"
"CONTINUITY\AUDIO\REGENERATION\audio_regeneration.md",".md","240","False","True","False"
"CONTINUITY\AUDIO\REGISTRY\ambience_registry.md",".md","120","False","True","False"
"CONTINUITY\AUDIO\REGISTRY\foley_registry.md",".md","107","True","True","False"
"CONTINUITY\AUDIO\REGISTRY\sfx_registry.md",".md","91","False","True","False"
"CONTINUITY\AUDIO\REGISTRY_EXPANDED\audio_ambience_registry.md",".md","155","False","True","False"
"CONTINUITY\AUDIO\REGISTRY_EXPANDED\audio_approval_registry.md",".md","155","False","True","False"
"CONTINUITY\AUDIO\REGISTRY_EXPANDED\audio_asset_registry.md",".md","152","False","True","False"
"CONTINUITY\AUDIO\REGISTRY_EXPANDED\audio_dependency_registry.md",".md","157","False","True","False"
"CONTINUITY\AUDIO\REGISTRY_EXPANDED\audio_dialogue_registry.md",".md","155","False","True","False"
"CONTINUITY\AUDIO\REGISTRY_EXPANDED\audio_entity_registry.md",".md","153","False","True","False"
"CONTINUITY\AUDIO\REGISTRY_EXPANDED\audio_error_registry.md",".md","152","False","True","False"
"CONTINUITY\AUDIO\REGISTRY_EXPANDED\audio_export_index.md",".md","150","False","True","False"
"CONTINUITY\AUDIO\REGISTRY_EXPANDED\audio_foley_registry.md",".md","152","False","True","False"
"CONTINUITY\AUDIO\REGISTRY_EXPANDED\audio_lock_registry.md",".md","151","False","True","False"
"CONTINUITY\AUDIO\REGISTRY_EXPANDED\audio_model_registry.md",".md","152","False","True","False"
"CONTINUITY\AUDIO\REGISTRY_EXPANDED\audio_music_registry.md",".md","152","False","True","False"
"CONTINUITY\AUDIO\REGISTRY_EXPANDED\audio_performer_registry.md",".md","156","False","True","False"
"CONTINUITY\AUDIO\REGISTRY_EXPANDED\audio_provenance_registry.md",".md","157","False","True","False"
"CONTINUITY\AUDIO\REGISTRY_EXPANDED\audio_reference_registry.md",".md","156","False","True","False"
"CONTINUITY\AUDIO\REGISTRY_EXPANDED\audio_search_index.md",".md","150","False","True","False"
"CONTINUITY\AUDIO\REGISTRY_EXPANDED\audio_sfx_registry.md",".md","150","False","True","False"
"CONTINUITY\AUDIO\REGISTRY_EXPANDED\audio_silence_registry.md",".md","154","False","True","False"
"CONTINUITY\AUDIO\REGISTRY_EXPANDED\audio_source_registry.md",".md","153","False","True","False"
"CONTINUITY\AUDIO\REGISTRY_EXPANDED\audio_version_registry.md",".md","154","False","True","False"
"CONTINUITY\AUDIO\REGISTRY_EXPANDED\audio_voice_registry.md",".md","152","False","True","False"
"CONTINUITY\AUDIO\REPAIR\audio_repair.md",".md","229","False","True","False"
"CONTINUITY\AUDIO\RETROACTIVE_CHANGE\affected_cross_episode_state.md",".md","160","False","True","False"
"CONTINUITY\AUDIO\RETROACTIVE_CHANGE\affected_episodes.md",".md","149","False","True","False"
"CONTINUITY\AUDIO\RETROACTIVE_CHANGE\affected_scenes.md",".md","147","False","True","False"
"CONTINUITY\AUDIO\RETROACTIVE_CHANGE\affected_sequences.md",".md","150","False","True","False"
"CONTINUITY\AUDIO\RETROACTIVE_CHANGE\affected_shots.md",".md","146","False","True","False"
"CONTINUITY\AUDIO\RETROACTIVE_CHANGE\reopen_rules.md",".md","144","False","True","False"
"CONTINUITY\AUDIO\RETROACTIVE_CHANGE\retroactive_ambience_change.md",".md","159","False","True","False"
"CONTINUITY\AUDIO\RETROACTIVE_CHANGE\retroactive_audio_change.md",".md","156","False","True","False"
"CONTINUITY\AUDIO\RETROACTIVE_CHANGE\retroactive_dialogue_change.md",".md","159","False","True","False"
"CONTINUITY\AUDIO\RETROACTIVE_CHANGE\retroactive_foley_change.md",".md","156","False","True","False"
"CONTINUITY\AUDIO\RETROACTIVE_CHANGE\retroactive_mix_change.md",".md","154","False","True","False"
"CONTINUITY\AUDIO\RETROACTIVE_CHANGE\retroactive_model_change.md",".md","156","False","True","False"
"CONTINUITY\AUDIO\RETROACTIVE_CHANGE\retroactive_music_change.md",".md","156","False","True","False"
"CONTINUITY\AUDIO\RETROACTIVE_CHANGE\retroactive_provenance_change.md",".md","161","False","True","False"
"CONTINUITY\AUDIO\RETROACTIVE_CHANGE\retroactive_source_change.md",".md","157","False","True","False"
"CONTINUITY\AUDIO\RETROACTIVE_CHANGE\retroactive_voice_change.md",".md","156","False","True","False"
"CONTINUITY\AUDIO\RETROACTIVE_CHANGE\revalidation_scope.md",".md","150","False","True","False"
"CONTINUITY\AUDIO\REVALIDATION\audio_revalidation.md",".md","199","False","True","False"
"CONTINUITY\AUDIO\RITUAL_AUDIO\chant_grouping.md",".md","146","False","True","False"
"CONTINUITY\AUDIO\RITUAL_AUDIO\chant_meter.md",".md","143","False","True","False"
"CONTINUITY\AUDIO\RITUAL_AUDIO\chant_rhythm.md",".md","144","False","True","False"
"CONTINUITY\AUDIO\RITUAL_AUDIO\mantra_identity.md",".md","147","False","True","False"
"CONTINUITY\AUDIO\RITUAL_AUDIO\mantra_pronunciation.md",".md","152","False","True","False"
"CONTINUITY\AUDIO\RITUAL_AUDIO\mantra_text.md",".md","143","False","True","False"
"CONTINUITY\AUDIO\RITUAL_AUDIO\recitation_style.md",".md","148","False","True","False"
"CONTINUITY\AUDIO\RITUAL_AUDIO\ritual_bell.md",".md","143","False","True","False"
"CONTINUITY\AUDIO\RITUAL_AUDIO\ritual_cultural_authority.md",".md","157","False","True","False"
"CONTINUITY\AUDIO\RITUAL_AUDIO\ritual_environment.md",".md","150","False","True","False"
"CONTINUITY\AUDIO\RITUAL_AUDIO\ritual_fire_audio.md",".md","149","False","True","False"
"CONTINUITY\AUDIO\RITUAL_AUDIO\ritual_identity.md",".md","147","False","True","False"
"CONTINUITY\AUDIO\RITUAL_AUDIO\ritual_instrument.md",".md","149","False","True","False"
"CONTINUITY\AUDIO\RITUAL_AUDIO\ritual_participants.md",".md","151","False","True","False"
"CONTINUITY\AUDIO\RITUAL_AUDIO\ritual_sequence.md",".md","147","False","True","False"
"CONTINUITY\AUDIO\RITUAL_AUDIO\ritual_silence.md",".md","146","False","True","False"
"CONTINUITY\AUDIO\RITUAL_AUDIO\ritual_spatial_audio.md",".md","152","False","True","False"
"CONTINUITY\AUDIO\RITUAL_AUDIO\ritual_timing.md",".md","145","False","True","False"
"CONTINUITY\AUDIO\SFX\sfx_continuity.md",".md","177","False","True","False"
"CONTINUITY\AUDIO\SFX\sfx_event.md",".md","122","False","True","False"
"CONTINUITY\AUDIO\SFX\sfx_magic.md",".md","250","False","True","False"
"CONTINUITY\AUDIO\SFX\sfx_transformation.md",".md","220","False","True","False"
"CONTINUITY\AUDIO\SILENCE\silence_interruption.md",".md","178","False","True","False"
"CONTINUITY\AUDIO\SILENCE_EXPANDED\audio_suppression.md",".md","149","False","True","False"
"CONTINUITY\AUDIO\SILENCE_EXPANDED\dramatic_silence.md",".md","148","False","True","False"
"CONTINUITY\AUDIO\SILENCE_EXPANDED\intentional_silence.md",".md","151","False","True","False"
"CONTINUITY\AUDIO\SILENCE_EXPANDED\natural_silence.md",".md","147","False","True","False"
"CONTINUITY\AUDIO\SILENCE_EXPANDED\silence_boundary.md",".md","148","False","True","False"
"CONTINUITY\AUDIO\SILENCE_EXPANDED\silence_duration.md",".md","148","False","True","False"
"CONTINUITY\AUDIO\SILENCE_EXPANDED\silence_identity.md",".md","148","False","True","False"
"CONTINUITY\AUDIO\SILENCE_EXPANDED\silence_is_not_missing_audio.md",".md","160","False","True","False"
"CONTINUITY\AUDIO\SILENCE_EXPANDED\silence_is_not_unknown.md",".md","154","False","True","False"
"CONTINUITY\AUDIO\SILENCE_EXPANDED\silence_transition.md",".md","150","False","True","False"
"CONTINUITY\AUDIO\SILENCE_EXPANDED\source_removal.md",".md","146","False","True","False"
"CONTINUITY\AUDIO\SILENCE_EXPANDED\spiritual_silence.md",".md","149","False","True","False"
"CONTINUITY\AUDIO\SILENCE_EXPANDED\subjective_silence.md",".md","150","False","True","False"
"CONTINUITY\AUDIO\SOURCE\source_record.md",".md","211","False","True","False"
"CONTINUITY\AUDIO\SOURCE_AMBIGUITY\ambiguous_source.md",".md","148","False","True","False"
"CONTINUITY\AUDIO\SOURCE_AMBIGUITY\multiple_possible_sources.md",".md","157","False","True","False"
"CONTINUITY\AUDIO\SOURCE_AMBIGUITY\source_confidence.md",".md","149","False","True","False"
"CONTINUITY\AUDIO\SOURCE_AMBIGUITY\source_hypothesis.md",".md","149","False","True","False"
"CONTINUITY\AUDIO\SOURCE_AMBIGUITY\source_reclassification.md",".md","155","False","True","False"
"CONTINUITY\AUDIO\SOURCE_AMBIGUITY\source_resolution.md",".md","149","False","True","False"
"CONTINUITY\AUDIO\SOURCE_AMBIGUITY\unidentified_source.md",".md","151","False","True","False"
"CONTINUITY\AUDIO\SOURCE_AMBIGUITY\unknown_is_not_absence.md",".md","154","False","True","False"
"CONTINUITY\AUDIO\SOURCE_AMBIGUITY\unknown_is_not_silence.md",".md","154","False","True","False"
"CONTINUITY\AUDIO\SOURCE_AMBIGUITY\unknown_source.md",".md","146","False","True","False"
"CONTINUITY\AUDIO\SOURCE_LIFECYCLE\source_archival.md",".md","147","False","True","False"
"CONTINUITY\AUDIO\SOURCE_LIFECYCLE\source_capture.md",".md","146","False","True","False"
"CONTINUITY\AUDIO\SOURCE_LIFECYCLE\source_classification.md",".md","153","False","True","False"
"CONTINUITY\AUDIO\SOURCE_LIFECYCLE\source_creation.md",".md","147","False","True","False"
"CONTINUITY\AUDIO\SOURCE_LIFECYCLE\source_derivation.md",".md","149","False","True","False"
"CONTINUITY\AUDIO\SOURCE_LIFECYCLE\source_design.md",".md","145","False","True","False"
"CONTINUITY\AUDIO\SOURCE_LIFECYCLE\source_editing.md",".md","146","False","True","False"
"CONTINUITY\AUDIO\SOURCE_LIFECYCLE\source_identity.md",".md","147","False","True","False"
"CONTINUITY\AUDIO\SOURCE_LIFECYCLE\source_import.md",".md","145","False","True","False"
"CONTINUITY\AUDIO\SOURCE_LIFECYCLE\source_lifecycle_history.md",".md","156","False","True","False"
"CONTINUITY\AUDIO\SOURCE_LIFECYCLE\source_origin.md",".md","145","False","True","False"
"CONTINUITY\AUDIO\SOURCE_LIFECYCLE\source_processing.md",".md","149","False","True","False"
"CONTINUITY\AUDIO\SOURCE_LIFECYCLE\source_reactivation.md",".md","151","False","True","False"
"CONTINUITY\AUDIO\SOURCE_LIFECYCLE\source_reconstruction.md",".md","153","False","True","False"
"CONTINUITY\AUDIO\SOURCE_LIFECYCLE\source_recording.md",".md","148","False","True","False"
"CONTINUITY\AUDIO\SOURCE_LIFECYCLE\source_replacement.md",".md","150","False","True","False"
"CONTINUITY\AUDIO\SOURCE_LIFECYCLE\source_retirement.md",".md","149","False","True","False"
"CONTINUITY\AUDIO\SOURCE_LIFECYCLE\source_substitution.md",".md","151","False","True","False"
"CONTINUITY\AUDIO\SOURCE_LIFECYCLE\source_supersession.md",".md","151","False","True","False"
"CONTINUITY\AUDIO\SOURCE_LIFECYCLE\source_synthesis.md",".md","148","False","True","False"
"CONTINUITY\AUDIO\SOURCE_LIFECYCLE\source_type.md",".md","143","False","True","False"
"CONTINUITY\AUDIO\SPATIAL\doppler.md",".md","184","False","True","False"
"CONTINUITY\AUDIO\SPATIAL\reverberation.md",".md","224","False","True","False"
"CONTINUITY\AUDIO\SPATIAL\source_position.md",".md","186","False","True","False"
"CONTINUITY\AUDIO\SPATIAL\spatial_audio.md",".md","242","False","True","False"
"CONTINUITY\AUDIO\SPATIAL_EXPANDED\audience_perspective.md",".md","152","False","True","False"
"CONTINUITY\AUDIO\SPATIAL_EXPANDED\background_audio.md",".md","148","False","True","False"
"CONTINUITY\AUDIO\SPATIAL_EXPANDED\camera_orientation.md",".md","150","False","True","False"
"CONTINUITY\AUDIO\SPATIAL_EXPANDED\camera_position.md",".md","147","False","True","False"
"CONTINUITY\AUDIO\SPATIAL_EXPANDED\camera_relative_audio.md",".md","153","False","True","False"
"CONTINUITY\AUDIO\SPATIAL_EXPANDED\character_subjective_audio.md",".md","158","False","True","False"
"CONTINUITY\AUDIO\SPATIAL_EXPANDED\depth_layering.md",".md","146","False","True","False"
"CONTINUITY\AUDIO\SPATIAL_EXPANDED\distance_scaling.md",".md","148","False","True","False"
"CONTINUITY\AUDIO\SPATIAL_EXPANDED\foreground_audio.md",".md","148","False","True","False"
"CONTINUITY\AUDIO\SPATIAL_EXPANDED\height_channel_position.md",".md","155","False","True","False"
"CONTINUITY\AUDIO\SPATIAL_EXPANDED\listener_orientation.md",".md","152","False","True","False"
"CONTINUITY\AUDIO\SPATIAL_EXPANDED\listener_position.md",".md","149","False","True","False"
"CONTINUITY\AUDIO\SPATIAL_EXPANDED\listener_relative_audio.md",".md","155","False","True","False"
"CONTINUITY\AUDIO\SPATIAL_EXPANDED\microphone_perspective.md",".md","154","False","True","False"
"CONTINUITY\AUDIO\SPATIAL_EXPANDED\midground_audio.md",".md","147","False","True","False"
"CONTINUITY\AUDIO\SPATIAL_EXPANDED\movement_across_soundfield.md",".md","158","False","True","False"
"CONTINUITY\AUDIO\SPATIAL_EXPANDED\occlusion_state.md",".md","147","False","True","False"
"CONTINUITY\AUDIO\SPATIAL_EXPANDED\reverb_position.md",".md","147","False","True","False"
"CONTINUITY\AUDIO\SPATIAL_EXPANDED\source_direction.md",".md","148","False","True","False"
"CONTINUITY\AUDIO\SPATIAL_EXPANDED\source_distance.md",".md","147","False","True","False"
"CONTINUITY\AUDIO\SPATIAL_EXPANDED\source_entry.md",".md","144","False","True","False"
"CONTINUITY\AUDIO\SPATIAL_EXPANDED\source_exit.md",".md","143","False","True","False"
"CONTINUITY\AUDIO\SPATIAL_EXPANDED\source_height.md",".md","145","False","True","False"
"CONTINUITY\AUDIO\SPATIAL_EXPANDED\source_position.md",".md","147","False","True","False"
"CONTINUITY\AUDIO\SPATIAL_EXPANDED\stereo_position.md",".md","147","False","True","False"
"CONTINUITY\AUDIO\SPATIAL_EXPANDED\surround_position.md",".md","149","False","True","False"
"CONTINUITY\AUDIO\STATE_LEDGER\audio_consequence.md",".md","149","False","True","False"
"CONTINUITY\AUDIO\STATE_LEDGER\audio_current_state.md",".md","151","False","True","False"
"CONTINUITY\AUDIO\STATE_LEDGER\audio_event_reference.md",".md","153","False","True","False"
"CONTINUITY\AUDIO\STATE_LEDGER\audio_next_state.md",".md","148","False","True","False"
"CONTINUITY\AUDIO\STATE_LEDGER\audio_persistence.md",".md","149","False","True","False"
"CONTINUITY\AUDIO\STATE_LEDGER\audio_previous_state.md",".md","152","False","True","False"
"CONTINUITY\AUDIO\STATE_LEDGER\audio_state_delta.md",".md","149","False","True","False"
"CONTINUITY\AUDIO\STATE_LEDGER\audio_state_duration.md",".md","152","False","True","False"
"CONTINUITY\AUDIO\STATE_LEDGER\audio_state_inheritance.md",".md","155","False","True","False"
"CONTINUITY\AUDIO\STATE_LEDGER\audio_state_ledger.md",".md","150","False","True","False"
"CONTINUITY\AUDIO\STATE_LEDGER\audio_state_recovery.md",".md","152","False","True","False"
"CONTINUITY\AUDIO\STATE_LEDGER\audio_state_reset_prohibition.md",".md","161","False","True","False"
"CONTINUITY\AUDIO\STATE_LEDGER\audio_state_transition.md",".md","154","False","True","False"
"CONTINUITY\AUDIO\SYNCHRONIZATION_EXPANDED\action_sync.md",".md","143","False","True","False"
"CONTINUITY\AUDIO\SYNCHRONIZATION_EXPANDED\ambient_sync.md",".md","144","False","True","False"
"CONTINUITY\AUDIO\SYNCHRONIZATION_EXPANDED\audio_latency.md",".md","145","False","True","False"
"CONTINUITY\AUDIO\SYNCHRONIZATION_EXPANDED\breath_sync.md",".md","143","False","True","False"
"CONTINUITY\AUDIO\SYNCHRONIZATION_EXPANDED\camera_sync.md",".md","143","False","True","False"
"CONTINUITY\AUDIO\SYNCHRONIZATION_EXPANDED\dialogue_sync.md",".md","145","False","True","False"
"CONTINUITY\AUDIO\SYNCHRONIZATION_EXPANDED\edit_sync.md",".md","141","False","True","False"
"CONTINUITY\AUDIO\SYNCHRONIZATION_EXPANDED\event_sync.md",".md","142","False","True","False"
"CONTINUITY\AUDIO\SYNCHRONIZATION_EXPANDED\foley_sync.md",".md","142","False","True","False"
"CONTINUITY\AUDIO\SYNCHRONIZATION_EXPANDED\frame_sync.md",".md","142","False","True","False"
"CONTINUITY\AUDIO\SYNCHRONIZATION_EXPANDED\impact_sync.md",".md","143","False","True","False"
"CONTINUITY\AUDIO\SYNCHRONIZATION_EXPANDED\lighting_sync.md",".md","145","False","True","False"
"CONTINUITY\AUDIO\SYNCHRONIZATION_EXPANDED\lip_sync.md",".md","140","False","True","False"
"CONTINUITY\AUDIO\SYNCHRONIZATION_EXPANDED\movement_sync.md",".md","145","False","True","False"
"CONTINUITY\AUDIO\SYNCHRONIZATION_EXPANDED\music_sync.md",".md","142","False","True","False"
"CONTINUITY\AUDIO\SYNCHRONIZATION_EXPANDED\phoneme_sync.md",".md","144","False","True","False"
"CONTINUITY\AUDIO\SYNCHRONIZATION_EXPANDED\physics_sync.md",".md","144","False","True","False"
"CONTINUITY\AUDIO\SYNCHRONIZATION_EXPANDED\reaction_sync.md",".md","145","False","True","False"
"CONTINUITY\AUDIO\SYNCHRONIZATION_EXPANDED\scene_sync.md",".md","142","False","True","False"
"CONTINUITY\AUDIO\SYNCHRONIZATION_EXPANDED\shot_sync.md",".md","141","False","True","False"
"CONTINUITY\AUDIO\SYNCHRONIZATION_EXPANDED\sound_travel_sync.md",".md","149","False","True","False"
"CONTINUITY\AUDIO\TECHNICAL_FORMAT\bit_depth.md",".md","141","False","True","False"
"CONTINUITY\AUDIO\TECHNICAL_FORMAT\channel_count.md",".md","145","False","True","False"
"CONTINUITY\AUDIO\TECHNICAL_FORMAT\channel_layout.md",".md","146","False","True","False"
"CONTINUITY\AUDIO\TECHNICAL_FORMAT\codec.md",".md","137","False","True","False"
"CONTINUITY\AUDIO\TECHNICAL_FORMAT\compression.md",".md","143","False","True","False"
"CONTINUITY\AUDIO\TECHNICAL_FORMAT\container.md",".md","141","False","True","False"
"CONTINUITY\AUDIO\TECHNICAL_FORMAT\format_conversion.md",".md","149","False","True","False"
"CONTINUITY\AUDIO\TECHNICAL_FORMAT\immersive_audio.md",".md","147","False","True","False"
"CONTINUITY\AUDIO\TECHNICAL_FORMAT\mono.md",".md","136","False","True","False"
"CONTINUITY\AUDIO\TECHNICAL_FORMAT\resampling.md",".md","142","False","True","False"
"CONTINUITY\AUDIO\TECHNICAL_FORMAT\sample_rate.md",".md","143","False","True","False"
"CONTINUITY\AUDIO\TECHNICAL_FORMAT\stereo.md",".md","138","False","True","False"
"CONTINUITY\AUDIO\TECHNICAL_FORMAT\surround.md",".md","140","False","True","False"
"CONTINUITY\AUDIO\TECHNICAL_FORMAT\technical_conversion.md",".md","152","False","True","False"
"CONTINUITY\AUDIO\TECHNICAL_FORMAT\technical_integrity.md",".md","151","False","True","False"
"CONTINUITY\AUDIO\TECHNICAL_FORMAT\uncompressed_master.md",".md","151","False","True","False"
"CONTINUITY\AUDIO\TRADITION\traditional_audio.md",".md","127","False","True","False"
"CONTINUITY\AUDIO\TRANSITIONS_EXPANDED\audio_bridge.md",".md","144","False","True","False"
"CONTINUITY\AUDIO\TRANSITIONS_EXPANDED\audio_lead.md",".md","142","False","True","False"
"CONTINUITY\AUDIO\TRANSITIONS_EXPANDED\audio_state_transition.md",".md","154","False","True","False"
"CONTINUITY\AUDIO\TRANSITIONS_EXPANDED\audio_tail.md",".md","142","False","True","False"
"CONTINUITY\AUDIO\TRANSITIONS_EXPANDED\crossfade.md",".md","141","False","True","False"
"CONTINUITY\AUDIO\TRANSITIONS_EXPANDED\divine_transition.md",".md","149","False","True","False"
"CONTINUITY\AUDIO\TRANSITIONS_EXPANDED\dream_transition.md",".md","148","False","True","False"
"CONTINUITY\AUDIO\TRANSITIONS_EXPANDED\episode_transition.md",".md","150","False","True","False"
"CONTINUITY\AUDIO\TRANSITIONS_EXPANDED\fade_in.md",".md","139","False","True","False"
"CONTINUITY\AUDIO\TRANSITIONS_EXPANDED\fade_out.md",".md","140","False","True","False"
"CONTINUITY\AUDIO\TRANSITIONS_EXPANDED\flashback_transition.md",".md","152","False","True","False"
"CONTINUITY\AUDIO\TRANSITIONS_EXPANDED\hard_cut.md",".md","140","False","True","False"
"CONTINUITY\AUDIO\TRANSITIONS_EXPANDED\j_cut.md",".md","137","False","True","False"
"CONTINUITY\AUDIO\TRANSITIONS_EXPANDED\location_jump.md",".md","145","False","True","False"
"CONTINUITY\AUDIO\TRANSITIONS_EXPANDED\l_cut.md",".md","137","False","True","False"
"CONTINUITY\AUDIO\TRANSITIONS_EXPANDED\match_cut.md",".md","141","False","True","False"
"CONTINUITY\AUDIO\TRANSITIONS_EXPANDED\memory_transition.md",".md","149","False","True","False"
"CONTINUITY\AUDIO\TRANSITIONS_EXPANDED\realm_transition.md",".md","148","False","True","False"
"CONTINUITY\AUDIO\TRANSITIONS_EXPANDED\scene_transition.md",".md","148","False","True","False"
"CONTINUITY\AUDIO\TRANSITIONS_EXPANDED\sequence_transition.md",".md","151","False","True","False"
"CONTINUITY\AUDIO\TRANSITIONS_EXPANDED\soft_cut.md",".md","140","False","True","False"
"CONTINUITY\AUDIO\TRANSITIONS_EXPANDED\supernatural_transition.md",".md","155","False","True","False"
"CONTINUITY\AUDIO\TRANSITIONS_EXPANDED\time_jump.md",".md","141","False","True","False"
"CONTINUITY\AUDIO\TRANSITIONS_EXPANDED\transformation_transition.md",".md","157","False","True","False"
"CONTINUITY\AUDIO\UNCERTAINTY\audio_uncertainty.md",".md","128","False","True","False"
"CONTINUITY\AUDIO\VALMIKI_RAMAYANA\valmiki_audio.md",".md","245","False","True","False"
"CONTINUITY\AUDIO\VERSION_CONTROL\audio_branch.md",".md","144","False","True","False"
"CONTINUITY\AUDIO\VERSION_CONTROL\audio_branch_reason.md",".md","151","False","True","False"
"CONTINUITY\AUDIO\VERSION_CONTROL\audio_conflict_resolution.md",".md","157","False","True","False"
"CONTINUITY\AUDIO\VERSION_CONTROL\audio_immutable_master.md",".md","154","False","True","False"
"CONTINUITY\AUDIO\VERSION_CONTROL\audio_locked_version.md",".md","152","False","True","False"
"CONTINUITY\AUDIO\VERSION_CONTROL\audio_merge.md",".md","143","False","True","False"
"CONTINUITY\AUDIO\VERSION_CONTROL\audio_merge_conflict.md",".md","152","False","True","False"
"CONTINUITY\AUDIO\VERSION_CONTROL\audio_reopened_version.md",".md","154","False","True","False"
"CONTINUITY\AUDIO\VERSION_CONTROL\audio_restore.md",".md","145","False","True","False"
"CONTINUITY\AUDIO\VERSION_CONTROL\audio_rollback.md",".md","146","False","True","False"
"CONTINUITY\AUDIO\VERSION_CONTROL\audio_snapshot.md",".md","146","False","True","False"
"CONTINUITY\AUDIO\VERSION_CONTROL\audio_supersession.md",".md","150","False","True","False"
"CONTINUITY\AUDIO\VERSION_CONTROL\audio_version_identity.md",".md","154","False","True","False"
"CONTINUITY\AUDIO\VERSION_CONTROL\audio_version_lineage.md",".md","153","False","True","False"
"CONTINUITY\AUDIO\VOICE_CONTINUITY_HARDENING\voice_acoustic_fingerprint.md",".md","158","False","True","False"
"CONTINUITY\AUDIO\VOICE_CONTINUITY_HARDENING\voice_age_continuity.md",".md","152","False","True","False"
"CONTINUITY\AUDIO\VOICE_CONTINUITY_HARDENING\voice_articulation.md",".md","150","False","True","False"
"CONTINUITY\AUDIO\VOICE_CONTINUITY_HARDENING\voice_breathiness.md",".md","149","False","True","False"
"CONTINUITY\AUDIO\VOICE_CONTINUITY_HARDENING\voice_clone_authorization.md",".md","157","False","True","False"
"CONTINUITY\AUDIO\VOICE_CONTINUITY_HARDENING\voice_clone_contamination.md",".md","157","False","True","False"
"CONTINUITY\AUDIO\VOICE_CONTINUITY_HARDENING\voice_clone_drift.md",".md","149","False","True","False"
"CONTINUITY\AUDIO\VOICE_CONTINUITY_HARDENING\voice_clone_provenance.md",".md","154","False","True","False"
"CONTINUITY\AUDIO\VOICE_CONTINUITY_HARDENING\voice_dynamic_range.md",".md","151","False","True","False"
"CONTINUITY\AUDIO\VOICE_CONTINUITY_HARDENING\voice_emotional_variation.md",".md","157","False","True","False"
"CONTINUITY\AUDIO\VOICE_CONTINUITY_HARDENING\voice_fatigue_continuity.md",".md","156","False","True","False"
"CONTINUITY\AUDIO\VOICE_CONTINUITY_HARDENING\voice_formant_profile.md",".md","153","False","True","False"
"CONTINUITY\AUDIO\VOICE_CONTINUITY_HARDENING\voice_health_continuity.md",".md","155","False","True","False"
"CONTINUITY\AUDIO\VOICE_CONTINUITY_HARDENING\voice_injury_continuity.md",".md","155","False","True","False"
"CONTINUITY\AUDIO\VOICE_CONTINUITY_HARDENING\voice_model_compatibility.md",".md","157","False","True","False"
"CONTINUITY\AUDIO\VOICE_CONTINUITY_HARDENING\voice_model_migration.md",".md","153","False","True","False"
"CONTINUITY\AUDIO\VOICE_CONTINUITY_HARDENING\voice_nasality.md",".md","146","False","True","False"
"CONTINUITY\AUDIO\VOICE_CONTINUITY_HARDENING\voice_pitch_range.md",".md","149","False","True","False"
"CONTINUITY\AUDIO\VOICE_CONTINUITY_HARDENING\voice_resonance_lock.md",".md","152","False","True","False"
"CONTINUITY\AUDIO\VOICE_CONTINUITY_HARDENING\voice_roughness.md",".md","147","False","True","False"
"CONTINUITY\AUDIO\VOICE_CONTINUITY_HARDENING\voice_stress_variation.md",".md","154","False","True","False"
"CONTINUITY\AUDIO\VOICE_CONTINUITY_HARDENING\voice_texture.md",".md","145","False","True","False"
"CONTINUITY\AUDIO\VOICE_CONTINUITY_HARDENING\voice_timbre_lock.md",".md","149","False","True","False"
"CONTINUITY\AUDIO\VOICE_CONTINUITY_HARDENING\voice_transformation.md",".md","152","False","True","False"
"CONTINUITY\AUDIO\VOICE_IDENTITY\voice_identity.md",".md","221","False","True","True"
"CONTINUITY\AUDIO\VOICE_LOCK\voice_lock.md",".md","221","False","True","True"
"CONTINUITY\AUDIO\VOICE_REFERENCE\voice_reference.md",".md","245","False","True","False"
"CONTINUITY\AUDIO\VOICE_VOLUME\voice_volume.md",".md","158","False","True","False"
"CONTINUITY\CAMERA\CAMERA_CONTINUITY_CONTRACT.md",".md","4559","False","True","True"
"CONTINUITY\CAMERA\CAMERA_HARDENED_CONTINUITY_CONTRACT.md",".md","4747","False","True","True"
"CONTINUITY\CAMERA\ACTION_PHASE\action_phase_cut_validation.md",".md","209","False","True","False"
"CONTINUITY\CAMERA\ACTION_PHASE\action_phase_end.md",".md","198","False","True","False"
"CONTINUITY\CAMERA\ACTION_PHASE\action_phase_identity.md",".md","203","False","True","False"
"CONTINUITY\CAMERA\ACTION_PHASE\action_phase_middle.md",".md","201","False","True","False"
"CONTINUITY\CAMERA\ACTION_PHASE\action_phase_start.md",".md","200","False","True","False"
"CONTINUITY\CAMERA\ACTION_PHASE\camera_action_phase_match.md",".md","207","False","True","False"
"CONTINUITY\CAMERA\ACTION_PHASE\catch_phase.md",".md","193","False","True","False"
"CONTINUITY\CAMERA\ACTION_PHASE\fall_phase.md",".md","192","False","True","False"
"CONTINUITY\CAMERA\ACTION_PHASE\gesture_phase.md",".md","195","False","True","False"
"CONTINUITY\CAMERA\ACTION_PHASE\impact_phase.md",".md","194","False","True","False"
"CONTINUITY\CAMERA\ACTION_PHASE\movement_phase.md",".md","196","False","True","False"
"CONTINUITY\CAMERA\ACTION_PHASE\run_phase.md",".md","191","False","True","False"
"CONTINUITY\CAMERA\ACTION_PHASE\strike_phase.md",".md","194","False","True","False"
"CONTINUITY\CAMERA\ACTION_PHASE\throw_phase.md",".md","193","False","True","False"
"CONTINUITY\CAMERA\ACTION_PHASE\walk_phase.md",".md","192","False","True","False"
"CONTINUITY\CAMERA\AI_GENERATION\ai_camera_artifact_detection.md",".md","203","False","True","False"
"CONTINUITY\CAMERA\AI_GENERATION\ai_camera_continuity_enforcement.md",".md","207","False","True","False"
"CONTINUITY\CAMERA\AI_GENERATION\ai_camera_drift.md",".md","190","False","True","False"
"CONTINUITY\CAMERA\AI_GENERATION\ai_camera_generation_history.md",".md","203","False","True","False"
"CONTINUITY\CAMERA\AI_GENERATION\ai_camera_generation_parameters.md",".md","206","False","True","False"
"CONTINUITY\CAMERA\AI_GENERATION\ai_camera_identity.md",".md","193","False","True","False"
"CONTINUITY\CAMERA\AI_GENERATION\ai_camera_identity_anchors.md",".md","201","False","True","False"
"CONTINUITY\CAMERA\AI_GENERATION\ai_camera_interface.md",".md","194","False","True","False"
"CONTINUITY\CAMERA\AI_GENERATION\ai_camera_model.md",".md","190","False","True","False"
"CONTINUITY\CAMERA\AI_GENERATION\ai_camera_model_migration.md",".md","200","False","True","False"
"CONTINUITY\CAMERA\AI_GENERATION\ai_camera_model_version.md",".md","198","False","True","False"
"CONTINUITY\CAMERA\AI_GENERATION\ai_camera_negative_constraints.md",".md","205","False","True","False"
"CONTINUITY\CAMERA\AI_GENERATION\ai_camera_previous_output.md",".md","200","False","True","False"
"CONTINUITY\CAMERA\AI_GENERATION\ai_camera_prompt_constraints.md",".md","203","False","True","False"
"CONTINUITY\CAMERA\AI_GENERATION\ai_camera_reference_assets.md",".md","201","False","True","False"
"CONTINUITY\CAMERA\AI_GENERATION\ai_camera_regeneration_history.md",".md","205","False","True","False"
"CONTINUITY\CAMERA\AI_GENERATION\ai_camera_seed.md",".md","189","False","True","False"
"CONTINUITY\CAMERA\AI_GENERATION\ai_camera_state_bridge.md",".md","197","False","True","False"
"CONTINUITY\CAMERA\AI_GENERATION\NEGATIVE_CONSTRAINTS\no_camera_teleportation.md",".md","198","False","True","False"
"CONTINUITY\CAMERA\AI_GENERATION\NEGATIVE_CONSTRAINTS\no_impossible_camera_motion.md",".md","202","False","True","False"
"CONTINUITY\CAMERA\AI_GENERATION\NEGATIVE_CONSTRAINTS\no_random_camera_shake.md",".md","197","False","True","False"
"CONTINUITY\CAMERA\AI_GENERATION\NEGATIVE_CONSTRAINTS\no_random_reframing.md",".md","194","False","True","False"
"CONTINUITY\CAMERA\AI_GENERATION\NEGATIVE_CONSTRAINTS\no_random_visual_language_change.md",".md","207","False","True","False"
"CONTINUITY\CAMERA\AI_GENERATION\NEGATIVE_CONSTRAINTS\no_random_zoom.md",".md","189","False","True","False"
"CONTINUITY\CAMERA\AI_GENERATION\NEGATIVE_CONSTRAINTS\no_unapproved_axis_change.md",".md","200","False","True","False"
"CONTINUITY\CAMERA\AI_GENERATION\NEGATIVE_CONSTRAINTS\no_unapproved_camera_height_change.md",".md","209","False","True","False"
"CONTINUITY\CAMERA\AI_GENERATION\NEGATIVE_CONSTRAINTS\no_unapproved_camera_movement.md",".md","204","False","True","False"
"CONTINUITY\CAMERA\AI_GENERATION\NEGATIVE_CONSTRAINTS\no_unapproved_camera_position_change.md",".md","211","False","True","False"
"CONTINUITY\CAMERA\AI_GENERATION\NEGATIVE_CONSTRAINTS\no_unapproved_dof_change.md",".md","199","False","True","False"
"CONTINUITY\CAMERA\AI_GENERATION\NEGATIVE_CONSTRAINTS\no_unapproved_exposure_change.md",".md","204","False","True","False"
"CONTINUITY\CAMERA\AI_GENERATION\NEGATIVE_CONSTRAINTS\no_unapproved_focus_change.md",".md","201","False","True","False"
"CONTINUITY\CAMERA\AI_GENERATION\NEGATIVE_CONSTRAINTS\no_unapproved_fov_change.md",".md","199","False","True","False"
"CONTINUITY\CAMERA\AI_GENERATION\NEGATIVE_CONSTRAINTS\no_unapproved_framing_change.md",".md","203","False","True","False"
"CONTINUITY\CAMERA\AI_GENERATION\NEGATIVE_CONSTRAINTS\no_unapproved_lens_change.md",".md","200","False","True","False"
"CONTINUITY\CAMERA\AI_GENERATION\NEGATIVE_CONSTRAINTS\no_unapproved_orientation_change.md",".md","207","False","True","False"
"CONTINUITY\CAMERA\AI_GENERATION\NEGATIVE_CONSTRAINTS\no_unapproved_perspective_change.md",".md","207","False","True","False"
"CONTINUITY\CAMERA\AI_GENERATION\NEGATIVE_CONSTRAINTS\no_unapproved_screen_direction_change.md",".md","212","False","True","False"
"CONTINUITY\CAMERA\AI_MODEL_COMPATIBILITY\cross_model_camera_equivalence.md",".md","212","False","True","False"
"CONTINUITY\CAMERA\AI_MODEL_COMPATIBILITY\cross_model_camera_uncertainty.md",".md","212","False","True","False"
"CONTINUITY\CAMERA\AI_MODEL_COMPATIBILITY\cross_model_camera_validation.md",".md","211","False","True","False"
"CONTINUITY\CAMERA\AI_MODEL_COMPATIBILITY\model_camera_capability.md",".md","205","False","True","False"
"CONTINUITY\CAMERA\AI_MODEL_COMPATIBILITY\model_camera_parameter_mapping.md",".md","212","False","True","False"
"CONTINUITY\CAMERA\AI_MODEL_COMPATIBILITY\model_camera_pose_mapping.md",".md","207","False","True","False"
"CONTINUITY\CAMERA\AI_MODEL_COMPATIBILITY\model_distortion_mapping.md",".md","206","False","True","False"
"CONTINUITY\CAMERA\AI_MODEL_COMPATIBILITY\model_dof_mapping.md",".md","199","False","True","False"
"CONTINUITY\CAMERA\AI_MODEL_COMPATIBILITY\model_exposure_mapping.md",".md","204","False","True","False"
"CONTINUITY\CAMERA\AI_MODEL_COMPATIBILITY\model_focus_mapping.md",".md","201","False","True","False"
"CONTINUITY\CAMERA\AI_MODEL_COMPATIBILITY\model_fov_mapping.md",".md","199","False","True","False"
"CONTINUITY\CAMERA\AI_MODEL_COMPATIBILITY\model_lens_mapping.md",".md","200","False","True","False"
"CONTINUITY\CAMERA\AI_MODEL_COMPATIBILITY\model_migration_camera_impact.md",".md","211","False","True","False"
"CONTINUITY\CAMERA\AI_MODEL_COMPATIBILITY\model_motion_mapping.md",".md","202","False","True","False"
"CONTINUITY\CAMERA\AI_OUTPUT_ANALYSIS\generated_axis_detection.md",".md","206","False","True","False"
"CONTINUITY\CAMERA\AI_OUTPUT_ANALYSIS\generated_camera_drift_detection.md",".md","214","False","True","False"
"CONTINUITY\CAMERA\AI_OUTPUT_ANALYSIS\generated_camera_height_estimation.md",".md","216","False","True","False"
"CONTINUITY\CAMERA\AI_OUTPUT_ANALYSIS\generated_camera_parameter_confidence.md",".md","219","False","True","False"
"CONTINUITY\CAMERA\AI_OUTPUT_ANALYSIS\generated_camera_pose_estimation.md",".md","214","False","True","False"
"CONTINUITY\CAMERA\AI_OUTPUT_ANALYSIS\generated_camera_shake_detection.md",".md","214","False","True","False"
"CONTINUITY\CAMERA\AI_OUTPUT_ANALYSIS\generated_camera_state_extraction.md",".md","215","False","True","False"
"CONTINUITY\CAMERA\AI_OUTPUT_ANALYSIS\generated_distance_estimation.md",".md","211","False","True","False"
"CONTINUITY\CAMERA\AI_OUTPUT_ANALYSIS\generated_distortion_estimation.md",".md","213","False","True","False"
"CONTINUITY\CAMERA\AI_OUTPUT_ANALYSIS\generated_dof_estimation.md",".md","206","False","True","False"
"CONTINUITY\CAMERA\AI_OUTPUT_ANALYSIS\generated_focus_estimation.md",".md","208","False","True","False"
"CONTINUITY\CAMERA\AI_OUTPUT_ANALYSIS\generated_fov_estimation.md",".md","206","False","True","False"
"CONTINUITY\CAMERA\AI_OUTPUT_ANALYSIS\generated_framing_detection.md",".md","209","False","True","False"
"CONTINUITY\CAMERA\AI_OUTPUT_ANALYSIS\generated_impossible_motion_detection.md",".md","219","False","True","False"
"CONTINUITY\CAMERA\AI_OUTPUT_ANALYSIS\generated_lens_estimation.md",".md","207","False","True","False"
"CONTINUITY\CAMERA\AI_OUTPUT_ANALYSIS\generated_orientation_estimation.md",".md","214","False","True","False"
"CONTINUITY\CAMERA\AI_OUTPUT_ANALYSIS\generated_perspective_estimation.md",".md","214","False","True","False"
"CONTINUITY\CAMERA\AI_OUTPUT_ANALYSIS\generated_screen_direction_detection.md",".md","218","False","True","False"
"CONTINUITY\CAMERA\AI_OUTPUT_ANALYSIS\generated_teleport_detection.md",".md","210","False","True","False"
"CONTINUITY\CAMERA\AI_OUTPUT_ANALYSIS\generated_trajectory_estimation.md",".md","213","False","True","False"
"CONTINUITY\CAMERA\APPROVAL_LOCK\camera_approval_history.md",".md","198","False","True","False"
"CONTINUITY\CAMERA\APPROVAL_LOCK\camera_approval_state.md",".md","196","False","True","False"
"CONTINUITY\CAMERA\APPROVAL_LOCK\camera_attribute_lock.md",".md","196","False","True","False"
"CONTINUITY\CAMERA\APPROVAL_LOCK\camera_conditional_approval.md",".md","202","False","True","False"
"CONTINUITY\CAMERA\APPROVAL_LOCK\camera_lens_lock.md",".md","191","False","True","False"
"CONTINUITY\CAMERA\APPROVAL_LOCK\camera_lock.md",".md","186","False","True","False"
"CONTINUITY\CAMERA\APPROVAL_LOCK\camera_lock_history.md",".md","194","False","True","False"
"CONTINUITY\CAMERA\APPROVAL_LOCK\camera_master_lock.md",".md","193","False","True","False"
"CONTINUITY\CAMERA\APPROVAL_LOCK\camera_movement_lock.md",".md","195","False","True","False"
"CONTINUITY\CAMERA\APPROVAL_LOCK\camera_position_lock.md",".md","195","False","True","False"
"CONTINUITY\CAMERA\APPROVAL_LOCK\camera_rejection.md",".md","191","False","True","False"
"CONTINUITY\CAMERA\APPROVAL_LOCK\camera_reopen.md",".md","188","False","True","False"
"CONTINUITY\CAMERA\APPROVAL_LOCK\camera_repair_required.md",".md","197","False","True","False"
"CONTINUITY\CAMERA\APPROVAL_LOCK\camera_revalidation_required.md",".md","203","False","True","False"
"CONTINUITY\CAMERA\APPROVAL_LOCK\camera_review_state.md",".md","194","False","True","False"
"CONTINUITY\CAMERA\APPROVAL_LOCK\camera_unlock.md",".md","188","False","True","False"
"CONTINUITY\CAMERA\APPROVAL_LOCK\camera_user_override.md",".md","195","False","True","False"
"CONTINUITY\CAMERA\APPROVAL_LOCK\camera_visual_language_lock.md",".md","202","False","True","False"
"CONTINUITY\CAMERA\ATMOSPHERIC_CAMERA\atmospheric_perspective_model.md",".md","211","False","True","False"
"CONTINUITY\CAMERA\ATMOSPHERIC_CAMERA\atmospheric_visibility_continuity.md",".md","215","False","True","False"
"CONTINUITY\CAMERA\ATMOSPHERIC_CAMERA\dust_density.md",".md","194","False","True","False"
"CONTINUITY\CAMERA\ATMOSPHERIC_CAMERA\fog_depth_model.md",".md","197","False","True","False"
"CONTINUITY\CAMERA\ATMOSPHERIC_CAMERA\haze_model.md",".md","192","False","True","False"
"CONTINUITY\CAMERA\ATMOSPHERIC_CAMERA\heat_haze.md",".md","191","False","True","False"
"CONTINUITY\CAMERA\ATMOSPHERIC_CAMERA\humidity_visibility.md",".md","201","False","True","False"
"CONTINUITY\CAMERA\ATMOSPHERIC_CAMERA\rain_visibility.md",".md","197","False","True","False"
"CONTINUITY\CAMERA\ATMOSPHERIC_CAMERA\smoke_density.md",".md","195","False","True","False"
"CONTINUITY\CAMERA\ATMOSPHERIC_CAMERA\snow_visibility.md",".md","197","False","True","False"
"CONTINUITY\CAMERA\ATMOSPHERIC_CAMERA\volumetric_light_camera.md",".md","205","False","True","False"
"CONTINUITY\CAMERA\ATTRIBUTE_OWNERSHIP\ai_attributes.md",".md","195","False","True","False"
"CONTINUITY\CAMERA\ATTRIBUTE_OWNERSHIP\body_attributes.md",".md","197","False","True","False"
"CONTINUITY\CAMERA\ATTRIBUTE_OWNERSHIP\camera_attribute_matrix.md",".md","205","False","True","False"
"CONTINUITY\CAMERA\ATTRIBUTE_OWNERSHIP\color_attributes.md",".md","198","False","True","False"
"CONTINUITY\CAMERA\ATTRIBUTE_OWNERSHIP\composition_attributes.md",".md","204","False","True","False"
"CONTINUITY\CAMERA\ATTRIBUTE_OWNERSHIP\dof_attributes.md",".md","196","False","True","False"
"CONTINUITY\CAMERA\ATTRIBUTE_OWNERSHIP\exposure_attributes.md",".md","201","False","True","False"
"CONTINUITY\CAMERA\ATTRIBUTE_OWNERSHIP\focus_attributes.md",".md","198","False","True","False"
"CONTINUITY\CAMERA\ATTRIBUTE_OWNERSHIP\framing_attributes.md",".md","200","False","True","False"
"CONTINUITY\CAMERA\ATTRIBUTE_OWNERSHIP\identity_attributes.md",".md","201","False","True","False"
"CONTINUITY\CAMERA\ATTRIBUTE_OWNERSHIP\lens_attributes.md",".md","197","False","True","False"
"CONTINUITY\CAMERA\ATTRIBUTE_OWNERSHIP\locked_attributes.md",".md","199","False","True","False"
"CONTINUITY\CAMERA\ATTRIBUTE_OWNERSHIP\movement_attributes.md",".md","201","False","True","False"
"CONTINUITY\CAMERA\ATTRIBUTE_OWNERSHIP\orientation_attributes.md",".md","204","False","True","False"
"CONTINUITY\CAMERA\ATTRIBUTE_OWNERSHIP\position_attributes.md",".md","201","False","True","False"
"CONTINUITY\CAMERA\ATTRIBUTE_OWNERSHIP\production_attributes.md",".md","203","False","True","False"
"CONTINUITY\CAMERA\ATTRIBUTE_OWNERSHIP\rig_attributes.md",".md","196","False","True","False"
"CONTINUITY\CAMERA\ATTRIBUTE_OWNERSHIP\sensor_attributes.md",".md","199","False","True","False"
"CONTINUITY\CAMERA\ATTRIBUTE_OWNERSHIP\shutter_attributes.md",".md","200","False","True","False"
"CONTINUITY\CAMERA\ATTRIBUTE_OWNERSHIP\spatial_attributes.md",".md","200","False","True","False"
"CONTINUITY\CAMERA\ATTRIBUTE_OWNERSHIP\temporal_attributes.md",".md","201","False","True","False"
"CONTINUITY\CAMERA\ATTRIBUTE_OWNERSHIP\unknown_attributes.md",".md","200","False","True","False"
"CONTINUITY\CAMERA\ATTRIBUTE_OWNERSHIP\variable_attributes.md",".md","201","False","True","False"
"CONTINUITY\CAMERA\ATTRIBUTE_OWNERSHIP\visual_language_attributes.md",".md","208","False","True","False"
"CONTINUITY\CAMERA\AUDIO_INTERFACE\audio_camera_interface.md",".md","197","False","True","False"
"CONTINUITY\CAMERA\AUDIO_INTERFACE\camera_audio_continuity.md",".md","198","False","True","False"
"CONTINUITY\CAMERA\AUDIO_INTERFACE\camera_impact_audio_sync.md",".md","199","False","True","False"
"CONTINUITY\CAMERA\AUDIO_INTERFACE\camera_movement_audio_sync.md",".md","201","False","True","False"
"CONTINUITY\CAMERA\AUDIO_INTERFACE\camera_perspective_audio.md",".md","199","False","True","False"
"CONTINUITY\CAMERA\AUDIO_INTERFACE\camera_transition_audio.md",".md","198","False","True","False"
"CONTINUITY\CAMERA\AUDIO_INTERFACE\j_cut_camera.md",".md","187","False","True","False"
"CONTINUITY\CAMERA\AUDIO_INTERFACE\l_cut_camera.md",".md","187","False","True","False"
"CONTINUITY\CAMERA\AUDIO_INTERFACE\microphone_perspective.md",".md","197","False","True","False"
"CONTINUITY\CAMERA\AUDIO_PERSPECTIVE\camera_audio_perspective.md",".md","206","False","True","False"
"CONTINUITY\CAMERA\AUDIO_PERSPECTIVE\camera_audio_validation.md",".md","205","False","True","False"
"CONTINUITY\CAMERA\AUDIO_PERSPECTIVE\camera_cut_audio_transition.md",".md","209","False","True","False"
"CONTINUITY\CAMERA\AUDIO_PERSPECTIVE\camera_distance_audio_effect.md",".md","210","False","True","False"
"CONTINUITY\CAMERA\AUDIO_PERSPECTIVE\camera_listener_relationship.md",".md","210","False","True","False"
"CONTINUITY\CAMERA\AUDIO_PERSPECTIVE\camera_microphone_relationship.md",".md","212","False","True","False"
"CONTINUITY\CAMERA\AUDIO_PERSPECTIVE\camera_movement_audio_effect.md",".md","210","False","True","False"
"CONTINUITY\CAMERA\AUDIO_PERSPECTIVE\camera_orientation_audio_effect.md",".md","213","False","True","False"
"CONTINUITY\CAMERA\AUDIO_PERSPECTIVE\camera_subjective_audio_interface.md",".md","215","False","True","False"
"CONTINUITY\CAMERA\AUTHORITY\camera_ai_authority_boundary.md",".md","203","False","True","False"
"CONTINUITY\CAMERA\AUTHORITY\camera_attribute_ownership.md",".md","201","False","True","False"
"CONTINUITY\CAMERA\AUTHORITY\camera_conflict_resolution.md",".md","201","False","True","False"
"CONTINUITY\CAMERA\AUTHORITY\camera_directorial_authority.md",".md","203","False","True","False"
"CONTINUITY\CAMERA\AUTHORITY\camera_domain_authority_matrix.md",".md","205","False","True","False"
"CONTINUITY\CAMERA\AUTHORITY\camera_inheritance_authority.md",".md","203","False","True","False"
"CONTINUITY\CAMERA\AUTHORITY\camera_override_authority.md",".md","200","False","True","False"
"CONTINUITY\CAMERA\AUTHORITY\camera_production_authority.md",".md","202","False","True","False"
"CONTINUITY\CAMERA\AUTHORITY\camera_source_of_truth_matrix.md",".md","204","False","True","False"
"CONTINUITY\CAMERA\AUTHORITY\camera_unknown_authority.md",".md","199","False","True","False"
"CONTINUITY\CAMERA\AXIS_SYSTEM\axis_anchor_characters.md",".md","204","False","True","False"
"CONTINUITY\CAMERA\AXIS_SYSTEM\axis_anchor_objects.md",".md","201","False","True","False"
"CONTINUITY\CAMERA\AXIS_SYSTEM\axis_break_validation.md",".md","203","False","True","False"
"CONTINUITY\CAMERA\AXIS_SYSTEM\axis_construction.md",".md","199","False","True","False"
"CONTINUITY\CAMERA\AXIS_SYSTEM\axis_crossing_event.md",".md","201","False","True","False"
"CONTINUITY\CAMERA\AXIS_SYSTEM\axis_crossing_reason.md",".md","202","False","True","False"
"CONTINUITY\CAMERA\AXIS_SYSTEM\axis_geometry_validation.md",".md","206","False","True","False"
"CONTINUITY\CAMERA\AXIS_SYSTEM\axis_identity.md",".md","195","False","True","False"
"CONTINUITY\CAMERA\AXIS_SYSTEM\axis_inheritance.md",".md","198","False","True","False"
"CONTINUITY\CAMERA\AXIS_SYSTEM\axis_intersection.md",".md","199","False","True","False"
"CONTINUITY\CAMERA\AXIS_SYSTEM\axis_priority.md",".md","195","False","True","False"
"CONTINUITY\CAMERA\AXIS_SYSTEM\dynamic_axis.md",".md","194","False","True","False"
"CONTINUITY\CAMERA\AXIS_SYSTEM\moving_axis.md",".md","193","False","True","False"
"CONTINUITY\CAMERA\AXIS_SYSTEM\multiple_axes.md",".md","195","False","True","False"
"CONTINUITY\CAMERA\BIBLES\battle_camera_bible.md",".md","194","False","True","False"
"CONTINUITY\CAMERA\BIBLES\camera_movement_bible.md",".md","196","False","True","False"
"CONTINUITY\CAMERA\BIBLES\character_camera_bible.md",".md","197","False","True","False"
"CONTINUITY\CAMERA\BIBLES\color_camera_bible.md",".md","193","False","True","False"
"CONTINUITY\CAMERA\BIBLES\composition_bible.md",".md","192","False","True","False"
"CONTINUITY\CAMERA\BIBLES\divine_camera_bible.md",".md","194","False","True","False"
"CONTINUITY\CAMERA\BIBLES\environment_camera_bible.md",".md","199","False","True","False"
"CONTINUITY\CAMERA\BIBLES\episode_camera_bible.md",".md","195","False","True","False"
"CONTINUITY\CAMERA\BIBLES\lens_bible.md",".md","185","False","True","False"
"CONTINUITY\CAMERA\BIBLES\location_camera_bible.md",".md","196","False","True","False"
"CONTINUITY\CAMERA\BIBLES\ritual_camera_bible.md",".md","194","False","True","False"
"CONTINUITY\CAMERA\BIBLES\scene_camera_bible.md",".md","193","False","True","False"
"CONTINUITY\CAMERA\BIBLES\sequence_camera_bible.md",".md","196","False","True","False"
"CONTINUITY\CAMERA\BIBLES\series_camera_bible.md",".md","194","False","True","False"
"CONTINUITY\CAMERA\BIBLES\spiritual_camera_bible.md",".md","197","False","True","False"
"CONTINUITY\CAMERA\BIBLES\visual_language_bible.md",".md","196","False","True","False"
"CONTINUITY\CAMERA\BODY_SENSOR\base_iso.md",".md","183","False","True","False"
"CONTINUITY\CAMERA\BODY_SENSOR\camera_body.md",".md","186","False","True","False"
"CONTINUITY\CAMERA\BODY_SENSOR\camera_body_version.md",".md","194","False","True","False"
"CONTINUITY\CAMERA\BODY_SENSOR\color_response.md",".md","189","False","True","False"
"CONTINUITY\CAMERA\BODY_SENSOR\crop_factor.md",".md","186","False","True","False"
"CONTINUITY\CAMERA\BODY_SENSOR\dynamic_range.md",".md","188","False","True","False"
"CONTINUITY\CAMERA\BODY_SENSOR\global_shutter.md",".md","189","False","True","False"
"CONTINUITY\CAMERA\BODY_SENSOR\highlight_rolloff.md",".md","192","False","True","False"
"CONTINUITY\CAMERA\BODY_SENSOR\maximum_iso.md",".md","186","False","True","False"
"CONTINUITY\CAMERA\BODY_SENSOR\native_iso.md",".md","185","False","True","False"
"CONTINUITY\CAMERA\BODY_SENSOR\noise_characteristics.md",".md","196","False","True","False"
"CONTINUITY\CAMERA\BODY_SENSOR\pixel_aspect_ratio.md",".md","193","False","True","False"
"CONTINUITY\CAMERA\BODY_SENSOR\pixel_dimensions.md",".md","191","False","True","False"
"CONTINUITY\CAMERA\BODY_SENSOR\resolution.md",".md","185","False","True","False"
"CONTINUITY\CAMERA\BODY_SENSOR\rolling_shutter.md",".md","190","False","True","False"
"CONTINUITY\CAMERA\BODY_SENSOR\sensor_artifacts.md",".md","191","False","True","False"
"CONTINUITY\CAMERA\BODY_SENSOR\sensor_aspect_ratio.md",".md","194","False","True","False"
"CONTINUITY\CAMERA\BODY_SENSOR\sensor_height.md",".md","188","False","True","False"
"CONTINUITY\CAMERA\BODY_SENSOR\sensor_identity.md",".md","190","False","True","False"
"CONTINUITY\CAMERA\BODY_SENSOR\sensor_readout.md",".md","189","False","True","False"
"CONTINUITY\CAMERA\BODY_SENSOR\sensor_response.md",".md","190","False","True","False"
"CONTINUITY\CAMERA\BODY_SENSOR\sensor_size.md",".md","186","False","True","False"
"CONTINUITY\CAMERA\BODY_SENSOR\sensor_type.md",".md","186","False","True","False"
"CONTINUITY\CAMERA\BODY_SENSOR\sensor_width.md",".md","187","False","True","False"
"CONTINUITY\CAMERA\BODY_SENSOR\shadow_response.md",".md","190","False","True","False"
"CONTINUITY\CAMERA\CALIBRATION\calibration_expiration.md",".md","204","False","True","False"
"CONTINUITY\CAMERA\CALIBRATION\calibration_validity.md",".md","202","False","True","False"
"CONTINUITY\CAMERA\CALIBRATION\camera_calibration_history.md",".md","208","False","True","False"
"CONTINUITY\CAMERA\CALIBRATION\camera_calibration_identity.md",".md","209","False","True","False"
"CONTINUITY\CAMERA\CALIBRATION\camera_calibration_version.md",".md","208","False","True","False"
"CONTINUITY\CAMERA\CALIBRATION\color_calibration.md",".md","199","False","True","False"
"CONTINUITY\CAMERA\CALIBRATION\distortion_coefficients.md",".md","205","False","True","False"
"CONTINUITY\CAMERA\CALIBRATION\exposure_calibration.md",".md","202","False","True","False"
"CONTINUITY\CAMERA\CALIBRATION\extrinsic_calibration.md",".md","203","False","True","False"
"CONTINUITY\CAMERA\CALIBRATION\focal_length_calibration.md",".md","206","False","True","False"
"CONTINUITY\CAMERA\CALIBRATION\focus_calibration.md",".md","199","False","True","False"
"CONTINUITY\CAMERA\CALIBRATION\intrinsic_calibration.md",".md","203","False","True","False"
"CONTINUITY\CAMERA\CALIBRATION\intrinsic_matrix.md",".md","198","False","True","False"
"CONTINUITY\CAMERA\CALIBRATION\lens_calibration.md",".md","198","False","True","False"
"CONTINUITY\CAMERA\CALIBRATION\lens_distortion_profile.md",".md","205","False","True","False"
"CONTINUITY\CAMERA\CALIBRATION\principal_point.md",".md","197","False","True","False"
"CONTINUITY\CAMERA\CALIBRATION\radial_distortion.md",".md","199","False","True","False"
"CONTINUITY\CAMERA\CALIBRATION\rig_calibration.md",".md","197","False","True","False"
"CONTINUITY\CAMERA\CALIBRATION\sensor_calibration.md",".md","200","False","True","False"
"CONTINUITY\CAMERA\CALIBRATION\stabilization_calibration.md",".md","207","False","True","False"
"CONTINUITY\CAMERA\CALIBRATION\tangential_distortion.md",".md","203","False","True","False"
"CONTINUITY\CAMERA\CAMERA_LIFECYCLE\camera_archive.md",".md","196","False","True","False"
"CONTINUITY\CAMERA\CAMERA_LIFECYCLE\camera_calibration.md",".md","200","False","True","False"
"CONTINUITY\CAMERA\CAMERA_LIFECYCLE\camera_cleaning.md",".md","197","False","True","False"
"CONTINUITY\CAMERA\CAMERA_LIFECYCLE\camera_configuration.md",".md","202","False","True","False"
"CONTINUITY\CAMERA\CAMERA_LIFECYCLE\camera_creation.md",".md","197","False","True","False"
"CONTINUITY\CAMERA\CAMERA_LIFECYCLE\camera_damage.md",".md","195","False","True","False"
"CONTINUITY\CAMERA\CAMERA_LIFECYCLE\camera_lifecycle_history.md",".md","206","False","True","False"
"CONTINUITY\CAMERA\CAMERA_LIFECYCLE\camera_lifecycle_state.md",".md","204","False","True","False"
"CONTINUITY\CAMERA\CAMERA_LIFECYCLE\camera_maintenance.md",".md","200","False","True","False"
"CONTINUITY\CAMERA\CAMERA_LIFECYCLE\camera_operation.md",".md","198","False","True","False"
"CONTINUITY\CAMERA\CAMERA_LIFECYCLE\camera_pause.md",".md","194","False","True","False"
"CONTINUITY\CAMERA\CAMERA_LIFECYCLE\camera_reactivation.md",".md","201","False","True","False"
"CONTINUITY\CAMERA\CAMERA_LIFECYCLE\camera_ready_state.md",".md","200","False","True","False"
"CONTINUITY\CAMERA\CAMERA_LIFECYCLE\camera_repair.md",".md","195","False","True","False"
"CONTINUITY\CAMERA\CAMERA_LIFECYCLE\camera_replacement.md",".md","200","False","True","False"
"CONTINUITY\CAMERA\CAMERA_LIFECYCLE\camera_restart.md",".md","196","False","True","False"
"CONTINUITY\CAMERA\CAMERA_LIFECYCLE\camera_retirement.md",".md","199","False","True","False"
"CONTINUITY\CAMERA\CAMERA_LIFECYCLE\camera_shutdown.md",".md","197","False","True","False"
"CONTINUITY\CAMERA\CAMERA_SOFTWARE\camera_processing_version.md",".md","207","False","True","False"
"CONTINUITY\CAMERA\CAMERA_SOFTWARE\camera_software.md",".md","197","False","True","False"
"CONTINUITY\CAMERA\CAMERA_SOFTWARE\firmware_change.md",".md","197","False","True","False"
"CONTINUITY\CAMERA\CAMERA_SOFTWARE\firmware_continuity.md",".md","201","False","True","False"
"CONTINUITY\CAMERA\CAMERA_SOFTWARE\firmware_identity.md",".md","199","False","True","False"
"CONTINUITY\CAMERA\CAMERA_SOFTWARE\firmware_version.md",".md","198","False","True","False"
"CONTINUITY\CAMERA\CAMERA_SOFTWARE\internal_algorithm_version.md",".md","208","False","True","False"
"CONTINUITY\CAMERA\CAMERA_SOFTWARE\processing_change.md",".md","199","False","True","False"
"CONTINUITY\CAMERA\CAMERA_SOFTWARE\software_change.md",".md","197","False","True","False"
"CONTINUITY\CAMERA\CAMERA_SOFTWARE\software_compatibility.md",".md","204","False","True","False"
"CONTINUITY\CAMERA\CHANGE_IMPACT\camera_attribute_change.md",".md","205","False","True","False"
"CONTINUITY\CAMERA\CHANGE_IMPACT\camera_change_authority.md",".md","205","False","True","False"
"CONTINUITY\CAMERA\CHANGE_IMPACT\camera_change_dependencies.md",".md","208","False","True","False"
"CONTINUITY\CAMERA\CHANGE_IMPACT\camera_change_event.md",".md","201","False","True","False"
"CONTINUITY\CAMERA\CHANGE_IMPACT\camera_change_impact.md",".md","202","False","True","False"
"CONTINUITY\CAMERA\CHANGE_IMPACT\camera_change_reason.md",".md","202","False","True","False"
"CONTINUITY\CAMERA\CHANGE_IMPACT\camera_change_scope.md",".md","201","False","True","False"
"CONTINUITY\CAMERA\CHANGE_IMPACT\change_repair_plan.md",".md","200","False","True","False"
"CONTINUITY\CAMERA\CHANGE_IMPACT\change_revalidation.md",".md","201","False","True","False"
"CONTINUITY\CAMERA\CHANGE_IMPACT\downstream_camera_effects.md",".md","207","False","True","False"
"CONTINUITY\CAMERA\CHANGE_IMPACT\earliest_invalid_camera_output.md",".md","212","False","True","False"
"CONTINUITY\CAMERA\CHANGE_IMPACT\upstream_camera_dependencies.md",".md","210","False","True","False"
"CONTINUITY\CAMERA\CHARACTER_GEOMETRY\character_angle_relation.md",".md","206","False","True","False"
"CONTINUITY\CAMERA\CHARACTER_GEOMETRY\character_body_anchor.md",".md","203","False","True","False"
"CONTINUITY\CAMERA\CHARACTER_GEOMETRY\character_camera_anchor.md",".md","205","False","True","False"
"CONTINUITY\CAMERA\CHARACTER_GEOMETRY\character_camera_geometry_validation.md",".md","218","False","True","False"
"CONTINUITY\CAMERA\CHARACTER_GEOMETRY\character_camera_height_relation.md",".md","214","False","True","False"
"CONTINUITY\CAMERA\CHARACTER_GEOMETRY\character_distance_relation.md",".md","209","False","True","False"
"CONTINUITY\CAMERA\CHARACTER_GEOMETRY\character_eye_anchor.md",".md","202","False","True","False"
"CONTINUITY\CAMERA\CHARACTER_GEOMETRY\character_eye_height.md",".md","202","False","True","False"
"CONTINUITY\CAMERA\CHARACTER_GEOMETRY\character_face_anchor.md",".md","203","False","True","False"
"CONTINUITY\CAMERA\CHARACTER_GEOMETRY\character_head_anchor.md",".md","203","False","True","False"
"CONTINUITY\CAMERA\CHARACTER_GEOMETRY\character_occlusion_state.md",".md","207","False","True","False"
"CONTINUITY\CAMERA\CHARACTER_GEOMETRY\character_scale_in_frame.md",".md","206","False","True","False"
"CONTINUITY\CAMERA\CHARACTER_GEOMETRY\character_visibility_state.md",".md","208","False","True","False"
"CONTINUITY\CAMERA\CHARACTER_RELATIONSHIP\character_camera_angle.md",".md","197","False","True","False"
"CONTINUITY\CAMERA\CHARACTER_RELATIONSHIP\character_camera_distance.md",".md","200","False","True","False"
"CONTINUITY\CAMERA\CHARACTER_RELATIONSHIP\character_camera_height.md",".md","198","False","True","False"
"CONTINUITY\CAMERA\CHARACTER_RELATIONSHIP\character_camera_history.md",".md","199","False","True","False"
"CONTINUITY\CAMERA\CHARACTER_RELATIONSHIP\character_camera_lock.md",".md","196","False","True","False"
"CONTINUITY\CAMERA\CHARACTER_RELATIONSHIP\character_camera_movement.md",".md","200","False","True","False"
"CONTINUITY\CAMERA\CHARACTER_RELATIONSHIP\character_camera_relationship.md",".md","204","False","True","False"
"CONTINUITY\CAMERA\CHARACTER_RELATIONSHIP\character_camera_side.md",".md","196","False","True","False"
"CONTINUITY\CAMERA\CHARACTER_RELATIONSHIP\character_eyeline.md",".md","192","False","True","False"
"CONTINUITY\CAMERA\CHARACTER_RELATIONSHIP\character_focus.md",".md","190","False","True","False"
"CONTINUITY\CAMERA\CHARACTER_RELATIONSHIP\character_framing.md",".md","192","False","True","False"
"CONTINUITY\CAMERA\CHARACTER_RELATIONSHIP\character_gaze.md",".md","189","False","True","False"
"CONTINUITY\CAMERA\CHARACTER_RELATIONSHIP\character_lens.md",".md","189","False","True","False"
"CONTINUITY\CAMERA\CHARACTER_RELATIONSHIP\character_screen_position.md",".md","200","False","True","False"
"CONTINUITY\CAMERA\CLASSIFICATION\camera_realism_class.md",".md","195","False","True","False"
"CONTINUITY\CAMERA\CLASSIFICATION\camera_type.md",".md","186","False","True","False"
"CONTINUITY\CAMERA\CLASSIFICATION\cinematic_camera.md",".md","191","False","True","False"
"CONTINUITY\CAMERA\CLASSIFICATION\divine_camera.md",".md","188","False","True","False"
"CONTINUITY\CAMERA\CLASSIFICATION\documentary_camera.md",".md","193","False","True","False"
"CONTINUITY\CAMERA\CLASSIFICATION\dream_camera.md",".md","187","False","True","False"
"CONTINUITY\CAMERA\CLASSIFICATION\flashback_camera.md",".md","191","False","True","False"
"CONTINUITY\CAMERA\CLASSIFICATION\imagined_camera.md",".md","190","False","True","False"
"CONTINUITY\CAMERA\CLASSIFICATION\memory_camera.md",".md","188","False","True","False"
"CONTINUITY\CAMERA\CLASSIFICATION\omniscient_camera.md",".md","192","False","True","False"
"CONTINUITY\CAMERA\CLASSIFICATION\physical_camera.md",".md","190","False","True","False"
"CONTINUITY\CAMERA\CLASSIFICATION\pov_camera.md",".md","185","False","True","False"
"CONTINUITY\CAMERA\CLASSIFICATION\subjective_camera.md",".md","192","False","True","False"
"CONTINUITY\CAMERA\CLASSIFICATION\supernatural_camera.md",".md","194","False","True","False"
"CONTINUITY\CAMERA\CLASSIFICATION\unknown_camera.md",".md","189","False","True","False"
"CONTINUITY\CAMERA\CLASSIFICATION\virtual_camera.md",".md","189","False","True","False"
"CONTINUITY\CAMERA\COLLISION_CLEARANCE\animal_clearance.md",".md","198","False","True","False"
"CONTINUITY\CAMERA\COLLISION_CLEARANCE\camera_clearance.md",".md","198","False","True","False"
"CONTINUITY\CAMERA\COLLISION_CLEARANCE\camera_collision_envelope.md",".md","207","False","True","False"
"CONTINUITY\CAMERA\COLLISION_CLEARANCE\camera_collision_model.md",".md","204","False","True","False"
"CONTINUITY\CAMERA\COLLISION_CLEARANCE\camera_path_collision.md",".md","203","False","True","False"
"CONTINUITY\CAMERA\COLLISION_CLEARANCE\camera_path_obstruction.md",".md","205","False","True","False"
"CONTINUITY\CAMERA\COLLISION_CLEARANCE\character_clearance.md",".md","201","False","True","False"
"CONTINUITY\CAMERA\COLLISION_CLEARANCE\clearance_validation.md",".md","202","False","True","False"
"CONTINUITY\CAMERA\COLLISION_CLEARANCE\collision_detection.md",".md","201","False","True","False"
"CONTINUITY\CAMERA\COLLISION_CLEARANCE\environment_clearance.md",".md","203","False","True","False"
"CONTINUITY\CAMERA\COLLISION_CLEARANCE\lens_clearance.md",".md","196","False","True","False"
"CONTINUITY\CAMERA\COLLISION_CLEARANCE\operator_clearance.md",".md","200","False","True","False"
"CONTINUITY\CAMERA\COLLISION_CLEARANCE\prop_clearance.md",".md","196","False","True","False"
"CONTINUITY\CAMERA\COLLISION_CLEARANCE\rig_clearance.md",".md","195","False","True","False"
"CONTINUITY\CAMERA\COLLISION_CLEARANCE\weapon_clearance.md",".md","198","False","True","False"
"CONTINUITY\CAMERA\COLOR_CAPTURE\camera_color_signature.md",".md","197","False","True","False"
"CONTINUITY\CAMERA\COLOR_CAPTURE\color_continuity.md",".md","191","False","True","False"
"CONTINUITY\CAMERA\COLOR_CAPTURE\color_profile.md",".md","188","False","True","False"
"CONTINUITY\CAMERA\COLOR_CAPTURE\color_response.md",".md","189","False","True","False"
"CONTINUITY\CAMERA\COLOR_CAPTURE\color_temperature.md",".md","192","False","True","False"
"CONTINUITY\CAMERA\COLOR_CAPTURE\dynamic_range_capture.md",".md","196","False","True","False"
"CONTINUITY\CAMERA\COLOR_CAPTURE\exposure_color_interaction.md",".md","201","False","True","False"
"CONTINUITY\CAMERA\COLOR_CAPTURE\log_profile.md",".md","186","False","True","False"
"CONTINUITY\CAMERA\COLOR_CAPTURE\raw_capture.md",".md","186","False","True","False"
"CONTINUITY\CAMERA\COLOR_CAPTURE\tint.md",".md","179","False","True","False"
"CONTINUITY\CAMERA\COLOR_CAPTURE\white_balance.md",".md","188","False","True","False"
"CONTINUITY\CAMERA\COLOR_MANAGEMENT\camera_color_space.md",".md","200","False","True","False"
"CONTINUITY\CAMERA\COLOR_MANAGEMENT\cdl.md",".md","185","False","True","False"
"CONTINUITY\CAMERA\COLOR_MANAGEMENT\color_management.md",".md","198","False","True","False"
"CONTINUITY\CAMERA\COLOR_MANAGEMENT\color_management_continuity.md",".md","209","False","True","False"
"CONTINUITY\CAMERA\COLOR_MANAGEMENT\color_pipeline_version.md",".md","204","False","True","False"
"CONTINUITY\CAMERA\COLOR_MANAGEMENT\color_transform.md",".md","197","False","True","False"
"CONTINUITY\CAMERA\COLOR_MANAGEMENT\lut_application.md",".md","197","False","True","False"
"CONTINUITY\CAMERA\COLOR_MANAGEMENT\lut_identity.md",".md","194","False","True","False"
"CONTINUITY\CAMERA\COLOR_MANAGEMENT\lut_lineage.md",".md","193","False","True","False"
"CONTINUITY\CAMERA\COLOR_MANAGEMENT\lut_version.md",".md","193","False","True","False"
"CONTINUITY\CAMERA\COLOR_MANAGEMENT\output_color_space.md",".md","200","False","True","False"
"CONTINUITY\CAMERA\COLOR_MANAGEMENT\working_color_space.md",".md","201","False","True","False"
"CONTINUITY\CAMERA\COMPOSITION\asymmetry.md",".md","184","False","True","False"
"CONTINUITY\CAMERA\COMPOSITION\background.md",".md","185","False","True","False"
"CONTINUITY\CAMERA\COMPOSITION\center_composition.md",".md","193","False","True","False"
"CONTINUITY\CAMERA\COMPOSITION\composition_change.md",".md","193","False","True","False"
"CONTINUITY\CAMERA\COMPOSITION\composition_continuity.md",".md","197","False","True","False"
"CONTINUITY\CAMERA\COMPOSITION\composition_identity.md",".md","195","False","True","False"
"CONTINUITY\CAMERA\COMPOSITION\depth_layers.md",".md","187","False","True","False"
"CONTINUITY\CAMERA\COMPOSITION\foreground.md",".md","185","False","True","False"
"CONTINUITY\CAMERA\COMPOSITION\golden_ratio.md",".md","187","False","True","False"
"CONTINUITY\CAMERA\COMPOSITION\horizon.md",".md","182","False","True","False"
"CONTINUITY\CAMERA\COMPOSITION\leading_lines.md",".md","188","False","True","False"
"CONTINUITY\CAMERA\COMPOSITION\midground.md",".md","184","False","True","False"
"CONTINUITY\CAMERA\COMPOSITION\negative_space.md",".md","189","False","True","False"
"CONTINUITY\CAMERA\COMPOSITION\occlusion.md",".md","184","False","True","False"
"CONTINUITY\CAMERA\COMPOSITION\perspective_lines.md",".md","192","False","True","False"
"CONTINUITY\CAMERA\COMPOSITION\rule_of_thirds.md",".md","189","False","True","False"
"CONTINUITY\CAMERA\COMPOSITION\silhouette.md",".md","185","False","True","False"
"CONTINUITY\CAMERA\COMPOSITION\symmetry.md",".md","183","False","True","False"
"CONTINUITY\CAMERA\COMPOSITION\vanishing_points.md",".md","191","False","True","False"
"CONTINUITY\CAMERA\COMPOSITION\visual_balance.md",".md","189","False","True","False"
"CONTINUITY\CAMERA\COMPOSITION\visual_hierarchy.md",".md","191","False","True","False"
"CONTINUITY\CAMERA\COMPOSITION\visual_weight.md",".md","188","False","True","False"
"CONTINUITY\CAMERA\CONTINUITY_GRAPH\camera_change_edge.md",".md","200","False","True","False"
"CONTINUITY\CAMERA\CONTINUITY_GRAPH\camera_continuity_graph.md",".md","205","False","True","False"
"CONTINUITY\CAMERA\CONTINUITY_GRAPH\camera_dependency_edge.md",".md","204","False","True","False"
"CONTINUITY\CAMERA\CONTINUITY_GRAPH\camera_edge.md",".md","193","False","True","False"
"CONTINUITY\CAMERA\CONTINUITY_GRAPH\camera_error_edge.md",".md","199","False","True","False"
"CONTINUITY\CAMERA\CONTINUITY_GRAPH\camera_inheritance_edge.md",".md","205","False","True","False"
"CONTINUITY\CAMERA\CONTINUITY_GRAPH\camera_node.md",".md","193","False","True","False"
"CONTINUITY\CAMERA\CONTINUITY_GRAPH\camera_propagation_graph.md",".md","206","False","True","False"
"CONTINUITY\CAMERA\CONTINUITY_GRAPH\camera_state_node.md",".md","199","False","True","False"
"CONTINUITY\CAMERA\CONTINUITY_GRAPH\camera_transition_edge.md",".md","204","False","True","False"
"CONTINUITY\CAMERA\CONTINUITY_GRAPH\cross_episode_node.md",".md","200","False","True","False"
"CONTINUITY\CAMERA\CONTINUITY_GRAPH\episode_node.md",".md","194","False","True","False"
"CONTINUITY\CAMERA\CONTINUITY_GRAPH\scene_node.md",".md","192","False","True","False"
"CONTINUITY\CAMERA\CONTINUITY_GRAPH\sequence_node.md",".md","195","False","True","False"
"CONTINUITY\CAMERA\CONTINUITY_GRAPH\series_node.md",".md","193","False","True","False"
"CONTINUITY\CAMERA\CONTINUITY_GRAPH\shot_node.md",".md","191","False","True","False"
"CONTINUITY\CAMERA\COORDINATE_SYSTEM\camera_coordinates.md",".md","200","False","True","False"
"CONTINUITY\CAMERA\COORDINATE_SYSTEM\coordinate_conversion.md",".md","203","False","True","False"
"CONTINUITY\CAMERA\COORDINATE_SYSTEM\coordinate_drift.md",".md","198","False","True","False"
"CONTINUITY\CAMERA\COORDINATE_SYSTEM\coordinate_system_identity.md",".md","208","False","True","False"
"CONTINUITY\CAMERA\COORDINATE_SYSTEM\coordinate_transform.md",".md","202","False","True","False"
"CONTINUITY\CAMERA\COORDINATE_SYSTEM\coordinate_validation.md",".md","203","False","True","False"
"CONTINUITY\CAMERA\COORDINATE_SYSTEM\lens_coordinates.md",".md","198","False","True","False"
"CONTINUITY\CAMERA\COORDINATE_SYSTEM\local_coordinates.md",".md","199","False","True","False"
"CONTINUITY\CAMERA\COORDINATE_SYSTEM\normalized_coordinates.md",".md","204","False","True","False"
"CONTINUITY\CAMERA\COORDINATE_SYSTEM\scene_coordinates.md",".md","199","False","True","False"
"CONTINUITY\CAMERA\COORDINATE_SYSTEM\screen_coordinates.md",".md","200","False","True","False"
"CONTINUITY\CAMERA\COORDINATE_SYSTEM\world_coordinates.md",".md","199","False","True","False"
"CONTINUITY\CAMERA\CORE\camera_authority.md",".md","191","False","True","False"
"CONTINUITY\CAMERA\CORE\camera_boundaries.md",".md","192","False","True","False"
"CONTINUITY\CAMERA\CORE\camera_change_control.md",".md","196","False","True","False"
"CONTINUITY\CAMERA\CORE\camera_conflict_resolution.md",".md","201","False","True","False"
"CONTINUITY\CAMERA\CORE\camera_continuity.md",".md","192","False","True","False"
"CONTINUITY\CAMERA\CORE\camera_event_model.md",".md","193","False","True","False"
"CONTINUITY\CAMERA\CORE\camera_hierarchy.md",".md","191","False","True","False"
"CONTINUITY\CAMERA\CORE\camera_inheritance.md",".md","193","False","True","False"
"CONTINUITY\CAMERA\CORE\camera_master_model.md",".md","194","False","True","False"
"CONTINUITY\CAMERA\CORE\camera_persistence.md",".md","193","False","True","False"
"CONTINUITY\CAMERA\CORE\camera_regeneration_rule.md",".md","199","False","True","False"
"CONTINUITY\CAMERA\CORE\camera_registry_interface.md",".md","200","False","True","False"
"CONTINUITY\CAMERA\CORE\camera_reset_prohibition.md",".md","199","False","True","False"
"CONTINUITY\CAMERA\CORE\camera_scope.md",".md","187","False","True","False"
"CONTINUITY\CAMERA\CORE\camera_source_of_truth.md",".md","197","False","True","False"
"CONTINUITY\CAMERA\CORE\camera_state_model.md",".md","193","False","True","False"
"CONTINUITY\CAMERA\CORE\camera_system.md",".md","188","False","True","False"
"CONTINUITY\CAMERA\CORE\camera_transition_model.md",".md","198","False","True","False"
"CONTINUITY\CAMERA\CORE\camera_uncertainty.md",".md","193","False","True","False"
"CONTINUITY\CAMERA\CORE\camera_unknowns.md",".md","190","False","True","False"
"CONTINUITY\CAMERA\CREATIVE_CONTROL\camera_intent_decision.md",".md","204","False","True","False"
"CONTINUITY\CAMERA\CREATIVE_CONTROL\cinematographer_camera_decision.md",".md","213","False","True","False"
"CONTINUITY\CAMERA\CREATIVE_CONTROL\creative_decision_vs_canon.md",".md","208","False","True","False"
"CONTINUITY\CAMERA\CREATIVE_CONTROL\creative_decision_vs_production.md",".md","213","False","True","False"
"CONTINUITY\CAMERA\CREATIVE_CONTROL\creative_override.md",".md","199","False","True","False"
"CONTINUITY\CAMERA\CREATIVE_CONTROL\creative_override_history.md",".md","207","False","True","False"
"CONTINUITY\CAMERA\CREATIVE_CONTROL\creative_override_impact.md",".md","206","False","True","False"
"CONTINUITY\CAMERA\CREATIVE_CONTROL\creative_override_reason.md",".md","206","False","True","False"
"CONTINUITY\CAMERA\CREATIVE_CONTROL\creative_override_scope.md",".md","205","False","True","False"
"CONTINUITY\CAMERA\CREATIVE_CONTROL\creative_override_validation.md",".md","210","False","True","False"
"CONTINUITY\CAMERA\CREATIVE_CONTROL\director_camera_decision.md",".md","206","False","True","False"
"CONTINUITY\CAMERA\CUT_GEOMETRY\cut_action_phase.md",".md","198","False","True","False"
"CONTINUITY\CAMERA\CUT_GEOMETRY\cut_axis_relationship.md",".md","203","False","True","False"
"CONTINUITY\CAMERA\CUT_GEOMETRY\cut_camera_relationship.md",".md","205","False","True","False"
"CONTINUITY\CAMERA\CUT_GEOMETRY\cut_character_relationship.md",".md","208","False","True","False"
"CONTINUITY\CAMERA\CUT_GEOMETRY\cut_continuity_tolerance.md",".md","206","False","True","False"
"CONTINUITY\CAMERA\CUT_GEOMETRY\cut_discontinuity_intent.md",".md","206","False","True","False"
"CONTINUITY\CAMERA\CUT_GEOMETRY\cut_eyeline_relationship.md",".md","206","False","True","False"
"CONTINUITY\CAMERA\CUT_GEOMETRY\cut_geometry.md",".md","194","False","True","False"
"CONTINUITY\CAMERA\CUT_GEOMETRY\cut_motion_phase.md",".md","198","False","True","False"
"CONTINUITY\CAMERA\CUT_GEOMETRY\cut_screen_direction.md",".md","202","False","True","False"
"CONTINUITY\CAMERA\CUT_GEOMETRY\cut_spatial_relationship.md",".md","206","False","True","False"
"CONTINUITY\CAMERA\CUT_GEOMETRY\cut_validation.md",".md","196","False","True","False"
"CONTINUITY\CAMERA\CUT_GEOMETRY\cut_visibility_state.md",".md","202","False","True","False"
"CONTINUITY\CAMERA\CUT_GEOMETRY\post_cut_state.md",".md","196","False","True","False"
"CONTINUITY\CAMERA\CUT_GEOMETRY\pre_cut_state.md",".md","195","False","True","False"
"CONTINUITY\CAMERA\DEPENDENCY\ai_generation_dependency.md",".md","199","False","True","False"
"CONTINUITY\CAMERA\DEPENDENCY\animal_camera_dependency.md",".md","199","False","True","False"
"CONTINUITY\CAMERA\DEPENDENCY\audio_camera_dependency.md",".md","198","False","True","False"
"CONTINUITY\CAMERA\DEPENDENCY\camera_change_impact.md",".md","195","False","True","False"
"CONTINUITY\CAMERA\DEPENDENCY\camera_dependency_edge.md",".md","197","False","True","False"
"CONTINUITY\CAMERA\DEPENDENCY\camera_dependency_graph.md",".md","198","False","True","False"
"CONTINUITY\CAMERA\DEPENDENCY\camera_dependency_node.md",".md","197","False","True","False"
"CONTINUITY\CAMERA\DEPENDENCY\camera_revalidation_scope.md",".md","200","False","True","False"
"CONTINUITY\CAMERA\DEPENDENCY\character_camera_dependency.md",".md","202","False","True","False"
"CONTINUITY\CAMERA\DEPENDENCY\costume_camera_dependency.md",".md","200","False","True","False"
"CONTINUITY\CAMERA\DEPENDENCY\downstream_camera_propagation.md",".md","204","False","True","False"
"CONTINUITY\CAMERA\DEPENDENCY\earliest_camera_error.md",".md","196","False","True","False"
"CONTINUITY\CAMERA\DEPENDENCY\environment_camera_dependency.md",".md","204","False","True","False"
"CONTINUITY\CAMERA\DEPENDENCY\event_camera_dependency.md",".md","198","False","True","False"
"CONTINUITY\CAMERA\DEPENDENCY\knowledge_camera_dependency.md",".md","202","False","True","False"
"CONTINUITY\CAMERA\DEPENDENCY\lighting_camera_dependency.md",".md","201","False","True","False"
"CONTINUITY\CAMERA\DEPENDENCY\location_camera_dependency.md",".md","201","False","True","False"
"CONTINUITY\CAMERA\DEPENDENCY\performance_camera_dependency.md",".md","204","False","True","False"
"CONTINUITY\CAMERA\DEPENDENCY\physics_camera_dependency.md",".md","200","False","True","False"
"CONTINUITY\CAMERA\DEPENDENCY\physiology_camera_dependency.md",".md","203","False","True","False"
"CONTINUITY\CAMERA\DEPENDENCY\prop_camera_dependency.md",".md","197","False","True","False"
"CONTINUITY\CAMERA\DEPENDENCY\relationship_camera_dependency.md",".md","205","False","True","False"
"CONTINUITY\CAMERA\DEPENDENCY\spatial_camera_dependency.md",".md","200","False","True","False"
"CONTINUITY\CAMERA\DEPENDENCY\state_camera_dependency.md",".md","198","False","True","False"
"CONTINUITY\CAMERA\DEPENDENCY\timeline_camera_dependency.md",".md","201","False","True","False"
"CONTINUITY\CAMERA\DEPENDENCY\transformation_camera_dependency.md",".md","207","False","True","False"
"CONTINUITY\CAMERA\DEPENDENCY\vfx_camera_dependency.md",".md","196","False","True","False"
"CONTINUITY\CAMERA\DEPENDENCY\weapon_camera_dependency.md",".md","199","False","True","False"
"CONTINUITY\CAMERA\DEPTH_OF_FIELD\aperture_dependency.md",".md","194","False","True","False"
"CONTINUITY\CAMERA\DEPTH_OF_FIELD\background_blur.md",".md","190","False","True","False"
"CONTINUITY\CAMERA\DEPTH_OF_FIELD\bokeh_density.md",".md","188","False","True","False"
"CONTINUITY\CAMERA\DEPTH_OF_FIELD\distance_dependency.md",".md","194","False","True","False"
"CONTINUITY\CAMERA\DEPTH_OF_FIELD\dof_continuity.md",".md","189","False","True","False"
"CONTINUITY\CAMERA\DEPTH_OF_FIELD\dof_identity.md",".md","187","False","True","False"
"CONTINUITY\CAMERA\DEPTH_OF_FIELD\dof_range.md",".md","184","False","True","False"
"CONTINUITY\CAMERA\DEPTH_OF_FIELD\dof_state.md",".md","184","False","True","False"
"CONTINUITY\CAMERA\DEPTH_OF_FIELD\dof_transition.md",".md","189","False","True","False"
"CONTINUITY\CAMERA\DEPTH_OF_FIELD\far_limit.md",".md","184","False","True","False"
"CONTINUITY\CAMERA\DEPTH_OF_FIELD\focal_length_dependency.md",".md","198","False","True","False"
"CONTINUITY\CAMERA\DEPTH_OF_FIELD\foreground_blur.md",".md","190","False","True","False"
"CONTINUITY\CAMERA\DEPTH_OF_FIELD\near_limit.md",".md","185","False","True","False"
"CONTINUITY\CAMERA\DEPTH_OF_FIELD\sensor_dependency.md",".md","192","False","True","False"
"CONTINUITY\CAMERA\DEPTH_OF_FIELD\subject_isolation.md",".md","192","False","True","False"
"CONTINUITY\CAMERA\EDITING\action_match.md",".md","187","False","True","False"
"CONTINUITY\CAMERA\EDITING\camera_edit_identity.md",".md","195","False","True","False"
"CONTINUITY\CAMERA\EDITING\camera_transition.md",".md","192","False","True","False"
"CONTINUITY\CAMERA\EDITING\continuity_cut.md",".md","189","False","True","False"
"CONTINUITY\CAMERA\EDITING\crossfade.md",".md","184","False","True","False"
"CONTINUITY\CAMERA\EDITING\cut.md",".md","178","False","True","False"
"CONTINUITY\CAMERA\EDITING\discontinuity_cut.md",".md","192","False","True","False"
"CONTINUITY\CAMERA\EDITING\dissolve.md",".md","183","False","True","False"
"CONTINUITY\CAMERA\EDITING\eyeline_match.md",".md","188","False","True","False"
"CONTINUITY\CAMERA\EDITING\fade.md",".md","179","False","True","False"
"CONTINUITY\CAMERA\EDITING\graphic_match.md",".md","188","False","True","False"
"CONTINUITY\CAMERA\EDITING\hard_cut.md",".md","183","False","True","False"
"CONTINUITY\CAMERA\EDITING\location_jump.md",".md","188","False","True","False"
"CONTINUITY\CAMERA\EDITING\match_cut.md",".md","184","False","True","False"
"CONTINUITY\CAMERA\EDITING\soft_cut.md",".md","183","False","True","False"
"CONTINUITY\CAMERA\EDITING\time_jump.md",".md","184","False","True","False"
"CONTINUITY\CAMERA\EDITING\transition_validation.md",".md","196","False","True","False"
"CONTINUITY\CAMERA\EDITING\wipe.md",".md","179","False","True","False"
"CONTINUITY\CAMERA\ENVIRONMENTAL_CONTAMINATION\ash_on_lens.md",".md","193","False","True","False"
"CONTINUITY\CAMERA\ENVIRONMENTAL_CONTAMINATION\blood_on_lens.md",".md","195","False","True","False"
"CONTINUITY\CAMERA\ENVIRONMENTAL_CONTAMINATION\cleaning_event.md",".md","196","False","True","False"
"CONTINUITY\CAMERA\ENVIRONMENTAL_CONTAMINATION\condensation.md",".md","194","False","True","False"
"CONTINUITY\CAMERA\ENVIRONMENTAL_CONTAMINATION\contamination_continuity.md",".md","206","False","True","False"
"CONTINUITY\CAMERA\ENVIRONMENTAL_CONTAMINATION\dust_on_lens.md",".md","194","False","True","False"
"CONTINUITY\CAMERA\ENVIRONMENTAL_CONTAMINATION\environmental_residue.md",".md","203","False","True","False"
"CONTINUITY\CAMERA\ENVIRONMENTAL_CONTAMINATION\fog_on_lens.md",".md","193","False","True","False"
"CONTINUITY\CAMERA\ENVIRONMENTAL_CONTAMINATION\mud_on_lens.md",".md","193","False","True","False"
"CONTINUITY\CAMERA\ENVIRONMENTAL_CONTAMINATION\rain_on_lens.md",".md","194","False","True","False"
"CONTINUITY\CAMERA\ENVIRONMENTAL_CONTAMINATION\residue_persistence.md",".md","201","False","True","False"
"CONTINUITY\CAMERA\ENVIRONMENTAL_CONTAMINATION\residue_removal.md",".md","197","False","True","False"
"CONTINUITY\CAMERA\ENVIRONMENTAL_CONTAMINATION\smoke_on_lens.md",".md","195","False","True","False"
"CONTINUITY\CAMERA\ENVIRONMENTAL_CONTAMINATION\snow_on_lens.md",".md","194","False","True","False"
"CONTINUITY\CAMERA\ENVIRONMENTAL_CONTAMINATION\water_on_lens.md",".md","195","False","True","False"
"CONTINUITY\CAMERA\ENVIRONMENT_INTERFACE\atmospheric_perspective.md",".md","198","False","True","False"
"CONTINUITY\CAMERA\ENVIRONMENT_INTERFACE\dust_camera_response.md",".md","195","False","True","False"
"CONTINUITY\CAMERA\ENVIRONMENT_INTERFACE\environmental_continuity.md",".md","199","False","True","False"
"CONTINUITY\CAMERA\ENVIRONMENT_INTERFACE\environmental_occlusion.md",".md","198","False","True","False"
"CONTINUITY\CAMERA\ENVIRONMENT_INTERFACE\environment_camera_interface.md",".md","203","False","True","False"
"CONTINUITY\CAMERA\ENVIRONMENT_INTERFACE\fog_camera_response.md",".md","194","False","True","False"
"CONTINUITY\CAMERA\ENVIRONMENT_INTERFACE\rain_camera_response.md",".md","195","False","True","False"
"CONTINUITY\CAMERA\ENVIRONMENT_INTERFACE\smoke_camera_response.md",".md","196","False","True","False"
"CONTINUITY\CAMERA\ENVIRONMENT_INTERFACE\snow_camera_response.md",".md","195","False","True","False"
"CONTINUITY\CAMERA\ENVIRONMENT_INTERFACE\terrain_camera_response.md",".md","198","False","True","False"
"CONTINUITY\CAMERA\ENVIRONMENT_INTERFACE\water_camera_response.md",".md","196","False","True","False"
"CONTINUITY\CAMERA\ENVIRONMENT_INTERFACE\weather_camera_response.md",".md","198","False","True","False"
"CONTINUITY\CAMERA\ERROR\ai_camera_error.md",".md","190","False","True","False"
"CONTINUITY\CAMERA\ERROR\axis_error.md",".md","185","False","True","False"
"CONTINUITY\CAMERA\ERROR\camera_artifact.md",".md","190","False","True","False"
"CONTINUITY\CAMERA\ERROR\camera_continuity_error.md",".md","198","False","True","False"
"CONTINUITY\CAMERA\ERROR\camera_drift.md",".md","187","False","True","False"
"CONTINUITY\CAMERA\ERROR\camera_identity_error.md",".md","196","False","True","False"
"CONTINUITY\CAMERA\ERROR\camera_orientation_error.md",".md","199","False","True","False"
"CONTINUITY\CAMERA\ERROR\camera_position_error.md",".md","196","False","True","False"
"CONTINUITY\CAMERA\ERROR\camera_teleportation_error.md",".md","201","False","True","False"
"CONTINUITY\CAMERA\ERROR\color_error.md",".md","186","False","True","False"
"CONTINUITY\CAMERA\ERROR\composition_error.md",".md","192","False","True","False"
"CONTINUITY\CAMERA\ERROR\dof_error.md",".md","184","False","True","False"
"CONTINUITY\CAMERA\ERROR\exposure_error.md",".md","189","False","True","False"
"CONTINUITY\CAMERA\ERROR\eyeline_error.md",".md","188","False","True","False"
"CONTINUITY\CAMERA\ERROR\focus_error.md",".md","186","False","True","False"
"CONTINUITY\CAMERA\ERROR\fov_error.md",".md","184","False","True","False"
"CONTINUITY\CAMERA\ERROR\framing_error.md",".md","188","False","True","False"
"CONTINUITY\CAMERA\ERROR\lens_error.md",".md","185","False","True","False"
"CONTINUITY\CAMERA\ERROR\movement_error.md",".md","189","False","True","False"
"CONTINUITY\CAMERA\ERROR\perspective_error.md",".md","192","False","True","False"
"CONTINUITY\CAMERA\ERROR\physics_error.md",".md","188","False","True","False"
"CONTINUITY\CAMERA\ERROR\screen_direction_error.md",".md","197","False","True","False"
"CONTINUITY\CAMERA\ERROR\spatial_error.md",".md","188","False","True","False"
"CONTINUITY\CAMERA\ERROR\temporal_error.md",".md","189","False","True","False"
"CONTINUITY\CAMERA\ERROR\transition_error.md",".md","191","False","True","False"
"CONTINUITY\CAMERA\EXPOSURE\aperture.md",".md","183","False","True","False"
"CONTINUITY\CAMERA\EXPOSURE\auto_exposure.md",".md","188","False","True","False"
"CONTINUITY\CAMERA\EXPOSURE\clipping.md",".md","183","False","True","False"
"CONTINUITY\CAMERA\EXPOSURE\exposure_adaptation.md",".md","194","False","True","False"
"CONTINUITY\CAMERA\EXPOSURE\exposure_compensation.md",".md","196","False","True","False"
"CONTINUITY\CAMERA\EXPOSURE\exposure_continuity.md",".md","194","False","True","False"
"CONTINUITY\CAMERA\EXPOSURE\exposure_identity.md",".md","192","False","True","False"
"CONTINUITY\CAMERA\EXPOSURE\exposure_lock.md",".md","188","False","True","False"
"CONTINUITY\CAMERA\EXPOSURE\exposure_state.md",".md","189","False","True","False"
"CONTINUITY\CAMERA\EXPOSURE\exposure_transition.md",".md","194","False","True","False"
"CONTINUITY\CAMERA\EXPOSURE\highlight_protection.md",".md","195","False","True","False"
"CONTINUITY\CAMERA\EXPOSURE\iso.md",".md","178","False","True","False"
"CONTINUITY\CAMERA\EXPOSURE\manual_exposure.md",".md","190","False","True","False"
"CONTINUITY\CAMERA\EXPOSURE\metering.md",".md","183","False","True","False"
"CONTINUITY\CAMERA\EXPOSURE\shadow_protection.md",".md","192","False","True","False"
"CONTINUITY\CAMERA\EXPOSURE\shutter_speed.md",".md","188","False","True","False"
"CONTINUITY\CAMERA\FEASIBILITY\audio_feasibility.md",".md","199","False","True","False"
"CONTINUITY\CAMERA\FEASIBILITY\camera_path_feasibility.md",".md","205","False","True","False"
"CONTINUITY\CAMERA\FEASIBILITY\environmental_feasibility.md",".md","207","False","True","False"
"CONTINUITY\CAMERA\FEASIBILITY\feasibility_conflict.md",".md","202","False","True","False"
"CONTINUITY\CAMERA\FEASIBILITY\feasibility_override.md",".md","202","False","True","False"
"CONTINUITY\CAMERA\FEASIBILITY\geometric_feasibility.md",".md","203","False","True","False"
"CONTINUITY\CAMERA\FEASIBILITY\lighting_feasibility.md",".md","202","False","True","False"
"CONTINUITY\CAMERA\FEASIBILITY\movement_feasibility.md",".md","202","False","True","False"
"CONTINUITY\CAMERA\FEASIBILITY\operator_feasibility.md",".md","202","False","True","False"
"CONTINUITY\CAMERA\FEASIBILITY\optical_feasibility.md",".md","201","False","True","False"
"CONTINUITY\CAMERA\FEASIBILITY\physical_feasibility.md",".md","202","False","True","False"
"CONTINUITY\CAMERA\FEASIBILITY\rig_feasibility.md",".md","197","False","True","False"
"CONTINUITY\CAMERA\FEASIBILITY\shot_feasibility.md",".md","198","False","True","False"
"CONTINUITY\CAMERA\FEASIBILITY\spatial_feasibility.md",".md","201","False","True","False"
"CONTINUITY\CAMERA\FEASIBILITY\vfx_feasibility.md",".md","197","False","True","False"
"CONTINUITY\CAMERA\FILTERS\color_filter.md",".md","194","False","True","False"
"CONTINUITY\CAMERA\FILTERS\diffusion_filter.md",".md","198","False","True","False"
"CONTINUITY\CAMERA\FILTERS\filter_color_effect.md",".md","201","False","True","False"
"CONTINUITY\CAMERA\FILTERS\filter_continuity.md",".md","199","False","True","False"
"CONTINUITY\CAMERA\FILTERS\filter_exposure_effect.md",".md","204","False","True","False"
"CONTINUITY\CAMERA\FILTERS\filter_identity.md",".md","197","False","True","False"
"CONTINUITY\CAMERA\FILTERS\filter_mount.md",".md","194","False","True","False"
"CONTINUITY\CAMERA\FILTERS\filter_optical_effect.md",".md","203","False","True","False"
"CONTINUITY\CAMERA\FILTERS\filter_order.md",".md","194","False","True","False"
"CONTINUITY\CAMERA\FILTERS\filter_removal.md",".md","196","False","True","False"
"CONTINUITY\CAMERA\FILTERS\filter_stack.md",".md","194","False","True","False"
"CONTINUITY\CAMERA\FILTERS\filter_strength.md",".md","197","False","True","False"
"CONTINUITY\CAMERA\FILTERS\filter_type.md",".md","193","False","True","False"
"CONTINUITY\CAMERA\FILTERS\nd_filter.md",".md","191","False","True","False"
"CONTINUITY\CAMERA\FILTERS\polarizer.md",".md","191","False","True","False"
"CONTINUITY\CAMERA\FILTERS\uv_filter.md",".md","191","False","True","False"
"CONTINUITY\CAMERA\FILTERS\variable_nd.md",".md","193","False","True","False"
"CONTINUITY\CAMERA\FOCUS\continuous_autofocus.md",".md","195","False","True","False"
"CONTINUITY\CAMERA\FOCUS\focus_acceleration.md",".md","193","False","True","False"
"CONTINUITY\CAMERA\FOCUS\focus_breathing.md",".md","190","False","True","False"
"CONTINUITY\CAMERA\FOCUS\focus_continuity.md",".md","191","False","True","False"
"CONTINUITY\CAMERA\FOCUS\focus_distance.md",".md","189","False","True","False"
"CONTINUITY\CAMERA\FOCUS\focus_failure.md",".md","188","False","True","False"
"CONTINUITY\CAMERA\FOCUS\focus_hunting.md",".md","188","False","True","False"
"CONTINUITY\CAMERA\FOCUS\focus_identity.md",".md","189","False","True","False"
"CONTINUITY\CAMERA\FOCUS\focus_lock.md",".md","185","False","True","False"
"CONTINUITY\CAMERA\FOCUS\focus_plane.md",".md","186","False","True","False"
"CONTINUITY\CAMERA\FOCUS\focus_priority.md",".md","189","False","True","False"
"CONTINUITY\CAMERA\FOCUS\focus_pull.md",".md","185","False","True","False"
"CONTINUITY\CAMERA\FOCUS\focus_speed.md",".md","186","False","True","False"
"CONTINUITY\CAMERA\FOCUS\focus_subject.md",".md","188","False","True","False"
"CONTINUITY\CAMERA\FOCUS\focus_tracking.md",".md","189","False","True","False"
"CONTINUITY\CAMERA\FOCUS\focus_transition.md",".md","191","False","True","False"
"CONTINUITY\CAMERA\FOCUS\manual_focus.md",".md","187","False","True","False"
"CONTINUITY\CAMERA\FOCUS\rack_focus.md",".md","185","False","True","False"
"CONTINUITY\CAMERA\FORMAT\anamorphic_format.md",".md","192","False","True","False"
"CONTINUITY\CAMERA\FORMAT\aspect_ratio.md",".md","187","False","True","False"
"CONTINUITY\CAMERA\FORMAT\cinematic_format.md",".md","191","False","True","False"
"CONTINUITY\CAMERA\FORMAT\crop_state.md",".md","185","False","True","False"
"CONTINUITY\CAMERA\FORMAT\digital_crop.md",".md","187","False","True","False"
"CONTINUITY\CAMERA\FORMAT\format_continuity.md",".md","192","False","True","False"
"CONTINUITY\CAMERA\FORMAT\format_conversion.md",".md","192","False","True","False"
"CONTINUITY\CAMERA\FORMAT\frame_duration.md",".md","189","False","True","False"
"CONTINUITY\CAMERA\FORMAT\frame_rate.md",".md","185","False","True","False"
"CONTINUITY\CAMERA\FORMAT\frame_size.md",".md","185","False","True","False"
"CONTINUITY\CAMERA\FORMAT\interlaced.md",".md","185","False","True","False"
"CONTINUITY\CAMERA\FORMAT\progressive.md",".md","186","False","True","False"
"CONTINUITY\CAMERA\FORMAT\resolution.md",".md","185","False","True","False"
"CONTINUITY\CAMERA\FORMAT\sensor_crop.md",".md","186","False","True","False"
"CONTINUITY\CAMERA\FRAMING\close_up.md",".md","183","False","True","False"
"CONTINUITY\CAMERA\FRAMING\cutaway.md",".md","182","False","True","False"
"CONTINUITY\CAMERA\FRAMING\detail_shot.md",".md","186","False","True","False"
"CONTINUITY\CAMERA\FRAMING\establishing_shot.md",".md","192","False","True","False"
"CONTINUITY\CAMERA\FRAMING\extreme_close_up.md",".md","191","False","True","False"
"CONTINUITY\CAMERA\FRAMING\extreme_wide_shot.md",".md","192","False","True","False"
"CONTINUITY\CAMERA\FRAMING\framing_change.md",".md","189","False","True","False"
"CONTINUITY\CAMERA\FRAMING\framing_continuity.md",".md","193","False","True","False"
"CONTINUITY\CAMERA\FRAMING\framing_identity.md",".md","191","False","True","False"
"CONTINUITY\CAMERA\FRAMING\full_shot.md",".md","184","False","True","False"
"CONTINUITY\CAMERA\FRAMING\group_shot.md",".md","185","False","True","False"
"CONTINUITY\CAMERA\FRAMING\headroom.md",".md","183","False","True","False"
"CONTINUITY\CAMERA\FRAMING\insert_shot.md",".md","186","False","True","False"
"CONTINUITY\CAMERA\FRAMING\lead_room.md",".md","184","False","True","False"
"CONTINUITY\CAMERA\FRAMING\look_room.md",".md","184","False","True","False"
"CONTINUITY\CAMERA\FRAMING\medium_close_up.md",".md","190","False","True","False"
"CONTINUITY\CAMERA\FRAMING\medium_full_shot.md",".md","191","False","True","False"
"CONTINUITY\CAMERA\FRAMING\medium_shot.md",".md","186","False","True","False"
"CONTINUITY\CAMERA\FRAMING\negative_space.md",".md","189","False","True","False"
"CONTINUITY\CAMERA\FRAMING\reaction_shot.md",".md","188","False","True","False"
"CONTINUITY\CAMERA\FRAMING\shot_size.md",".md","184","False","True","False"
"CONTINUITY\CAMERA\FRAMING\subject_scale.md",".md","188","False","True","False"
"CONTINUITY\CAMERA\FRAMING\three_shot.md",".md","185","False","True","False"
"CONTINUITY\CAMERA\FRAMING\two_shot.md",".md","183","False","True","False"
"CONTINUITY\CAMERA\FRAMING\wide_shot.md",".md","184","False","True","False"
"CONTINUITY\CAMERA\FRUSTUM\camera_frustum.md",".md","196","False","True","False"
"CONTINUITY\CAMERA\FRUSTUM\far_clip.md",".md","190","False","True","False"
"CONTINUITY\CAMERA\FRUSTUM\frustum_continuity.md",".md","200","False","True","False"
"CONTINUITY\CAMERA\FRUSTUM\frustum_corners.md",".md","197","False","True","False"
"CONTINUITY\CAMERA\FRUSTUM\frustum_culling.md",".md","197","False","True","False"
"CONTINUITY\CAMERA\FRUSTUM\horizontal_frustum.md",".md","200","False","True","False"
"CONTINUITY\CAMERA\FRUSTUM\near_clip.md",".md","191","False","True","False"
"CONTINUITY\CAMERA\FRUSTUM\vertical_frustum.md",".md","198","False","True","False"
"CONTINUITY\CAMERA\FRUSTUM\visibility_test.md",".md","197","False","True","False"
"CONTINUITY\CAMERA\FRUSTUM\visible_volume.md",".md","196","False","True","False"
"CONTINUITY\CAMERA\GLOBAL_CONTINUITY_INTERFACE\event_camera_response.md",".md","203","False","True","False"
"CONTINUITY\CAMERA\GLOBAL_CONTINUITY_INTERFACE\event_to_camera_mapping.md",".md","205","False","True","False"
"CONTINUITY\CAMERA\GLOBAL_CONTINUITY_INTERFACE\global_approval_interface.md",".md","207","False","True","False"
"CONTINUITY\CAMERA\GLOBAL_CONTINUITY_INTERFACE\global_dependency_interface.md",".md","209","False","True","False"
"CONTINUITY\CAMERA\GLOBAL_CONTINUITY_INTERFACE\global_event_interface.md",".md","204","False","True","False"
"CONTINUITY\CAMERA\GLOBAL_CONTINUITY_INTERFACE\global_lock_interface.md",".md","203","False","True","False"
"CONTINUITY\CAMERA\GLOBAL_CONTINUITY_INTERFACE\global_revalidation_interface.md",".md","211","False","True","False"
"CONTINUITY\CAMERA\GLOBAL_CONTINUITY_INTERFACE\global_state_interface.md",".md","204","False","True","False"
"CONTINUITY\CAMERA\GLOBAL_CONTINUITY_INTERFACE\global_state_ledger_interface.md",".md","211","False","True","False"
"CONTINUITY\CAMERA\GLOBAL_CONTINUITY_INTERFACE\global_timeline_interface.md",".md","207","False","True","False"
"CONTINUITY\CAMERA\GLOBAL_CONTINUITY_INTERFACE\persistent_state_camera_inheritance.md",".md","217","False","True","False"
"CONTINUITY\CAMERA\GLOBAL_CONTINUITY_INTERFACE\state_change_camera_impact.md",".md","208","False","True","False"
"CONTINUITY\CAMERA\GLOBAL_CONTINUITY_INTERFACE\state_to_camera_mapping.md",".md","205","False","True","False"
"CONTINUITY\CAMERA\HUMAN_REALISM\camera_physical_realism.md",".md","198","False","True","False"
"CONTINUITY\CAMERA\HUMAN_REALISM\cinematic_realism.md",".md","192","False","True","False"
"CONTINUITY\CAMERA\HUMAN_REALISM\controlled_imperfection.md",".md","198","False","True","False"
"CONTINUITY\CAMERA\HUMAN_REALISM\handheld_realism.md",".md","191","False","True","False"
"CONTINUITY\CAMERA\HUMAN_REALISM\human_camera_error.md",".md","193","False","True","False"
"CONTINUITY\CAMERA\HUMAN_REALISM\human_reaction_camera.md",".md","196","False","True","False"
"CONTINUITY\CAMERA\HUMAN_REALISM\operator_breathing_effect.md",".md","200","False","True","False"
"CONTINUITY\CAMERA\HUMAN_REALISM\operator_fatigue.md",".md","191","False","True","False"
"CONTINUITY\CAMERA\HUMAN_REALISM\operator_movement.md",".md","192","False","True","False"
"CONTINUITY\CAMERA\HUMAN_REALISM\operator_realism.md",".md","191","False","True","False"
"CONTINUITY\CAMERA\HUMAN_REALISM\operator_recovery.md",".md","192","False","True","False"
"CONTINUITY\CAMERA\HUMAN_REALISM\operator_weight_shift.md",".md","196","False","True","False"
"CONTINUITY\CAMERA\IDENTITY\camera_body_identity.md",".md","195","False","True","False"
"CONTINUITY\CAMERA\IDENTITY\camera_characteristics.md",".md","197","False","True","False"
"CONTINUITY\CAMERA\IDENTITY\camera_configuration_identity.md",".md","204","False","True","False"
"CONTINUITY\CAMERA\IDENTITY\camera_downgrade.md",".md","191","False","True","False"
"CONTINUITY\CAMERA\IDENTITY\camera_family.md",".md","188","False","True","False"
"CONTINUITY\CAMERA\IDENTITY\camera_history.md",".md","189","False","True","False"
"CONTINUITY\CAMERA\IDENTITY\camera_id.md",".md","184","False","True","False"
"CONTINUITY\CAMERA\IDENTITY\camera_identity.md",".md","190","False","True","False"
"CONTINUITY\CAMERA\IDENTITY\camera_identity_lock.md",".md","195","False","True","False"
"CONTINUITY\CAMERA\IDENTITY\camera_identity_version.md",".md","198","False","True","False"
"CONTINUITY\CAMERA\IDENTITY\camera_instance.md",".md","190","False","True","False"
"CONTINUITY\CAMERA\IDENTITY\camera_lens_identity.md",".md","195","False","True","False"
"CONTINUITY\CAMERA\IDENTITY\camera_optical_identity.md",".md","198","False","True","False"
"CONTINUITY\CAMERA\IDENTITY\camera_replacement.md",".md","193","False","True","False"
"CONTINUITY\CAMERA\IDENTITY\camera_rig_identity.md",".md","194","False","True","False"
"CONTINUITY\CAMERA\IDENTITY\camera_sensor_identity.md",".md","197","False","True","False"
"CONTINUITY\CAMERA\IDENTITY\camera_upgrade.md",".md","189","False","True","False"
"CONTINUITY\CAMERA\IMAGE_PIPELINE\color_processing.md",".md","198","False","True","False"
"CONTINUITY\CAMERA\IMAGE_PIPELINE\debayer.md",".md","189","False","True","False"
"CONTINUITY\CAMERA\IMAGE_PIPELINE\demosaicing.md",".md","193","False","True","False"
"CONTINUITY\CAMERA\IMAGE_PIPELINE\denoising.md",".md","191","False","True","False"
"CONTINUITY\CAMERA\IMAGE_PIPELINE\dynamic_range_mapping.md",".md","203","False","True","False"
"CONTINUITY\CAMERA\IMAGE_PIPELINE\image_pipeline.md",".md","196","False","True","False"
"CONTINUITY\CAMERA\IMAGE_PIPELINE\image_transform.md",".md","197","False","True","False"
"CONTINUITY\CAMERA\IMAGE_PIPELINE\noise_processing.md",".md","198","False","True","False"
"CONTINUITY\CAMERA\IMAGE_PIPELINE\output_transform.md",".md","198","False","True","False"
"CONTINUITY\CAMERA\IMAGE_PIPELINE\pipeline_continuity.md",".md","201","False","True","False"
"CONTINUITY\CAMERA\IMAGE_PIPELINE\pipeline_lineage.md",".md","198","False","True","False"
"CONTINUITY\CAMERA\IMAGE_PIPELINE\pipeline_version.md",".md","198","False","True","False"
"CONTINUITY\CAMERA\IMAGE_PIPELINE\raw_capture.md",".md","193","False","True","False"
"CONTINUITY\CAMERA\IMAGE_PIPELINE\sharpening.md",".md","192","False","True","False"
"CONTINUITY\CAMERA\IMAGE_PIPELINE\tone_mapping.md",".md","194","False","True","False"
"CONTINUITY\CAMERA\INTENT\audience_attention.md",".md","193","False","True","False"
"CONTINUITY\CAMERA\INTENT\camera_intent.md",".md","188","False","True","False"
"CONTINUITY\CAMERA\INTENT\character_intent.md",".md","191","False","True","False"
"CONTINUITY\CAMERA\INTENT\concealment_intent.md",".md","193","False","True","False"
"CONTINUITY\CAMERA\INTENT\divinity_intent.md",".md","190","False","True","False"
"CONTINUITY\CAMERA\INTENT\emotional_intent.md",".md","191","False","True","False"
"CONTINUITY\CAMERA\INTENT\information_intent.md",".md","193","False","True","False"
"CONTINUITY\CAMERA\INTENT\narrative_intent.md",".md","191","False","True","False"
"CONTINUITY\CAMERA\INTENT\power_relationship_intent.md",".md","200","False","True","False"
"CONTINUITY\CAMERA\INTENT\reveal_intent.md",".md","188","False","True","False"
"CONTINUITY\CAMERA\INTENT\scale_intent.md",".md","187","False","True","False"
"CONTINUITY\CAMERA\INTENT\spatial_intent.md",".md","189","False","True","False"
"CONTINUITY\CAMERA\INTENT\tension_intent.md",".md","189","False","True","False"
"CONTINUITY\CAMERA\INTENT\transition_intent.md",".md","192","False","True","False"
"CONTINUITY\CAMERA\LENS\anamorphic_characteristics.md",".md","201","False","True","False"
"CONTINUITY\CAMERA\LENS\aperture.md",".md","183","False","True","False"
"CONTINUITY\CAMERA\LENS\astigmatism.md",".md","186","False","True","False"
"CONTINUITY\CAMERA\LENS\barrel_distortion.md",".md","192","False","True","False"
"CONTINUITY\CAMERA\LENS\bokeh.md",".md","180","False","True","False"
"CONTINUITY\CAMERA\LENS\bokeh_shape.md",".md","186","False","True","False"
"CONTINUITY\CAMERA\LENS\chromatic_aberration.md",".md","195","False","True","False"
"CONTINUITY\CAMERA\LENS\coma.md",".md","179","False","True","False"
"CONTINUITY\CAMERA\LENS\depth_of_field.md",".md","189","False","True","False"
"CONTINUITY\CAMERA\LENS\diagonal_fov.md",".md","187","False","True","False"
"CONTINUITY\CAMERA\LENS\diffraction.md",".md","186","False","True","False"
"CONTINUITY\CAMERA\LENS\field_of_view.md",".md","188","False","True","False"
"CONTINUITY\CAMERA\LENS\focal_length.md",".md","187","False","True","False"
"CONTINUITY\CAMERA\LENS\focal_length_range.md",".md","193","False","True","False"
"CONTINUITY\CAMERA\LENS\focus_distance.md",".md","189","False","True","False"
"CONTINUITY\CAMERA\LENS\focus_shift.md",".md","186","False","True","False"
"CONTINUITY\CAMERA\LENS\ghosting.md",".md","183","False","True","False"
"CONTINUITY\CAMERA\LENS\horizontal_fov.md",".md","189","False","True","False"
"CONTINUITY\CAMERA\LENS\hyperfocal_distance.md",".md","194","False","True","False"
"CONTINUITY\CAMERA\LENS\iris_shape.md",".md","185","False","True","False"
"CONTINUITY\CAMERA\LENS\lens_breathing.md",".md","189","False","True","False"
"CONTINUITY\CAMERA\LENS\lens_coating.md",".md","187","False","True","False"
"CONTINUITY\CAMERA\LENS\lens_family.md",".md","186","False","True","False"
"CONTINUITY\CAMERA\LENS\lens_filter.md",".md","186","False","True","False"
"CONTINUITY\CAMERA\LENS\lens_flare.md",".md","185","False","True","False"
"CONTINUITY\CAMERA\LENS\lens_identity.md",".md","188","False","True","False"
"CONTINUITY\CAMERA\LENS\lens_model.md",".md","185","False","True","False"
"CONTINUITY\CAMERA\LENS\maximum_aperture.md",".md","191","False","True","False"
"CONTINUITY\CAMERA\LENS\minimum_aperture.md",".md","191","False","True","False"
"CONTINUITY\CAMERA\LENS\minimum_focus_distance.md",".md","197","False","True","False"
"CONTINUITY\CAMERA\LENS\mustache_distortion.md",".md","194","False","True","False"
"CONTINUITY\CAMERA\LENS\optical_fingerprint.md",".md","194","False","True","False"
"CONTINUITY\CAMERA\LENS\perspective.md",".md","186","False","True","False"
"CONTINUITY\CAMERA\LENS\perspective_compression.md",".md","198","False","True","False"
"CONTINUITY\CAMERA\LENS\pincushion_distortion.md",".md","196","False","True","False"
"CONTINUITY\CAMERA\LENS\prime_lens.md",".md","185","False","True","False"
"CONTINUITY\CAMERA\LENS\spherical_aberration.md",".md","195","False","True","False"
"CONTINUITY\CAMERA\LENS\squeeze_ratio.md",".md","188","False","True","False"
"CONTINUITY\CAMERA\LENS\vertical_fov.md",".md","187","False","True","False"
"CONTINUITY\CAMERA\LENS\vignetting.md",".md","185","False","True","False"
"CONTINUITY\CAMERA\LENS\wide_angle_distortion.md",".md","196","False","True","False"
"CONTINUITY\CAMERA\LENS\zoom_lens.md",".md","184","False","True","False"
"CONTINUITY\CAMERA\LENS_EFFECT_CAUSALITY\bokeh_consistency.md",".md","199","False","True","False"
"CONTINUITY\CAMERA\LENS_EFFECT_CAUSALITY\bokeh_source_geometry.md",".md","203","False","True","False"
"CONTINUITY\CAMERA\LENS_EFFECT_CAUSALITY\chromatic_aberration_state.md",".md","208","False","True","False"
"CONTINUITY\CAMERA\LENS_EFFECT_CAUSALITY\distortion_state.md",".md","198","False","True","False"
"CONTINUITY\CAMERA\LENS_EFFECT_CAUSALITY\flare_direction.md",".md","197","False","True","False"
"CONTINUITY\CAMERA\LENS_EFFECT_CAUSALITY\flare_geometry.md",".md","196","False","True","False"
"CONTINUITY\CAMERA\LENS_EFFECT_CAUSALITY\flare_intensity.md",".md","197","False","True","False"
"CONTINUITY\CAMERA\LENS_EFFECT_CAUSALITY\flare_movement.md",".md","196","False","True","False"
"CONTINUITY\CAMERA\LENS_EFFECT_CAUSALITY\flare_occlusion.md",".md","197","False","True","False"
"CONTINUITY\CAMERA\LENS_EFFECT_CAUSALITY\lens_effect_validation.md",".md","204","False","True","False"
"CONTINUITY\CAMERA\LENS_EFFECT_CAUSALITY\lens_flare_source.md",".md","199","False","True","False"
"CONTINUITY\CAMERA\LENS_EFFECT_CAUSALITY\vignetting_state.md",".md","198","False","True","False"
"CONTINUITY\CAMERA\LENS_LIFECYCLE\back_focus.md",".md","192","False","True","False"
"CONTINUITY\CAMERA\LENS_LIFECYCLE\flange_distance.md",".md","197","False","True","False"
"CONTINUITY\CAMERA\LENS_LIFECYCLE\lens_calibration.md",".md","198","False","True","False"
"CONTINUITY\CAMERA\LENS_LIFECYCLE\lens_cleaning.md",".md","195","False","True","False"
"CONTINUITY\CAMERA\LENS_LIFECYCLE\lens_configuration.md",".md","200","False","True","False"
"CONTINUITY\CAMERA\LENS_LIFECYCLE\lens_damage.md",".md","193","False","True","False"
"CONTINUITY\CAMERA\LENS_LIFECYCLE\lens_exchange.md",".md","195","False","True","False"
"CONTINUITY\CAMERA\LENS_LIFECYCLE\lens_filter_attachment.md",".md","204","False","True","False"
"CONTINUITY\CAMERA\LENS_LIFECYCLE\lens_filter_removal.md",".md","201","False","True","False"
"CONTINUITY\CAMERA\LENS_LIFECYCLE\lens_focus_calibration.md",".md","204","False","True","False"
"CONTINUITY\CAMERA\LENS_LIFECYCLE\lens_lifecycle.md",".md","196","False","True","False"
"CONTINUITY\CAMERA\LENS_LIFECYCLE\lens_lifecycle_history.md",".md","204","False","True","False"
"CONTINUITY\CAMERA\LENS_LIFECYCLE\lens_mount.md",".md","192","False","True","False"
"CONTINUITY\CAMERA\LENS_LIFECYCLE\lens_repair.md",".md","193","False","True","False"
"CONTINUITY\CAMERA\LENS_LIFECYCLE\lens_state.md",".md","192","False","True","False"
"CONTINUITY\CAMERA\LENS_LIFECYCLE\lens_unmount.md",".md","194","False","True","False"
"CONTINUITY\CAMERA\LIGHTING_INTERFACE\backlight_response.md",".md","193","False","True","False"
"CONTINUITY\CAMERA\LIGHTING_INTERFACE\exposure_response.md",".md","192","False","True","False"
"CONTINUITY\CAMERA\LIGHTING_INTERFACE\glare_response.md",".md","189","False","True","False"
"CONTINUITY\CAMERA\LIGHTING_INTERFACE\highlight_response.md",".md","193","False","True","False"
"CONTINUITY\CAMERA\LIGHTING_INTERFACE\illumination_state.md",".md","193","False","True","False"
"CONTINUITY\CAMERA\LIGHTING_INTERFACE\lens_flare_response.md",".md","194","False","True","False"
"CONTINUITY\CAMERA\LIGHTING_INTERFACE\lighting_camera_interface.md",".md","200","False","True","False"
"CONTINUITY\CAMERA\LIGHTING_INTERFACE\low_light_response.md",".md","193","False","True","False"
"CONTINUITY\CAMERA\LIGHTING_INTERFACE\shadow_response.md",".md","190","False","True","False"
"CONTINUITY\CAMERA\LIGHTING_INTERFACE\silhouette_response.md",".md","194","False","True","False"
"CONTINUITY\CAMERA\LIGHTING_INTERFACE\volumetric_visibility.md",".md","196","False","True","False"
"CONTINUITY\CAMERA\LIGHTING_INTERFACE\white_balance_response.md",".md","197","False","True","False"
"CONTINUITY\CAMERA\LIGHTING_VALIDATION\camera_lighting_bidirectional.md",".md","211","False","True","False"
"CONTINUITY\CAMERA\LIGHTING_VALIDATION\camera_to_light_visibility.md",".md","208","False","True","False"
"CONTINUITY\CAMERA\LIGHTING_VALIDATION\exposure_light_consistency.md",".md","208","False","True","False"
"CONTINUITY\CAMERA\LIGHTING_VALIDATION\lighting_camera_validation.md",".md","208","False","True","False"
"CONTINUITY\CAMERA\LIGHTING_VALIDATION\light_source_occlusion.md",".md","204","False","True","False"
"CONTINUITY\CAMERA\LIGHTING_VALIDATION\light_source_visibility.md",".md","205","False","True","False"
"CONTINUITY\CAMERA\LIGHTING_VALIDATION\light_to_camera.md",".md","197","False","True","False"
"CONTINUITY\CAMERA\LIGHTING_VALIDATION\reflection_camera_consistency.md",".md","211","False","True","False"
"CONTINUITY\CAMERA\LIGHTING_VALIDATION\shadow_camera_consistency.md",".md","207","False","True","False"
"CONTINUITY\CAMERA\LIGHTING_VALIDATION\silhouette_camera_consistency.md",".md","211","False","True","False"
"CONTINUITY\CAMERA\METADATA\camera_metadata.md",".md","197","False","True","False"
"CONTINUITY\CAMERA\METADATA\capture_metadata.md",".md","198","False","True","False"
"CONTINUITY\CAMERA\METADATA\color_metadata.md",".md","196","False","True","False"
"CONTINUITY\CAMERA\METADATA\exposure_metadata.md",".md","199","False","True","False"
"CONTINUITY\CAMERA\METADATA\focus_metadata.md",".md","196","False","True","False"
"CONTINUITY\CAMERA\METADATA\frame_rate_metadata.md",".md","201","False","True","False"
"CONTINUITY\CAMERA\METADATA\lens_metadata.md",".md","195","False","True","False"
"CONTINUITY\CAMERA\METADATA\metadata_integrity.md",".md","200","False","True","False"
"CONTINUITY\CAMERA\METADATA\metadata_lineage.md",".md","198","False","True","False"
"CONTINUITY\CAMERA\METADATA\orientation_metadata.md",".md","202","False","True","False"
"CONTINUITY\CAMERA\METADATA\position_metadata.md",".md","199","False","True","False"
"CONTINUITY\CAMERA\METADATA\rig_metadata.md",".md","194","False","True","False"
"CONTINUITY\CAMERA\METADATA\sensor_metadata.md",".md","197","False","True","False"
"CONTINUITY\CAMERA\METADATA\shutter_metadata.md",".md","198","False","True","False"
"CONTINUITY\CAMERA\METADATA\timecode_metadata.md",".md","199","False","True","False"
"CONTINUITY\CAMERA\METADATA\timestamp_metadata.md",".md","200","False","True","False"
"CONTINUITY\CAMERA\MOVEMENT\camera_movement.md",".md","190","False","True","False"
"CONTINUITY\CAMERA\MOVEMENT\movement_acceleration.md",".md","196","False","True","False"
"CONTINUITY\CAMERA\MOVEMENT\movement_continuity.md",".md","194","False","True","False"
"CONTINUITY\CAMERA\MOVEMENT\movement_curve.md",".md","189","False","True","False"
"CONTINUITY\CAMERA\MOVEMENT\movement_deceleration.md",".md","196","False","True","False"
"CONTINUITY\CAMERA\MOVEMENT\movement_direction.md",".md","193","False","True","False"
"CONTINUITY\CAMERA\MOVEMENT\movement_distance.md",".md","192","False","True","False"
"CONTINUITY\CAMERA\MOVEMENT\movement_duration.md",".md","192","False","True","False"
"CONTINUITY\CAMERA\MOVEMENT\movement_easing.md",".md","190","False","True","False"
"CONTINUITY\CAMERA\MOVEMENT\movement_end.md",".md","187","False","True","False"
"CONTINUITY\CAMERA\MOVEMENT\movement_history.md",".md","191","False","True","False"
"CONTINUITY\CAMERA\MOVEMENT\movement_identity.md",".md","192","False","True","False"
"CONTINUITY\CAMERA\MOVEMENT\movement_inertia.md",".md","191","False","True","False"
"CONTINUITY\CAMERA\MOVEMENT\movement_interrupt.md",".md","193","False","True","False"
"CONTINUITY\CAMERA\MOVEMENT\movement_phase.md",".md","189","False","True","False"
"CONTINUITY\CAMERA\MOVEMENT\movement_resume.md",".md","190","False","True","False"
"CONTINUITY\CAMERA\MOVEMENT\movement_speed.md",".md","189","False","True","False"
"CONTINUITY\CAMERA\MOVEMENT\movement_start.md",".md","189","False","True","False"
"CONTINUITY\CAMERA\MOVEMENT\movement_velocity.md",".md","192","False","True","False"
"CONTINUITY\CAMERA\MULTI_CAMERA\camera_a.md",".md","183","False","True","False"
"CONTINUITY\CAMERA\MULTI_CAMERA\camera_b.md",".md","183","False","True","False"
"CONTINUITY\CAMERA\MULTI_CAMERA\camera_c.md",".md","183","False","True","False"
"CONTINUITY\CAMERA\MULTI_CAMERA\camera_d.md",".md","183","False","True","False"
"CONTINUITY\CAMERA\MULTI_CAMERA\camera_selection.md",".md","191","False","True","False"
"CONTINUITY\CAMERA\MULTI_CAMERA\camera_switching.md",".md","191","False","True","False"
"CONTINUITY\CAMERA\MULTI_CAMERA\multi_camera_axis.md",".md","192","False","True","False"
"CONTINUITY\CAMERA\MULTI_CAMERA\multi_camera_color.md",".md","193","False","True","False"
"CONTINUITY\CAMERA\MULTI_CAMERA\multi_camera_continuity.md",".md","198","False","True","False"
"CONTINUITY\CAMERA\MULTI_CAMERA\multi_camera_exposure.md",".md","196","False","True","False"
"CONTINUITY\CAMERA\MULTI_CAMERA\multi_camera_identity.md",".md","196","False","True","False"
"CONTINUITY\CAMERA\MULTI_CAMERA\multi_camera_lens.md",".md","192","False","True","False"
"CONTINUITY\CAMERA\MULTI_CAMERA\multi_camera_position.md",".md","196","False","True","False"
"CONTINUITY\CAMERA\MULTI_CAMERA\multi_camera_sync.md",".md","192","False","True","False"
"CONTINUITY\CAMERA\MULTI_CHARACTER_GEOMETRY\character_group_geometry.md",".md","206","False","True","False"
"CONTINUITY\CAMERA\MULTI_CHARACTER_GEOMETRY\character_pair_geometry.md",".md","205","False","True","False"
"CONTINUITY\CAMERA\MULTI_CHARACTER_GEOMETRY\conversation_geometry.md",".md","203","False","True","False"
"CONTINUITY\CAMERA\MULTI_CHARACTER_GEOMETRY\eyeline_triangle.md",".md","198","False","True","False"
"CONTINUITY\CAMERA\MULTI_CHARACTER_GEOMETRY\group_conversation_geometry.md",".md","209","False","True","False"
"CONTINUITY\CAMERA\MULTI_CHARACTER_GEOMETRY\multi_character_camera_validation.md",".md","215","False","True","False"
"CONTINUITY\CAMERA\MULTI_CHARACTER_GEOMETRY\multi_character_geometry.md",".md","206","False","True","False"
"CONTINUITY\CAMERA\MULTI_CHARACTER_GEOMETRY\occlusion_order.md",".md","197","False","True","False"
"CONTINUITY\CAMERA\MULTI_CHARACTER_GEOMETRY\relative_character_distance.md",".md","209","False","True","False"
"CONTINUITY\CAMERA\MULTI_CHARACTER_GEOMETRY\relative_character_orientation.md",".md","212","False","True","False"
"CONTINUITY\CAMERA\MULTI_CHARACTER_GEOMETRY\relative_character_position.md",".md","209","False","True","False"
"CONTINUITY\CAMERA\MULTI_CHARACTER_GEOMETRY\screen_position_order.md",".md","203","False","True","False"
"CONTINUITY\CAMERA\NATURAL_VARIATION\camera_variation.md",".md","191","False","True","False"
"CONTINUITY\CAMERA\NATURAL_VARIATION\environmental_variation.md",".md","198","False","True","False"
"CONTINUITY\CAMERA\NATURAL_VARIATION\exposure_variation.md",".md","193","False","True","False"
"CONTINUITY\CAMERA\NATURAL_VARIATION\focus_variation.md",".md","190","False","True","False"
"CONTINUITY\CAMERA\NATURAL_VARIATION\handheld_variation.md",".md","193","False","True","False"
"CONTINUITY\CAMERA\NATURAL_VARIATION\micro_movement.md",".md","189","False","True","False"
"CONTINUITY\CAMERA\NATURAL_VARIATION\micro_vibration.md",".md","190","False","True","False"
"CONTINUITY\CAMERA\NATURAL_VARIATION\natural_camera_noise.md",".md","195","False","True","False"
"CONTINUITY\CAMERA\NATURAL_VARIATION\operator_variation.md",".md","193","False","True","False"
"CONTINUITY\CAMERA\NATURAL_VARIATION\variation_continuity_rules.md",".md","201","False","True","False"
"CONTINUITY\CAMERA\NATURAL_VARIATION\variation_identity_boundary.md",".md","202","False","True","False"
"CONTINUITY\CAMERA\NATURAL_VARIATION\variation_limits.md",".md","191","False","True","False"
"CONTINUITY\CAMERA\OPERATOR\operator_breathing.md",".md","200","False","True","False"
"CONTINUITY\CAMERA\OPERATOR\operator_camera_relationship.md",".md","210","False","True","False"
"CONTINUITY\CAMERA\OPERATOR\operator_continuity.md",".md","201","False","True","False"
"CONTINUITY\CAMERA\OPERATOR\operator_experience.md",".md","201","False","True","False"
"CONTINUITY\CAMERA\OPERATOR\operator_fatigue.md",".md","198","False","True","False"
"CONTINUITY\CAMERA\OPERATOR\operator_hand_dominance.md",".md","205","False","True","False"
"CONTINUITY\CAMERA\OPERATOR\operator_identity.md",".md","199","False","True","False"
"CONTINUITY\CAMERA\OPERATOR\operator_movement.md",".md","199","False","True","False"
"CONTINUITY\CAMERA\OPERATOR\operator_performance_history.md",".md","210","False","True","False"
"CONTINUITY\CAMERA\OPERATOR\operator_position.md",".md","199","False","True","False"
"CONTINUITY\CAMERA\OPERATOR\operator_posture.md",".md","198","False","True","False"
"CONTINUITY\CAMERA\OPERATOR\operator_reaction.md",".md","199","False","True","False"
"CONTINUITY\CAMERA\OPERATOR\operator_recovery.md",".md","199","False","True","False"
"CONTINUITY\CAMERA\OPERATOR\operator_role.md",".md","195","False","True","False"
"CONTINUITY\CAMERA\OPERATOR\operator_skill.md",".md","196","False","True","False"
"CONTINUITY\CAMERA\OPERATOR\operator_stress.md",".md","197","False","True","False"
"CONTINUITY\CAMERA\OPERATOR\operator_style.md",".md","196","False","True","False"
"CONTINUITY\CAMERA\OPERATOR\operator_weight_shift.md",".md","203","False","True","False"
"CONTINUITY\CAMERA\OPTICAL_HEALTH\lens_coating_damage.md",".md","201","False","True","False"
"CONTINUITY\CAMERA\OPTICAL_HEALTH\lens_condensation.md",".md","199","False","True","False"
"CONTINUITY\CAMERA\OPTICAL_HEALTH\lens_degradation.md",".md","198","False","True","False"
"CONTINUITY\CAMERA\OPTICAL_HEALTH\lens_dust.md",".md","191","False","True","False"
"CONTINUITY\CAMERA\OPTICAL_HEALTH\lens_fingerprint.md",".md","198","False","True","False"
"CONTINUITY\CAMERA\OPTICAL_HEALTH\lens_health.md",".md","193","False","True","False"
"CONTINUITY\CAMERA\OPTICAL_HEALTH\lens_moisture.md",".md","195","False","True","False"
"CONTINUITY\CAMERA\OPTICAL_HEALTH\lens_optical_drift.md",".md","200","False","True","False"
"CONTINUITY\CAMERA\OPTICAL_HEALTH\lens_scratches.md",".md","196","False","True","False"
"CONTINUITY\CAMERA\OPTICAL_HEALTH\lens_water_drops.md",".md","198","False","True","False"
"CONTINUITY\CAMERA\OPTICAL_HEALTH\optical_health_history.md",".md","204","False","True","False"
"CONTINUITY\CAMERA\OPTICAL_HEALTH\optical_state_persistence.md",".md","207","False","True","False"
"CONTINUITY\CAMERA\OPTICAL_SCENE_INTERACTION\glass_camera_geometry.md",".md","203","False","True","False"
"CONTINUITY\CAMERA\OPTICAL_SCENE_INTERACTION\metal_reflection_geometry.md",".md","207","False","True","False"
"CONTINUITY\CAMERA\OPTICAL_SCENE_INTERACTION\mirror_camera_geometry.md",".md","204","False","True","False"
"CONTINUITY\CAMERA\OPTICAL_SCENE_INTERACTION\optical_scene_validation.md",".md","206","False","True","False"
"CONTINUITY\CAMERA\OPTICAL_SCENE_INTERACTION\reflection_camera_geometry.md",".md","208","False","True","False"
"CONTINUITY\CAMERA\OPTICAL_SCENE_INTERACTION\reflection_continuity.md",".md","203","False","True","False"
"CONTINUITY\CAMERA\OPTICAL_SCENE_INTERACTION\reflection_visibility.md",".md","203","False","True","False"
"CONTINUITY\CAMERA\OPTICAL_SCENE_INTERACTION\refraction_camera_geometry.md",".md","208","False","True","False"
"CONTINUITY\CAMERA\OPTICAL_SCENE_INTERACTION\refraction_continuity.md",".md","203","False","True","False"
"CONTINUITY\CAMERA\OPTICAL_SCENE_INTERACTION\water_reflection_geometry.md",".md","207","False","True","False"
"CONTINUITY\CAMERA\ORIENTATION\camera_orientation.md",".md","193","False","True","False"
"CONTINUITY\CAMERA\ORIENTATION\forward_vector.md",".md","189","False","True","False"
"CONTINUITY\CAMERA\ORIENTATION\heading.md",".md","182","False","True","False"
"CONTINUITY\CAMERA\ORIENTATION\look_at_target.md",".md","189","False","True","False"
"CONTINUITY\CAMERA\ORIENTATION\look_direction.md",".md","189","False","True","False"
"CONTINUITY\CAMERA\ORIENTATION\orientation_change.md",".md","193","False","True","False"
"CONTINUITY\CAMERA\ORIENTATION\orientation_history.md",".md","194","False","True","False"
"CONTINUITY\CAMERA\ORIENTATION\orientation_lock.md",".md","191","False","True","False"
"CONTINUITY\CAMERA\ORIENTATION\orientation_reference.md",".md","196","False","True","False"
"CONTINUITY\CAMERA\ORIENTATION\pitch.md",".md","180","False","True","False"
"CONTINUITY\CAMERA\ORIENTATION\roll.md",".md","179","False","True","False"
"CONTINUITY\CAMERA\ORIENTATION\up_vector.md",".md","184","False","True","False"
"CONTINUITY\CAMERA\ORIENTATION\yaw.md",".md","178","False","True","False"
"CONTINUITY\CAMERA\PARAMETER_UNCERTAINTY\camera_parameter_authoritative.md",".md","212","False","True","False"
"CONTINUITY\CAMERA\PARAMETER_UNCERTAINTY\camera_parameter_confidence.md",".md","209","False","True","False"
"CONTINUITY\CAMERA\PARAMETER_UNCERTAINTY\camera_parameter_conflict.md",".md","207","False","True","False"
"CONTINUITY\CAMERA\PARAMETER_UNCERTAINTY\camera_parameter_estimated.md",".md","208","False","True","False"
"CONTINUITY\CAMERA\PARAMETER_UNCERTAINTY\camera_parameter_inferred.md",".md","207","False","True","False"
"CONTINUITY\CAMERA\PARAMETER_UNCERTAINTY\camera_parameter_observed.md",".md","207","False","True","False"
"CONTINUITY\CAMERA\PARAMETER_UNCERTAINTY\camera_parameter_range.md",".md","204","False","True","False"
"CONTINUITY\CAMERA\PARAMETER_UNCERTAINTY\camera_parameter_resolution.md",".md","209","False","True","False"
"CONTINUITY\CAMERA\PARAMETER_UNCERTAINTY\camera_parameter_tolerance.md",".md","208","False","True","False"
"CONTINUITY\CAMERA\PARAMETER_UNCERTAINTY\camera_parameter_unknown.md",".md","206","False","True","False"
"CONTINUITY\CAMERA\PERFORMANCE_INTERFACE\performance_camera_interface.md",".md","203","False","True","False"
"CONTINUITY\CAMERA\PERFORMANCE_INTERFACE\performance_camera_response.md",".md","202","False","True","False"
"CONTINUITY\CAMERA\PERFORMANCE_INTERFACE\performance_continuity.md",".md","197","False","True","False"
"CONTINUITY\CAMERA\PERFORMANCE_INTERFACE\performance_eyeline.md",".md","194","False","True","False"
"CONTINUITY\CAMERA\PERFORMANCE_INTERFACE\performance_focus.md",".md","192","False","True","False"
"CONTINUITY\CAMERA\PERFORMANCE_INTERFACE\performance_framing.md",".md","194","False","True","False"
"CONTINUITY\CAMERA\PERFORMANCE_INTERFACE\performance_micro_action.md",".md","199","False","True","False"
"CONTINUITY\CAMERA\PERFORMANCE_INTERFACE\performance_movement.md",".md","195","False","True","False"
"CONTINUITY\CAMERA\PERFORMANCE_INTERFACE\performance_reaction.md",".md","195","False","True","False"
"CONTINUITY\CAMERA\PERFORMANCE_INTERFACE\performance_timing.md",".md","193","False","True","False"
"CONTINUITY\CAMERA\PERSPECTIVE_VALIDATION\background_parallax.md",".md","201","False","True","False"
"CONTINUITY\CAMERA\PERSPECTIVE_VALIDATION\camera_distance_validation.md",".md","208","False","True","False"
"CONTINUITY\CAMERA\PERSPECTIVE_VALIDATION\focal_length_perspective_validation.md",".md","217","False","True","False"
"CONTINUITY\CAMERA\PERSPECTIVE_VALIDATION\foreground_parallax.md",".md","201","False","True","False"
"CONTINUITY\CAMERA\PERSPECTIVE_VALIDATION\midground_parallax.md",".md","200","False","True","False"
"CONTINUITY\CAMERA\PERSPECTIVE_VALIDATION\parallax_model.md",".md","196","False","True","False"
"CONTINUITY\CAMERA\PERSPECTIVE_VALIDATION\parallax_validation.md",".md","201","False","True","False"
"CONTINUITY\CAMERA\PERSPECTIVE_VALIDATION\perspective_consistency.md",".md","205","False","True","False"
"CONTINUITY\CAMERA\PERSPECTIVE_VALIDATION\perspective_model.md",".md","199","False","True","False"
"CONTINUITY\CAMERA\PERSPECTIVE_VALIDATION\perspective_scale.md",".md","199","False","True","False"
"CONTINUITY\CAMERA\PERSPECTIVE_VALIDATION\perspective_validation.md",".md","204","False","True","False"
"CONTINUITY\CAMERA\PERSPECTIVE_VALIDATION\relative_depth_motion.md",".md","203","False","True","False"
"CONTINUITY\CAMERA\PHYSICS\camera_acceleration.md",".md","194","False","True","False"
"CONTINUITY\CAMERA\PHYSICS\camera_center_of_mass.md",".md","196","False","True","False"
"CONTINUITY\CAMERA\PHYSICS\camera_gravity.md",".md","189","False","True","False"
"CONTINUITY\CAMERA\PHYSICS\camera_inertia.md",".md","189","False","True","False"
"CONTINUITY\CAMERA\PHYSICS\camera_mass.md",".md","186","False","True","False"
"CONTINUITY\CAMERA\PHYSICS\camera_physics.md",".md","189","False","True","False"
"CONTINUITY\CAMERA\PHYSICS\camera_shake.md",".md","187","False","True","False"
"CONTINUITY\CAMERA\PHYSICS\camera_vibration.md",".md","191","False","True","False"
"CONTINUITY\CAMERA\PHYSICS\collision_response.md",".md","193","False","True","False"
"CONTINUITY\CAMERA\PHYSICS\impact_response.md",".md","190","False","True","False"
"CONTINUITY\CAMERA\PHYSICS\impossible_movement_detection.md",".md","204","False","True","False"
"CONTINUITY\CAMERA\PHYSICS\operator_response.md",".md","192","False","True","False"
"CONTINUITY\CAMERA\PHYSICS\physics_continuity.md",".md","193","False","True","False"
"CONTINUITY\CAMERA\PHYSICS\stabilization_physics.md",".md","196","False","True","False"
"CONTINUITY\CAMERA\PHYSICS\terrain_response.md",".md","191","False","True","False"
"CONTINUITY\CAMERA\PHYSICS\vehicle_motion_response.md",".md","198","False","True","False"
"CONTINUITY\CAMERA\PHYSICS\water_response.md",".md","189","False","True","False"
"CONTINUITY\CAMERA\PHYSICS\wind_response.md",".md","188","False","True","False"
"CONTINUITY\CAMERA\PHYSICS_INTERFACE\camera_shake_causality.md",".md","197","False","True","False"
"CONTINUITY\CAMERA\PHYSICS_INTERFACE\collision_camera_response.md",".md","200","False","True","False"
"CONTINUITY\CAMERA\PHYSICS_INTERFACE\earthquake_camera_response.md",".md","201","False","True","False"
"CONTINUITY\CAMERA\PHYSICS_INTERFACE\explosion_camera_response.md",".md","200","False","True","False"
"CONTINUITY\CAMERA\PHYSICS_INTERFACE\fall_camera_response.md",".md","195","False","True","False"
"CONTINUITY\CAMERA\PHYSICS_INTERFACE\impact_camera_response.md",".md","197","False","True","False"
"CONTINUITY\CAMERA\PHYSICS_INTERFACE\object_motion_camera_response.md",".md","204","False","True","False"
"CONTINUITY\CAMERA\PHYSICS_INTERFACE\physics_camera_interface.md",".md","199","False","True","False"
"CONTINUITY\CAMERA\PHYSICS_INTERFACE\physics_camera_validation.md",".md","200","False","True","False"
"CONTINUITY\CAMERA\PHYSICS_INTERFACE\vehicle_camera_response.md",".md","198","False","True","False"
"CONTINUITY\CAMERA\PHYSIOLOGY_INTERFACE\breathing_visibility.md",".md","195","False","True","False"
"CONTINUITY\CAMERA\PHYSIOLOGY_INTERFACE\fatigue_visibility.md",".md","193","False","True","False"
"CONTINUITY\CAMERA\PHYSIOLOGY_INTERFACE\injury_visibility.md",".md","192","False","True","False"
"CONTINUITY\CAMERA\PHYSIOLOGY_INTERFACE\movement_limit_visibility.md",".md","200","False","True","False"
"CONTINUITY\CAMERA\PHYSIOLOGY_INTERFACE\pain_visibility.md",".md","190","False","True","False"
"CONTINUITY\CAMERA\PHYSIOLOGY_INTERFACE\physical_state_framing.md",".md","197","False","True","False"
"CONTINUITY\CAMERA\PHYSIOLOGY_INTERFACE\physiological_camera_response.md",".md","204","False","True","False"
"CONTINUITY\CAMERA\PHYSIOLOGY_INTERFACE\physiology_camera_interface.md",".md","202","False","True","False"
"CONTINUITY\CAMERA\POSITION\camera_distance.md",".md","190","False","True","False"
"CONTINUITY\CAMERA\POSITION\camera_height.md",".md","188","False","True","False"
"CONTINUITY\CAMERA\POSITION\camera_position.md",".md","190","False","True","False"
"CONTINUITY\CAMERA\POSITION\ground_distance.md",".md","190","False","True","False"
"CONTINUITY\CAMERA\POSITION\position_anchor.md",".md","190","False","True","False"
"CONTINUITY\CAMERA\POSITION\position_change.md",".md","190","False","True","False"
"CONTINUITY\CAMERA\POSITION\position_history.md",".md","191","False","True","False"
"CONTINUITY\CAMERA\POSITION\position_lock.md",".md","188","False","True","False"
"CONTINUITY\CAMERA\POSITION\position_reference.md",".md","193","False","True","False"
"CONTINUITY\CAMERA\POSITION\relative_position.md",".md","192","False","True","False"
"CONTINUITY\CAMERA\POSITION\subject_distance.md",".md","191","False","True","False"
"CONTINUITY\CAMERA\POSITION\world_position.md",".md","189","False","True","False"
"CONTINUITY\CAMERA\POSITION\x_position.md",".md","185","False","True","False"
"CONTINUITY\CAMERA\POSITION\y_position.md",".md","185","False","True","False"
"CONTINUITY\CAMERA\POSITION\z_position.md",".md","185","False","True","False"
"CONTINUITY\CAMERA\POV\pov_animal.md",".md","185","False","True","False"
"CONTINUITY\CAMERA\POV\pov_attention.md",".md","188","False","True","False"
"CONTINUITY\CAMERA\POV\pov_camera_motion.md",".md","192","False","True","False"
"CONTINUITY\CAMERA\POV\pov_character.md",".md","188","False","True","False"
"CONTINUITY\CAMERA\POV\pov_continuity.md",".md","189","False","True","False"
"CONTINUITY\CAMERA\POV\pov_distortion.md",".md","189","False","True","False"
"CONTINUITY\CAMERA\POV\pov_divine.md",".md","185","False","True","False"
"CONTINUITY\CAMERA\POV\pov_gaze.md",".md","183","False","True","False"
"CONTINUITY\CAMERA\POV\pov_identity.md",".md","187","False","True","False"
"CONTINUITY\CAMERA\POV\pov_object.md",".md","185","False","True","False"
"CONTINUITY\CAMERA\POV\pov_perception.md",".md","189","False","True","False"
"CONTINUITY\CAMERA\POV\pov_physiological_effects.md",".md","200","False","True","False"
"CONTINUITY\CAMERA\POV\pov_subjective_state.md",".md","195","False","True","False"
"CONTINUITY\CAMERA\POV\pov_supernatural.md",".md","191","False","True","False"
"CONTINUITY\CAMERA\POV\pov_transition.md",".md","189","False","True","False"
"CONTINUITY\CAMERA\POV\pov_vehicle.md",".md","186","False","True","False"
"CONTINUITY\CAMERA\POWER_RECORDING\battery_state.md",".md","195","False","True","False"
"CONTINUITY\CAMERA\POWER_RECORDING\camera_operational_state.md",".md","206","False","True","False"
"CONTINUITY\CAMERA\POWER_RECORDING\overheating_state.md",".md","199","False","True","False"
"CONTINUITY\CAMERA\POWER_RECORDING\power_state.md",".md","193","False","True","False"
"CONTINUITY\CAMERA\POWER_RECORDING\power_transition.md",".md","198","False","True","False"
"CONTINUITY\CAMERA\POWER_RECORDING\recording_failure.md",".md","199","False","True","False"
"CONTINUITY\CAMERA\POWER_RECORDING\recording_media.md",".md","197","False","True","False"
"CONTINUITY\CAMERA\POWER_RECORDING\recording_recovery.md",".md","200","False","True","False"
"CONTINUITY\CAMERA\POWER_RECORDING\recording_start.md",".md","197","False","True","False"
"CONTINUITY\CAMERA\POWER_RECORDING\recording_state.md",".md","197","False","True","False"
"CONTINUITY\CAMERA\POWER_RECORDING\recording_stop.md",".md","196","False","True","False"
"CONTINUITY\CAMERA\POWER_RECORDING\storage_capacity.md",".md","198","False","True","False"
"CONTINUITY\CAMERA\POWER_RECORDING\storage_state.md",".md","195","False","True","False"
"CONTINUITY\CAMERA\POWER_RECORDING\thermal_shutdown.md",".md","198","False","True","False"
"CONTINUITY\CAMERA\PRODUCTION_REPORTS\calibration_report.md",".md","200","False","True","False"
"CONTINUITY\CAMERA\PRODUCTION_REPORTS\camera_approval_report.md",".md","204","False","True","False"
"CONTINUITY\CAMERA\PRODUCTION_REPORTS\camera_change_report.md",".md","202","False","True","False"
"CONTINUITY\CAMERA\PRODUCTION_REPORTS\camera_continuity_report.md",".md","206","False","True","False"
"CONTINUITY\CAMERA\PRODUCTION_REPORTS\camera_error_report.md",".md","201","False","True","False"
"CONTINUITY\CAMERA\PRODUCTION_REPORTS\camera_metadata_report.md",".md","204","False","True","False"
"CONTINUITY\CAMERA\PRODUCTION_REPORTS\camera_report.md",".md","195","False","True","False"
"CONTINUITY\CAMERA\PRODUCTION_REPORTS\camera_setup_sheet.md",".md","200","False","True","False"
"CONTINUITY\CAMERA\PRODUCTION_REPORTS\episode_camera_report.md",".md","203","False","True","False"
"CONTINUITY\CAMERA\PRODUCTION_REPORTS\lens_report.md",".md","193","False","True","False"
"CONTINUITY\CAMERA\PRODUCTION_REPORTS\rig_report.md",".md","192","False","True","False"
"CONTINUITY\CAMERA\PRODUCTION_REPORTS\scene_camera_report.md",".md","201","False","True","False"
"CONTINUITY\CAMERA\PRODUCTION_REPORTS\sequence_camera_report.md",".md","204","False","True","False"
"CONTINUITY\CAMERA\PRODUCTION_REPORTS\shot_camera_report.md",".md","200","False","True","False"
"CONTINUITY\CAMERA\QA\ai_camera_qa.md",".md","187","False","True","False"
"CONTINUITY\CAMERA\QA\axis_qa.md",".md","182","False","True","False"
"CONTINUITY\CAMERA\QA\camera_cross_episode_qa.md",".md","198","False","True","False"
"CONTINUITY\CAMERA\QA\camera_during_generation_qa.md",".md","202","False","True","False"
"CONTINUITY\CAMERA\QA\camera_episode_qa.md",".md","192","False","True","False"
"CONTINUITY\CAMERA\QA\camera_error_repair.md",".md","194","False","True","False"
"CONTINUITY\CAMERA\QA\camera_frame_qa.md",".md","190","False","True","False"
"CONTINUITY\CAMERA\QA\camera_identity_qa.md",".md","193","False","True","False"
"CONTINUITY\CAMERA\QA\camera_post_generation_qa.md",".md","200","False","True","False"
"CONTINUITY\CAMERA\QA\camera_pre_generation_qa.md",".md","199","False","True","False"
"CONTINUITY\CAMERA\QA\camera_revalidation.md",".md","194","False","True","False"
"CONTINUITY\CAMERA\QA\camera_scene_qa.md",".md","190","False","True","False"
"CONTINUITY\CAMERA\QA\camera_sequence_qa.md",".md","193","False","True","False"
"CONTINUITY\CAMERA\QA\camera_series_qa.md",".md","191","False","True","False"
"CONTINUITY\CAMERA\QA\camera_shot_qa.md",".md","189","False","True","False"
"CONTINUITY\CAMERA\QA\composition_qa.md",".md","189","False","True","False"
"CONTINUITY\CAMERA\QA\continuity_qa.md",".md","188","False","True","False"
"CONTINUITY\CAMERA\QA\exposure_qa.md",".md","186","False","True","False"
"CONTINUITY\CAMERA\QA\focus_qa.md",".md","183","False","True","False"
"CONTINUITY\CAMERA\QA\framing_qa.md",".md","185","False","True","False"
"CONTINUITY\CAMERA\QA\human_realism_qa.md",".md","191","False","True","False"
"CONTINUITY\CAMERA\QA\lens_qa.md",".md","182","False","True","False"
"CONTINUITY\CAMERA\QA\movement_qa.md",".md","186","False","True","False"
"CONTINUITY\CAMERA\QA\orientation_qa.md",".md","189","False","True","False"
"CONTINUITY\CAMERA\QA\physics_qa.md",".md","185","False","True","False"
"CONTINUITY\CAMERA\QA\position_qa.md",".md","186","False","True","False"
"CONTINUITY\CAMERA\QA\spatial_qa.md",".md","185","False","True","False"
"CONTINUITY\CAMERA\QA\temporal_qa.md",".md","186","False","True","False"
"CONTINUITY\CAMERA\REAL_CAMERA_IMPERFECTIONS\ai_vs_real_camera_artifact.md",".md","208","False","True","False"
"CONTINUITY\CAMERA\REAL_CAMERA_IMPERFECTIONS\controlled_imperfection.md",".md","205","False","True","False"
"CONTINUITY\CAMERA\REAL_CAMERA_IMPERFECTIONS\exposure_adaptation_latency.md",".md","209","False","True","False"
"CONTINUITY\CAMERA\REAL_CAMERA_IMPERFECTIONS\focus_pull_imperfection.md",".md","205","False","True","False"
"CONTINUITY\CAMERA\REAL_CAMERA_IMPERFECTIONS\lens_imperfection_signature.md",".md","209","False","True","False"
"CONTINUITY\CAMERA\REAL_CAMERA_IMPERFECTIONS\low_light_grain.md",".md","197","False","True","False"
"CONTINUITY\CAMERA\REAL_CAMERA_IMPERFECTIONS\micro_vibration.md",".md","197","False","True","False"
"CONTINUITY\CAMERA\REAL_CAMERA_IMPERFECTIONS\natural_handheld_frequency.md",".md","208","False","True","False"
"CONTINUITY\CAMERA\REAL_CAMERA_IMPERFECTIONS\operator_micro_jitter.md",".md","203","False","True","False"
"CONTINUITY\CAMERA\REAL_CAMERA_IMPERFECTIONS\real_camera_artifacts.md",".md","203","False","True","False"
"CONTINUITY\CAMERA\REAL_CAMERA_IMPERFECTIONS\rolling_shutter_signature.md",".md","207","False","True","False"
"CONTINUITY\CAMERA\REAL_CAMERA_IMPERFECTIONS\sensor_noise_signature.md",".md","204","False","True","False"
"CONTINUITY\CAMERA\REFERENCE_RESEARCH\architectural_camera_reference.md",".md","205","False","True","False"
"CONTINUITY\CAMERA\REFERENCE_RESEARCH\camera_reference.md",".md","191","False","True","False"
"CONTINUITY\CAMERA\REFERENCE_RESEARCH\cinematography_reference.md",".md","199","False","True","False"
"CONTINUITY\CAMERA\REFERENCE_RESEARCH\cultural_visual_reference.md",".md","200","False","True","False"
"CONTINUITY\CAMERA\REFERENCE_RESEARCH\geographical_camera_reference.md",".md","204","False","True","False"
"CONTINUITY\CAMERA\REFERENCE_RESEARCH\historical_camera_reference.md",".md","202","False","True","False"
"CONTINUITY\CAMERA\REFERENCE_RESEARCH\historical_filming_reference.md",".md","203","False","True","False"
"CONTINUITY\CAMERA\REFERENCE_RESEARCH\historical_lens_reference.md",".md","200","False","True","False"
"CONTINUITY\CAMERA\REFERENCE_RESEARCH\iconographic_reference.md",".md","197","False","True","False"
"CONTINUITY\CAMERA\REFERENCE_RESEARCH\ramayana_visual_reference.md",".md","200","False","True","False"
"CONTINUITY\CAMERA\REFERENCE_RESEARCH\ramcharitmanas_visual_reference.md",".md","206","False","True","False"
"CONTINUITY\CAMERA\REFERENCE_RESEARCH\reference_authority.md",".md","194","False","True","False"
"CONTINUITY\CAMERA\REFERENCE_RESEARCH\reference_conflict.md",".md","193","False","True","False"
"CONTINUITY\CAMERA\REFERENCE_RESEARCH\reference_provenance.md",".md","195","False","True","False"
"CONTINUITY\CAMERA\REFERENCE_RESEARCH\reference_uncertainty.md",".md","196","False","True","False"
"CONTINUITY\CAMERA\REGISTRY\camera_approval_registry.md",".md","199","False","True","False"
"CONTINUITY\CAMERA\REGISTRY\camera_body_registry.md",".md","195","False","True","False"
"CONTINUITY\CAMERA\REGISTRY\camera_change_registry.md",".md","197","False","True","False"
"CONTINUITY\CAMERA\REGISTRY\camera_dependency_registry.md",".md","201","False","True","False"
"CONTINUITY\CAMERA\REGISTRY\camera_error_registry.md",".md","196","False","True","False"
"CONTINUITY\CAMERA\REGISTRY\camera_identity_registry.md",".md","199","False","True","False"
"CONTINUITY\CAMERA\REGISTRY\camera_lock_registry.md",".md","195","False","True","False"
"CONTINUITY\CAMERA\REGISTRY\camera_movement_registry.md",".md","199","False","True","False"
"CONTINUITY\CAMERA\REGISTRY\camera_position_registry.md",".md","199","False","True","False"
"CONTINUITY\CAMERA\REGISTRY\camera_reference_registry.md",".md","200","False","True","False"
"CONTINUITY\CAMERA\REGISTRY\camera_registry.md",".md","190","False","True","False"
"CONTINUITY\CAMERA\REGISTRY\camera_search_index.md",".md","194","False","True","False"
"CONTINUITY\CAMERA\REGISTRY\camera_version_registry.md",".md","198","False","True","False"
"CONTINUITY\CAMERA\REGISTRY\episode_registry.md",".md","191","False","True","False"
"CONTINUITY\CAMERA\REGISTRY\lens_registry.md",".md","188","False","True","False"
"CONTINUITY\CAMERA\REGISTRY\rig_registry.md",".md","187","False","True","False"
"CONTINUITY\CAMERA\REGISTRY\scene_registry.md",".md","189","False","True","False"
"CONTINUITY\CAMERA\REGISTRY\sensor_registry.md",".md","190","False","True","False"
"CONTINUITY\CAMERA\REGISTRY\sequence_registry.md",".md","192","False","True","False"
"CONTINUITY\CAMERA\REGISTRY\shot_registry.md",".md","188","False","True","False"
"CONTINUITY\CAMERA\RETROACTIVE\affected_cross_episode_state.md",".md","203","False","True","False"
"CONTINUITY\CAMERA\RETROACTIVE\affected_episodes.md",".md","192","False","True","False"
"CONTINUITY\CAMERA\RETROACTIVE\affected_scenes.md",".md","190","False","True","False"
"CONTINUITY\CAMERA\RETROACTIVE\affected_sequences.md",".md","193","False","True","False"
"CONTINUITY\CAMERA\RETROACTIVE\affected_shots.md",".md","189","False","True","False"
"CONTINUITY\CAMERA\RETROACTIVE\camera_reopen_rules.md",".md","194","False","True","False"
"CONTINUITY\CAMERA\RETROACTIVE\camera_revalidation_scope.md",".md","200","False","True","False"
"CONTINUITY\CAMERA\RETROACTIVE\retroactive_axis_change.md",".md","198","False","True","False"
"CONTINUITY\CAMERA\RETROACTIVE\retroactive_camera_change.md",".md","200","False","True","False"
"CONTINUITY\CAMERA\RETROACTIVE\retroactive_focus_change.md",".md","199","False","True","False"
"CONTINUITY\CAMERA\RETROACTIVE\retroactive_framing_change.md",".md","201","False","True","False"
"CONTINUITY\CAMERA\RETROACTIVE\retroactive_lens_change.md",".md","198","False","True","False"
"CONTINUITY\CAMERA\RETROACTIVE\retroactive_movement_change.md",".md","202","False","True","False"
"CONTINUITY\CAMERA\RETROACTIVE\retroactive_orientation_change.md",".md","205","False","True","False"
"CONTINUITY\CAMERA\RETROACTIVE\retroactive_position_change.md",".md","202","False","True","False"
"CONTINUITY\CAMERA\RETROACTIVE\retroactive_visual_language_change.md",".md","209","False","True","False"
"CONTINUITY\CAMERA\RETROACTIVE_REPAIR\camera_reopen_history.md",".md","203","False","True","False"
"CONTINUITY\CAMERA\RETROACTIVE_REPAIR\retroactive_camera_approval.md",".md","209","False","True","False"
"CONTINUITY\CAMERA\RETROACTIVE_REPAIR\retroactive_camera_dependencies.md",".md","213","False","True","False"
"CONTINUITY\CAMERA\RETROACTIVE_REPAIR\retroactive_camera_detection.md",".md","210","False","True","False"
"CONTINUITY\CAMERA\RETROACTIVE_REPAIR\retroactive_camera_error.md",".md","206","False","True","False"
"CONTINUITY\CAMERA\RETROACTIVE_REPAIR\retroactive_camera_lock.md",".md","205","False","True","False"
"CONTINUITY\CAMERA\RETROACTIVE_REPAIR\retroactive_camera_repair.md",".md","207","False","True","False"
"CONTINUITY\CAMERA\RETROACTIVE_REPAIR\retroactive_camera_revalidation.md",".md","213","False","True","False"
"CONTINUITY\CAMERA\RETROACTIVE_REPAIR\retroactive_camera_scope.md",".md","206","False","True","False"
"CONTINUITY\CAMERA\RIG\crane.md",".md","180","False","True","False"
"CONTINUITY\CAMERA\RIG\dolly.md",".md","180","False","True","False"
"CONTINUITY\CAMERA\RIG\drone.md",".md","180","False","True","False"
"CONTINUITY\CAMERA\RIG\gimbal.md",".md","181","False","True","False"
"CONTINUITY\CAMERA\RIG\handheld.md",".md","183","False","True","False"
"CONTINUITY\CAMERA\RIG\jib.md",".md","178","False","True","False"
"CONTINUITY\CAMERA\RIG\monopod.md",".md","182","False","True","False"
"CONTINUITY\CAMERA\RIG\remote_head.md",".md","186","False","True","False"
"CONTINUITY\CAMERA\RIG\rig_identity.md",".md","187","False","True","False"
"CONTINUITY\CAMERA\RIG\rig_inertia.md",".md","186","False","True","False"
"CONTINUITY\CAMERA\RIG\rig_operator_motion.md",".md","194","False","True","False"
"CONTINUITY\CAMERA\RIG\rig_physical_limits.md",".md","194","False","True","False"
"CONTINUITY\CAMERA\RIG\rig_stabilization.md",".md","192","False","True","False"
"CONTINUITY\CAMERA\RIG\rig_vibration.md",".md","188","False","True","False"
"CONTINUITY\CAMERA\RIG\rig_weight.md",".md","185","False","True","False"
"CONTINUITY\CAMERA\RIG\shoulder_rig.md",".md","187","False","True","False"
"CONTINUITY\CAMERA\RIG\slider.md",".md","181","False","True","False"
"CONTINUITY\CAMERA\RIG\steadicam.md",".md","184","False","True","False"
"CONTINUITY\CAMERA\RIG\tripod.md",".md","181","False","True","False"
"CONTINUITY\CAMERA\RIG\vehicle_mount.md",".md","188","False","True","False"
"CONTINUITY\CAMERA\RIG\wire_camera.md",".md","186","False","True","False"
"CONTINUITY\CAMERA\RIG_PHYSICAL_LIMITS\rig_acceleration_limit.md",".md","204","False","True","False"
"CONTINUITY\CAMERA\RIG_PHYSICAL_LIMITS\rig_accessory_weight.md",".md","202","False","True","False"
"CONTINUITY\CAMERA\RIG_PHYSICAL_LIMITS\rig_balance.md",".md","193","False","True","False"
"CONTINUITY\CAMERA\RIG_PHYSICAL_LIMITS\rig_camera_weight.md",".md","199","False","True","False"
"CONTINUITY\CAMERA\RIG_PHYSICAL_LIMITS\rig_center_of_mass.md",".md","200","False","True","False"
"CONTINUITY\CAMERA\RIG_PHYSICAL_LIMITS\rig_clearance.md",".md","195","False","True","False"
"CONTINUITY\CAMERA\RIG_PHYSICAL_LIMITS\rig_inertia.md",".md","193","False","True","False"
"CONTINUITY\CAMERA\RIG_PHYSICAL_LIMITS\rig_lens_weight.md",".md","197","False","True","False"
"CONTINUITY\CAMERA\RIG_PHYSICAL_LIMITS\rig_load_capacity.md",".md","199","False","True","False"
"CONTINUITY\CAMERA\RIG_PHYSICAL_LIMITS\rig_operator_limit.md",".md","200","False","True","False"
"CONTINUITY\CAMERA\RIG_PHYSICAL_LIMITS\rig_physical_feasibility.md",".md","206","False","True","False"
"CONTINUITY\CAMERA\RIG_PHYSICAL_LIMITS\rig_rotation_limit.md",".md","200","False","True","False"
"CONTINUITY\CAMERA\RIG_PHYSICAL_LIMITS\rig_speed_limit.md",".md","197","False","True","False"
"CONTINUITY\CAMERA\RIG_PHYSICAL_LIMITS\rig_stabilization_limit.md",".md","205","False","True","False"
"CONTINUITY\CAMERA\RIG_PHYSICAL_LIMITS\rig_terrain_limit.md",".md","199","False","True","False"
"CONTINUITY\CAMERA\SCENE\scene_axis.md",".md","185","False","True","False"
"CONTINUITY\CAMERA\SCENE\scene_camera_history.md",".md","195","False","True","False"
"CONTINUITY\CAMERA\SCENE\scene_camera_identity.md",".md","196","False","True","False"
"CONTINUITY\CAMERA\SCENE\scene_camera_language.md",".md","196","False","True","False"
"CONTINUITY\CAMERA\SCENE\scene_camera_lock.md",".md","192","False","True","False"
"CONTINUITY\CAMERA\SCENE\scene_camera_plan.md",".md","192","False","True","False"
"CONTINUITY\CAMERA\SCENE\scene_camera_progression.md",".md","199","False","True","False"
"CONTINUITY\CAMERA\SCENE\scene_camera_transition.md",".md","198","False","True","False"
"CONTINUITY\CAMERA\SCENE\scene_establishing_camera.md",".md","200","False","True","False"
"CONTINUITY\CAMERA\SCENE\scene_shot_relationship.md",".md","198","False","True","False"
"CONTINUITY\CAMERA\SCENE\scene_spatial_continuity.md",".md","199","False","True","False"
"CONTINUITY\CAMERA\SCENE\scene_temporal_continuity.md",".md","200","False","True","False"
"CONTINUITY\CAMERA\SCREEN_DIRECTION\180_degree_rule.md",".md","190","False","True","False"
"CONTINUITY\CAMERA\SCREEN_DIRECTION\axis.md",".md","179","False","True","False"
"CONTINUITY\CAMERA\SCREEN_DIRECTION\axis_crossing.md",".md","188","False","True","False"
"CONTINUITY\CAMERA\SCREEN_DIRECTION\axis_identity.md",".md","188","False","True","False"
"CONTINUITY\CAMERA\SCREEN_DIRECTION\direction_continuity.md",".md","195","False","True","False"
"CONTINUITY\CAMERA\SCREEN_DIRECTION\eyeline.md",".md","182","False","True","False"
"CONTINUITY\CAMERA\SCREEN_DIRECTION\gaze_direction.md",".md","189","False","True","False"
"CONTINUITY\CAMERA\SCREEN_DIRECTION\intentional_axis_break.md",".md","197","False","True","False"
"CONTINUITY\CAMERA\SCREEN_DIRECTION\movement_direction.md",".md","193","False","True","False"
"CONTINUITY\CAMERA\SCREEN_DIRECTION\reverse_shot.md",".md","187","False","True","False"
"CONTINUITY\CAMERA\SCREEN_DIRECTION\screen_direction.md",".md","191","False","True","False"
"CONTINUITY\CAMERA\SCREEN_DIRECTION\screen_left.md",".md","186","False","True","False"
"CONTINUITY\CAMERA\SCREEN_DIRECTION\screen_position_continuity.md",".md","201","False","True","False"
"CONTINUITY\CAMERA\SCREEN_DIRECTION\screen_right.md",".md","187","False","True","False"
"CONTINUITY\CAMERA\SCREEN_DIRECTION\shot_reverse_relationship.md",".md","200","False","True","False"
"CONTINUITY\CAMERA\SCREEN_DIRECTION_ENGINE\camera_direction.md",".md","198","False","True","False"
"CONTINUITY\CAMERA\SCREEN_DIRECTION_ENGINE\character_direction.md",".md","201","False","True","False"
"CONTINUITY\CAMERA\SCREEN_DIRECTION_ENGINE\direction_change.md",".md","198","False","True","False"
"CONTINUITY\CAMERA\SCREEN_DIRECTION_ENGINE\direction_drift.md",".md","197","False","True","False"
"CONTINUITY\CAMERA\SCREEN_DIRECTION_ENGINE\direction_inheritance.md",".md","203","False","True","False"
"CONTINUITY\CAMERA\SCREEN_DIRECTION_ENGINE\direction_reversal.md",".md","200","False","True","False"
"CONTINUITY\CAMERA\SCREEN_DIRECTION_ENGINE\direction_validation.md",".md","202","False","True","False"
"CONTINUITY\CAMERA\SCREEN_DIRECTION_ENGINE\eyeline_vector.md",".md","196","False","True","False"
"CONTINUITY\CAMERA\SCREEN_DIRECTION_ENGINE\gaze_vector.md",".md","193","False","True","False"
"CONTINUITY\CAMERA\SCREEN_DIRECTION_ENGINE\movement_vector.md",".md","197","False","True","False"
"CONTINUITY\CAMERA\SCREEN_DIRECTION_ENGINE\screen_direction_model.md",".md","204","False","True","False"
"CONTINUITY\CAMERA\SCREEN_DIRECTION_ENGINE\screen_direction_vector.md",".md","205","False","True","False"
"CONTINUITY\CAMERA\SENSOR_HEALTH\sensor_calibration_drift.md",".md","206","False","True","False"
"CONTINUITY\CAMERA\SENSOR_HEALTH\sensor_contamination.md",".md","202","False","True","False"
"CONTINUITY\CAMERA\SENSOR_HEALTH\sensor_damage.md",".md","195","False","True","False"
"CONTINUITY\CAMERA\SENSOR_HEALTH\sensor_dead_pixels.md",".md","200","False","True","False"
"CONTINUITY\CAMERA\SENSOR_HEALTH\sensor_drift.md",".md","194","False","True","False"
"CONTINUITY\CAMERA\SENSOR_HEALTH\sensor_health.md",".md","195","False","True","False"
"CONTINUITY\CAMERA\SENSOR_HEALTH\sensor_health_history.md",".md","203","False","True","False"
"CONTINUITY\CAMERA\SENSOR_HEALTH\sensor_health_persistence.md",".md","207","False","True","False"
"CONTINUITY\CAMERA\SENSOR_HEALTH\sensor_hot_pixels.md",".md","199","False","True","False"
"CONTINUITY\CAMERA\SENSOR_HEALTH\sensor_noise_state.md",".md","200","False","True","False"
"CONTINUITY\CAMERA\SENSOR_HEALTH\sensor_readout_state.md",".md","202","False","True","False"
"CONTINUITY\CAMERA\SENSOR_HEALTH\sensor_repair.md",".md","195","False","True","False"
"CONTINUITY\CAMERA\SENSOR_HEALTH\sensor_temperature.md",".md","200","False","True","False"
"CONTINUITY\CAMERA\SENSOR_HEALTH\sensor_thermal_state.md",".md","202","False","True","False"
"CONTINUITY\CAMERA\SEQUENCE_EPISODE\cross_episode_camera_continuity.md",".md","206","False","True","False"
"CONTINUITY\CAMERA\SEQUENCE_EPISODE\episode_camera_bible.md",".md","195","False","True","False"
"CONTINUITY\CAMERA\SEQUENCE_EPISODE\episode_camera_consistency.md",".md","201","False","True","False"
"CONTINUITY\CAMERA\SEQUENCE_EPISODE\episode_camera_language.md",".md","198","False","True","False"
"CONTINUITY\CAMERA\SEQUENCE_EPISODE\episode_camera_progression.md",".md","201","False","True","False"
"CONTINUITY\CAMERA\SEQUENCE_EPISODE\sequence_camera_continuity.md",".md","201","False","True","False"
"CONTINUITY\CAMERA\SEQUENCE_EPISODE\sequence_camera_identity.md",".md","199","False","True","False"
"CONTINUITY\CAMERA\SEQUENCE_EPISODE\sequence_camera_progression.md",".md","202","False","True","False"
"CONTINUITY\CAMERA\SEQUENCE_EPISODE\sequence_visual_language.md",".md","199","False","True","False"
"CONTINUITY\CAMERA\SEQUENCE_EPISODE\series_camera_bible.md",".md","194","False","True","False"
"CONTINUITY\CAMERA\SEQUENCE_EPISODE\series_visual_language.md",".md","197","False","True","False"
"CONTINUITY\CAMERA\SHOT\shot_camera.md",".md","186","False","True","False"
"CONTINUITY\CAMERA\SHOT\shot_composition.md",".md","191","False","True","False"
"CONTINUITY\CAMERA\SHOT\shot_continuity.md",".md","190","False","True","False"
"CONTINUITY\CAMERA\SHOT\shot_duration.md",".md","188","False","True","False"
"CONTINUITY\CAMERA\SHOT\shot_end.md",".md","183","False","True","False"
"CONTINUITY\CAMERA\SHOT\shot_exposure.md",".md","188","False","True","False"
"CONTINUITY\CAMERA\SHOT\shot_focus.md",".md","185","False","True","False"
"CONTINUITY\CAMERA\SHOT\shot_framing.md",".md","187","False","True","False"
"CONTINUITY\CAMERA\SHOT\shot_id.md",".md","182","False","True","False"
"CONTINUITY\CAMERA\SHOT\shot_identity.md",".md","188","False","True","False"
"CONTINUITY\CAMERA\SHOT\shot_lens.md",".md","184","False","True","False"
"CONTINUITY\CAMERA\SHOT\shot_movement.md",".md","188","False","True","False"
"CONTINUITY\CAMERA\SHOT\shot_orientation.md",".md","191","False","True","False"
"CONTINUITY\CAMERA\SHOT\shot_performance_state.md",".md","197","False","True","False"
"CONTINUITY\CAMERA\SHOT\shot_position.md",".md","188","False","True","False"
"CONTINUITY\CAMERA\SHOT\shot_purpose.md",".md","187","False","True","False"
"CONTINUITY\CAMERA\SHOT\shot_spatial_state.md",".md","193","False","True","False"
"CONTINUITY\CAMERA\SHOT\shot_start.md",".md","185","False","True","False"
"CONTINUITY\CAMERA\SHOT\shot_subjects.md",".md","188","False","True","False"
"CONTINUITY\CAMERA\SHOT\shot_transition.md",".md","190","False","True","False"
"CONTINUITY\CAMERA\SHOT\shot_type.md",".md","184","False","True","False"
"CONTINUITY\CAMERA\SHUTTER\frame_exposure.md",".md","189","False","True","False"
"CONTINUITY\CAMERA\SHUTTER\motion_blur.md",".md","186","False","True","False"
"CONTINUITY\CAMERA\SHUTTER\motion_blur_amount.md",".md","193","False","True","False"
"CONTINUITY\CAMERA\SHUTTER\motion_blur_direction.md",".md","196","False","True","False"
"CONTINUITY\CAMERA\SHUTTER\motion_rendering.md",".md","191","False","True","False"
"CONTINUITY\CAMERA\SHUTTER\rolling_shutter_effect.md",".md","197","False","True","False"
"CONTINUITY\CAMERA\SHUTTER\shutter_angle.md",".md","188","False","True","False"
"CONTINUITY\CAMERA\SHUTTER\shutter_continuity.md",".md","193","False","True","False"
"CONTINUITY\CAMERA\SHUTTER\shutter_identity.md",".md","191","False","True","False"
"CONTINUITY\CAMERA\SHUTTER\shutter_speed.md",".md","188","False","True","False"
"CONTINUITY\CAMERA\SHUTTER\temporal_sampling.md",".md","192","False","True","False"
"CONTINUITY\CAMERA\SHUTTER_PHASE\exposure_phase.md",".md","196","False","True","False"
"CONTINUITY\CAMERA\SHUTTER_PHASE\frame_capture_phase.md",".md","201","False","True","False"
"CONTINUITY\CAMERA\SHUTTER_PHASE\motion_blur_phase.md",".md","199","False","True","False"
"CONTINUITY\CAMERA\SHUTTER_PHASE\motion_exposure_phase.md",".md","203","False","True","False"
"CONTINUITY\CAMERA\SHUTTER_PHASE\rolling_shutter_phase.md",".md","203","False","True","False"
"CONTINUITY\CAMERA\SHUTTER_PHASE\shutter_continuity.md",".md","200","False","True","False"
"CONTINUITY\CAMERA\SHUTTER_PHASE\shutter_phase.md",".md","195","False","True","False"
"CONTINUITY\CAMERA\SPATIAL\camera_local_space.md",".md","193","False","True","False"
"CONTINUITY\CAMERA\SPATIAL\camera_subject_relationship.md",".md","202","False","True","False"
"CONTINUITY\CAMERA\SPATIAL\camera_subject_vector.md",".md","196","False","True","False"
"CONTINUITY\CAMERA\SPATIAL\camera_to_subject_angle.md",".md","198","False","True","False"
"CONTINUITY\CAMERA\SPATIAL\camera_to_subject_distance.md",".md","201","False","True","False"
"CONTINUITY\CAMERA\SPATIAL\camera_to_subject_height.md",".md","199","False","True","False"
"CONTINUITY\CAMERA\SPATIAL\camera_world_space.md",".md","193","False","True","False"
"CONTINUITY\CAMERA\SPATIAL\spatial_anchor.md",".md","189","False","True","False"
"CONTINUITY\CAMERA\SPATIAL\spatial_change.md",".md","189","False","True","False"
"CONTINUITY\CAMERA\SPATIAL\spatial_continuity.md",".md","193","False","True","False"
"CONTINUITY\CAMERA\SPATIAL\spatial_reference.md",".md","192","False","True","False"
"CONTINUITY\CAMERA\SPATIAL\subject_world_space.md",".md","194","False","True","False"
"CONTINUITY\CAMERA\SPATIAL\teleportation_detection.md",".md","198","False","True","False"
"CONTINUITY\CAMERA\SPATIAL_INTERFACE\distance_camera_interface.md",".md","200","False","True","False"
"CONTINUITY\CAMERA\SPATIAL_INTERFACE\geometry_camera_interface.md",".md","200","False","True","False"
"CONTINUITY\CAMERA\SPATIAL_INTERFACE\occlusion_camera_interface.md",".md","201","False","True","False"
"CONTINUITY\CAMERA\SPATIAL_INTERFACE\orientation_camera_interface.md",".md","203","False","True","False"
"CONTINUITY\CAMERA\SPATIAL_INTERFACE\position_camera_interface.md",".md","200","False","True","False"
"CONTINUITY\CAMERA\SPATIAL_INTERFACE\scale_camera_interface.md",".md","197","False","True","False"
"CONTINUITY\CAMERA\SPATIAL_INTERFACE\spatial_camera_interface.md",".md","199","False","True","False"
"CONTINUITY\CAMERA\SPATIAL_INTERFACE\spatial_validation.md",".md","193","False","True","False"
"CONTINUITY\CAMERA\SPECIAL_CAMERA\anamorphic_camera.md",".md","192","False","True","False"
"CONTINUITY\CAMERA\SPECIAL_CAMERA\camera_transformation.md",".md","196","False","True","False"
"CONTINUITY\CAMERA\SPECIAL_CAMERA\divine_camera.md",".md","188","False","True","False"
"CONTINUITY\CAMERA\SPECIAL_CAMERA\drone_camera.md",".md","187","False","True","False"
"CONTINUITY\CAMERA\SPECIAL_CAMERA\high_speed_camera.md",".md","192","False","True","False"
"CONTINUITY\CAMERA\SPECIAL_CAMERA\infrared_camera.md",".md","190","False","True","False"
"CONTINUITY\CAMERA\SPECIAL_CAMERA\low_light_camera.md",".md","191","False","True","False"
"CONTINUITY\CAMERA\SPECIAL_CAMERA\macro_camera.md",".md","187","False","True","False"
"CONTINUITY\CAMERA\SPECIAL_CAMERA\magical_camera.md",".md","189","False","True","False"
"CONTINUITY\CAMERA\SPECIAL_CAMERA\microscopic_camera.md",".md","193","False","True","False"
"CONTINUITY\CAMERA\SPECIAL_CAMERA\supernatural_camera.md",".md","194","False","True","False"
"CONTINUITY\CAMERA\SPECIAL_CAMERA\telephoto_camera.md",".md","191","False","True","False"
"CONTINUITY\CAMERA\SPECIAL_CAMERA\thermal_camera.md",".md","189","False","True","False"
"CONTINUITY\CAMERA\SPECIAL_CAMERA\underwater_camera.md",".md","192","False","True","False"
"CONTINUITY\CAMERA\STABILIZATION\digital_stabilization.md",".md","196","False","True","False"
"CONTINUITY\CAMERA\STABILIZATION\gimbal_stabilization.md",".md","195","False","True","False"
"CONTINUITY\CAMERA\STABILIZATION\mechanical_stabilization.md",".md","199","False","True","False"
"CONTINUITY\CAMERA\STABILIZATION\optical_stabilization.md",".md","196","False","True","False"
"CONTINUITY\CAMERA\STABILIZATION\stabilization_artifacts.md",".md","198","False","True","False"
"CONTINUITY\CAMERA\STABILIZATION\stabilization_continuity.md",".md","199","False","True","False"
"CONTINUITY\CAMERA\STABILIZATION\stabilization_identity.md",".md","197","False","True","False"
"CONTINUITY\CAMERA\STABILIZATION\stabilization_latency.md",".md","196","False","True","False"
"CONTINUITY\CAMERA\STABILIZATION\stabilization_strength.md",".md","197","False","True","False"
"CONTINUITY\CAMERA\STABILIZATION\steadicam_stabilization.md",".md","198","False","True","False"
"CONTINUITY\CAMERA\STATE\camera_baseline.md",".md","190","False","True","False"
"CONTINUITY\CAMERA\STATE\camera_consequence.md",".md","193","False","True","False"
"CONTINUITY\CAMERA\STATE\camera_current_state.md",".md","195","False","True","False"
"CONTINUITY\CAMERA\STATE\camera_event.md",".md","187","False","True","False"
"CONTINUITY\CAMERA\STATE\camera_next_state.md",".md","192","False","True","False"
"CONTINUITY\CAMERA\STATE\camera_previous_state.md",".md","196","False","True","False"
"CONTINUITY\CAMERA\STATE\camera_reset_detection.md",".md","197","False","True","False"
"CONTINUITY\CAMERA\STATE\camera_state.md",".md","187","False","True","False"
"CONTINUITY\CAMERA\STATE\camera_state_delta.md",".md","193","False","True","False"
"CONTINUITY\CAMERA\STATE\camera_state_duration.md",".md","196","False","True","False"
"CONTINUITY\CAMERA\STATE\camera_state_inheritance.md",".md","199","False","True","False"
"CONTINUITY\CAMERA\STATE\camera_state_ledger.md",".md","194","False","True","False"
"CONTINUITY\CAMERA\STATE\camera_state_persistence.md",".md","199","False","True","False"
"CONTINUITY\CAMERA\STATE\camera_state_transition.md",".md","198","False","True","False"
"CONTINUITY\CAMERA\STATE_LEDGER_HARDENING\camera_consequence.md",".md","200","False","True","False"
"CONTINUITY\CAMERA\STATE_LEDGER_HARDENING\camera_current_state.md",".md","202","False","True","False"
"CONTINUITY\CAMERA\STATE_LEDGER_HARDENING\camera_duration.md",".md","197","False","True","False"
"CONTINUITY\CAMERA\STATE_LEDGER_HARDENING\camera_next_state.md",".md","199","False","True","False"
"CONTINUITY\CAMERA\STATE_LEDGER_HARDENING\camera_persistence.md",".md","200","False","True","False"
"CONTINUITY\CAMERA\STATE_LEDGER_HARDENING\camera_previous_state.md",".md","203","False","True","False"
"CONTINUITY\CAMERA\STATE_LEDGER_HARDENING\camera_state_conflict.md",".md","203","False","True","False"
"CONTINUITY\CAMERA\STATE_LEDGER_HARDENING\camera_state_delta.md",".md","200","False","True","False"
"CONTINUITY\CAMERA\STATE_LEDGER_HARDENING\camera_state_inheritance.md",".md","206","False","True","False"
"CONTINUITY\CAMERA\STATE_LEDGER_HARDENING\camera_state_ledger_authority.md",".md","211","False","True","False"
"CONTINUITY\CAMERA\STATE_LEDGER_HARDENING\camera_state_reset_detection.md",".md","210","False","True","False"
"CONTINUITY\CAMERA\STATE_LEDGER_HARDENING\camera_state_validation.md",".md","205","False","True","False"
"CONTINUITY\CAMERA\STATE_LEDGER_HARDENING\camera_trigger_event.md",".md","202","False","True","False"
"CONTINUITY\CAMERA\TEMPORAL_CAPTURE\capture_frame_rate.md",".md","193","False","True","False"
"CONTINUITY\CAMERA\TEMPORAL_CAPTURE\fast_motion.md",".md","186","False","True","False"
"CONTINUITY\CAMERA\TEMPORAL_CAPTURE\frame_blending.md",".md","189","False","True","False"
"CONTINUITY\CAMERA\TEMPORAL_CAPTURE\high_speed_capture.md",".md","193","False","True","False"
"CONTINUITY\CAMERA\TEMPORAL_CAPTURE\motion_interpolation.md",".md","195","False","True","False"
"CONTINUITY\CAMERA\TEMPORAL_CAPTURE\playback_frame_rate.md",".md","194","False","True","False"
"CONTINUITY\CAMERA\TEMPORAL_CAPTURE\slow_motion.md",".md","186","False","True","False"
"CONTINUITY\CAMERA\TEMPORAL_CAPTURE\temporal_artifact.md",".md","192","False","True","False"
"CONTINUITY\CAMERA\TEMPORAL_CAPTURE\temporal_interpolation.md",".md","197","False","True","False"
"CONTINUITY\CAMERA\TEMPORAL_CAPTURE\time_continuity.md",".md","190","False","True","False"
"CONTINUITY\CAMERA\TEMPORAL_CAPTURE\time_lapse.md",".md","185","False","True","False"
"CONTINUITY\CAMERA\TEMPORAL_CAPTURE\variable_frame_rate.md",".md","194","False","True","False"
"CONTINUITY\CAMERA\TIME\camera_elapsed_time.md",".md","194","False","True","False"
"CONTINUITY\CAMERA\TIME\camera_time.md",".md","186","False","True","False"
"CONTINUITY\CAMERA\TIME\dream_camera_time.md",".md","192","False","True","False"
"CONTINUITY\CAMERA\TIME\exposure_adaptation_time.md",".md","199","False","True","False"
"CONTINUITY\CAMERA\TIME\flashback_camera_time.md",".md","196","False","True","False"
"CONTINUITY\CAMERA\TIME\focus_elapsed_time.md",".md","193","False","True","False"
"CONTINUITY\CAMERA\TIME\frame_time.md",".md","185","False","True","False"
"CONTINUITY\CAMERA\TIME\movement_elapsed_time.md",".md","196","False","True","False"
"CONTINUITY\CAMERA\TIME\scene_time.md",".md","185","False","True","False"
"CONTINUITY\CAMERA\TIME\shot_time.md",".md","184","False","True","False"
"CONTINUITY\CAMERA\TIME\temporal_continuity.md",".md","194","False","True","False"
"CONTINUITY\CAMERA\TIME\time_jump_camera.md",".md","191","False","True","False"
"CONTINUITY\CAMERA\TIME\transition_time.md",".md","190","False","True","False"
"CONTINUITY\CAMERA\TIME\world_time.md",".md","185","False","True","False"
"CONTINUITY\CAMERA\TIME_REMAP\fast_motion_state.md",".md","199","False","True","False"
"CONTINUITY\CAMERA\TIME_REMAP\frame_generation.md",".md","198","False","True","False"
"CONTINUITY\CAMERA\TIME_REMAP\frame_reconstruction.md",".md","202","False","True","False"
"CONTINUITY\CAMERA\TIME_REMAP\slow_motion_state.md",".md","199","False","True","False"
"CONTINUITY\CAMERA\TIME_REMAP\speed_ramp.md",".md","192","False","True","False"
"CONTINUITY\CAMERA\TIME_REMAP\speed_ramp_transition.md",".md","203","False","True","False"
"CONTINUITY\CAMERA\TIME_REMAP\temporal_interpolation.md",".md","204","False","True","False"
"CONTINUITY\CAMERA\TIME_REMAP\time_remap.md",".md","192","False","True","False"
"CONTINUITY\CAMERA\TIME_REMAP\time_remap_continuity.md",".md","203","False","True","False"
"CONTINUITY\CAMERA\TIME_REMAP\time_scale.md",".md","192","False","True","False"
"CONTINUITY\CAMERA\TIME_REMAP\variable_time_state.md",".md","201","False","True","False"
"CONTINUITY\CAMERA\TOLERANCES\axis_tolerance.md",".md","196","False","True","False"
"CONTINUITY\CAMERA\TOLERANCES\composition_tolerance.md",".md","203","False","True","False"
"CONTINUITY\CAMERA\TOLERANCES\dof_tolerance.md",".md","195","False","True","False"
"CONTINUITY\CAMERA\TOLERANCES\exposure_tolerance.md",".md","200","False","True","False"
"CONTINUITY\CAMERA\TOLERANCES\focus_tolerance.md",".md","197","False","True","False"
"CONTINUITY\CAMERA\TOLERANCES\fov_tolerance.md",".md","195","False","True","False"
"CONTINUITY\CAMERA\TOLERANCES\framing_tolerance.md",".md","199","False","True","False"
"CONTINUITY\CAMERA\TOLERANCES\intentional_discontinuity_tolerance.md",".md","217","False","True","False"
"CONTINUITY\CAMERA\TOLERANCES\lens_tolerance.md",".md","196","False","True","False"
"CONTINUITY\CAMERA\TOLERANCES\movement_tolerance.md",".md","200","False","True","False"
"CONTINUITY\CAMERA\TOLERANCES\natural_variation_tolerance.md",".md","209","False","True","False"
"CONTINUITY\CAMERA\TOLERANCES\orientation_tolerance.md",".md","203","False","True","False"
"CONTINUITY\CAMERA\TOLERANCES\position_tolerance.md",".md","200","False","True","False"
"CONTINUITY\CAMERA\TOLERANCES\screen_direction_tolerance.md",".md","208","False","True","False"
"CONTINUITY\CAMERA\TRAJECTORY\trajectory_acceleration.md",".md","205","False","True","False"
"CONTINUITY\CAMERA\TRAJECTORY\trajectory_continuity.md",".md","203","False","True","False"
"CONTINUITY\CAMERA\TRAJECTORY\trajectory_curve.md",".md","198","False","True","False"
"CONTINUITY\CAMERA\TRAJECTORY\trajectory_duration.md",".md","201","False","True","False"
"CONTINUITY\CAMERA\TRAJECTORY\trajectory_end.md",".md","196","False","True","False"
"CONTINUITY\CAMERA\TRAJECTORY\trajectory_feasibility.md",".md","204","False","True","False"
"CONTINUITY\CAMERA\TRAJECTORY\trajectory_history.md",".md","200","False","True","False"
"CONTINUITY\CAMERA\TRAJECTORY\trajectory_identity.md",".md","201","False","True","False"
"CONTINUITY\CAMERA\TRAJECTORY\trajectory_interpolation.md",".md","206","False","True","False"
"CONTINUITY\CAMERA\TRAJECTORY\trajectory_jerk.md",".md","197","False","True","False"
"CONTINUITY\CAMERA\TRAJECTORY\trajectory_phase.md",".md","198","False","True","False"
"CONTINUITY\CAMERA\TRAJECTORY\trajectory_points.md",".md","199","False","True","False"
"CONTINUITY\CAMERA\TRAJECTORY\trajectory_spline.md",".md","199","False","True","False"
"CONTINUITY\CAMERA\TRAJECTORY\trajectory_start.md",".md","198","False","True","False"
"CONTINUITY\CAMERA\TRAJECTORY\trajectory_velocity.md",".md","201","False","True","False"
"CONTINUITY\CAMERA\TRANSFORMATION\camera_reaction_to_transformation.md",".md","208","False","True","False"
"CONTINUITY\CAMERA\TRANSFORMATION\camera_transformation_interface.md",".md","206","False","True","False"
"CONTINUITY\CAMERA\TRANSFORMATION\divine_transformation_camera.md",".md","203","False","True","False"
"CONTINUITY\CAMERA\TRANSFORMATION\focus_change_during_transformation.md",".md","209","False","True","False"
"CONTINUITY\CAMERA\TRANSFORMATION\framing_change_during_transformation.md",".md","211","False","True","False"
"CONTINUITY\CAMERA\TRANSFORMATION\lens_change_during_transformation.md",".md","208","False","True","False"
"CONTINUITY\CAMERA\TRANSFORMATION\movement_change_during_transformation.md",".md","212","False","True","False"
"CONTINUITY\CAMERA\TRANSFORMATION\post_transformation_camera.md",".md","201","False","True","False"
"CONTINUITY\CAMERA\TRANSFORMATION\pre_transformation_camera.md",".md","200","False","True","False"
"CONTINUITY\CAMERA\TRANSFORMATION\supernatural_transformation_camera.md",".md","209","False","True","False"
"CONTINUITY\CAMERA\TRANSFORMATION\transformation_camera.md",".md","196","False","True","False"
"CONTINUITY\CAMERA\TRANSFORMATION\transformation_continuity.md",".md","200","False","True","False"
"CONTINUITY\CAMERA\TRANSITION_CONTINUITY\axis_transition.md",".md","190","False","True","False"
"CONTINUITY\CAMERA\TRANSITION_CONTINUITY\camera_match.md",".md","187","False","True","False"
"CONTINUITY\CAMERA\TRANSITION_CONTINUITY\camera_match_validation.md",".md","198","False","True","False"
"CONTINUITY\CAMERA\TRANSITION_CONTINUITY\camera_orientation_transition.md",".md","204","False","True","False"
"CONTINUITY\CAMERA\TRANSITION_CONTINUITY\camera_position_transition.md",".md","201","False","True","False"
"CONTINUITY\CAMERA\TRANSITION_CONTINUITY\current_shot_camera.md",".md","194","False","True","False"
"CONTINUITY\CAMERA\TRANSITION_CONTINUITY\exposure_transition.md",".md","194","False","True","False"
"CONTINUITY\CAMERA\TRANSITION_CONTINUITY\eyeline_transition.md",".md","193","False","True","False"
"CONTINUITY\CAMERA\TRANSITION_CONTINUITY\focus_transition.md",".md","191","False","True","False"
"CONTINUITY\CAMERA\TRANSITION_CONTINUITY\framing_transition.md",".md","193","False","True","False"
"CONTINUITY\CAMERA\TRANSITION_CONTINUITY\lens_transition.md",".md","190","False","True","False"
"CONTINUITY\CAMERA\TRANSITION_CONTINUITY\lighting_transition.md",".md","194","False","True","False"
"CONTINUITY\CAMERA\TRANSITION_CONTINUITY\movement_transition.md",".md","194","False","True","False"
"CONTINUITY\CAMERA\TRANSITION_CONTINUITY\next_shot_camera.md",".md","191","False","True","False"
"CONTINUITY\CAMERA\TRANSITION_CONTINUITY\previous_shot_camera.md",".md","195","False","True","False"
"CONTINUITY\CAMERA\TRANSITION_CONTINUITY\screen_direction_transition.md",".md","202","False","True","False"
"CONTINUITY\CAMERA\TRANSITION_CONTINUITY\spatial_transition.md",".md","193","False","True","False"
"CONTINUITY\CAMERA\TRANSITION_CONTINUITY\subject_transition.md",".md","193","False","True","False"
"CONTINUITY\CAMERA\TRANSITION_CONTINUITY\temporal_transition.md",".md","194","False","True","False"
"CONTINUITY\CAMERA\TRUTH_VALIDATION\camera_truth_attribute_ownership.md",".md","214","False","True","False"
"CONTINUITY\CAMERA\TRUTH_VALIDATION\camera_truth_attribute_registry.md",".md","213","False","True","False"
"CONTINUITY\CAMERA\TRUTH_VALIDATION\camera_truth_audit.md",".md","200","False","True","False"
"CONTINUITY\CAMERA\TRUTH_VALIDATION\camera_truth_boundary.md",".md","203","False","True","False"
"CONTINUITY\CAMERA\TRUTH_VALIDATION\camera_truth_conflict_resolution.md",".md","214","False","True","False"
"CONTINUITY\CAMERA\TRUTH_VALIDATION\camera_truth_evidence.md",".md","203","False","True","False"
"CONTINUITY\CAMERA\TRUTH_VALIDATION\camera_truth_hierarchy.md",".md","204","False","True","False"
"CONTINUITY\CAMERA\TRUTH_VALIDATION\camera_truth_invalidation.md",".md","207","False","True","False"
"CONTINUITY\CAMERA\TRUTH_VALIDATION\camera_truth_lock.md",".md","199","False","True","False"
"CONTINUITY\CAMERA\TRUTH_VALIDATION\camera_truth_override.md",".md","203","False","True","False"
"CONTINUITY\CAMERA\TRUTH_VALIDATION\camera_truth_provenance.md",".md","205","False","True","False"
"CONTINUITY\CAMERA\TRUTH_VALIDATION\camera_truth_reopen.md",".md","201","False","True","False"
"CONTINUITY\CAMERA\TRUTH_VALIDATION\camera_truth_system.md",".md","201","False","True","False"
"CONTINUITY\CAMERA\TRUTH_VALIDATION\camera_truth_uncertainty.md",".md","206","False","True","False"
"CONTINUITY\CAMERA\TRUTH_VALIDATION\camera_truth_unknowns.md",".md","203","False","True","False"
"CONTINUITY\CAMERA\TRUTH_VALIDATION\camera_truth_validation.md",".md","205","False","True","False"
"CONTINUITY\CAMERA\VALIDATION_ENGINE\action_phase_validation.md",".md","205","False","True","False"
"CONTINUITY\CAMERA\VALIDATION_ENGINE\ai_output_validation.md",".md","202","False","True","False"
"CONTINUITY\CAMERA\VALIDATION_ENGINE\audio_validation.md",".md","198","False","True","False"
"CONTINUITY\CAMERA\VALIDATION_ENGINE\axis_validation.md",".md","197","False","True","False"
"CONTINUITY\CAMERA\VALIDATION_ENGINE\body_sensor_validation.md",".md","204","False","True","False"
"CONTINUITY\CAMERA\VALIDATION_ENGINE\calibration_validation.md",".md","204","False","True","False"
"CONTINUITY\CAMERA\VALIDATION_ENGINE\camera_realism_validation.md",".md","207","False","True","False"
"CONTINUITY\CAMERA\VALIDATION_ENGINE\camera_validation_engine.md",".md","206","False","True","False"
"CONTINUITY\CAMERA\VALIDATION_ENGINE\character_geometry_validation.md",".md","211","False","True","False"
"CONTINUITY\CAMERA\VALIDATION_ENGINE\cross_model_validation.md",".md","204","False","True","False"
"CONTINUITY\CAMERA\VALIDATION_ENGINE\cut_validation.md",".md","196","False","True","False"
"CONTINUITY\CAMERA\VALIDATION_ENGINE\frustum_validation.md",".md","200","False","True","False"
"CONTINUITY\CAMERA\VALIDATION_ENGINE\identity_validation.md",".md","201","False","True","False"
"CONTINUITY\CAMERA\VALIDATION_ENGINE\image_pipeline_validation.md",".md","207","False","True","False"
"CONTINUITY\CAMERA\VALIDATION_ENGINE\lens_validation.md",".md","197","False","True","False"
"CONTINUITY\CAMERA\VALIDATION_ENGINE\lighting_validation.md",".md","201","False","True","False"
"CONTINUITY\CAMERA\VALIDATION_ENGINE\metadata_validation.md",".md","201","False","True","False"
"CONTINUITY\CAMERA\VALIDATION_ENGINE\natural_variation_validation.md",".md","210","False","True","False"
"CONTINUITY\CAMERA\VALIDATION_ENGINE\orientation_validation.md",".md","204","False","True","False"
"CONTINUITY\CAMERA\VALIDATION_ENGINE\parallax_validation.md",".md","201","False","True","False"
"CONTINUITY\CAMERA\VALIDATION_ENGINE\perspective_validation.md",".md","204","False","True","False"
"CONTINUITY\CAMERA\VALIDATION_ENGINE\physics_validation.md",".md","200","False","True","False"
"CONTINUITY\CAMERA\VALIDATION_ENGINE\position_validation.md",".md","201","False","True","False"
"CONTINUITY\CAMERA\VALIDATION_ENGINE\rig_validation.md",".md","196","False","True","False"
"CONTINUITY\CAMERA\VALIDATION_ENGINE\screen_direction_validation.md",".md","209","False","True","False"
"CONTINUITY\CAMERA\VALIDATION_ENGINE\series_continuity_validation.md",".md","210","False","True","False"
"CONTINUITY\CAMERA\VALIDATION_ENGINE\temporal_validation.md",".md","201","False","True","False"
"CONTINUITY\CAMERA\VALIDATION_ENGINE\trajectory_validation.md",".md","203","False","True","False"
"CONTINUITY\CAMERA\VALIDATION_ENGINE\vfx_validation.md",".md","196","False","True","False"
"CONTINUITY\CAMERA\VALIDATION_ENGINE\visibility_validation.md",".md","203","False","True","False"
"CONTINUITY\CAMERA\VERSION\camera_branch.md",".md","188","False","True","False"
"CONTINUITY\CAMERA\VERSION\camera_child.md",".md","187","False","True","False"
"CONTINUITY\CAMERA\VERSION\camera_conflict.md",".md","190","False","True","False"
"CONTINUITY\CAMERA\VERSION\camera_immutable_master.md",".md","198","False","True","False"
"CONTINUITY\CAMERA\VERSION\camera_lineage.md",".md","189","False","True","False"
"CONTINUITY\CAMERA\VERSION\camera_locked_version.md",".md","196","False","True","False"
"CONTINUITY\CAMERA\VERSION\camera_merge.md",".md","187","False","True","False"
"CONTINUITY\CAMERA\VERSION\camera_parent.md",".md","188","False","True","False"
"CONTINUITY\CAMERA\VERSION\camera_reopened_version.md",".md","198","False","True","False"
"CONTINUITY\CAMERA\VERSION\camera_restore.md",".md","189","False","True","False"
"CONTINUITY\CAMERA\VERSION\camera_rollback.md",".md","190","False","True","False"
"CONTINUITY\CAMERA\VERSION\camera_snapshot.md",".md","190","False","True","False"
"CONTINUITY\CAMERA\VERSION\camera_supersession.md",".md","194","False","True","False"
"CONTINUITY\CAMERA\VERSION\camera_version.md",".md","189","False","True","False"
"CONTINUITY\CAMERA\VERSION\camera_version_identity.md",".md","198","False","True","False"
"CONTINUITY\CAMERA\VFX_CAMERA_SOLVE\camera_solve.md",".md","194","False","True","False"
"CONTINUITY\CAMERA\VFX_CAMERA_SOLVE\camera_solve_confidence.md",".md","205","False","True","False"
"CONTINUITY\CAMERA\VFX_CAMERA_SOLVE\camera_solve_to_final_validation.md",".md","214","False","True","False"
"CONTINUITY\CAMERA\VFX_CAMERA_SOLVE\camera_solve_version.md",".md","202","False","True","False"
"CONTINUITY\CAMERA\VFX_CAMERA_SOLVE\camera_tracking.md",".md","197","False","True","False"
"CONTINUITY\CAMERA\VFX_CAMERA_SOLVE\camera_track_identity.md",".md","203","False","True","False"
"CONTINUITY\CAMERA\VFX_CAMERA_SOLVE\lens_distortion_solve.md",".md","203","False","True","False"
"CONTINUITY\CAMERA\VFX_CAMERA_SOLVE\lens_undistortion.md",".md","199","False","True","False"
"CONTINUITY\CAMERA\VFX_CAMERA_SOLVE\matchmove.md",".md","191","False","True","False"
"CONTINUITY\CAMERA\VFX_CAMERA_SOLVE\matchmove_version.md",".md","199","False","True","False"
"CONTINUITY\CAMERA\VFX_CAMERA_SOLVE\redistortion.md",".md","194","False","True","False"
"CONTINUITY\CAMERA\VFX_CAMERA_SOLVE\vfx_camera_reconstruction.md",".md","207","False","True","False"
"CONTINUITY\CAMERA\VFX_CAMERA_SOLVE\vfx_camera_validation.md",".md","203","False","True","False"
"CONTINUITY\CAMERA\VFX_INTERFACE\camera_distortion_matching.md",".md","201","False","True","False"
"CONTINUITY\CAMERA\VFX_INTERFACE\camera_shake_vfx.md",".md","191","False","True","False"
"CONTINUITY\CAMERA\VFX_INTERFACE\camera_tracking_for_vfx.md",".md","198","False","True","False"
"CONTINUITY\CAMERA\VFX_INTERFACE\depth_compositing.md",".md","192","False","True","False"
"CONTINUITY\CAMERA\VFX_INTERFACE\lens_effect_matching.md",".md","195","False","True","False"
"CONTINUITY\CAMERA\VFX_INTERFACE\motion_match.md",".md","187","False","True","False"
"CONTINUITY\CAMERA\VFX_INTERFACE\parallax.md",".md","183","False","True","False"
"CONTINUITY\CAMERA\VFX_INTERFACE\vfx_camera_continuity.md",".md","196","False","True","False"
"CONTINUITY\CAMERA\VFX_INTERFACE\vfx_camera_interface.md",".md","195","False","True","False"
"CONTINUITY\CAMERA\VISIBILITY\animal_visibility.md",".md","199","False","True","False"
"CONTINUITY\CAMERA\VISIBILITY\body_visibility.md",".md","197","False","True","False"
"CONTINUITY\CAMERA\VISIBILITY\complete_occlusion.md",".md","200","False","True","False"
"CONTINUITY\CAMERA\VISIBILITY\costume_visibility.md",".md","200","False","True","False"
"CONTINUITY\CAMERA\VISIBILITY\environment_visibility.md",".md","204","False","True","False"
"CONTINUITY\CAMERA\VISIBILITY\eye_visibility.md",".md","196","False","True","False"
"CONTINUITY\CAMERA\VISIBILITY\face_visibility.md",".md","197","False","True","False"
"CONTINUITY\CAMERA\VISIBILITY\limb_visibility.md",".md","197","False","True","False"
"CONTINUITY\CAMERA\VISIBILITY\occlusion_geometry.md",".md","200","False","True","False"
"CONTINUITY\CAMERA\VISIBILITY\occlusion_order.md",".md","197","False","True","False"
"CONTINUITY\CAMERA\VISIBILITY\partial_occlusion.md",".md","199","False","True","False"
"CONTINUITY\CAMERA\VISIBILITY\prop_visibility.md",".md","197","False","True","False"
"CONTINUITY\CAMERA\VISIBILITY\subject_visibility.md",".md","200","False","True","False"
"CONTINUITY\CAMERA\VISIBILITY\visibility_state.md",".md","198","False","True","False"
"CONTINUITY\CAMERA\VISIBILITY\visibility_transition.md",".md","203","False","True","False"
"CONTINUITY\CAMERA\VISIBILITY\visibility_validation.md",".md","203","False","True","False"
"CONTINUITY\CAMERA\VISIBILITY\weapon_visibility.md",".md","199","False","True","False"
"CONTINUITY\CAMERA\VISUAL_CONTINUITY\camera_visual_identity.md",".md","197","False","True","False"
"CONTINUITY\CAMERA\VISUAL_CONTINUITY\visual_change.md",".md","188","False","True","False"
"CONTINUITY\CAMERA\VISUAL_CONTINUITY\visual_continuity_validation.md",".md","203","False","True","False"
"CONTINUITY\CAMERA\VISUAL_CONTINUITY\visual_drift_detection.md",".md","197","False","True","False"
"CONTINUITY\CAMERA\VISUAL_CONTINUITY\visual_history.md",".md","189","False","True","False"
"CONTINUITY\CAMERA\VISUAL_CONTINUITY\visual_inheritance.md",".md","193","False","True","False"
"CONTINUITY\CAMERA\VISUAL_CONTINUITY\visual_persistence.md",".md","193","False","True","False"
"CONTINUITY\CAMERA\VISUAL_CONTINUITY\visual_reset_prohibition.md",".md","199","False","True","False"
"CONTINUITY\CAMERA\VISUAL_CONTINUITY\visual_state.md",".md","187","False","True","False"
"CONTINUITY\CAMERA\VISUAL_CONTINUITY\visual_transition.md",".md","192","False","True","False"
"CONTINUITY\CAMERA\VISUAL_LANGUAGE\battle_camera_language.md",".md","197","False","True","False"
"CONTINUITY\CAMERA\VISUAL_LANGUAGE\camera_motif.md",".md","187","False","True","False"
"CONTINUITY\CAMERA\VISUAL_LANGUAGE\character_camera_language.md",".md","200","False","True","False"
"CONTINUITY\CAMERA\VISUAL_LANGUAGE\cinematic_language.md",".md","193","False","True","False"
"CONTINUITY\CAMERA\VISUAL_LANGUAGE\divine_camera_language.md",".md","197","False","True","False"
"CONTINUITY\CAMERA\VISUAL_LANGUAGE\emotional_camera_language.md",".md","200","False","True","False"
"CONTINUITY\CAMERA\VISUAL_LANGUAGE\epic_camera_language.md",".md","195","False","True","False"
"CONTINUITY\CAMERA\VISUAL_LANGUAGE\forest_camera_language.md",".md","197","False","True","False"
"CONTINUITY\CAMERA\VISUAL_LANGUAGE\intimate_camera_language.md",".md","199","False","True","False"
"CONTINUITY\CAMERA\VISUAL_LANGUAGE\narrative_camera_language.md",".md","200","False","True","False"
"CONTINUITY\CAMERA\VISUAL_LANGUAGE\palace_camera_language.md",".md","197","False","True","False"
"CONTINUITY\CAMERA\VISUAL_LANGUAGE\relationship_camera_language.md",".md","203","False","True","False"
"CONTINUITY\CAMERA\VISUAL_LANGUAGE\ritual_camera_language.md",".md","197","False","True","False"
"CONTINUITY\CAMERA\VISUAL_LANGUAGE\spiritual_camera_language.md",".md","200","False","True","False"
"CONTINUITY\CAMERA\VISUAL_LANGUAGE\supernatural_camera_language.md",".md","203","False","True","False"
"CONTINUITY\CAMERA\VISUAL_LANGUAGE\travel_camera_language.md",".md","197","False","True","False"
"CONTINUITY\CAMERA\VISUAL_LANGUAGE\village_camera_language.md",".md","198","False","True","False"
"CONTINUITY\CAMERA\VISUAL_LANGUAGE\visual_language_identity.md",".md","199","False","True","False"
"CONTINUITY\CAMERA\VISUAL_LANGUAGE\visual_motif.md",".md","187","False","True","False"
"CONTINUITY\EVENT\BIRTH_CREATION\birth_event.md",".md","201","False","True","False"
"CONTINUITY\EVENT\CANON\event_classification.md",".md","299","False","True","False"
"CONTINUITY\EVENT\CANON\event_evidence.md",".md","206","False","True","False"
"CONTINUITY\EVENT\CAUSE\causal_chain.md",".md","182","False","True","False"
"CONTINUITY\EVENT\CINEMATIC_EVENT\cinematic_event.md",".md","272","False","True","False"
"CONTINUITY\EVENT\CONFLICT\conflict_resolution.md",".md","265","False","True","False"
"CONTINUITY\EVENT\CORE\state_ledger_interface.md",".md","413","False","True","False"
"CONTINUITY\EVENT\CORRECTION\correction_rules.md",".md","229","False","True","False"
"CONTINUITY\EVENT\IDENTITY\event_version.md",".md","259","False","True","False"
"CONTINUITY\EVENT\PRODUCTION_EVENT\ai_production_events.md",".md","267","False","True","True"
"CONTINUITY\EVENT\REGISTRY\event_state_index.md",".md","242","False","True","False"
"CONTINUITY\EVENT\STATE_DELTA\delta_rules.md",".md","264","False","True","False"
"CONTINUITY\EVENT\STORY_EVENT\story_event.md",".md","222","False","True","False"
"CONTINUITY\EVENT\SUPERNATURAL\supernatural_events.md",".md","304","False","True","False"
"LANGUAGE\01_CORE\LANGUAGE_REGISTRY.md",".md","26551","True","True","True"
"LANGUAGE\01_CORE\LANGUAGE_SYSTEM.md",".md","17711","True","True","False"
"LANGUAGE\02_LANGUAGE_RULES\AWADHI.md",".md","26967","True","True","True"
"LANGUAGE\02_LANGUAGE_RULES\HINDI.md",".md","28588","True","True","False"
"LANGUAGE\02_LANGUAGE_RULES\PRONUNCIATION.md",".md","32360","True","True","True"
"LANGUAGE\02_LANGUAGE_RULES\SANSKRIT.md",".md","33879","True","True","True"
"LANGUAGE\03_CHARACTER_LANGUAGE\CHARACTER_LANGUAGE.md",".md","17152","True","True","True"
"LANGUAGE\03_CHARACTER_LANGUAGE\HONORIFICS_AND_ADDRESS.md",".md","36552","False","True","False"
"LANGUAGE\03_EPISODES\EPISODE_01\EPISODE_LANGUAGE.md",".md","42734","True","True","True"
"LANGUAGE\03_EPISODES\EPISODE_01\CHARACTERS\BRAHMA.md",".md","3820","False","True","False"
"LANGUAGE\03_EPISODES\EPISODE_01\CHARACTERS\DAKSHA.md",".md","3475","True","True","False"
"LANGUAGE\03_EPISODES\EPISODE_01\CHARACTERS\HIMAVAN.md",".md","2824","True","True","False"
"LANGUAGE\03_EPISODES\EPISODE_01\CHARACTERS\KAMADEVA.md",".md","2641","False","True","False"
"LANGUAGE\03_EPISODES\EPISODE_01\CHARACTERS\LAKSHMANA.md",".md","3507","True","True","False"
"LANGUAGE\03_EPISODES\EPISODE_01\CHARACTERS\MAINA.md",".md","2801","False","True","False"
"LANGUAGE\03_EPISODES\EPISODE_01\CHARACTERS\NARADA.md",".md","3444","True","True","False"
"LANGUAGE\03_EPISODES\EPISODE_01\CHARACTERS\PARVATI.md",".md","3680","True","True","False"
"LANGUAGE\03_EPISODES\EPISODE_01\CHARACTERS\RAMA.md",".md","26559","False","True","False"
"LANGUAGE\03_EPISODES\EPISODE_01\CHARACTERS\RATI.md",".md","5185","True","True","False"
"LANGUAGE\03_EPISODES\EPISODE_01\CHARACTERS\SATI.md",".md","5354","False","True","False"
"LANGUAGE\03_EPISODES\EPISODE_01\CHARACTERS\SHIVA.md",".md","6165","False","True","False"
"LANGUAGE\03_EPISODES\EPISODE_01\CHARACTERS\SITA.md",".md","5164","False","True","False"
"LANGUAGE\03_EPISODES\EPISODE_01\CHARACTERS\VISHNU.md",".md","5560","False","True","False"
"LANGUAGE\03_EPISODES\EPISODE_01\RELATIONSHIPS\RELATIONSHIP_LANGUAGE.md",".md","44840","True","True","True"
"LANGUAGE\04_SOURCE_TEXT\SOURCE_TEXT.md",".md","35692","True","True","False"
"LANGUAGE\05_SCRIPT\DIALOGUE.md",".md","15751","True","True","True"
"LANGUAGE\05_SCRIPT\NARRATION.md",".md","10843","False","True","False"
"LANGUAGE\05_SCRIPT\RITUAL_LANGUAGE.md",".md","15550","True","True","False"
"LANGUAGE\06_TERMINOLOGY\TERMINOLOGY.md",".md","66107","True","True","True"
"LANGUAGE\07_CONTINUITY\LANGUAGE_CONTINUITY.md",".md","47642","True","True","True"
"LANGUAGE\08_QA\LANGUAGE_QA.md",".md","64219","True","True","True"
"LANGUAGE\09_INTEGRATION\HANDOFF.md",".md","24560","True","True","True"
"LANGUAGE\09_INTEGRATION\RAG.md",".md","31899","True","True","True"
"LOCATIONS\CORE\location_evidence_rules.md",".md","1038","False","True","False"
"MASTER_REGISTRY\README.md",".md","730","False","True","False"
"MASTER_REGISTRY\CORE\approval_state_system.md",".md","483","False","True","False"
"MASTER_REGISTRY\CORE\cross_reference_rules.md",".md","419","False","True","False"
"MASTER_REGISTRY\CORE\master_registry_system.md",".md","2211","False","True","False"
"MASTER_REGISTRY\CORE\registry_qa.md",".md","939","False","True","True"
"MASTER_REGISTRY\REPORTS\registry_health_report.md",".md","432","False","True","False"
"MATERIALS\PRODUCTION_COMPLETION_CHECKLIST.md",".md","1972","True","True","True"
"MATERIALS\README.md",".md","6746","True","True","True"
"MATERIALS\01_CORE\completion_standard.md",".md","952","True","True","True"
"MATERIALS\01_CORE\legacy_migration_disposition.md",".md","3194","True","True","False"
"MATERIALS\01_CORE\material_data_standard.md",".md","6213","True","True","True"
"MATERIALS\01_CORE\material_identity.md",".md","6595","True","True","True"
"MATERIALS\01_CORE\material_master.md",".md","14880","True","True","True"
"MATERIALS\01_CORE\material_record_requirements.md",".md","795","True","True","True"
"MATERIALS\01_CORE\material_taxonomy.md",".md","2926","True","True","True"
"MATERIALS\01_CORE\source_classification.md",".md","9855","True","True","True"
"MATERIALS\02_MATERIAL_DATABASE\00_database_index.md",".md","4535","True","True","False"
"MATERIALS\02_MATERIAL_DATABASE\01_material_record_standard.md",".md","2454","True","True","False"
"MATERIALS\02_MATERIAL_DATABASE\02_material_id_rules.md",".md","1407","True","True","False"
"MATERIALS\02_MATERIAL_DATABASE\03_source_and_evidence_rules.md",".md","4574","True","True","False"
"MATERIALS\02_MATERIAL_DATABASE\04_initial_research_sources.md",".md","1477","True","True","False"
"MATERIALS\02_MATERIAL_DATABASE\10_stone_rocks.md",".md","2134","True","True","True"
"MATERIALS\02_MATERIAL_DATABASE\11_gemstones_crystals.md",".md","1358","True","True","False"
"MATERIALS\02_MATERIAL_DATABASE\14_clay_bricks_mortar_plaster.md",".md","1187","True","True","False"
"MATERIALS\02_MATERIAL_DATABASE\15_minerals_earth_ornamental_materials.md",".md","1427","True","True","False"
"MATERIALS\02_MATERIAL_DATABASE\16_charcoal_ash_soot_particulates.md",".md","993","True","True","False"
"MATERIALS\02_MATERIAL_DATABASE\17_water_and_aqueous_materials.md",".md","967","True","True","False"
"MATERIALS\02_MATERIAL_DATABASE\18_cordage_rope_mats_thatch.md",".md","733","True","True","False"
"MATERIALS\02_MATERIAL_DATABASE\20_wood_species.md",".md","1263","True","True","False"
"MATERIALS\02_MATERIAL_DATABASE\21_bamboo_reeds_grasses.md",".md","614","True","True","False"
"MATERIALS\02_MATERIAL_DATABASE\22_bark_plant_fibres.md",".md","658","True","True","False"
"MATERIALS\02_MATERIAL_DATABASE\30_metals_native.md",".md","1066","True","True","False"
"MATERIALS\02_MATERIAL_DATABASE\31_copper_alloys.md",".md","893","True","True","True"
"MATERIALS\02_MATERIAL_DATABASE\32_iron_steel.md",".md","951","True","True","False"
"MATERIALS\02_MATERIAL_DATABASE\33_precious_metals.md",".md","669","True","True","False"
"MATERIALS\02_MATERIAL_DATABASE\34_other_historical_metals.md",".md","643","True","True","False"
"MATERIALS\02_MATERIAL_DATABASE\35_special_historical_materials.md",".md","821","True","True","False"
"MATERIALS\02_MATERIAL_DATABASE\36_material_composites_and_layered_systems.md",".md","895","True","True","True"
"MATERIALS\02_MATERIAL_DATABASE\37_material_data_completeness_audit.md",".md","3366","True","True","False"
"MATERIALS\02_MATERIAL_DATABASE\38_material_synonyms_and_translation_control.md",".md","670","True","True","False"
"MATERIALS\02_MATERIAL_DATABASE\39_material_research_queue.md",".md","1198","True","True","False"
"MATERIALS\02_MATERIAL_DATABASE\40_ceramics_faience_glazes.md",".md","791","True","True","False"
"MATERIALS\02_MATERIAL_DATABASE\41_glass_mineral.md",".md","737","False","True","False"
"MATERIALS\02_MATERIAL_DATABASE\51_yarns_weaves_fabrics.md",".md","785","True","True","False"
"MATERIALS\02_MATERIAL_DATABASE\60_leather_hide.md",".md","520","True","True","False"
"MATERIALS\02_MATERIAL_DATABASE\70_oils_fats_waxes.md",".md","682","True","True","False"
"MATERIALS\02_MATERIAL_DATABASE\80_pigments.md",".md","817","True","True","False"
"MATERIALS\02_MATERIAL_DATABASE\81_dyes_mordants.md",".md","685","True","True","False"
"MATERIALS\02_MATERIAL_DATABASE\90_plant_materials.md",".md","574","True","True","False"
"MATERIALS\02_MATERIAL_DATABASE\92_food_organic_matter.md",".md","669","True","True","False"
"MATERIALS\02_MATERIAL_DATABASE\93_composite_historical_materials.md",".md","853","True","True","False"
"MATERIALS\02_MATERIAL_DATABASE\99_material_database_scope_and_gaps.md",".md","1446","True","True","False"
"MATERIALS\02_MATERIAL_DATABASE\material_research_workflow.md",".md","787","True","True","False"
"MATERIALS\03_PHYSICS\bone_horn_shell_physics.md",".md","399","False","True","False"
"MATERIALS\03_PHYSICS\dust_particles_sedimentation.md",".md","380","True","True","False"
"MATERIALS\03_PHYSICS\elasticity_plasticity.md",".md","542","True","True","True"
"MATERIALS\03_PHYSICS\leather_hide_physics.md",".md","347","True","True","False"
"MATERIALS\03_PHYSICS\physical_provenance.md",".md","586","False","True","True"
"MATERIALS\03_PHYSICS\physics_assumption_registry.md",".md","459","True","True","False"
"MATERIALS\03_PHYSICS\physics_change_control.md",".md","458","True","True","True"
"MATERIALS\03_PHYSICS\physics_completeness_audit.md",".md","1230","True","True","True"
"MATERIALS\03_PHYSICS\physics_data_standard.md",".md","1814","True","True","True"
"MATERIALS\03_PHYSICS\physics_master.md",".md","4997","True","True","True"
"MATERIALS\03_PHYSICS\physics_reference_registry.md",".md","439","True","True","True"
"MATERIALS\03_PHYSICS\physics_to_3d_interface.md",".md","310","True","True","True"
"MATERIALS\03_PHYSICS\units_and_dimensions.md",".md","851","False","True","False"
"MATERIALS\04_SURFACE_STRUCTURE\macro_structure.md",".md","1715","True","True","False"
"MATERIALS\04_SURFACE_STRUCTURE\material_database_and_assignment_gap_report.md",".md","1687","True","True","True"
"MATERIALS\04_SURFACE_STRUCTURE\material_record_inventory.csv",".csv","5556","True","True","False"
"MATERIALS\04_SURFACE_STRUCTURE\medium_structure.md",".md","1547","False","True","True"
"MATERIALS\04_SURFACE_STRUCTURE\micro_surface.md",".md","1745","True","True","True"
"MATERIALS\04_SURFACE_STRUCTURE\multiple_reflection_and_light_transport.md",".md","4434","True","True","True"
"MATERIALS\04_SURFACE_STRUCTURE\natural_variation.md",".md","1695","True","True","False"
"MATERIALS\04_SURFACE_STRUCTURE\README_REPAIR_PACKAGE.md",".md","1190","True","True","True"
"MATERIALS\04_SURFACE_STRUCTURE\sub_micro_structure.md",".md","1714","True","True","True"
"MATERIALS\04_SURFACE_STRUCTURE\surface_change_and_decision_log.md",".md","1095","True","True","True"
"MATERIALS\04_SURFACE_STRUCTURE\surface_cross_folder_contract.md",".md","1994","True","True","True"
"MATERIALS\04_SURFACE_STRUCTURE\surface_evidence_and_research_register.md",".md","1969","True","True","True"
"MATERIALS\04_SURFACE_STRUCTURE\surface_evidence_source_register.md",".md","3293","True","True","True"
"MATERIALS\04_SURFACE_STRUCTURE\surface_failure_modes.md",".md","1922","True","True","True"
"MATERIALS\04_SURFACE_STRUCTURE\surface_final_inventory.md",".md","1236","True","True","False"
"MATERIALS\04_SURFACE_STRUCTURE\surface_implementation_handoff.md",".md","1827","True","True","True"
"MATERIALS\04_SURFACE_STRUCTURE\surface_interfaces_and_layers.md",".md","1547","True","True","True"
"MATERIALS\04_SURFACE_STRUCTURE\surface_material_family_mapping.csv",".csv","4101","True","True","True"
"MATERIALS\04_SURFACE_STRUCTURE\surface_material_research_queue.csv",".csv","8535","True","True","True"
"MATERIALS\04_SURFACE_STRUCTURE\surface_record_standard.md",".md","2210","True","True","True"
"MATERIALS\04_SURFACE_STRUCTURE\surface_release_gate.md",".md","1727","True","True","True"
"MATERIALS\04_SURFACE_STRUCTURE\surface_renderer_confirmation_note.md",".md","1067","True","True","False"
"MATERIALS\04_SURFACE_STRUCTURE\surface_renderer_test_matrix.md",".md","2130","True","True","True"
"MATERIALS\04_SURFACE_STRUCTURE\surface_renderer_validation_register.csv",".csv","5635","True","True","True"
"MATERIALS\04_SURFACE_STRUCTURE\surface_research_execution_plan.md",".md","5315","True","True","True"
"MATERIALS\04_SURFACE_STRUCTURE\surface_structure_audit_report.txt",".txt","1771","True","True","False"
"MATERIALS\04_SURFACE_STRUCTURE\surface_structure_completion_discovery.txt",".txt","11921","True","True","False"
"MATERIALS\04_SURFACE_STRUCTURE\surface_structure_master.md",".md","5281","True","True","True"
"MATERIALS\04_SURFACE_STRUCTURE\surface_validation_and_qa.md",".md","2537","True","True","True"
"MATERIALS\04_SURFACE_STRUCTURE\ONE_PASS_AUDIT_20261009_104240\asset_material_assignment_gaps.csv",".csv","244","False","True","True"
"MATERIALS\04_SURFACE_STRUCTURE\ONE_PASS_AUDIT_20261009_104240\material_database_and_assignment_gap_report.md",".md","1687","True","True","True"
"MATERIALS\04_SURFACE_STRUCTURE\ONE_PASS_AUDIT_20261009_104240\material_record_inventory.csv",".csv","5556","True","True","False"
"MATERIALS\04_SURFACE_STRUCTURE\ONE_PASS_AUDIT_20261009_104240\material_record_inventory_detailed.csv",".csv","14500","True","True","False"
"MATERIALS\04_SURFACE_STRUCTURE\ONE_PASS_AUDIT_20261009_104240\ONE_PASS_COMPLETION_AUDIT.md",".md","4772","True","True","True"
"MATERIALS\04_SURFACE_STRUCTURE\ONE_PASS_AUDIT_20261009_104240\surface_material_family_mapping.csv",".csv","4101","True","True","True"
"MATERIALS\04_SURFACE_STRUCTURE\ONE_PASS_AUDIT_20261009_104240\surface_material_research_queue.csv",".csv","8535","True","True","True"
"MATERIALS\04_SURFACE_STRUCTURE\ONE_PASS_AUDIT_20261009_104240\surface_release_gate_register.csv",".csv","1559","True","True","True"
"MATERIALS\04_SURFACE_STRUCTURE\ONE_PASS_AUDIT_20261009_104240\surface_renderer_validation_register.csv",".csv","5635","True","True","True"
"MATERIALS\05_BEHAVIOR\aging.md",".md","1585","True","True","True"
"MATERIALS\05_BEHAVIOR\damage.md",".md","1547","True","True","False"
"MATERIALS\05_BEHAVIOR\dust_dirt_mud.md",".md","1572","True","True","True"
"MATERIALS\05_BEHAVIOR\environmental_response.md",".md","1568","True","True","False"
"MATERIALS\05_BEHAVIOR\repair.md",".md","1528","True","True","True"
"MATERIALS\05_BEHAVIOR\water_wetting_absorption.md",".md","1592","True","True","False"
"MATERIALS\05_BEHAVIOR\wear.md",".md","1519","True","True","False"
"MATERIALS\05_BEHAVIOR\weathering.md",".md","1492","True","True","False"
"MATERIALS\06_STATES\condition_states.md",".md","1582","True","True","False"
"MATERIALS\06_STATES\material_state_model.md",".md","4089","True","True","True"
"MATERIALS\06_STATES\state_continuity.md",".md","1477","True","True","False"
"MATERIALS\06_STATES\state_transitions.md",".md","2593","True","True","False"
"MATERIALS\06_STATES\thermal_states.md",".md","1529","True","True","False"
"MATERIALS\06_STATES\wet_dry_states.md",".md","1493","True","True","False"
"MATERIALS\07_CONTINUITY\material_continuity_rules.md",".md","1021","True","True","True"
"MATERIALS\07_HISTORICAL_CANONICAL\canonical_material_usage.md",".md","1574","True","True","False"
"MATERIALS\07_HISTORICAL_CANONICAL\conflicts_uncertainty.md",".md","1577","True","True","False"
"MATERIALS\07_HISTORICAL_CANONICAL\historical_material_availability.md",".md","1551","True","True","False"
"MATERIALS\07_HISTORICAL_CANONICAL\material_evidence.md",".md","1569","True","True","False"
"MATERIALS\07_HISTORICAL_CANONICAL\traditional_indian_materials.md",".md","1548","True","True","False"
"MATERIALS\07_HISTORICAL_CANONICAL\traditional_manufacturing.md",".md","1563","True","True","False"
"MATERIALS\08_ASSET_ASSIGNMENTS\asset_assignment_rules.md",".md","613","True","True","True"
"MATERIALS\08_INTERACTION\animal_interaction.md",".md","1529","True","True","False"
"MATERIALS\08_INTERACTION\architecture_interaction.md",".md","1509","True","True","False"
"MATERIALS\08_INTERACTION\environment_interaction.md",".md","1475","True","True","False"
"MATERIALS\08_INTERACTION\human_interaction.md",".md","1518","True","True","False"
"MATERIALS\08_INTERACTION\prop_interaction.md",".md","1459","True","True","False"
"MATERIALS\09_AI_PRODUCTION\artifact_prevention.md",".md","1548","True","True","True"
"MATERIALS\09_AI_PRODUCTION\candidate_selection.md",".md","1521","True","True","False"
"MATERIALS\09_AI_PRODUCTION\material_generation_validation.md",".md","1578","True","True","True"
"MATERIALS\09_AI_PRODUCTION\material_prompting.md",".md","1550","True","True","False"
"MATERIALS\09_AI_PRODUCTION\negative_constraints.md",".md","1575","True","True","True"
"MATERIALS\09_AI_PRODUCTION\reference_strategy.md",".md","1655","True","True","False"
"MATERIALS\09_REGISTRY\material_registry_rules.md",".md","683","True","True","False"
"MATERIALS\10_CONTINUITY_QA\approval_criteria.md",".md","1516","True","True","False"
"MATERIALS\10_CONTINUITY_QA\cross_episode_consistency.md",".md","1550","True","True","True"
"MATERIALS\10_CONTINUITY_QA\cross_scene_consistency.md",".md","1460","True","True","False"
"MATERIALS\10_CONTINUITY_QA\cross_shot_consistency.md",".md","1480","True","True","False"
"MATERIALS\10_CONTINUITY_QA\material_acceptance_criteria.md",".md","1392","True","True","False"
"MATERIALS\10_CONTINUITY_QA\material_continuity.md",".md","2511","True","True","True"
"MATERIALS\10_CONTINUITY_QA\realism_qa.md",".md","5550","True","True","True"
"MATERIALS\10_CONTINUITY_QA\temporal_consistency.md",".md","1474","True","True","False"
"MATERIALS\11_EVIDENCE\evidence_ledger.csv",".csv","234","False","True","True"
"MATERIALS\11_EVIDENCE\evidence_ledger_rules.md",".md","755","True","True","False"
"MATERIALS\11_PRODUCTION_HANDOFF\3d_handoff.md",".md","1525","True","True","True"
"MATERIALS\11_PRODUCTION_HANDOFF\lighting_handoff.md",".md","1559","True","True","False"
"MATERIALS\11_PRODUCTION_HANDOFF\physics_handoff.md",".md","1468","True","True","False"
"MATERIALS\11_PRODUCTION_HANDOFF\render_validation.md",".md","2703","True","True","False"
"MATERIALS\11_PRODUCTION_HANDOFF\shader_handoff.md",".md","1546","True","True","True"
"MATERIALS\11_PRODUCTION_HANDOFF\texture_handoff.md",".md","1546","True","True","True"
"MATERIALS\11_PRODUCTION_HANDOFF\vfx_handoff.md",".md","1515","True","True","False"
"MATERIALS\12_REGISTRY\change_control.md",".md","1495","True","True","False"
"MATERIALS\12_REGISTRY\material_registry.md",".md","2287","True","True","True"
"MATERIALS\12_REGISTRY\material_variants.md",".md","1534","True","True","False"
"MATERIALS\12_REGISTRY\material_versions.md",".md","1487","True","True","False"
"MOTIONS\MOTION_CAPTURE\mocap_policy.md",".md","636","False","True","True"
"NARRATION\README.md",".md","1042","False","True","False"
"NARRATION\AI\narration_generation.md",".md","451","False","True","False"
"NARRATION\CORE\narration_information_rules.md",".md","877","False","True","False"
"NARRATION\CORE\narration_qa.md",".md","957","False","True","False"
"NARRATION\CORE\narration_system.md",".md","1140","False","True","False"
"NARRATION\CORE\narrative_point_of_view.md",".md","1071","True","True","False"
"NARRATION\CORE\narrator_transition_system.md",".md","1257","False","True","False"
"NARRATION\EPISODE_01\shiva_narration_handoff.md",".md","575","False","True","False"
"NARRATION\EPISODE_01\tulsidas_narration_map.md",".md","571","False","True","False"
"NARRATION\NARRATION_PLACEMENT\narration_placement_rules.md",".md","485","False","True","False"
"NARRATION\NARRATIVE_LAYERS\narration_hierarchy.md",".md","873","True","True","False"
"NARRATION\NARRATORS\SHIVA\when_shiva_narrates.md",".md","483","False","True","False"
"NARRATION\NARRATORS\TULSIDAS\narrative_voice_direction.md",".md","757","False","True","False"
"NARRATION\NARRATORS\TULSIDAS\when_tulsidas_speaks.md",".md","480","True","True","False"
"NARRATION\TRANSITIONS\narrator_handoff_rules.md",".md","487","False","True","False"
"NARRATION\TRANSITIONS\shiva_to_rama_katha.md",".md","465","False","True","False"
"NARRATION\VERSE_AND_SCRIPTURE\original_text_preservation.md",".md","458","False","True","False"
"NATURE\README.md",".md","1457","False","True","True"
"NATURE\CORE\nature_policy.md",".md","1385","False","True","False"
"NATURE\CORE\nature_qa.md",".md","491","False","True","False"
"NATURE\CORE\nature_source_policy.md",".md","485","False","True","False"
"NATURE\CORE\nature_system.md",".md","1509","True","True","True"
"NATURE\DIVINE_NATURE\divine_nature_system.md",".md","730","False","True","False"
"NATURE\FIRE\fire_system.md",".md","249","False","True","False"
"NATURE\REFERENCES\reference_policy.md",".md","275","False","True","False"
"NATURE\REGISTRIES\natural_element_registry.md",".md","398","False","True","False"
"NATURE\REGISTRIES\nature_registry.md",".md","356","False","True","False"
"NATURE\WATERFALLS\waterfall_system.md",".md","154","False","True","False"
"NATURE\WATER_SYSTEMS\water_cycle_system.md",".md","230","False","True","True"
"PERFORMANCE_LIBRARY\README.md",".md","1405","False","True","False"
"PERFORMANCE_LIBRARY\APPROVALS\approval_system.md",".md","317","True","True","False"
"PERFORMANCE_LIBRARY\CEREMONIAL_PERFORMANCES\ceremonial_performance_library.md",".md","371","False","True","False"
"PERFORMANCE_LIBRARY\CHARACTER_ADAPTATION\character_adaptation.md",".md","482","False","True","False"
"PERFORMANCE_LIBRARY\CORE\performance_asset_identity.md",".md","513","False","True","True"
"PERFORMANCE_LIBRARY\CORE\performance_asset_lifecycle.md",".md","298","False","True","True"
"PERFORMANCE_LIBRARY\CORE\performance_library_policy.md",".md","352","True","True","True"
"PERFORMANCE_LIBRARY\CORE\performance_library_system.md",".md","1077","True","True","True"
"PERFORMANCE_LIBRARY\PERFORMANCE_ASSETS\performance_metadata.md",".md","297","False","True","False"
"PERFORMANCE_LIBRARY\REFERENCES\reference_policy.md",".md","323","False","True","False"
"PERFORMANCE_LIBRARY\REGISTRIES\performance_registry.md",".md","323","False","True","True"
"PERFORMANCE_LIBRARY\REGISTRIES\performance_source_registry.md",".md","245","False","True","False"
"PERFORMANCE_LIBRARY\RETARGETING\CHARACTER_RIGS\character_rig_retargeting.md",".md","318","False","True","True"
"PERFORMANCE_LIBRARY\RETARGETING\HUMAN_RIGS\human_rig_retargeting.md",".md","273","False","True","False"
"PERFORMANCE_LIBRARY\SOURCES\source_policy.md",".md","290","False","True","False"
"PERFORMANCE_LIBRARY\SOURCES\AI_GENERATED\ai_performance_policy.md",".md","345","True","True","True"
"PERFORMANCE_LIBRARY\SOURCES\KEYFRAME\keyframe_source_policy.md",".md","250","False","True","False"
"PERFORMANCE_LIBRARY\SOURCES\MARKERLESS_MOCAP\markerless_mocap_policy.md",".md","288","False","True","False"
"PERFORMANCE_LIBRARY\SOURCES\MOTION_CAPTURE\mocap_source_registry.md",".md","269","False","True","True"
"PERFORMANCE_LIBRARY\SOURCES\VIDEO_PERFORMANCE\video_source_policy.md",".md","259","False","True","True"
"PERFORMANCE_LIBRARY\VERSIONING\versioning_rules.md",".md","273","False","True","False"
"PROMPTS\README.md",".md","1756","True","True","True"
"PROMPTS\BUILDING_BLOCKS\ARCHITECTURE\architecture_block.md",".md","118","False","True","False"
"PROMPTS\BUILDING_BLOCKS\CANON\canon_block.md",".md","149","False","True","False"
"PROMPTS\BUILDING_BLOCKS\CHARACTER\character_block.md",".md","170","False","True","False"
"PROMPTS\BUILDING_BLOCKS\IDENTITY\identity_block.md",".md","166","False","True","False"
"PROMPTS\CONSTRAINTS\AI_ARTIFACTS\ai_artifact_constraints.md",".md","451","True","True","False"
"PROMPTS\CONSTRAINTS\CANON\canon_constraints.md",".md","257","False","True","False"
"PROMPTS\CORE\prompt_qa.md",".md","516","False","True","True"
"PROMPTS\CORE\prompt_source_rules.md",".md","399","False","True","False"
"PROMPTS\CORE\prompt_system.md",".md","1081","True","True","True"
"PROMPTS\CORE\prompt_versioning.md",".md","329","False","True","True"
"PROMPTS\EPISODE_01\episode_01_prompt_policy.md",".md","328","False","True","False"
"PROMPTS\EPISODE_01\CHARACTERS\character_prompts.md",".md","214","False","True","False"
"PROMPTS\EPISODE_01\LOCATIONS\location_prompts.md",".md","171","False","True","False"
"PROMPTS\EPISODE_01\PERFORMANCES\performance_prompts.md",".md","228","False","True","True"
"PROMPTS\EPISODE_01\SHOTS\shot_prompt_registry.md",".md","268","False","True","True"
"PROMPTS\GENERATION\CHARACTER_CONSISTENCY\character_consistency.md",".md","269","False","True","False"
"PROMPTS\GENERATION\REFERENCE_CONDITIONING\reference_conditioning.md",".md","273","False","True","False"
"PROMPTS\MODEL_FORMATS\IMAGE_MODELS\image_model_formats.md",".md","305","False","True","True"
"PROMPTS\MODEL_FORMATS\VIDEO_MODELS\video_model_formats.md",".md","215","False","True","True"
"PROMPTS\MODEL_FORMATS\VOICE_MODELS\voice_model_formats.md",".md","204","False","True","True"
"PROMPTS\PROMPT_TEMPLATES\CHARACTER\character_prompt_template.md",".md","420","False","True","False"
"PROMPTS\PROMPT_TEMPLATES\SHOT\shot_prompt_template.md",".md","565","False","True","False"
"PROMPTS\PROMPT_TYPES\CHARACTER\character_prompts.md",".md","298","False","True","False"
"PROMPTS\PROMPT_TYPES\PERFORMANCE\performance_prompts.md",".md","323","False","True","False"
"PROMPTS\PROMPT_TYPES\SHOT\shot_prompts.md",".md","308","False","True","False"
"PROMPTS\REFERENCES\prompt_references.md",".md","305","False","True","True"
"PROMPTS\REGISTRIES\prompt_provenance_registry.md",".md","310","False","True","False"
"PROMPTS\REGISTRIES\prompt_registry.md",".md","274","False","True","True"
"PROMPTS\VALIDATION\PROMPT_VALIDATION\prompt_validation.md",".md","348","False","True","True"
"PROMPTS\VERSIONING\prompt_versioning.md",".md","211","False","True","True"
"PROPS\MATERIAL_HANDOFF\material_assignment.md",".md","1366","True","True","True"
"TEXTURES\architecture.md",".md","73","False","True","True"
"TEXTURES\cloth.md",".md","66","True","True","True"
"TEXTURES\ground.md",".md","67","False","True","True"
"TEXTURES\hair.md",".md","65","False","True","True"
"TEXTURES\nature.md",".md","67","False","True","True"
"TEXTURES\ornaments.md",".md","70","False","True","True"
"TEXTURES\props.md",".md","66","False","True","True"
"TEXTURES\README.md",".md","67","False","True","True"
"TEXTURES\skin.md",".md","65","False","True","True"
"TEXTURES\texture_reference_index.md",".md","84","False","True","True"
"TEXTURES\water.md",".md","66","False","True","True"
"_PROJECT_AUDIT\duplicate_files.csv",".csv","740344","True","True","True"
"_PROJECT_AUDIT\duplicate_folders.csv",".csv","98151","False","True","True"
"_PROJECT_AUDIT\FINAL_PROJECT_STRUCTURE_AUDIT.txt",".txt","844788","True","True","True"
