"Path","Extension","Bytes","MaterialTerms","EvidenceTerms","AssetTerms"
"3D\MATERIAL_HANDOFF\material_assignment.md",".md","1366","True","True","True"
"ANIMALS\00_LEGACY_MIGRATION\02_CLASSIFIED\01_BIOLOGY_AND_15_RESEARCH\alertness.md.migration.md",".md","663","True","True","False"
"ANIMALS\00_LEGACY_MIGRATION\02_CLASSIFIED\01_BIOLOGY_AND_15_RESEARCH\alertness_E3B0C44298FC.md.migration.md",".md","663","True","True","False"
"ANIMALS\00_LEGACY_MIGRATION\02_CLASSIFIED\01_BIOLOGY_AND_15_RESEARCH\anatomy.md.migration.md",".md","661","True","True","False"
"ANIMALS\00_LEGACY_MIGRATION\02_CLASSIFIED\01_BIOLOGY_AND_15_RESEARCH\anatomy_E3B0C44298FC.md.migration.md",".md","661","True","True","False"
"ANIMALS\00_LEGACY_MIGRATION\02_CLASSIFIED\01_BIOLOGY_AND_15_RESEARCH\animation_rules.md.migration.md",".md","669","True","True","False"
"ANIMALS\00_LEGACY_MIGRATION\02_CLASSIFIED\01_BIOLOGY_AND_15_RESEARCH\animation_rules_E3B0C44298FC.md.migration.md",".md","669","True","True","False"
"ANIMALS\00_LEGACY_MIGRATION\02_CLASSIFIED\01_BIOLOGY_AND_15_RESEARCH\appearance.md.migration.md",".md","664","True","True","False"
"ANIMALS\00_LEGACY_MIGRATION\02_CLASSIFIED\01_BIOLOGY_AND_15_RESEARCH\appearance_E3B0C44298FC.md.migration.md",".md","664","True","True","False"
"ANIMALS\00_LEGACY_MIGRATION\02_CLASSIFIED\01_BIOLOGY_AND_15_RESEARCH\behavior_dna.md.migration.md",".md","666","True","True","False"
"ANIMALS\00_LEGACY_MIGRATION\02_CLASSIFIED\01_BIOLOGY_AND_15_RESEARCH\behavior_dna_E3B0C44298FC.md.migration.md",".md","666","True","True","False"
"ANIMALS\00_LEGACY_MIGRATION\02_CLASSIFIED\01_BIOLOGY_AND_15_RESEARCH\environmental_response.md.migration.md",".md","676","True","True","False"
"ANIMALS\00_LEGACY_MIGRATION\02_CLASSIFIED\01_BIOLOGY_AND_15_RESEARCH\environmental_response_E3B0C44298FC.md.migration.md",".md","676","True","True","False"
"ANIMALS\00_LEGACY_MIGRATION\02_CLASSIFIED\01_BIOLOGY_AND_15_RESEARCH\fear_response.md.migration.md",".md","667","True","True","False"
"ANIMALS\00_LEGACY_MIGRATION\02_CLASSIFIED\01_BIOLOGY_AND_15_RESEARCH\fear_response_E3B0C44298FC.md.migration.md",".md","667","True","True","False"
"ANIMALS\00_LEGACY_MIGRATION\02_CLASSIFIED\01_BIOLOGY_AND_15_RESEARCH\feeding.md.migration.md",".md","661","True","True","False"
"ANIMALS\00_LEGACY_MIGRATION\02_CLASSIFIED\01_BIOLOGY_AND_15_RESEARCH\feeding_E3B0C44298FC.md.migration.md",".md","661","True","True","False"
"ANIMALS\00_LEGACY_MIGRATION\02_CLASSIFIED\01_BIOLOGY_AND_15_RESEARCH\forbidden_behavior.md.migration.md",".md","672","True","True","False"
"ANIMALS\00_LEGACY_MIGRATION\02_CLASSIFIED\01_BIOLOGY_AND_15_RESEARCH\forbidden_behavior_E3B0C44298FC.md.migration.md",".md","672","True","True","False"
"ANIMALS\00_LEGACY_MIGRATION\02_CLASSIFIED\01_BIOLOGY_AND_15_RESEARCH\grooming.md.migration.md",".md","662","True","True","False"
"ANIMALS\00_LEGACY_MIGRATION\02_CLASSIFIED\01_BIOLOGY_AND_15_RESEARCH\grooming_E3B0C44298FC.md.migration.md",".md","662","True","True","False"
"ANIMALS\00_LEGACY_MIGRATION\02_CLASSIFIED\01_BIOLOGY_AND_15_RESEARCH\group_behavior.md.migration.md",".md","668","True","True","False"
"ANIMALS\00_LEGACY_MIGRATION\02_CLASSIFIED\01_BIOLOGY_AND_15_RESEARCH\group_behavior_E3B0C44298FC.md.migration.md",".md","668","True","True","False"
"ANIMALS\00_LEGACY_MIGRATION\02_CLASSIFIED\01_BIOLOGY_AND_15_RESEARCH\human_interaction.md.migration.md",".md","671","True","True","False"
"ANIMALS\00_LEGACY_MIGRATION\02_CLASSIFIED\01_BIOLOGY_AND_15_RESEARCH\human_interaction_E3B0C44298FC.md.migration.md",".md","671","True","True","False"
"ANIMALS\00_LEGACY_MIGRATION\02_CLASSIFIED\01_BIOLOGY_AND_15_RESEARCH\individual_variation.md.migration.md",".md","674","True","True","False"
"ANIMALS\00_LEGACY_MIGRATION\02_CLASSIFIED\01_BIOLOGY_AND_15_RESEARCH\individual_variation_E3B0C44298FC.md.migration.md",".md","674","True","True","False"
"ANIMALS\00_LEGACY_MIGRATION\02_CLASSIFIED\01_BIOLOGY_AND_15_RESEARCH\locomotion.md.migration.md",".md","664","True","True","False"
"ANIMALS\00_LEGACY_MIGRATION\02_CLASSIFIED\01_BIOLOGY_AND_15_RESEARCH\locomotion_E3B0C44298FC.md.migration.md",".md","664","True","True","False"
"ANIMALS\00_LEGACY_MIGRATION\02_CLASSIFIED\01_BIOLOGY_AND_15_RESEARCH\mother_offspring.md.migration.md",".md","670","True","True","False"
"ANIMALS\00_LEGACY_MIGRATION\02_CLASSIFIED\01_BIOLOGY_AND_15_RESEARCH\mother_offspring_E3B0C44298FC.md.migration.md",".md","670","True","True","False"
"ANIMALS\00_LEGACY_MIGRATION\02_CLASSIFIED\01_BIOLOGY_AND_15_RESEARCH\physics.md.migration.md",".md","661","True","True","False"
"ANIMALS\00_LEGACY_MIGRATION\02_CLASSIFIED\01_BIOLOGY_AND_15_RESEARCH\physics_E3B0C44298FC.md.migration.md",".md","661","True","True","False"
"ANIMALS\00_LEGACY_MIGRATION\02_CLASSIFIED\01_BIOLOGY_AND_15_RESEARCH\predator_response.md.migration.md",".md","671","True","True","False"
"ANIMALS\00_LEGACY_MIGRATION\02_CLASSIFIED\01_BIOLOGY_AND_15_RESEARCH\predator_response_E3B0C44298FC.md.migration.md",".md","671","True","True","False"
"ANIMALS\00_LEGACY_MIGRATION\02_CLASSIFIED\01_BIOLOGY_AND_15_RESEARCH\references.md.migration.md",".md","664","True","True","False"
"ANIMALS\00_LEGACY_MIGRATION\02_CLASSIFIED\01_BIOLOGY_AND_15_RESEARCH\references_E3B0C44298FC.md.migration.md",".md","664","True","True","False"
"ANIMALS\00_LEGACY_MIGRATION\02_CLASSIFIED\01_BIOLOGY_AND_15_RESEARCH\resting.md.migration.md",".md","661","True","True","False"
"ANIMALS\00_LEGACY_MIGRATION\02_CLASSIFIED\01_BIOLOGY_AND_15_RESEARCH\resting_E3B0C44298FC.md.migration.md",".md","661","True","True","False"
"ANIMALS\00_LEGACY_MIGRATION\02_CLASSIFIED\01_BIOLOGY_AND_15_RESEARCH\social_behavior.md.migration.md",".md","669","True","True","False"
"ANIMALS\00_LEGACY_MIGRATION\02_CLASSIFIED\01_BIOLOGY_AND_15_RESEARCH\social_behavior_E3B0C44298FC.md.migration.md",".md","669","True","True","False"
"ANIMALS\00_LEGACY_MIGRATION\02_CLASSIFIED\01_BIOLOGY_AND_15_RESEARCH\sources.md.migration.md",".md","661","True","True","False"
"ANIMALS\00_LEGACY_MIGRATION\02_CLASSIFIED\01_BIOLOGY_AND_15_RESEARCH\sources_E3B0C44298FC.md.migration.md",".md","661","True","True","False"
"ANIMALS\00_LEGACY_MIGRATION\02_CLASSIFIED\01_BIOLOGY_AND_15_RESEARCH\species_profile.md.migration.md",".md","669","True","True","False"
"ANIMALS\00_LEGACY_MIGRATION\02_CLASSIFIED\01_BIOLOGY_AND_15_RESEARCH\species_profile_E3B0C44298FC.md.migration.md",".md","669","True","True","False"
"ANIMALS\00_LEGACY_MIGRATION\02_CLASSIFIED\01_BIOLOGY_AND_15_RESEARCH\vocalization.md.migration.md",".md","666","True","True","False"
"ANIMALS\00_LEGACY_MIGRATION\02_CLASSIFIED\01_BIOLOGY_AND_15_RESEARCH\vocalization_E3B0C44298FC.md.migration.md",".md","666","True","True","False"
"ANIMALS\00_LEGACY_MIGRATION\02_CLASSIFIED\03_BEHAVIOR_AND_20_EPISODE_INTEGRATION\animal_reaction_to_characters.md.migration.md",".md","697","True","True","False"
"ANIMALS\00_LEGACY_MIGRATION\02_CLASSIFIED\03_BEHAVIOR_AND_20_EPISODE_INTEGRATION\battle_behavior.md.migration.md",".md","683","True","True","False"
"ANIMALS\00_LEGACY_MIGRATION\02_CLASSIFIED\03_BEHAVIOR_AND_20_EPISODE_INTEGRATION\crowd_behavior.md.migration.md",".md","682","True","True","False"
"ANIMALS\00_LEGACY_MIGRATION\02_CLASSIFIED\03_BEHAVIOR_AND_20_EPISODE_INTEGRATION\danger_behavior.md.migration.md",".md","683","True","True","False"
"ANIMALS\00_LEGACY_MIGRATION\02_CLASSIFIED\03_BEHAVIOR_AND_20_EPISODE_INTEGRATION\death_event_behavior.md.migration.md",".md","688","True","True","False"
"ANIMALS\00_LEGACY_MIGRATION\02_CLASSIFIED\03_BEHAVIOR_AND_20_EPISODE_INTEGRATION\divine_presence_behavior.md.migration.md",".md","692","True","True","False"
"ANIMALS\00_LEGACY_MIGRATION\02_CLASSIFIED\03_BEHAVIOR_AND_20_EPISODE_INTEGRATION\fire_behavior.md.migration.md",".md","681","True","True","False"
"ANIMALS\00_LEGACY_MIGRATION\02_CLASSIFIED\03_BEHAVIOR_AND_20_EPISODE_INTEGRATION\forest_travel_behavior.md.migration.md",".md","690","True","True","False"
"ANIMALS\00_LEGACY_MIGRATION\02_CLASSIFIED\03_BEHAVIOR_AND_20_EPISODE_INTEGRATION\human_animal_reaction.md.migration.md",".md","689","True","True","False"
"ANIMALS\00_LEGACY_MIGRATION\02_CLASSIFIED\03_BEHAVIOR_AND_20_EPISODE_INTEGRATION\loud_sound_behavior.md.migration.md",".md","687","True","True","False"
"ANIMALS\00_LEGACY_MIGRATION\02_CLASSIFIED\03_BEHAVIOR_AND_20_EPISODE_INTEGRATION\normal_background_behavior.md.migration.md",".md","694","True","True","False"
"ANIMALS\00_LEGACY_MIGRATION\02_CLASSIFIED\03_BEHAVIOR_AND_20_EPISODE_INTEGRATION\peaceful_scene_behavior.md.migration.md",".md","691","True","True","False"
"ANIMALS\00_LEGACY_MIGRATION\02_CLASSIFIED\03_BEHAVIOR_AND_20_EPISODE_INTEGRATION\ritual_behavior.md.migration.md",".md","683","True","True","False"
"ANIMALS\00_LEGACY_MIGRATION\02_CLASSIFIED\03_BEHAVIOR_AND_20_EPISODE_INTEGRATION\royal_arrival_behavior.md.migration.md",".md","690","True","True","False"
"ANIMALS\00_LEGACY_MIGRATION\02_CLASSIFIED\03_BEHAVIOR_AND_20_EPISODE_INTEGRATION\scene_specific_behavior.md.migration.md",".md","691","True","True","False"
"ANIMALS\00_LEGACY_MIGRATION\02_CLASSIFIED\03_BEHAVIOR_AND_20_EPISODE_INTEGRATION\storm_behavior.md.migration.md",".md","682","True","True","False"
"ANIMALS\00_LEGACY_MIGRATION\02_CLASSIFIED\03_BEHAVIOR_AND_20_EPISODE_INTEGRATION\supernatural_event_behavior.md.migration.md",".md","695","True","True","False"
"ANIMALS\00_LEGACY_MIGRATION\02_CLASSIFIED\03_BEHAVIOR_AND_20_EPISODE_INTEGRATION\wedding_behavior.md.migration.md",".md","684","True","True","False"
"ANIMALS\00_LEGACY_MIGRATION\02_CLASSIFIED\03_BEHAVIOR_AND_20_EPISODE_INTEGRATION\yajna_behavior.md.migration.md",".md","682","True","True","False"
"ANIMALS\00_LEGACY_MIGRATION\02_CLASSIFIED\05_ECOLOGY\animal_density.md.migration.md",".md","650","True","True","False"
"ANIMALS\00_LEGACY_MIGRATION\02_CLASSIFIED\05_ECOLOGY\animal_migration.md.migration.md",".md","649","True","True","False"
"ANIMALS\00_LEGACY_MIGRATION\02_CLASSIFIED\05_ECOLOGY\animal_resource_competition.md.migration.md",".md","660","True","True","False"
"ANIMALS\00_LEGACY_MIGRATION\02_CLASSIFIED\05_ECOLOGY\ashram_population.md.migration.md",".md","653","True","True","False"
"ANIMALS\00_LEGACY_MIGRATION\02_CLASSIFIED\05_ECOLOGY\background_animal_distribution.md.migration.md",".md","666","True","True","False"
"ANIMALS\00_LEGACY_MIGRATION\02_CLASSIFIED\05_ECOLOGY\city_population.md.migration.md",".md","651","True","True","False"
"ANIMALS\00_LEGACY_MIGRATION\02_CLASSIFIED\05_ECOLOGY\ecology_qa.md.migration.md",".md","643","True","True","False"
"ANIMALS\00_LEGACY_MIGRATION\02_CLASSIFIED\05_ECOLOGY\food_chain.md.migration.md",".md","643","True","True","False"
"ANIMALS\00_LEGACY_MIGRATION\02_CLASSIFIED\05_ECOLOGY\forest_ecology.md.migration.md",".md","647","True","True","False"
"ANIMALS\00_LEGACY_MIGRATION\02_CLASSIFIED\05_ECOLOGY\forest_population.md.migration.md",".md","653","True","True","False"
"ANIMALS\00_LEGACY_MIGRATION\02_CLASSIFIED\05_ECOLOGY\garden_population.md.migration.md",".md","653","True","True","False"
"ANIMALS\00_LEGACY_MIGRATION\02_CLASSIFIED\05_ECOLOGY\grassland_ecology.md.migration.md",".md","650","True","True","False"
"ANIMALS\00_LEGACY_MIGRATION\02_CLASSIFIED\05_ECOLOGY\habitat_population_rules.md.migration.md",".md","660","True","True","False"
"ANIMALS\00_LEGACY_MIGRATION\02_CLASSIFIED\05_ECOLOGY\habitat_rules.md.migration.md",".md","646","True","True","False"
"ANIMALS\00_LEGACY_MIGRATION\02_CLASSIFIED\05_ECOLOGY\human_settlement_ecology.md.migration.md",".md","657","True","True","False"
"ANIMALS\00_LEGACY_MIGRATION\02_CLASSIFIED\05_ECOLOGY\individual_population_rules.md.migration.md",".md","663","True","True","False"
"ANIMALS\00_LEGACY_MIGRATION\02_CLASSIFIED\05_ECOLOGY\lake_population.md.migration.md",".md","651","True","True","False"
"ANIMALS\00_LEGACY_MIGRATION\02_CLASSIFIED\05_ECOLOGY\mountain_ecology.md.migration.md",".md","649","True","True","False"
"ANIMALS\00_LEGACY_MIGRATION\02_CLASSIFIED\05_ECOLOGY\mountain_population.md.migration.md",".md","655","True","True","False"
"ANIMALS\00_LEGACY_MIGRATION\02_CLASSIFIED\05_ECOLOGY\palace_population.md.migration.md",".md","653","True","True","False"
"ANIMALS\00_LEGACY_MIGRATION\02_CLASSIFIED\05_ECOLOGY\population_qa.md.migration.md",".md","649","True","True","False"
"ANIMALS\00_LEGACY_MIGRATION\02_CLASSIFIED\05_ECOLOGY\predator_prey.md.migration.md",".md","646","True","True","False"
"ANIMALS\00_LEGACY_MIGRATION\02_CLASSIFIED\05_ECOLOGY\river_ecology.md.migration.md",".md","646","True","True","False"
"ANIMALS\00_LEGACY_MIGRATION\02_CLASSIFIED\05_ECOLOGY\river_population.md.migration.md",".md","652","True","True","False"
"ANIMALS\00_LEGACY_MIGRATION\02_CLASSIFIED\05_ECOLOGY\road_population.md.migration.md",".md","651","True","True","False"
"ANIMALS\00_LEGACY_MIGRATION\02_CLASSIFIED\05_ECOLOGY\royal_court_population.md.migration.md",".md","658","True","True","False"
"ANIMALS\00_LEGACY_MIGRATION\02_CLASSIFIED\05_ECOLOGY\seasonal_changes.md.migration.md",".md","649","True","True","False"
"ANIMALS\00_LEGACY_MIGRATION\02_CLASSIFIED\05_ECOLOGY\species_registry.md.migration.md",".md","652","True","True","False"
"ANIMALS\00_LEGACY_MIGRATION\02_CLASSIFIED\05_ECOLOGY\terrain_interaction.md.migration.md",".md","652","True","True","False"
"ANIMALS\00_LEGACY_MIGRATION\02_CLASSIFIED\05_ECOLOGY\time_of_day.md.migration.md",".md","644","True","True","False"
"ANIMALS\00_LEGACY_MIGRATION\02_CLASSIFIED\05_ECOLOGY\vegetation_interaction.md.migration.md",".md","655","True","True","False"
"ANIMALS\00_LEGACY_MIGRATION\02_CLASSIFIED\05_ECOLOGY\village_ecology.md.migration.md",".md","648","True","True","False"
"ANIMALS\00_LEGACY_MIGRATION\02_CLASSIFIED\05_ECOLOGY\village_population.md.migration.md",".md","654","True","True","False"
"ANIMALS\00_LEGACY_MIGRATION\02_CLASSIFIED\05_ECOLOGY\water_sources.md.migration.md",".md","646","True","True","False"
"ANIMALS\00_LEGACY_MIGRATION\02_CLASSIFIED\05_ECOLOGY\weather_response.md.migration.md",".md","649","True","True","False"
"ANIMALS\00_LEGACY_MIGRATION\02_CLASSIFIED\05_ECOLOGY\wedding_population.md.migration.md",".md","654","True","True","False"
"ANIMALS\00_LEGACY_MIGRATION\02_CLASSIFIED\05_ECOLOGY\wilderness_population.md.migration.md",".md","657","True","True","False"
"ANIMALS\00_LEGACY_MIGRATION\02_CLASSIFIED\05_ECOLOGY\yajna_population.md.migration.md",".md","652","True","True","False"
"ANIMALS\00_LEGACY_MIGRATION\02_CLASSIFIED\05_ECOLOGY_AND_03_BEHAVIOR\family_group_system.md.migration.md",".md","667","True","True","False"
"ANIMALS\00_LEGACY_MIGRATION\02_CLASSIFIED\05_ECOLOGY_AND_03_BEHAVIOR\flock_system.md.migration.md",".md","660","True","True","False"
"ANIMALS\00_LEGACY_MIGRATION\02_CLASSIFIED\05_ECOLOGY_AND_03_BEHAVIOR\group_alert_behavior.md.migration.md",".md","668","True","True","False"
"ANIMALS\00_LEGACY_MIGRATION\02_CLASSIFIED\05_ECOLOGY_AND_03_BEHAVIOR\group_feeding.md.migration.md",".md","661","True","True","False"
"ANIMALS\00_LEGACY_MIGRATION\02_CLASSIFIED\05_ECOLOGY_AND_03_BEHAVIOR\group_movement.md.migration.md",".md","662","True","True","False"
"ANIMALS\00_LEGACY_MIGRATION\02_CLASSIFIED\05_ECOLOGY_AND_03_BEHAVIOR\group_reaction_propagation.md.migration.md",".md","674","True","True","False"
"ANIMALS\00_LEGACY_MIGRATION\02_CLASSIFIED\05_ECOLOGY_AND_03_BEHAVIOR\group_resting.md.migration.md",".md","661","True","True","False"
"ANIMALS\00_LEGACY_MIGRATION\02_CLASSIFIED\05_ECOLOGY_AND_03_BEHAVIOR\herd_system.md.migration.md",".md","659","True","True","False"
"ANIMALS\00_LEGACY_MIGRATION\02_CLASSIFIED\05_ECOLOGY_AND_03_BEHAVIOR\mixed_species_interaction.md.migration.md",".md","673","True","True","False"
"ANIMALS\00_LEGACY_MIGRATION\02_CLASSIFIED\05_ECOLOGY_AND_03_BEHAVIOR\mother_offspring_system.md.migration.md",".md","671","True","True","False"
"ANIMALS\00_LEGACY_MIGRATION\02_CLASSIFIED\05_ECOLOGY_AND_03_BEHAVIOR\pair_system.md.migration.md",".md","659","True","True","False"
"ANIMALS\00_LEGACY_MIGRATION\02_CLASSIFIED\05_ECOLOGY_AND_03_BEHAVIOR\predator_groups.md.migration.md",".md","663","True","True","False"
"ANIMALS\00_LEGACY_MIGRATION\02_CLASSIFIED\05_ECOLOGY_AND_03_BEHAVIOR\social_hierarchy.md.migration.md",".md","664","True","True","False"
"ANIMALS\00_LEGACY_MIGRATION\02_CLASSIFIED\05_ECOLOGY_AND_03_BEHAVIOR\solitary_animals.md.migration.md",".md","664","True","True","False"
"ANIMALS\00_LEGACY_MIGRATION\02_CLASSIFIED\05_ECOLOGY_AND_03_BEHAVIOR\territorial_groups.md.migration.md",".md","666","True","True","False"
"ANIMALS\00_LEGACY_MIGRATION\02_CLASSIFIED\05_ECOLOGY_AND_03_BEHAVIOR\troop_system.md.migration.md",".md","660","True","True","False"
"ANIMALS\00_LEGACY_MIGRATION\02_CLASSIFIED\11_AUDIO\age_based_sound_variation.md.migration.md",".md","654","True","True","False"
"ANIMALS\00_LEGACY_MIGRATION\02_CLASSIFIED\11_AUDIO\aggression_sounds.md.migration.md",".md","646","True","True","False"
"ANIMALS\00_LEGACY_MIGRATION\02_CLASSIFIED\11_AUDIO\aggression_to_sound.md.migration.md",".md","666","True","True","False"
"ANIMALS\00_LEGACY_MIGRATION\02_CLASSIFIED\11_AUDIO\alarm_calls.md.migration.md",".md","640","True","True","False"
"ANIMALS\00_LEGACY_MIGRATION\02_CLASSIFIED\11_AUDIO\alarm_to_sound.md.migration.md",".md","661","True","True","False"
"ANIMALS\00_LEGACY_MIGRATION\02_CLASSIFIED\11_AUDIO\amphibian_sound_profiles.md.migration.md",".md","670","True","True","False"
"ANIMALS\00_LEGACY_MIGRATION\02_CLASSIFIED\11_AUDIO\animal_audio_continuity.md.migration.md",".md","652","True","True","False"
"ANIMALS\00_LEGACY_MIGRATION\02_CLASSIFIED\11_AUDIO\animal_audio_continuity_E3B0C44298FC.md.migration.md",".md","660","True","True","False"
"ANIMALS\00_LEGACY_MIGRATION\02_CLASSIFIED\11_AUDIO\animal_audio_directionality.md.migration.md",".md","656","True","True","False"
"ANIMALS\00_LEGACY_MIGRATION\02_CLASSIFIED\11_AUDIO\animal_audio_distance.md.migration.md",".md","650","True","True","False"
"ANIMALS\00_LEGACY_MIGRATION\02_CLASSIFIED\11_AUDIO\animal_audio_intensity.md.migration.md",".md","651","True","True","False"
"ANIMALS\00_LEGACY_MIGRATION\02_CLASSIFIED\11_AUDIO\animal_audio_registry.md.migration.md",".md","658","True","True","False"
"ANIMALS\00_LEGACY_MIGRATION\02_CLASSIFIED\11_AUDIO\animal_audio_reverb.md.migration.md",".md","648","True","True","False"
"ANIMALS\00_LEGACY_MIGRATION\02_CLASSIFIED\11_AUDIO\animal_audio_system.md.migration.md",".md","648","True","True","False"
"ANIMALS\00_LEGACY_MIGRATION\02_CLASSIFIED\11_AUDIO\animal_audio_timing.md.migration.md",".md","648","True","True","False"
"ANIMALS\00_LEGACY_MIGRATION\02_CLASSIFIED\11_AUDIO\animal_sound_identity.md.migration.md",".md","650","True","True","False"
"ANIMALS\00_LEGACY_MIGRATION\02_CLASSIFIED\11_AUDIO\animal_sound_references.md.migration.md",".md","663","True","True","False"
"ANIMALS\00_LEGACY_MIGRATION\02_CLASSIFIED\11_AUDIO\animal_sound_requirements.md.migration.md",".md","662","True","True","False"
"ANIMALS\00_LEGACY_MIGRATION\02_CLASSIFIED\11_AUDIO\animal_sound_system.md.migration.md",".md","648","True","True","False"
"ANIMALS\00_LEGACY_MIGRATION\02_CLASSIFIED\11_AUDIO\animal_to_audio.md.migration.md",".md","652","True","True","False"
"ANIMALS\00_LEGACY_MIGRATION\02_CLASSIFIED\11_AUDIO\animal_to_sound_design.md.migration.md",".md","659","True","True","False"
"ANIMALS\00_LEGACY_MIGRATION\02_CLASSIFIED\11_AUDIO\background_sound_layers.md.migration.md",".md","652","True","True","False"
"ANIMALS\00_LEGACY_MIGRATION\02_CLASSIFIED\11_AUDIO\behavior_recordings.md.migration.md",".md","659","True","True","False"
"ANIMALS\00_LEGACY_MIGRATION\02_CLASSIFIED\11_AUDIO\behavior_to_sound.md.migration.md",".md","664","True","True","False"
"ANIMALS\00_LEGACY_MIGRATION\02_CLASSIFIED\11_AUDIO\bird_sound_profiles.md.migration.md",".md","665","True","True","False"
"ANIMALS\00_LEGACY_MIGRATION\02_CLASSIFIED\11_AUDIO\calm_sounds.md.migration.md",".md","640","True","True","False"
"ANIMALS\00_LEGACY_MIGRATION\02_CLASSIFIED\11_AUDIO\contact_calls.md.migration.md",".md","642","True","True","False"
"ANIMALS\00_LEGACY_MIGRATION\02_CLASSIFIED\11_AUDIO\courtship_calls.md.migration.md",".md","644","True","True","False"
"ANIMALS\00_LEGACY_MIGRATION\02_CLASSIFIED\11_AUDIO\distress_calls.md.migration.md",".md","643","True","True","False"
"ANIMALS\00_LEGACY_MIGRATION\02_CLASSIFIED\11_AUDIO\distress_to_sound.md.migration.md",".md","664","True","True","False"
"ANIMALS\00_LEGACY_MIGRATION\02_CLASSIFIED\11_AUDIO\divine_event_animal_response.md.migration.md",".md","675","True","True","False"
"ANIMALS\00_LEGACY_MIGRATION\02_CLASSIFIED\11_AUDIO\domestic_recordings.md.migration.md",".md","659","True","True","False"
"ANIMALS\00_LEGACY_MIGRATION\02_CLASSIFIED\11_AUDIO\emotion_to_sound.md.migration.md",".md","663","True","True","False"
"ANIMALS\00_LEGACY_MIGRATION\02_CLASSIFIED\11_AUDIO\environment_change_to_sound.md.migration.md",".md","674","True","True","False"
"ANIMALS\00_LEGACY_MIGRATION\02_CLASSIFIED\11_AUDIO\environment_reactive_sounds.md.migration.md",".md","656","True","True","False"
"ANIMALS\00_LEGACY_MIGRATION\02_CLASSIFIED\11_AUDIO\environment_recordings.md.migration.md",".md","662","True","True","False"
"ANIMALS\00_LEGACY_MIGRATION\02_CLASSIFIED\11_AUDIO\fear_sounds.md.migration.md",".md","640","True","True","False"
"ANIMALS\00_LEGACY_MIGRATION\02_CLASSIFIED\11_AUDIO\fear_to_sound.md.migration.md",".md","660","True","True","False"
"ANIMALS\00_LEGACY_MIGRATION\02_CLASSIFIED\11_AUDIO\feeding_sounds.md.migration.md",".md","643","True","True","False"
"ANIMALS\00_LEGACY_MIGRATION\02_CLASSIFIED\11_AUDIO\fish_sound_profiles.md.migration.md",".md","665","True","True","False"
"ANIMALS\00_LEGACY_MIGRATION\02_CLASSIFIED\11_AUDIO\forest_animal_soundscape.md.migration.md",".md","653","True","True","False"
"ANIMALS\00_LEGACY_MIGRATION\02_CLASSIFIED\11_AUDIO\group_behavior_to_sound.md.migration.md",".md","670","True","True","False"
"ANIMALS\00_LEGACY_MIGRATION\02_CLASSIFIED\11_AUDIO\group_calls.md.migration.md",".md","640","True","True","False"
"ANIMALS\00_LEGACY_MIGRATION\02_CLASSIFIED\11_AUDIO\individual_call_variation.md.migration.md",".md","675","True","True","False"
"ANIMALS\00_LEGACY_MIGRATION\02_CLASSIFIED\11_AUDIO\individual_pitch_variation.md.migration.md",".md","676","True","True","False"
"ANIMALS\00_LEGACY_MIGRATION\02_CLASSIFIED\11_AUDIO\individual_rhythm_variation.md.migration.md",".md","677","True","True","False"
"ANIMALS\00_LEGACY_MIGRATION\02_CLASSIFIED\11_AUDIO\individual_sound_continuity.md.migration.md",".md","677","True","True","False"
"ANIMALS\00_LEGACY_MIGRATION\02_CLASSIFIED\11_AUDIO\individual_sound_variation.md.migration.md",".md","655","True","True","False"
"ANIMALS\00_LEGACY_MIGRATION\02_CLASSIFIED\11_AUDIO\individual_timbre_variation.md.migration.md",".md","677","True","True","False"
"ANIMALS\00_LEGACY_MIGRATION\02_CLASSIFIED\11_AUDIO\individual_voice_identity.md.migration.md",".md","675","True","True","False"
"ANIMALS\00_LEGACY_MIGRATION\02_CLASSIFIED\11_AUDIO\individual_volume_variation.md.migration.md",".md","677","True","True","False"
"ANIMALS\00_LEGACY_MIGRATION\02_CLASSIFIED\11_AUDIO\insect_sound_profiles.md.migration.md",".md","667","True","True","False"
"ANIMALS\00_LEGACY_MIGRATION\02_CLASSIFIED\11_AUDIO\mammal_sound_profiles.md.migration.md",".md","667","True","True","False"
"ANIMALS\00_LEGACY_MIGRATION\02_CLASSIFIED\11_AUDIO\mating_calls.md.migration.md",".md","641","True","True","False"
"ANIMALS\00_LEGACY_MIGRATION\02_CLASSIFIED\11_AUDIO\mother_offspring_calls.md.migration.md",".md","651","True","True","False"
"ANIMALS\00_LEGACY_MIGRATION\02_CLASSIFIED\11_AUDIO\mountain_animal_soundscape.md.migration.md",".md","655","True","True","False"
"ANIMALS\00_LEGACY_MIGRATION\02_CLASSIFIED\11_AUDIO\movement_sounds.md.migration.md",".md","644","True","True","False"
"ANIMALS\00_LEGACY_MIGRATION\02_CLASSIFIED\11_AUDIO\movement_to_sound.md.migration.md",".md","664","True","True","False"
"ANIMALS\00_LEGACY_MIGRATION\02_CLASSIFIED\11_AUDIO\non_vocal_animal_sounds.md.migration.md",".md","652","True","True","False"
"ANIMALS\00_LEGACY_MIGRATION\02_CLASSIFIED\11_AUDIO\pain_sounds.md.migration.md",".md","640","True","True","False"
"ANIMALS\00_LEGACY_MIGRATION\02_CLASSIFIED\11_AUDIO\palace_animal_soundscape.md.migration.md",".md","653","True","True","False"
"ANIMALS\00_LEGACY_MIGRATION\02_CLASSIFIED\11_AUDIO\parent_offspring_calls.md.migration.md",".md","651","True","True","False"
"ANIMALS\00_LEGACY_MIGRATION\02_CLASSIFIED\11_AUDIO\parent_offspring_to_sound.md.migration.md",".md","672","True","True","False"
"ANIMALS\00_LEGACY_MIGRATION\02_CLASSIFIED\11_AUDIO\reference_provenance.md.migration.md",".md","660","True","True","False"
"ANIMALS\00_LEGACY_MIGRATION\02_CLASSIFIED\11_AUDIO\reference_quality.md.migration.md",".md","657","True","True","False"
"ANIMALS\00_LEGACY_MIGRATION\02_CLASSIFIED\11_AUDIO\reptile_sound_profiles.md.migration.md",".md","668","True","True","False"
"ANIMALS\00_LEGACY_MIGRATION\02_CLASSIFIED\11_AUDIO\river_animal_soundscape.md.migration.md",".md","652","True","True","False"
"ANIMALS\00_LEGACY_MIGRATION\02_CLASSIFIED\11_AUDIO\sex_based_sound_variation.md.migration.md",".md","654","True","True","False"
"ANIMALS\00_LEGACY_MIGRATION\02_CLASSIFIED\11_AUDIO\social_calls.md.migration.md",".md","641","True","True","False"
"ANIMALS\00_LEGACY_MIGRATION\02_CLASSIFIED\11_AUDIO\social_interaction_to_sound.md.migration.md",".md","674","True","True","False"
"ANIMALS\00_LEGACY_MIGRATION\02_CLASSIFIED\11_AUDIO\sound_absorption.md.migration.md",".md","653","True","True","False"
"ANIMALS\00_LEGACY_MIGRATION\02_CLASSIFIED\11_AUDIO\sound_direction.md.migration.md",".md","652","True","True","False"
"ANIMALS\00_LEGACY_MIGRATION\02_CLASSIFIED\11_AUDIO\sound_distance.md.migration.md",".md","651","True","True","False"
"ANIMALS\00_LEGACY_MIGRATION\02_CLASSIFIED\11_AUDIO\sound_environment.md.migration.md",".md","654","True","True","False"
"ANIMALS\00_LEGACY_MIGRATION\02_CLASSIFIED\11_AUDIO\sound_occlusion.md.migration.md",".md","652","True","True","False"
"ANIMALS\00_LEGACY_MIGRATION\02_CLASSIFIED\11_AUDIO\sound_position.md.migration.md",".md","651","True","True","False"
"ANIMALS\00_LEGACY_MIGRATION\02_CLASSIFIED\11_AUDIO\sound_reflection.md.migration.md",".md","653","True","True","False"
"ANIMALS\00_LEGACY_MIGRATION\02_CLASSIFIED\11_AUDIO\sound_reverberation.md.migration.md",".md","656","True","True","False"
"ANIMALS\00_LEGACY_MIGRATION\02_CLASSIFIED\11_AUDIO\species_recordings.md.migration.md",".md","658","True","True","False"
"ANIMALS\00_LEGACY_MIGRATION\02_CLASSIFIED\11_AUDIO\species_sound_profiles.md.migration.md",".md","651","True","True","False"
"ANIMALS\00_LEGACY_MIGRATION\02_CLASSIFIED\11_AUDIO\species_sound_profile_system.md.migration.md",".md","674","True","True","False"
"ANIMALS\00_LEGACY_MIGRATION\02_CLASSIFIED\11_AUDIO\species_vocalizations.md.migration.md",".md","650","True","True","False"
"ANIMALS\00_LEGACY_MIGRATION\02_CLASSIFIED\11_AUDIO\territorial_calls.md.migration.md",".md","646","True","True","False"
"ANIMALS\00_LEGACY_MIGRATION\02_CLASSIFIED\11_AUDIO\village_animal_soundscape.md.migration.md",".md","654","True","True","False"
"ANIMALS\00_LEGACY_MIGRATION\02_CLASSIFIED\11_AUDIO\vocalization_system.md.migration.md",".md","648","True","True","False"
"ANIMALS\00_LEGACY_MIGRATION\02_CLASSIFIED\11_AUDIO\warning_calls.md.migration.md",".md","642","True","True","False"
"ANIMALS\00_LEGACY_MIGRATION\02_CLASSIFIED\11_AUDIO\warning_sounds.md.migration.md",".md","643","True","True","False"
"ANIMALS\00_LEGACY_MIGRATION\02_CLASSIFIED\11_AUDIO\wedding_animal_soundscape.md.migration.md",".md","654","True","True","False"
"ANIMALS\00_LEGACY_MIGRATION\02_CLASSIFIED\11_AUDIO\wild_recordings.md.migration.md",".md","655","True","True","False"
"ANIMALS\00_LEGACY_MIGRATION\02_CLASSIFIED\11_AUDIO\yajna_animal_soundscape.md.migration.md",".md","652","True","True","False"
"ANIMALS\00_LEGACY_MIGRATION\02_CLASSIFIED\15_RESEARCH\behavior_references.md.migration.md",".md","656","True","True","False"
"ANIMALS\00_LEGACY_MIGRATION\02_CLASSIFIED\15_RESEARCH\canonical_animal_mentions.md.migration.md",".md","662","True","True","False"
"ANIMALS\00_LEGACY_MIGRATION\02_CLASSIFIED\15_RESEARCH\habitat_references.md.migration.md",".md","655","True","True","False"
"ANIMALS\00_LEGACY_MIGRATION\02_CLASSIFIED\15_RESEARCH\historical_animal_context.md.migration.md",".md","662","True","True","False"
"ANIMALS\00_LEGACY_MIGRATION\02_CLASSIFIED\15_RESEARCH\ramcharitmanas_animal_registry.md.migration.md",".md","667","True","True","False"
"ANIMALS\00_LEGACY_MIGRATION\02_CLASSIFIED\15_RESEARCH\secondary_source_animal_registry.md.migration.md",".md","669","True","True","False"
"ANIMALS\00_LEGACY_MIGRATION\02_CLASSIFIED\15_RESEARCH\source_conflicts.md.migration.md",".md","653","True","True","False"
"ANIMALS\00_LEGACY_MIGRATION\02_CLASSIFIED\15_RESEARCH\traditional_iconography.md.migration.md",".md","660","True","True","False"
"ANIMALS\00_LEGACY_MIGRATION\02_CLASSIFIED\15_RESEARCH\visual_references.md.migration.md",".md","654","True","True","False"
"ANIMALS\00_LEGACY_MIGRATION\02_CLASSIFIED\15_RESEARCH\zoological_references.md.migration.md",".md","658","True","True","False"
"ANIMALS\00_LEGACY_MIGRATION\07_REPORTS\LEGACY_MIGRATION_STATUS.md",".md","1314","True","True","False"
"ANIMALS\00_LEGACY_MIGRATION\09_RECONCILIATION\RECONCILIATION_SUMMARY.md",".md","1006","True","True","False"
"ANIMALS\00_LEGACY_MIGRATION\09_RECONCILIATION\01_CONTENT_EXTRACTS\age_based_sound_variation.md.migration.content.md",".md","1143","True","True","False"
"ANIMALS\00_LEGACY_MIGRATION\09_RECONCILIATION\01_CONTENT_EXTRACTS\aggression_sounds.md.migration.content.md",".md","1127","True","True","False"
"ANIMALS\00_LEGACY_MIGRATION\09_RECONCILIATION\01_CONTENT_EXTRACTS\aggression_to_sound.md.migration.content.md",".md","1149","True","True","False"
"ANIMALS\00_LEGACY_MIGRATION\09_RECONCILIATION\01_CONTENT_EXTRACTS\alarm_calls.md.migration.content.md",".md","1115","True","True","False"
"ANIMALS\00_LEGACY_MIGRATION\09_RECONCILIATION\01_CONTENT_EXTRACTS\alarm_to_sound.md.migration.content.md",".md","1139","True","True","False"
"ANIMALS\00_LEGACY_MIGRATION\09_RECONCILIATION\01_CONTENT_EXTRACTS\alertness.md.migration.content.md",".md","1154","True","True","False"
"ANIMALS\00_LEGACY_MIGRATION\09_RECONCILIATION\01_CONTENT_EXTRACTS\alertness_E3B0C44298FC.md.migration.content.md",".md","1167","True","True","False"
"ANIMALS\00_LEGACY_MIGRATION\09_RECONCILIATION\01_CONTENT_EXTRACTS\amphibian_sound_profiles.md.migration.content.md",".md","1158","True","True","False"
"ANIMALS\00_LEGACY_MIGRATION\09_RECONCILIATION\01_CONTENT_EXTRACTS\anatomy.md.migration.content.md",".md","1150","True","True","False"
"ANIMALS\00_LEGACY_MIGRATION\09_RECONCILIATION\01_CONTENT_EXTRACTS\anatomy_E3B0C44298FC.md.migration.content.md",".md","1163","True","True","False"
"ANIMALS\00_LEGACY_MIGRATION\09_RECONCILIATION\01_CONTENT_EXTRACTS\animal_audio_continuity.md.migration.content.md",".md","1139","True","True","False"
"ANIMALS\00_LEGACY_MIGRATION\09_RECONCILIATION\01_CONTENT_EXTRACTS\animal_audio_continuity_E3B0C44298FC.md.migration.content.md",".md","1160","True","True","False"
"ANIMALS\00_LEGACY_MIGRATION\09_RECONCILIATION\01_CONTENT_EXTRACTS\animal_audio_directionality.md.migration.content.md",".md","1147","True","True","False"
"ANIMALS\00_LEGACY_MIGRATION\09_RECONCILIATION\01_CONTENT_EXTRACTS\animal_audio_distance.md.migration.content.md",".md","1135","True","True","False"
"ANIMALS\00_LEGACY_MIGRATION\09_RECONCILIATION\01_CONTENT_EXTRACTS\animal_audio_intensity.md.migration.content.md",".md","1137","True","True","False"
"ANIMALS\00_LEGACY_MIGRATION\09_RECONCILIATION\01_CONTENT_EXTRACTS\animal_audio_registry.md.migration.content.md",".md","1143","True","True","False"
"ANIMALS\00_LEGACY_MIGRATION\09_RECONCILIATION\01_CONTENT_EXTRACTS\animal_audio_reverb.md.migration.content.md",".md","1131","True","True","False"
"ANIMALS\00_LEGACY_MIGRATION\09_RECONCILIATION\01_CONTENT_EXTRACTS\animal_audio_system.md.migration.content.md",".md","1131","True","True","False"
"ANIMALS\00_LEGACY_MIGRATION\09_RECONCILIATION\01_CONTENT_EXTRACTS\animal_audio_timing.md.migration.content.md",".md","1131","True","True","False"
"ANIMALS\00_LEGACY_MIGRATION\09_RECONCILIATION\01_CONTENT_EXTRACTS\animal_density.md.migration.content.md",".md","1130","True","True","False"
"ANIMALS\00_LEGACY_MIGRATION\09_RECONCILIATION\01_CONTENT_EXTRACTS\animal_migration.md.migration.content.md",".md","1131","True","True","False"
"ANIMALS\00_LEGACY_MIGRATION\09_RECONCILIATION\01_CONTENT_EXTRACTS\animal_reaction_to_characters.md.migration.content.md",".md","1220","True","True","False"
"ANIMALS\00_LEGACY_MIGRATION\09_RECONCILIATION\01_CONTENT_EXTRACTS\animal_resource_competition.md.migration.content.md",".md","1153","True","True","False"
"ANIMALS\00_LEGACY_MIGRATION\09_RECONCILIATION\01_CONTENT_EXTRACTS\animal_sound_identity.md.migration.content.md",".md","1135","True","True","False"
"ANIMALS\00_LEGACY_MIGRATION\09_RECONCILIATION\01_CONTENT_EXTRACTS\animal_sound_references.md.migration.content.md",".md","1150","True","True","False"
"ANIMALS\00_LEGACY_MIGRATION\09_RECONCILIATION\01_CONTENT_EXTRACTS\animal_sound_requirements.md.migration.content.md",".md","1151","True","True","False"
"ANIMALS\00_LEGACY_MIGRATION\09_RECONCILIATION\01_CONTENT_EXTRACTS\animal_sound_system.md.migration.content.md",".md","1131","True","True","False"
"ANIMALS\00_LEGACY_MIGRATION\09_RECONCILIATION\01_CONTENT_EXTRACTS\animal_to_audio.md.migration.content.md",".md","1131","True","True","False"
"ANIMALS\00_LEGACY_MIGRATION\09_RECONCILIATION\01_CONTENT_EXTRACTS\animal_to_sound_design.md.migration.content.md",".md","1145","True","True","False"
"ANIMALS\00_LEGACY_MIGRATION\09_RECONCILIATION\01_CONTENT_EXTRACTS\animation_rules.md.migration.content.md",".md","1166","True","True","False"
"ANIMALS\00_LEGACY_MIGRATION\09_RECONCILIATION\01_CONTENT_EXTRACTS\animation_rules_E3B0C44298FC.md.migration.content.md",".md","1179","True","True","False"
"ANIMALS\00_LEGACY_MIGRATION\09_RECONCILIATION\01_CONTENT_EXTRACTS\appearance.md.migration.content.md",".md","1156","True","True","False"
"ANIMALS\00_LEGACY_MIGRATION\09_RECONCILIATION\01_CONTENT_EXTRACTS\appearance_E3B0C44298FC.md.migration.content.md",".md","1169","True","True","False"
"ANIMALS\00_LEGACY_MIGRATION\09_RECONCILIATION\01_CONTENT_EXTRACTS\ashram_population.md.migration.content.md",".md","1136","True","True","False"
"ANIMALS\00_LEGACY_MIGRATION\09_RECONCILIATION\01_CONTENT_EXTRACTS\background_animal_distribution.md.migration.content.md",".md","1162","True","True","False"
"ANIMALS\00_LEGACY_MIGRATION\09_RECONCILIATION\01_CONTENT_EXTRACTS\background_sound_layers.md.migration.content.md",".md","1139","True","True","False"
"ANIMALS\00_LEGACY_MIGRATION\09_RECONCILIATION\01_CONTENT_EXTRACTS\battle_behavior.md.migration.content.md",".md","1192","True","True","False"
"ANIMALS\00_LEGACY_MIGRATION\09_RECONCILIATION\01_CONTENT_EXTRACTS\behavior_dna.md.migration.content.md",".md","1160","True","True","False"
"ANIMALS\00_LEGACY_MIGRATION\09_RECONCILIATION\01_CONTENT_EXTRACTS\behavior_dna_E3B0C44298FC.md.migration.content.md",".md","1173","True","True","False"
"ANIMALS\00_LEGACY_MIGRATION\09_RECONCILIATION\01_CONTENT_EXTRACTS\behavior_recordings.md.migration.content.md",".md","1142","True","True","False"
"ANIMALS\00_LEGACY_MIGRATION\09_RECONCILIATION\01_CONTENT_EXTRACTS\behavior_references.md.migration.content.md",".md","1142","True","True","False"
"ANIMALS\00_LEGACY_MIGRATION\09_RECONCILIATION\01_CONTENT_EXTRACTS\behavior_to_sound.md.migration.content.md",".md","1145","True","True","False"
"ANIMALS\00_LEGACY_MIGRATION\09_RECONCILIATION\01_CONTENT_EXTRACTS\bird_sound_profiles.md.migration.content.md",".md","1148","True","True","False"
"ANIMALS\00_LEGACY_MIGRATION\09_RECONCILIATION\01_CONTENT_EXTRACTS\calm_sounds.md.migration.content.md",".md","1115","True","True","False"
"ANIMALS\00_LEGACY_MIGRATION\09_RECONCILIATION\01_CONTENT_EXTRACTS\canonical_animal_mentions.md.migration.content.md",".md","1154","True","True","False"
"ANIMALS\00_LEGACY_MIGRATION\09_RECONCILIATION\01_CONTENT_EXTRACTS\city_population.md.migration.content.md",".md","1132","True","True","False"
"ANIMALS\00_LEGACY_MIGRATION\09_RECONCILIATION\01_CONTENT_EXTRACTS\contact_calls.md.migration.content.md",".md","1119","True","True","False"
"ANIMALS\00_LEGACY_MIGRATION\09_RECONCILIATION\01_CONTENT_EXTRACTS\courtship_calls.md.migration.content.md",".md","1123","True","True","False"
"ANIMALS\00_LEGACY_MIGRATION\09_RECONCILIATION\01_CONTENT_EXTRACTS\crowd_behavior.md.migration.content.md",".md","1190","True","True","False"
"ANIMALS\00_LEGACY_MIGRATION\09_RECONCILIATION\01_CONTENT_EXTRACTS\danger_behavior.md.migration.content.md",".md","1192","True","True","False"
"ANIMALS\00_LEGACY_MIGRATION\09_RECONCILIATION\01_CONTENT_EXTRACTS\death_event_behavior.md.migration.content.md",".md","1202","True","True","False"
"ANIMALS\00_LEGACY_MIGRATION\09_RECONCILIATION\01_CONTENT_EXTRACTS\distress_calls.md.migration.content.md",".md","1121","True","True","False"
"ANIMALS\00_LEGACY_MIGRATION\09_RECONCILIATION\01_CONTENT_EXTRACTS\distress_to_sound.md.migration.content.md",".md","1145","True","True","False"
"ANIMALS\00_LEGACY_MIGRATION\09_RECONCILIATION\01_CONTENT_EXTRACTS\divine_event_animal_response.md.migration.content.md",".md","1167","True","True","False"
"ANIMALS\00_LEGACY_MIGRATION\09_RECONCILIATION\01_CONTENT_EXTRACTS\divine_presence_behavior.md.migration.content.md",".md","1210","True","True","False"
"ANIMALS\00_LEGACY_MIGRATION\09_RECONCILIATION\01_CONTENT_EXTRACTS\domestic_recordings.md.migration.content.md",".md","1142","True","True","False"
"ANIMALS\00_LEGACY_MIGRATION\09_RECONCILIATION\01_CONTENT_EXTRACTS\ecology_qa.md.migration.content.md",".md","1119","True","True","False"
"ANIMALS\00_LEGACY_MIGRATION\09_RECONCILIATION\01_CONTENT_EXTRACTS\emotion_to_sound.md.migration.content.md",".md","1143","True","True","False"
"ANIMALS\00_LEGACY_MIGRATION\09_RECONCILIATION\01_CONTENT_EXTRACTS\environmental_response.md.migration.content.md",".md","1180","True","True","False"
"ANIMALS\00_LEGACY_MIGRATION\09_RECONCILIATION\01_CONTENT_EXTRACTS\environmental_response_E3B0C44298FC.md.migration.content.md",".md","1193","True","True","False"
"ANIMALS\00_LEGACY_MIGRATION\09_RECONCILIATION\01_CONTENT_EXTRACTS\environment_change_to_sound.md.migration.content.md",".md","1165","True","True","False"
"ANIMALS\00_LEGACY_MIGRATION\09_RECONCILIATION\01_CONTENT_EXTRACTS\environment_reactive_sounds.md.migration.content.md",".md","1147","True","True","False"
"ANIMALS\00_LEGACY_MIGRATION\09_RECONCILIATION\01_CONTENT_EXTRACTS\environment_recordings.md.migration.content.md",".md","1148","True","True","False"
"ANIMALS\00_LEGACY_MIGRATION\09_RECONCILIATION\01_CONTENT_EXTRACTS\family_group_system.md.migration.content.md",".md","1168","True","True","False"
"ANIMALS\00_LEGACY_MIGRATION\09_RECONCILIATION\01_CONTENT_EXTRACTS\fear_response.md.migration.content.md",".md","1162","True","True","False"
"ANIMALS\00_LEGACY_MIGRATION\09_RECONCILIATION\01_CONTENT_EXTRACTS\fear_response_E3B0C44298FC.md.migration.content.md",".md","1175","True","True","False"
"ANIMALS\00_LEGACY_MIGRATION\09_RECONCILIATION\01_CONTENT_EXTRACTS\fear_sounds.md.migration.content.md",".md","1115","True","True","False"
"ANIMALS\00_LEGACY_MIGRATION\09_RECONCILIATION\01_CONTENT_EXTRACTS\fear_to_sound.md.migration.content.md",".md","1137","True","True","False"
"ANIMALS\00_LEGACY_MIGRATION\09_RECONCILIATION\01_CONTENT_EXTRACTS\feeding.md.migration.content.md",".md","1150","True","True","False"
"ANIMALS\00_LEGACY_MIGRATION\09_RECONCILIATION\01_CONTENT_EXTRACTS\feeding_E3B0C44298FC.md.migration.content.md",".md","1163","True","True","False"
"ANIMALS\00_LEGACY_MIGRATION\09_RECONCILIATION\01_CONTENT_EXTRACTS\feeding_sounds.md.migration.content.md",".md","1121","True","True","False"
"ANIMALS\00_LEGACY_MIGRATION\09_RECONCILIATION\01_CONTENT_EXTRACTS\fire_behavior.md.migration.content.md",".md","1188","True","True","False"
"ANIMALS\00_LEGACY_MIGRATION\09_RECONCILIATION\01_CONTENT_EXTRACTS\fish_sound_profiles.md.migration.content.md",".md","1148","True","True","False"
"ANIMALS\00_LEGACY_MIGRATION\09_RECONCILIATION\01_CONTENT_EXTRACTS\flock_system.md.migration.content.md",".md","1154","True","True","False"
"ANIMALS\00_LEGACY_MIGRATION\09_RECONCILIATION\01_CONTENT_EXTRACTS\food_chain.md.migration.content.md",".md","1119","True","True","False"
"ANIMALS\00_LEGACY_MIGRATION\09_RECONCILIATION\01_CONTENT_EXTRACTS\forbidden_behavior.md.migration.content.md",".md","1172","True","True","False"
"ANIMALS\00_LEGACY_MIGRATION\09_RECONCILIATION\01_CONTENT_EXTRACTS\forbidden_behavior_E3B0C44298FC.md.migration.content.md",".md","1185","True","True","False"
"ANIMALS\00_LEGACY_MIGRATION\09_RECONCILIATION\01_CONTENT_EXTRACTS\forest_animal_soundscape.md.migration.content.md",".md","1141","True","True","False"
"ANIMALS\00_LEGACY_MIGRATION\09_RECONCILIATION\01_CONTENT_EXTRACTS\forest_ecology.md.migration.content.md",".md","1127","True","True","False"
"ANIMALS\00_LEGACY_MIGRATION\09_RECONCILIATION\01_CONTENT_EXTRACTS\forest_population.md.migration.content.md",".md","1136","True","True","False"
"ANIMALS\00_LEGACY_MIGRATION\09_RECONCILIATION\01_CONTENT_EXTRACTS\forest_travel_behavior.md.migration.content.md",".md","1206","True","True","False"
"ANIMALS\00_LEGACY_MIGRATION\09_RECONCILIATION\01_CONTENT_EXTRACTS\garden_population.md.migration.content.md",".md","1136","True","True","False"
"ANIMALS\00_LEGACY_MIGRATION\09_RECONCILIATION\01_CONTENT_EXTRACTS\grassland_ecology.md.migration.content.md",".md","1133","True","True","False"
"ANIMALS\00_LEGACY_MIGRATION\09_RECONCILIATION\01_CONTENT_EXTRACTS\grooming.md.migration.content.md",".md","1152","True","True","False"
"ANIMALS\00_LEGACY_MIGRATION\09_RECONCILIATION\01_CONTENT_EXTRACTS\grooming_E3B0C44298FC.md.migration.content.md",".md","1165","True","True","False"
"ANIMALS\00_LEGACY_MIGRATION\09_RECONCILIATION\01_CONTENT_EXTRACTS\group_alert_behavior.md.migration.content.md",".md","1170","True","True","False"
"ANIMALS\00_LEGACY_MIGRATION\09_RECONCILIATION\01_CONTENT_EXTRACTS\group_behavior.md.migration.content.md",".md","1164","True","True","False"
"ANIMALS\00_LEGACY_MIGRATION\09_RECONCILIATION\01_CONTENT_EXTRACTS\group_behavior_E3B0C44298FC.md.migration.content.md",".md","1177","True","True","False"
"ANIMALS\00_LEGACY_MIGRATION\09_RECONCILIATION\01_CONTENT_EXTRACTS\group_behavior_to_sound.md.migration.content.md",".md","1157","True","True","False"
"ANIMALS\00_LEGACY_MIGRATION\09_RECONCILIATION\01_CONTENT_EXTRACTS\group_calls.md.migration.content.md",".md","1115","True","True","False"
"ANIMALS\00_LEGACY_MIGRATION\09_RECONCILIATION\01_CONTENT_EXTRACTS\group_feeding.md.migration.content.md",".md","1156","True","True","False"
"ANIMALS\00_LEGACY_MIGRATION\09_RECONCILIATION\01_CONTENT_EXTRACTS\group_movement.md.migration.content.md",".md","1158","True","True","False"
"ANIMALS\00_LEGACY_MIGRATION\09_RECONCILIATION\01_CONTENT_EXTRACTS\group_reaction_propagation.md.migration.content.md",".md","1182","True","True","False"
"ANIMALS\00_LEGACY_MIGRATION\09_RECONCILIATION\01_CONTENT_EXTRACTS\group_resting.md.migration.content.md",".md","1156","True","True","False"
"ANIMALS\00_LEGACY_MIGRATION\09_RECONCILIATION\01_CONTENT_EXTRACTS\habitat_population_rules.md.migration.content.md",".md","1150","True","True","False"
"ANIMALS\00_LEGACY_MIGRATION\09_RECONCILIATION\01_CONTENT_EXTRACTS\habitat_references.md.migration.content.md",".md","1140","True","True","False"
"ANIMALS\00_LEGACY_MIGRATION\09_RECONCILIATION\01_CONTENT_EXTRACTS\habitat_rules.md.migration.content.md",".md","1125","True","True","False"
"ANIMALS\00_LEGACY_MIGRATION\09_RECONCILIATION\01_CONTENT_EXTRACTS\herd_system.md.migration.content.md",".md","1152","True","True","False"
"ANIMALS\00_LEGACY_MIGRATION\09_RECONCILIATION\01_CONTENT_EXTRACTS\historical_animal_context.md.migration.content.md",".md","1154","True","True","False"
"ANIMALS\00_LEGACY_MIGRATION\09_RECONCILIATION\01_CONTENT_EXTRACTS\human_animal_reaction.md.migration.content.md",".md","1204","True","True","False"
"ANIMALS\00_LEGACY_MIGRATION\09_RECONCILIATION\01_CONTENT_EXTRACTS\human_interaction.md.migration.content.md",".md","1170","True","True","False"
"ANIMALS\00_LEGACY_MIGRATION\09_RECONCILIATION\01_CONTENT_EXTRACTS\human_interaction_E3B0C44298FC.md.migration.content.md",".md","1183","True","True","False"
"ANIMALS\00_LEGACY_MIGRATION\09_RECONCILIATION\01_CONTENT_EXTRACTS\human_settlement_ecology.md.migration.content.md",".md","1147","True","True","False"
"ANIMALS\00_LEGACY_MIGRATION\09_RECONCILIATION\01_CONTENT_EXTRACTS\individual_call_variation.md.migration.content.md",".md","1164","True","True","False"
"ANIMALS\00_LEGACY_MIGRATION\09_RECONCILIATION\01_CONTENT_EXTRACTS\individual_pitch_variation.md.migration.content.md",".md","1166","True","True","False"
"ANIMALS\00_LEGACY_MIGRATION\09_RECONCILIATION\01_CONTENT_EXTRACTS\individual_population_rules.md.migration.content.md",".md","1156","True","True","False"
"ANIMALS\00_LEGACY_MIGRATION\09_RECONCILIATION\01_CONTENT_EXTRACTS\individual_rhythm_variation.md.migration.content.md",".md","1168","True","True","False"
"ANIMALS\00_LEGACY_MIGRATION\09_RECONCILIATION\01_CONTENT_EXTRACTS\individual_sound_continuity.md.migration.content.md",".md","1168","True","True","False"
"ANIMALS\00_LEGACY_MIGRATION\09_RECONCILIATION\01_CONTENT_EXTRACTS\individual_sound_variation.md.migration.content.md",".md","1145","True","True","False"
"ANIMALS\00_LEGACY_MIGRATION\09_RECONCILIATION\01_CONTENT_EXTRACTS\individual_timbre_variation.md.migration.content.md",".md","1168","True","True","False"
"ANIMALS\00_LEGACY_MIGRATION\09_RECONCILIATION\01_CONTENT_EXTRACTS\individual_variation.md.migration.content.md",".md","1176","True","True","False"
"ANIMALS\00_LEGACY_MIGRATION\09_RECONCILIATION\01_CONTENT_EXTRACTS\individual_variation_E3B0C44298FC.md.migration.content.md",".md","1189","True","True","False"
"ANIMALS\00_LEGACY_MIGRATION\09_RECONCILIATION\01_CONTENT_EXTRACTS\individual_voice_identity.md.migration.content.md",".md","1164","True","True","False"
"ANIMALS\00_LEGACY_MIGRATION\09_RECONCILIATION\01_CONTENT_EXTRACTS\individual_volume_variation.md.migration.content.md",".md","1168","True","True","False"
"ANIMALS\00_LEGACY_MIGRATION\09_RECONCILIATION\01_CONTENT_EXTRACTS\insect_sound_profiles.md.migration.content.md",".md","1152","True","True","False"
"ANIMALS\00_LEGACY_MIGRATION\09_RECONCILIATION\01_CONTENT_EXTRACTS\lake_population.md.migration.content.md",".md","1132","True","True","False"
"ANIMALS\00_LEGACY_MIGRATION\09_RECONCILIATION\01_CONTENT_EXTRACTS\locomotion.md.migration.content.md",".md","1156","True","True","False"
"ANIMALS\00_LEGACY_MIGRATION\09_RECONCILIATION\01_CONTENT_EXTRACTS\locomotion_E3B0C44298FC.md.migration.content.md",".md","1169","True","True","False"
"ANIMALS\00_LEGACY_MIGRATION\09_RECONCILIATION\01_CONTENT_EXTRACTS\loud_sound_behavior.md.migration.content.md",".md","1200","True","True","False"
"ANIMALS\00_LEGACY_MIGRATION\09_RECONCILIATION\01_CONTENT_EXTRACTS\mammal_sound_profiles.md.migration.content.md",".md","1152","True","True","False"
"ANIMALS\00_LEGACY_MIGRATION\09_RECONCILIATION\01_CONTENT_EXTRACTS\mating_calls.md.migration.content.md",".md","1117","True","True","False"
"ANIMALS\00_LEGACY_MIGRATION\09_RECONCILIATION\01_CONTENT_EXTRACTS\mixed_species_interaction.md.migration.content.md",".md","1180","True","True","False"
"ANIMALS\00_LEGACY_MIGRATION\09_RECONCILIATION\01_CONTENT_EXTRACTS\mother_offspring.md.migration.content.md",".md","1168","True","True","False"
"ANIMALS\00_LEGACY_MIGRATION\09_RECONCILIATION\01_CONTENT_EXTRACTS\mother_offspring_calls.md.migration.content.md",".md","1137","True","True","False"
"ANIMALS\00_LEGACY_MIGRATION\09_RECONCILIATION\01_CONTENT_EXTRACTS\mother_offspring_E3B0C44298FC.md.migration.content.md",".md","1181","True","True","False"
"ANIMALS\00_LEGACY_MIGRATION\09_RECONCILIATION\01_CONTENT_EXTRACTS\mother_offspring_system.md.migration.content.md",".md","1176","True","True","False"
"ANIMALS\00_LEGACY_MIGRATION\09_RECONCILIATION\01_CONTENT_EXTRACTS\mountain_animal_soundscape.md.migration.content.md",".md","1145","True","True","False"
"ANIMALS\00_LEGACY_MIGRATION\09_RECONCILIATION\01_CONTENT_EXTRACTS\mountain_ecology.md.migration.content.md",".md","1131","True","True","False"
"ANIMALS\00_LEGACY_MIGRATION\09_RECONCILIATION\01_CONTENT_EXTRACTS\mountain_population.md.migration.content.md",".md","1140","True","True","False"
"ANIMALS\00_LEGACY_MIGRATION\09_RECONCILIATION\01_CONTENT_EXTRACTS\movement_sounds.md.migration.content.md",".md","1123","True","True","False"
"ANIMALS\00_LEGACY_MIGRATION\09_RECONCILIATION\01_CONTENT_EXTRACTS\movement_to_sound.md.migration.content.md",".md","1145","True","True","False"
"ANIMALS\00_LEGACY_MIGRATION\09_RECONCILIATION\01_CONTENT_EXTRACTS\non_vocal_animal_sounds.md.migration.content.md",".md","1139","True","True","False"
"ANIMALS\00_LEGACY_MIGRATION\09_RECONCILIATION\01_CONTENT_EXTRACTS\normal_background_behavior.md.migration.content.md",".md","1214","True","True","False"
"ANIMALS\00_LEGACY_MIGRATION\09_RECONCILIATION\01_CONTENT_EXTRACTS\pain_sounds.md.migration.content.md",".md","1115","True","True","False"
"ANIMALS\00_LEGACY_MIGRATION\09_RECONCILIATION\01_CONTENT_EXTRACTS\pair_system.md.migration.content.md",".md","1152","True","True","False"
"ANIMALS\00_LEGACY_MIGRATION\09_RECONCILIATION\01_CONTENT_EXTRACTS\palace_animal_soundscape.md.migration.content.md",".md","1141","True","True","False"
"ANIMALS\00_LEGACY_MIGRATION\09_RECONCILIATION\01_CONTENT_EXTRACTS\palace_population.md.migration.content.md",".md","1136","True","True","False"
"ANIMALS\00_LEGACY_MIGRATION\09_RECONCILIATION\01_CONTENT_EXTRACTS\parent_offspring_calls.md.migration.content.md",".md","1137","True","True","False"
"ANIMALS\00_LEGACY_MIGRATION\09_RECONCILIATION\01_CONTENT_EXTRACTS\parent_offspring_to_sound.md.migration.content.md",".md","1161","True","True","False"
"ANIMALS\00_LEGACY_MIGRATION\09_RECONCILIATION\01_CONTENT_EXTRACTS\peaceful_scene_behavior.md.migration.content.md",".md","1208","True","True","False"
"ANIMALS\00_LEGACY_MIGRATION\09_RECONCILIATION\01_CONTENT_EXTRACTS\physics.md.migration.content.md",".md","1150","True","True","False"
"ANIMALS\00_LEGACY_MIGRATION\09_RECONCILIATION\01_CONTENT_EXTRACTS\physics_E3B0C44298FC.md.migration.content.md",".md","1163","True","True","False"
"ANIMALS\00_LEGACY_MIGRATION\09_RECONCILIATION\01_CONTENT_EXTRACTS\population_qa.md.migration.content.md",".md","1128","True","True","False"
"ANIMALS\00_LEGACY_MIGRATION\09_RECONCILIATION\01_CONTENT_EXTRACTS\predator_groups.md.migration.content.md",".md","1160","True","True","False"
"ANIMALS\00_LEGACY_MIGRATION\09_RECONCILIATION\01_CONTENT_EXTRACTS\predator_prey.md.migration.content.md",".md","1125","True","True","False"
"ANIMALS\00_LEGACY_MIGRATION\09_RECONCILIATION\01_CONTENT_EXTRACTS\predator_response.md.migration.content.md",".md","1170","True","True","False"
"ANIMALS\00_LEGACY_MIGRATION\09_RECONCILIATION\01_CONTENT_EXTRACTS\predator_response_E3B0C44298FC.md.migration.content.md",".md","1183","True","True","False"
"ANIMALS\00_LEGACY_MIGRATION\09_RECONCILIATION\01_CONTENT_EXTRACTS\ramcharitmanas_animal_registry.md.migration.content.md",".md","1164","True","True","False"
"ANIMALS\00_LEGACY_MIGRATION\09_RECONCILIATION\01_CONTENT_EXTRACTS\references.md.migration.content.md",".md","1156","True","True","False"
"ANIMALS\00_LEGACY_MIGRATION\09_RECONCILIATION\01_CONTENT_EXTRACTS\references_E3B0C44298FC.md.migration.content.md",".md","1169","True","True","False"
"ANIMALS\00_LEGACY_MIGRATION\09_RECONCILIATION\01_CONTENT_EXTRACTS\reference_provenance.md.migration.content.md",".md","1144","True","True","False"
"ANIMALS\00_LEGACY_MIGRATION\09_RECONCILIATION\01_CONTENT_EXTRACTS\reference_quality.md.migration.content.md",".md","1138","True","True","False"
"ANIMALS\00_LEGACY_MIGRATION\09_RECONCILIATION\01_CONTENT_EXTRACTS\reptile_sound_profiles.md.migration.content.md",".md","1154","True","True","False"
"ANIMALS\00_LEGACY_MIGRATION\09_RECONCILIATION\01_CONTENT_EXTRACTS\resting.md.migration.content.md",".md","1150","True","True","False"
"ANIMALS\00_LEGACY_MIGRATION\09_RECONCILIATION\01_CONTENT_EXTRACTS\resting_E3B0C44298FC.md.migration.content.md",".md","1163","True","True","False"
"ANIMALS\00_LEGACY_MIGRATION\09_RECONCILIATION\01_CONTENT_EXTRACTS\ritual_behavior.md.migration.content.md",".md","1192","True","True","False"
"ANIMALS\00_LEGACY_MIGRATION\09_RECONCILIATION\01_CONTENT_EXTRACTS\river_animal_soundscape.md.migration.content.md",".md","1139","True","True","False"
"ANIMALS\00_LEGACY_MIGRATION\09_RECONCILIATION\01_CONTENT_EXTRACTS\river_ecology.md.migration.content.md",".md","1125","True","True","False"
"ANIMALS\00_LEGACY_MIGRATION\09_RECONCILIATION\01_CONTENT_EXTRACTS\river_population.md.migration.content.md",".md","1134","True","True","False"
"ANIMALS\00_LEGACY_MIGRATION\09_RECONCILIATION\01_CONTENT_EXTRACTS\road_population.md.migration.content.md",".md","1132","True","True","False"
"ANIMALS\00_LEGACY_MIGRATION\09_RECONCILIATION\01_CONTENT_EXTRACTS\royal_arrival_behavior.md.migration.content.md",".md","1206","True","True","False"
"ANIMALS\00_LEGACY_MIGRATION\09_RECONCILIATION\01_CONTENT_EXTRACTS\royal_court_population.md.migration.content.md",".md","1146","True","True","False"
"ANIMALS\00_LEGACY_MIGRATION\09_RECONCILIATION\01_CONTENT_EXTRACTS\scene_specific_behavior.md.migration.content.md",".md","1208","True","True","False"
"ANIMALS\00_LEGACY_MIGRATION\09_RECONCILIATION\01_CONTENT_EXTRACTS\seasonal_changes.md.migration.content.md",".md","1131","True","True","False"
"ANIMALS\00_LEGACY_MIGRATION\09_RECONCILIATION\01_CONTENT_EXTRACTS\secondary_source_animal_registry.md.migration.content.md",".md","1168","True","True","False"
"ANIMALS\00_LEGACY_MIGRATION\09_RECONCILIATION\01_CONTENT_EXTRACTS\sex_based_sound_variation.md.migration.content.md",".md","1143","True","True","False"
"ANIMALS\00_LEGACY_MIGRATION\09_RECONCILIATION\01_CONTENT_EXTRACTS\social_behavior.md.migration.content.md",".md","1166","True","True","False"
"ANIMALS\00_LEGACY_MIGRATION\09_RECONCILIATION\01_CONTENT_EXTRACTS\social_behavior_E3B0C44298FC.md.migration.content.md",".md","1179","True","True","False"
"ANIMALS\00_LEGACY_MIGRATION\09_RECONCILIATION\01_CONTENT_EXTRACTS\social_calls.md.migration.content.md",".md","1117","True","True","False"
"ANIMALS\00_LEGACY_MIGRATION\09_RECONCILIATION\01_CONTENT_EXTRACTS\social_hierarchy.md.migration.content.md",".md","1162","True","True","False"
"ANIMALS\00_LEGACY_MIGRATION\09_RECONCILIATION\01_CONTENT_EXTRACTS\social_interaction_to_sound.md.migration.content.md",".md","1165","True","True","False"
"ANIMALS\00_LEGACY_MIGRATION\09_RECONCILIATION\01_CONTENT_EXTRACTS\solitary_animals.md.migration.content.md",".md","1162","True","True","False"
"ANIMALS\00_LEGACY_MIGRATION\09_RECONCILIATION\01_CONTENT_EXTRACTS\sound_absorption.md.migration.content.md",".md","1133","True","True","False"
"ANIMALS\00_LEGACY_MIGRATION\09_RECONCILIATION\01_CONTENT_EXTRACTS\sound_direction.md.migration.content.md",".md","1131","True","True","False"
"ANIMALS\00_LEGACY_MIGRATION\09_RECONCILIATION\01_CONTENT_EXTRACTS\sound_distance.md.migration.content.md",".md","1129","True","True","False"
"ANIMALS\00_LEGACY_MIGRATION\09_RECONCILIATION\01_CONTENT_EXTRACTS\sound_environment.md.migration.content.md",".md","1135","True","True","False"
"ANIMALS\00_LEGACY_MIGRATION\09_RECONCILIATION\01_CONTENT_EXTRACTS\sound_occlusion.md.migration.content.md",".md","1131","True","True","False"
"ANIMALS\00_LEGACY_MIGRATION\09_RECONCILIATION\01_CONTENT_EXTRACTS\sound_position.md.migration.content.md",".md","1129","True","True","False"
"ANIMALS\00_LEGACY_MIGRATION\09_RECONCILIATION\01_CONTENT_EXTRACTS\sound_reflection.md.migration.content.md",".md","1133","True","True","False"
"ANIMALS\00_LEGACY_MIGRATION\09_RECONCILIATION\01_CONTENT_EXTRACTS\sound_reverberation.md.migration.content.md",".md","1139","True","True","False"
"ANIMALS\00_LEGACY_MIGRATION\09_RECONCILIATION\01_CONTENT_EXTRACTS\sources.md.migration.content.md",".md","1150","True","True","False"
"ANIMALS\00_LEGACY_MIGRATION\09_RECONCILIATION\01_CONTENT_EXTRACTS\sources_E3B0C44298FC.md.migration.content.md",".md","1163","True","True","False"
"ANIMALS\00_LEGACY_MIGRATION\09_RECONCILIATION\01_CONTENT_EXTRACTS\source_conflicts.md.migration.content.md",".md","1136","True","True","False"
"ANIMALS\00_LEGACY_MIGRATION\09_RECONCILIATION\01_CONTENT_EXTRACTS\species_profile.md.migration.content.md",".md","1166","True","True","False"
"ANIMALS\00_LEGACY_MIGRATION\09_RECONCILIATION\01_CONTENT_EXTRACTS\species_profile_E3B0C44298FC.md.migration.content.md",".md","1179","True","True","False"
"ANIMALS\00_LEGACY_MIGRATION\09_RECONCILIATION\01_CONTENT_EXTRACTS\species_recordings.md.migration.content.md",".md","1140","True","True","False"
"ANIMALS\00_LEGACY_MIGRATION\09_RECONCILIATION\01_CONTENT_EXTRACTS\species_registry.md.migration.content.md",".md","1134","True","True","False"
"ANIMALS\00_LEGACY_MIGRATION\09_RECONCILIATION\01_CONTENT_EXTRACTS\species_sound_profiles.md.migration.content.md",".md","1137","True","True","False"
"ANIMALS\00_LEGACY_MIGRATION\09_RECONCILIATION\01_CONTENT_EXTRACTS\species_sound_profile_system.md.migration.content.md",".md","1166","True","True","False"
"ANIMALS\00_LEGACY_MIGRATION\09_RECONCILIATION\01_CONTENT_EXTRACTS\species_vocalizations.md.migration.content.md",".md","1135","True","True","False"
"ANIMALS\00_LEGACY_MIGRATION\09_RECONCILIATION\01_CONTENT_EXTRACTS\storm_behavior.md.migration.content.md",".md","1190","True","True","False"
"ANIMALS\00_LEGACY_MIGRATION\09_RECONCILIATION\01_CONTENT_EXTRACTS\supernatural_event_behavior.md.migration.content.md",".md","1216","True","True","False"
"ANIMALS\00_LEGACY_MIGRATION\09_RECONCILIATION\01_CONTENT_EXTRACTS\terrain_interaction.md.migration.content.md",".md","1137","True","True","False"
"ANIMALS\00_LEGACY_MIGRATION\09_RECONCILIATION\01_CONTENT_EXTRACTS\territorial_calls.md.migration.content.md",".md","1127","True","True","False"
"ANIMALS\00_LEGACY_MIGRATION\09_RECONCILIATION\01_CONTENT_EXTRACTS\territorial_groups.md.migration.content.md",".md","1166","True","True","False"
"ANIMALS\00_LEGACY_MIGRATION\09_RECONCILIATION\01_CONTENT_EXTRACTS\time_of_day.md.migration.content.md",".md","1121","True","True","False"
"ANIMALS\00_LEGACY_MIGRATION\09_RECONCILIATION\01_CONTENT_EXTRACTS\traditional_iconography.md.migration.content.md",".md","1150","True","True","False"
"ANIMALS\00_LEGACY_MIGRATION\09_RECONCILIATION\01_CONTENT_EXTRACTS\troop_system.md.migration.content.md",".md","1154","True","True","False"
"ANIMALS\00_LEGACY_MIGRATION\09_RECONCILIATION\01_CONTENT_EXTRACTS\vegetation_interaction.md.migration.content.md",".md","1143","True","True","False"
"ANIMALS\00_LEGACY_MIGRATION\09_RECONCILIATION\01_CONTENT_EXTRACTS\village_animal_soundscape.md.migration.content.md",".md","1143","True","True","False"
"ANIMALS\00_LEGACY_MIGRATION\09_RECONCILIATION\01_CONTENT_EXTRACTS\village_ecology.md.migration.content.md",".md","1129","True","True","False"
"ANIMALS\00_LEGACY_MIGRATION\09_RECONCILIATION\01_CONTENT_EXTRACTS\village_population.md.migration.content.md",".md","1138","True","True","False"
"ANIMALS\00_LEGACY_MIGRATION\09_RECONCILIATION\01_CONTENT_EXTRACTS\visual_references.md.migration.content.md",".md","1138","True","True","False"
"ANIMALS\00_LEGACY_MIGRATION\09_RECONCILIATION\01_CONTENT_EXTRACTS\vocalization.md.migration.content.md",".md","1160","True","True","False"
"ANIMALS\00_LEGACY_MIGRATION\09_RECONCILIATION\01_CONTENT_EXTRACTS\vocalization_E3B0C44298FC.md.migration.content.md",".md","1173","True","True","False"
"ANIMALS\00_LEGACY_MIGRATION\09_RECONCILIATION\01_CONTENT_EXTRACTS\vocalization_system.md.migration.content.md",".md","1131","True","True","False"
"ANIMALS\00_LEGACY_MIGRATION\09_RECONCILIATION\01_CONTENT_EXTRACTS\warning_calls.md.migration.content.md",".md","1119","True","True","False"
"ANIMALS\00_LEGACY_MIGRATION\09_RECONCILIATION\01_CONTENT_EXTRACTS\warning_sounds.md.migration.content.md",".md","1121","True","True","False"
"ANIMALS\00_LEGACY_MIGRATION\09_RECONCILIATION\01_CONTENT_EXTRACTS\water_sources.md.migration.content.md",".md","1125","True","True","False"
"ANIMALS\00_LEGACY_MIGRATION\09_RECONCILIATION\01_CONTENT_EXTRACTS\weather_response.md.migration.content.md",".md","1131","True","True","False"
"ANIMALS\00_LEGACY_MIGRATION\09_RECONCILIATION\01_CONTENT_EXTRACTS\wedding_animal_soundscape.md.migration.content.md",".md","1143","True","True","False"
"ANIMALS\00_LEGACY_MIGRATION\09_RECONCILIATION\01_CONTENT_EXTRACTS\wedding_behavior.md.migration.content.md",".md","1194","True","True","False"
"ANIMALS\00_LEGACY_MIGRATION\09_RECONCILIATION\01_CONTENT_EXTRACTS\wedding_population.md.migration.content.md",".md","1138","True","True","False"
"ANIMALS\00_LEGACY_MIGRATION\09_RECONCILIATION\01_CONTENT_EXTRACTS\wilderness_population.md.migration.content.md",".md","1144","True","True","False"
"ANIMALS\00_LEGACY_MIGRATION\09_RECONCILIATION\01_CONTENT_EXTRACTS\wild_recordings.md.migration.content.md",".md","1134","True","True","False"
"ANIMALS\00_LEGACY_MIGRATION\09_RECONCILIATION\01_CONTENT_EXTRACTS\yajna_animal_soundscape.md.migration.content.md",".md","1139","True","True","False"
"ANIMALS\00_LEGACY_MIGRATION\09_RECONCILIATION\01_CONTENT_EXTRACTS\yajna_behavior.md.migration.content.md",".md","1190","True","True","False"
"ANIMALS\00_LEGACY_MIGRATION\09_RECONCILIATION\01_CONTENT_EXTRACTS\yajna_population.md.migration.content.md",".md","1134","True","True","False"
"ANIMALS\00_LEGACY_MIGRATION\09_RECONCILIATION\01_CONTENT_EXTRACTS\zoological_references.md.migration.content.md",".md","1146","True","True","False"
"ANIMALS\00_LEGACY_MIGRATION\AUDIO_FINAL_RECONCILIATION\AUDIO_FINAL_RECONCILIATION_STATUS.md",".md","1327","True","True","False"
"ANIMALS\01_ANIMAL_TRUTH\animal_truth_index.md",".md","3576","True","True","True"
"ANIMALS\01_ANIMAL_TRUTH\CANON_CONNECTION\canon_scope.md",".md","1543","True","True","False"
"ANIMALS\01_ANIMAL_TRUTH\CLAIMS\claim_registry.md",".md","1543","True","True","False"
"ANIMALS\01_ANIMAL_TRUTH\DECISIONS\decision_registry.md",".md","1172","True","True","False"
"ANIMALS\01_ANIMAL_TRUTH\EVIDENCE\evidence_definition.md",".md","918","True","True","False"
"ANIMALS\01_ANIMAL_TRUTH\EVIDENCE\evidence_origin.md",".md","678","True","True","False"
"ANIMALS\01_ANIMAL_TRUTH\HANDOFFS\handoff_contract.md",".md","1128","True","False","True"
"ANIMALS\01_ANIMAL_TRUTH\INDIVIDUALS\individual_definition.md",".md","1134","True","True","False"
"ANIMALS\01_ANIMAL_TRUTH\INDIVIDUALS\individual_identity.md",".md","1364","True","True","True"
"ANIMALS\01_ANIMAL_TRUTH\LIFECYCLE\record_versioning.md",".md","820","True","True","False"
"ANIMALS\01_ANIMAL_TRUTH\LIFECYCLE\truth_reopen_rules.md",".md","746","True","True","False"
"ANIMALS\01_ANIMAL_TRUTH\SPECIES\species_scope.md",".md","1130","True","True","False"
"ANIMALS\01_ANIMAL_TRUTH\UNCERTAINTY\uncertainty_registry.md",".md","978","True","True","False"
"ANIMALS\02_BIOLOGY\CONTROL\biology_provenance_rules.md",".md","2735","True","True","True"
"ANIMALS\02_BIOLOGY\CONTROL\VALIDATORS\biological_continuity_control.md",".md","971","True","False","False"
"ANIMALS\02_BIOLOGY\CONTROL\VALIDATORS\state_transition_control.md",".md","1042","True","False","False"
"ANIMALS\02_BIOLOGY\RESEARCH\RESEARCH_DATA_RULES.md",".md","657","True","True","False"
"ANIMALS\02_BIOLOGY\RESEARCH\SPECIES_BIOLOGY_BASELINES.md",".md","11545","True","True","True"
"ANIMALS\02_BIOLOGY\RESEARCH\species_biology_master_registry.md",".md","23368","True","True","False"
"ANIMALS\02_BIOLOGY\RESEARCH\SPECIES_BIOLOGY_RECORDS\ANM-AVI-PIG-001.md",".md","5512","True","True","False"
"ANIMALS\02_BIOLOGY\SENSORY_SYSTEM\README.md",".md","1239","True","True","False"
"ANIMALS\03_BEHAVIOR\02_BEHAVIOR_DATABASE\amphibians_behavior.md",".md","6042","True","True","False"
"ANIMALS\03_BEHAVIOR\02_BEHAVIOR_DATABASE\behavior_database_index.md",".md","5977","True","True","True"
"ANIMALS\03_BEHAVIOR\02_BEHAVIOR_DATABASE\birds_behavior.md",".md","6035","True","True","False"
"ANIMALS\03_BEHAVIOR\02_BEHAVIOR_DATABASE\fish_behavior.md",".md","6063","True","True","False"
"ANIMALS\03_BEHAVIOR\02_BEHAVIOR_DATABASE\invertebrates_behavior.md",".md","6099","True","True","False"
"ANIMALS\03_BEHAVIOR\02_BEHAVIOR_DATABASE\mammals_behavior.md",".md","6078","True","True","False"
"ANIMALS\03_BEHAVIOR\02_BEHAVIOR_DATABASE\reptiles_behavior.md",".md","6073","True","True","False"
"ANIMALS\03_BEHAVIOR\03_BEHAVIOR_ENGINE\daily_seasonal_and_environmental_behavior.md",".md","1410","True","False","False"
"ANIMALS\04_MOVEMENT\MOVEMENT_SYSTEM_STATUS.md",".md","1426","True","True","False"
"ANIMALS\05_ECOLOGY\11_SPECIAL_ECOLOGY\canonical_landscape_policy.md",".md","440","True","True","False"
"ANIMALS\05_ECOLOGY\13_RESEARCH_CONTROL\dependency_invalidation.md",".md","1010","True","False","False"
"ANIMALS\05_ECOLOGY\13_RESEARCH_CONTROL\source_hierarchy_and_conflict_resolution.md",".md","1461","True","True","False"
"ANIMALS\05_ECOLOGY\15_FINAL_HARDENING\07_CANONICAL_HISTORICAL_CONTROL.md",".md","1863","True","True","False"
"ANIMALS\06_DOMESTIC_TRAINED\07_EQUIPMENT\equipment_database.md",".md","7152","True","True","True"
"ANIMALS\06_DOMESTIC_TRAINED\15_FINAL_HARDENING\14_rollback_and_version_history.md",".md","404","True","False","False"
"ANIMALS\06_DOMESTIC_TRAINED\15_FINAL_HARDENING\20_cross_system_authority_matrix.md",".md","6570","True","True","True"
"ANIMALS\06_DOMESTIC_TRAINED\15_FINAL_HARDENING\23_welfare_load_and_work_gate.md",".md","5917","True","True","False"
"ANIMALS\06_DOMESTIC_TRAINED\15_FINAL_HARDENING\25_evidence_inference_decision_firewall.md",".md","6548","True","True","True"
"ANIMALS\07_INTERACTION\17_FINAL_HARDENING\27_final_asset_interaction_verification.md",".md","847","True","False","True"
"ANIMALS\08_VISUAL_IDENTITY\04_APPEARANCE_STATES\persistent_and_temporary_appearance.md",".md","490","True","False","False"
"ANIMALS\08_VISUAL_IDENTITY\07_CLOTHING_ORNAMENTS_AND_MARKINGS\clothing_and_costume_visual_state.md",".md","388","True","True","False"
"ANIMALS\08_VISUAL_IDENTITY\08_HAIR_SKIN_AND_SURFACE\natural_environmental_effects.md",".md","375","True","False","False"
"ANIMALS\08_VISUAL_IDENTITY\10_REFERENCE_AND_RECONSTRUCTION\reference_image_policy.md",".md","326","True","True","True"
"ANIMALS\08_VISUAL_IDENTITY\15_RESEARCH_CONTROL\claim_provenance.md",".md","277","True","True","False"
"ANIMALS\08_VISUAL_IDENTITY\17_FINAL_HARDENING\11_single_source_of_truth.md",".md","293","True","True","False"
"ANIMALS\08_VISUAL_IDENTITY\17_FINAL_HARDENING\21_trait_compatibility_engine.md",".md","914","True","False","False"
"ANIMALS\08_VISUAL_IDENTITY\17_FINAL_HARDENING\25_temporary_state_stacking_firewall.md",".md","749","True","True","False"
"ANIMALS\08_VISUAL_IDENTITY\17_FINAL_HARDENING\26_hair_grooming_continuity.md",".md","420","True","False","False"
"ANIMALS\08_VISUAL_IDENTITY\17_FINAL_HARDENING\31_visual_causality_firewall.md",".md","485","True","False","False"
"ANIMALS\09_CONTINUITY\07_CROSS_SYSTEM_STATE\dependency_invalidation.md",".md","453","True","False","False"
"ANIMALS\09_CONTINUITY\16_FINAL_HARDENING\15_dependency_invalidation_firewall.md",".md","234","True","False","False"
"ANIMALS\09_CONTINUITY\16_FINAL_HARDENING\33_inter_scene_change_firewall.md",".md","417","True","False","False"
"ANIMALS\11_AUDIO\04_MOVEMENT_AND_BODY_SOUNDS\surface_and_material_interaction.md",".md","326","True","False","False"
"ANIMALS\11_AUDIO\10_RECORDING_AND_REFERENCE\recording_reference_policy.md",".md","522","True","True","False"
"ANIMALS\11_AUDIO\20_FINAL_HARDENING\34_acoustic_physics_firewall.md",".md","336","True","True","False"
"ANIMALS\11_AUDIO\20_FINAL_HARDENING\37_audio_approval_scope_firewall.md",".md","336","True","True","True"
"ANIMALS\12_CINEMATIC_INTEGRATION\15_HISTORICAL_CANONICAL_AND_SUPERNATURAL\canonical_cinematic_firewall.md",".md","309","True","False","False"
"ANIMALS\12_CINEMATIC_INTEGRATION\21_ASSET_AND_SHOT_LINEAGE\shot_approval_scope.md",".md","238","True","False","True"
"ANIMALS\12_CINEMATIC_INTEGRATION\23_FINAL_HARDENING\18_approval_invalidation_firewall.md",".md","219","True","False","False"
"ANIMALS\12_CINEMATIC_INTEGRATION\23_FINAL_HARDENING\19_provenance_tamper_firewall.md",".md","149","True","False","False"
"ANIMALS\13_COSTUME_TRACK\02_COSTUME_DATABASE\costume_record_schema.md",".md","586","True","False","False"
"ANIMALS\13_COSTUME_TRACK\02_COSTUME_DATABASE\costume_state_vector.md",".md","597","True","False","False"
"ANIMALS\13_COSTUME_TRACK\03_GARMENT_SYSTEM\layering_and_draping.md",".md","318","True","True","False"
"ANIMALS\13_COSTUME_TRACK\04_TEXTILE_AND_MATERIAL\material_physical_behavior.md",".md","259","True","False","False"
"ANIMALS\13_COSTUME_TRACK\05_CONSTRUCTION_AND_CRAFT\craft_and_workmanship.md",".md","233","True","False","False"
"ANIMALS\13_COSTUME_TRACK\06_COLOR_AND_DYE\color_and_dye_control.md",".md","208","True","True","False"
"ANIMALS\13_COSTUME_TRACK\07_ORNAMENT_AND_JEWELRY\ornament_database.md",".md","205","True","True","False"
"ANIMALS\13_COSTUME_TRACK\12_HISTORICAL_AND_CANONICAL_RESEARCH\historical_costume_research.md",".md","351","True","True","False"
"ANIMALS\13_COSTUME_TRACK\13_CHARACTER_COSTUME_INTEGRATION\individual_variation_firewall.md",".md","244","True","True","False"
"ANIMALS\13_COSTUME_TRACK\15_SCENE_STATE_AND_ENVIRONMENT\costume_environment_interaction.md",".md","273","True","False","False"
"ANIMALS\13_COSTUME_TRACK\16_MOVEMENT_AND_PHYSICAL_INTERACTION\costume_movement_interaction.md",".md","286","True","False","False"
"ANIMALS\13_COSTUME_TRACK\16_MOVEMENT_AND_PHYSICAL_INTERACTION\costume_physics_firewall.md",".md","408","True","False","False"
"ANIMALS\13_COSTUME_TRACK\19_AI_PRODUCTION_HANDOFF\costume_ai_handoff.md",".md","398","True","False","False"
"ANIMALS\13_COSTUME_TRACK\20_VALIDATION_AND_QA\costume_validation_gate.md",".md","473","True","False","True"
"ANIMALS\13_COSTUME_TRACK\21_RESEARCH_CONTROL\costume_evidence_firewall.md",".md","401","True","True","False"
"ANIMALS\13_COSTUME_TRACK\23_FINAL_HARDENING\05_material_truth_firewall.md",".md","135","True","True","False"
"ANIMALS\14_BATTLE_HIGH_STRESS\03_BATTLE_CONTEXT\battlefield_environment.md",".md","406","True","False","False"
"ANIMALS\14_BATTLE_HIGH_STRESS\13_ENVIRONMENTAL_HAZARDS\dust_mud_water_and_terrain_stress.md",".md","332","True","False","False"
"ANIMALS\14_BATTLE_HIGH_STRESS\13_ENVIRONMENTAL_HAZARDS\weather_and_visibility_stress.md",".md","282","True","False","False"
"ANIMALS\14_BATTLE_HIGH_STRESS\22_RESEARCH_CONTROL\canonical_stress_evidence.md",".md","370","True","True","False"
"ANIMALS\14_BATTLE_HIGH_STRESS\23_FINAL_HARDENING\18_environment_exposure_firewall.md",".md","297","True","False","False"
"ANIMALS\15_RESEARCH\03_SOURCE_MANAGEMENT\source_quality_rules.md",".md","852","True","True","False"
"ANIMALS\15_RESEARCH\14_BATTLE_HIGH_STRESS\05_valmiki_ramayana_battle_evidence.md",".md","2296","True","True","False"
"ANIMALS\15_RESEARCH\14_BATTLE_HIGH_STRESS\07_battle_acoustic_and_environmental_evidence.md",".md","1350","True","True","False"
"ANIMALS\15_RESEARCH\18_COSTUME_AND_EQUIPMENT_RESEARCH\equipment_research_record_schema.md",".md","399","True","True","False"
"ANIMALS\15_RESEARCH\19_HISTORICAL_RESEARCH\historical_research_status.md",".md","725","True","True","False"
"ANIMALS\15_RESEARCH\23_RESEARCH_VALIDATION\ai_evidence_firewall.md",".md","401","True","True","False"
"ANIMALS\16_CONFLICTS_UNKNOWN\CONFLICTS_UNKNOWN_SYSTEM_STATUS.md",".md","553","True","True","False"
"ANIMALS\16_CONFLICTS_UNKNOWN\01_CORE\authority_boundary.md",".md","751","True","True","False"
"ANIMALS\16_CONFLICTS_UNKNOWN\01_CORE\conflict_unknown_principles.md",".md","661","True","True","False"
"ANIMALS\16_CONFLICTS_UNKNOWN\02_UNKNOWN_DATABASE\unknown_registry.md",".md","368","True","True","False"
"ANIMALS\16_CONFLICTS_UNKNOWN\29_FINAL_HARDENING\18_interaction_conflict_firewall.md",".md","237","True","False","False"
"ANIMALS\16_CONFLICTS_UNKNOWN\29_FINAL_HARDENING\22_equipment_conflict_firewall.md",".md","207","True","True","False"
"ANIMALS\17_PRODUCTION_HANDOFF\14_COSTUME_HANDOFF\costume_handoff_rules.md",".md","428","True","False","False"
"ANIMALS\17_PRODUCTION_HANDOFF\24_RESEARCH_AND_CONFLICT_HANDOFF\research_conflict_rules.md",".md","488","True","True","False"
"ANIMALS\17_PRODUCTION_HANDOFF\25_FINAL_OUTPUT_PACKAGE\final_output_package_rules.md",".md","412","True","False","True"
"ANIMALS\17_PRODUCTION_HANDOFF\26_FINAL_HARDENING\08_research_conflict_firewall.md",".md","271","True","True","False"
"ANIMALS\17_PRODUCTION_HANDOFF\26_FINAL_HARDENING\37_final_zero_loophole_audit.md",".md","1091","True","True","False"
"ANIMALS\18_QA_APPROVAL\04_SOURCE_AND_SNAPSHOT_QA\source_traceability.md",".md","278","True","True","True"
"ANIMALS\18_QA_APPROVAL\15_COSTUME_EQUIPMENT_QA\costume_equipment_validation.md",".md","320","True","True","False"
"ANIMALS\18_QA_APPROVAL\21_CROSS_SYSTEM_QA\cross_system_validation.md",".md","535","True","False","False"
"ANIMALS\18_QA_APPROVAL\23_APPROVAL_CONTROL\approval_invalidation.md",".md","380","True","True","True"
"ANIMALS\18_QA_APPROVAL\24_LINEAGE_AND_AUDIT\reverse_audit.md",".md","311","True","True","True"
"ANIMALS\18_QA_APPROVAL\25_FINAL_OUTPUT_QA\release_blockers.md",".md","589","True","True","False"
"ANIMALS\18_QA_APPROVAL\26_RESEARCH_AND_CONFLICT_QA\conflict_escalation.md",".md","437","True","True","False"
"ANIMALS\18_QA_APPROVAL\27_FINAL_HARDENING\34_cross_system_firewall.md",".md","84","True","False","False"
"ANIMALS\18_QA_APPROVAL\27_FINAL_HARDENING\35_approval_invalidation_firewall.md",".md","107","True","False","False"
"ANIMALS\19_REGISTRY_CONNECTION\01_CORE\registry_master_principles.md",".md","840","True","True","False"
"ANIMALS\19_REGISTRY_CONNECTION\13_DEPENDENCY_REGISTRY\dependency_graph_rules.md",".md","382","True","False","False"
"ANIMALS\19_REGISTRY_CONNECTION\13_DEPENDENCY_REGISTRY\dependency_rules.md",".md","271","True","False","False"
"ANIMALS\19_REGISTRY_CONNECTION\14_VERSION_REGISTRY\version_rules.md",".md","269","True","False","False"
"ANIMALS\19_REGISTRY_CONNECTION\23_AUDIT_AND_INTEGRITY\integrity_rules.md",".md","403","True","False","False"
"ANIMALS\19_REGISTRY_CONNECTION\24_ACCESS_AND_AUTHORITY\write_control.md",".md","272","True","False","False"
"ANIMALS\19_REGISTRY_CONNECTION\26_FINAL_HARDENING\04_authoritative_owner.md",".md","98","True","False","False"
"ANIMALS\19_REGISTRY_CONNECTION\26_FINAL_HARDENING\10_version_integrity.md",".md","72","True","False","False"
"ANIMALS\19_REGISTRY_CONNECTION\26_FINAL_HARDENING\12_dependency_integrity.md",".md","79","True","False","False"
"ANIMALS\19_REGISTRY_CONNECTION\26_FINAL_HARDENING\25_cross_system_integrity.md",".md","105","True","False","False"
"ANIMALS\19_REGISTRY_CONNECTION\26_FINAL_HARDENING\32_circular_dependency.md",".md","83","True","False","False"
"ANIMALS\19_REGISTRY_CONNECTION\26_FINAL_HARDENING\33_lineage_integrity.md",".md","98","True","False","False"
"ANIMALS\19_REGISTRY_CONNECTION\26_FINAL_HARDENING\38_registry_mutation_control.md",".md","93","True","False","False"
"ANIMALS\20_EPISODE_INTEGRATION\EPISODE_INTEGRATION_SYSTEM_STATUS.md",".md","878","True","True","False"
"ANIMALS\20_EPISODE_INTEGRATION\01_CORE\episode_master_principles.md",".md","1066","True","True","False"
"ANIMALS\20_EPISODE_INTEGRATION\05_SCENE_INTEGRATION\scene_dependency_rules.md",".md","282","True","False","False"
"ANIMALS\20_EPISODE_INTEGRATION\14_CONTINUITY_INTEGRATION\state_transition_rules.md",".md","206","True","False","False"
"ANIMALS\20_EPISODE_INTEGRATION\22_CROSS_SCENE_INTEGRATION\cross_scene_rules.md",".md","410","True","False","False"
"ANIMALS\20_EPISODE_INTEGRATION\23_EPISODE_CONFLICTS_UNKNOWN\episode_conflict_rules.md",".md","312","True","False","False"
"ANIMALS\20_EPISODE_INTEGRATION\26_EPISODE_SNAPSHOT_FREEZE\freeze_rules.md",".md","361","True","False","False"
"ANIMALS\20_EPISODE_INTEGRATION\27_FINAL_EPISODE_GATE\final_episode_gate.md",".md","741","True","False","False"
"ANIMALS\20_EPISODE_INTEGRATION\27_FINAL_EPISODE_GATE\release_blockers.md",".md","592","True","False","False"
"ANIMALS\20_EPISODE_INTEGRATION\28_FINAL_HARDENING\13_interaction_continuity.md",".md","103","True","False","False"
"ANIMALS\20_EPISODE_INTEGRATION\28_FINAL_HARDENING\25_dependency_firewall.md",".md","87","True","False","False"
"ANIMALS\20_EPISODE_INTEGRATION\28_FINAL_HARDENING\28_snapshot_immutability.md",".md","124","True","False","False"
"ANIMALS\20_EPISODE_INTEGRATION\28_FINAL_HARDENING\29_version_integrity.md",".md","73","True","False","False"
"ANIMALS\20_EPISODE_INTEGRATION\28_FINAL_HARDENING\37_dependency_cycle_firewall.md",".md","85","True","False","False"
"ASSET_REGISTRY\INDEX\asset_index.md",".md","703","True","True","True"
"ASSET_REGISTRY\INDEX\asset_usage_index.md",".md","280","True","False","True"
"ASSET_REGISTRY\INDEX\asset_version_index.md",".md","362","True","False","True"
"ASSET_REGISTRY\REPORTS\asset_inventory_report.md",".md","800","True","True","True"
"CHARACTERS\daksha\appearance\age.md",".md","22433","True","True","True"
"CHARACTERS\daksha\appearance\body.md",".md","33018","True","True","True"
"CHARACTERS\daksha\appearance\canonical_marks.md",".md","21161","True","True","True"
"CHARACTERS\daksha\appearance\clothing.md",".md","39039","True","True","True"
"CHARACTERS\daksha\appearance\distinguishing_features.md",".md","35124","True","True","False"
"CINEMATOGRAPHY\cinematography_principles.md",".md","2621","True","False","True"
"CINEMATOGRAPHY\cinematography_system_integrity.md",".md","2126","True","True","True"
"CINEMATOGRAPHY\color_language.md",".md","1502","True","True","False"
"CINEMATOGRAPHY\README.md",".md","1321","True","True","False"
"CINEMATOGRAPHY\religious_sensitivity.md",".md","1347","True","True","False"
"CINEMATOGRAPHY\sources.md",".md","938","True","True","False"
"CINEMATOGRAPHY\visual_language.md",".md","1222","True","False","False"
"CINEMATOGRAPHY\grammar\coverage.md",".md","49976","True","True","True"
"CINEMATOGRAPHY\LENSES\chromatic_aberration.md",".md","4422","True","False","True"
"CINEMATOGRAPHY\LENSES\depth_of_field.md",".md","20037","True","False","True"
"CINEMATOGRAPHY\LENSES\flare.md",".md","15134","True","True","False"
"CINEMATOGRAPHY\LENSES\lens_selection_rules.md",".md","40842","True","True","True"
"CINEMATOGRAPHY\LENSES\macro.md",".md","34675","True","True","True"
"CINEMATOGRAPHY\LENSES\minimum_focus_distance.md",".md","32605","True","True","True"
"CINEMATOGRAPHY\LENSES\normal_lens.md",".md","40782","True","True","True"
"CINEMATOGRAPHY\LENSES\perspective_distortion.md",".md","40106","True","True","False"
"CINEMATOGRAPHY\LENSES\spherical_lens_behavior.md",".md","42814","True","True","True"
"CINEMATOGRAPHY\LENSES\telephoto.md",".md","45427","True","True","True"
"CINEMATOGRAPHY\LENSES\ultra_wide.md",".md","46108","True","True","True"
"CINEMATOGRAPHY\LENSES\wide_angle.md",".md","48226","True","True","True"
"CINEMATOGRAPHY\lighting\ambient_light.md",".md","30396","True","True","False"
"CINEMATOGRAPHY\lighting\atmospheric_lighting.md",".md","31131","True","True","False"
"CINEMATOGRAPHY\lighting\backlight.md",".md","30355","True","True","False"
"CINEMATOGRAPHY\lighting\bounce_light.md",".md","30985","True","True","True"
"CINEMATOGRAPHY\lighting\color_temperature.md",".md","30494","True","True","False"
"CINEMATOGRAPHY\lighting\divine_lighting.md",".md","32152","True","True","True"
"CINEMATOGRAPHY\lighting\emotional_lighting.md",".md","31525","True","True","False"
"CINEMATOGRAPHY\lighting\exposure.md",".md","31161","True","True","False"
"CINEMATOGRAPHY\lighting\fill_light.md",".md","30752","True","True","True"
"CINEMATOGRAPHY\lighting\firelight.md",".md","30710","True","True","False"
"CINEMATOGRAPHY\lighting\key_light.md",".md","30418","True","True","False"
"CINEMATOGRAPHY\lighting\lighting_continuity.md",".md","31139","True","True","False"
"CINEMATOGRAPHY\lighting\lighting_rules.md",".md","32993","True","True","True"
"CINEMATOGRAPHY\lighting\lighting_state.md",".md","33076","True","True","False"
"CINEMATOGRAPHY\lighting\light_direction.md",".md","31276","True","True","False"
"CINEMATOGRAPHY\lighting\light_falloff.md",".md","31063","True","True","False"
"CINEMATOGRAPHY\lighting\light_transport.md",".md","33938","True","True","False"
"CINEMATOGRAPHY\lighting\moonlight.md",".md","30480","True","True","False"
"CINEMATOGRAPHY\lighting\motivated_lighting.md",".md","31236","True","True","False"
"CINEMATOGRAPHY\lighting\natural_lighting.md",".md","30774","True","True","False"
"CINEMATOGRAPHY\lighting\negative_fill.md",".md","30549","True","True","False"
"CINEMATOGRAPHY\lighting\practical_lights.md",".md","30563","True","True","False"
"CINEMATOGRAPHY\lighting\reflected_light.md",".md","30760","True","True","False"
"CINEMATOGRAPHY\lighting\rim_light.md",".md","30318","True","True","False"
"CINEMATOGRAPHY\lighting\shadow_behavior.md",".md","30945","True","True","False"
"CINEMATOGRAPHY\lighting\skin_lighting.md",".md","31324","True","True","True"
"CINEMATOGRAPHY\lighting\sunlight.md",".md","30833","True","True","False"
"CINEMATOGRAPHY\lighting\volumetric_light.md",".md","30743","True","True","False"
"CINEMATOGRAPHY\lighting\_LIGHTING_SYSTEM_CONTRACT.md",".md","38309","True","True","True"
"CINEMATOGRAPHY\research\cinematography_research.md",".md","2348","True","True","False"
"CINEMATOGRAPHY\research\source_registry.md",".md","1779","True","True","False"
"CINEMATOGRAPHY\research\style_reference_firewall.md",".md","1285","True","True","False"
"CINEMATOGRAPHY\research\_RESEARCH_SYSTEM_CONTRACT.md",".md","4913","True","True","True"
"CINEMATOGRAPHY\shot_design\establishing_shots.md",".md","4104","True","False","True"
"CINEMATOGRAPHY\shot_design\insert_shots.md",".md","3936","True","True","True"
"CINEMATOGRAPHY\shot_design\reaction_shots.md",".md","4579","True","False","True"
"CINEMATOGRAPHY\shot_design\ritual_shots.md",".md","4491","True","True","True"
"CINEMATOGRAPHY\shot_design\visual_storytelling.md",".md","4327","True","True","True"
"CINEMATOGRAPHY\shot_design\_SHOT_DESIGN_SYSTEM_CONTRACT.md",".md","8598","True","True","True"
"CONTINUITY\AI_GENERATION\ai_change_history.md",".md","14109","True","True","True"
"CONTINUITY\AI_GENERATION\ai_generation_history.md",".md","21732","True","True","True"
"CONTINUITY\AI_GENERATION\ai_generation_parameters.md",".md","14970","True","True","True"
"CONTINUITY\AI_GENERATION\ai_generation_state.md",".md","21527","True","True","True"
"CONTINUITY\AI_GENERATION\ai_generation_version.md",".md","13019","True","True","True"
"CONTINUITY\AI_GENERATION\ai_identity_anchors.md",".md","19283","True","True","True"
"CONTINUITY\AI_GENERATION\ai_model_version.md",".md","17349","True","True","True"
"CONTINUITY\AI_GENERATION\ai_negative_constraints.md",".md","23208","True","True","True"
"CONTINUITY\AI_GENERATION\ai_prompt_constraints.md",".md","20980","True","True","True"
"CONTINUITY\AI_GENERATION\ai_reference_assets.md",".md","24076","True","True","True"
"CONTINUITY\AI_GENERATION\ai_seed_state.md",".md","24149","True","True","True"
"CONTINUITY\AI_GENERATION\ai_variation_limits.md",".md","25744","True","True","True"
"CONTINUITY\ANIMAL\AI\animal_artifact_controls.md",".md","2936","True","False","True"
"CONTINUITY\ANIMAL\AI\animal_variation_rules.md",".md","3052","True","False","False"
"CONTINUITY\ANIMAL\ANATOMY\skin_fur_feathers_scales.md",".md","1356","True","False","False"
"CONTINUITY\ANIMAL\AUDIO\contact_audio.md",".md","732","True","False","False"
"CONTINUITY\ANIMAL\AUDIO\equipment_audio.md",".md","761","True","True","False"
"CONTINUITY\ANIMAL\AUDIO\movement_audio.md",".md","947","True","False","False"
"CONTINUITY\ANIMAL\CORE\authority.md",".md","940","True","True","False"
"CONTINUITY\ANIMAL\CORE\physical_persistence.md",".md","763","True","False","False"
"CONTINUITY\ANIMAL\ENVIRONMENT\README.md",".md","2088","True","True","True"
"CONTINUITY\ANIMAL\ENVIRONMENT\ATMOSPHERE\atmospheric_state.md",".md","205","True","False","False"
"CONTINUITY\ANIMAL\ENVIRONMENT\ATMOSPHERE\wind_state.md",".md","296","True","False","False"
"CONTINUITY\ANIMAL\ENVIRONMENT\CORE\environment_core.md",".md","1363","True","False","True"
"CONTINUITY\ANIMAL\ENVIRONMENT\CORE\environment_master_model.md",".md","706","True","False","True"
"CONTINUITY\ANIMAL\ENVIRONMENT\FIRE\fire_aftermath.md",".md","216","True","False","False"
"CONTINUITY\ANIMAL\ENVIRONMENT\FIRE\fire_state.md",".md","209","True","False","False"
"CONTINUITY\ANIMAL\ENVIRONMENT\OBJECT\environmental_object_state.md",".md","221","True","False","False"
"CONTINUITY\ANIMAL\ENVIRONMENT\PHYSICS\environment_physics_interface.md",".md","363","True","False","False"
"CONTINUITY\ANIMAL\ENVIRONMENT\QA\environment_error_framework.md",".md","427","True","False","False"
"CONTINUITY\ANIMAL\ENVIRONMENT\RESIDUE\environmental_residue.md",".md","295","True","True","False"
"CONTINUITY\ANIMAL\ENVIRONMENT\RESIDUE\material_transfer.md",".md","269","True","False","False"
"CONTINUITY\ANIMAL\ENVIRONMENT\SURFACE\surface_materials.md",".md","296","True","False","False"
"CONTINUITY\ANIMAL\ENVIRONMENT\TERRAIN\terrain_state.md",".md","254","True","False","False"
"CONTINUITY\ANIMAL\EQUIPMENT\README.md",".md","2225","True","False","True"
"CONTINUITY\ANIMAL\EQUIPMENT\AI\equipment_ai_rules.md",".md","374","True","False","False"
"CONTINUITY\ANIMAL\EQUIPMENT\AI\equipment_artifact_controls.md",".md","415","True","False","False"
"CONTINUITY\ANIMAL\EQUIPMENT\AI\equipment_generation_interface.md",".md","415","True","False","False"
"CONTINUITY\ANIMAL\EQUIPMENT\AI\equipment_variation_rules.md",".md","359","True","False","False"
"CONTINUITY\ANIMAL\EQUIPMENT\ARMOR\animal_armor.md",".md","191","True","False","False"
"CONTINUITY\ANIMAL\EQUIPMENT\AUDIO\equipment_audio_interface.md",".md","290","True","False","False"
"CONTINUITY\ANIMAL\EQUIPMENT\CORE\detail_levels.md",".md","616","True","False","False"
"CONTINUITY\ANIMAL\EQUIPMENT\CORE\locks.md",".md","434","True","False","False"
"CONTINUITY\ANIMAL\EQUIPMENT\CORE\master_model.md",".md","549","True","True","True"
"CONTINUITY\ANIMAL\EQUIPMENT\COVERING\animal_coverings.md",".md","216","True","False","False"
"CONTINUITY\ANIMAL\EQUIPMENT\DAMAGE\damage_progression.md",".md","217","True","False","False"
"CONTINUITY\ANIMAL\EQUIPMENT\DIVINE_MYTHOLOGICAL\divine_equipment.md",".md","390","True","False","True"
"CONTINUITY\ANIMAL\EQUIPMENT\ENVIRONMENT\equipment_environment_interface.md",".md","296","True","False","False"
"CONTINUITY\ANIMAL\EQUIPMENT\MATERIAL\equipment_material.md",".md","279","True","False","False"
"CONTINUITY\ANIMAL\EQUIPMENT\MATERIAL\material_condition.md",".md","228","True","False","False"
"CONTINUITY\ANIMAL\EQUIPMENT\MOVEMENT\equipment_movement.md",".md","300","True","False","False"
"CONTINUITY\ANIMAL\EQUIPMENT\PHYSICAL_STATE\residue.md",".md","208","True","True","False"
"CONTINUITY\ANIMAL\EQUIPMENT\PHYSICS\equipment_physics_interface.md",".md","278","True","False","False"
"CONTINUITY\ANIMAL\EQUIPMENT\QA\equipment_error_framework.md",".md","421","True","False","False"
"CONTINUITY\ANIMAL\EQUIPMENT\QA\equipment_validation.md",".md","515","True","False","False"
"CONTINUITY\ANIMAL\EVENT\ENVIRONMENT\environmental_consequences.md",".md","254","True","False","False"
"CONTINUITY\ANIMAL\EVENT\ENVIRONMENT\material_transfer.md",".md","203","True","False","False"
"CONTINUITY\ANIMAL\INTERACTION\AUDIO_INTERFACE\audio_causality.md",".md","199","True","True","False"
"CONTINUITY\ANIMAL\INTERACTION\ENVIRONMENT\environment_consequences.md",".md","238","True","False","False"
"CONTINUITY\ANIMAL\INTERACTION\FEEDING_RESOURCES\resource_interaction.md",".md","200","True","False","False"
"CONTINUITY\ANIMAL\LIGHTING\README.md",".md","1581","True","True","True"
"CONTINUITY\ANIMAL\LIGHTING\AI\animal_lighting_ai_interface.md",".md","341","True","True","True"
"CONTINUITY\ANIMAL\LIGHTING\AI\lighting_generation_state.md",".md","292","True","True","False"
"CONTINUITY\ANIMAL\LIGHTING\AI\lighting_negative_constraints.md",".md","440","True","False","False"
"CONTINUITY\ANIMAL\LIGHTING\AI\lighting_regeneration.md",".md","314","True","True","False"
"CONTINUITY\ANIMAL\LIGHTING\ANATOMY_LIGHTING\body_region_lighting.md",".md","206","True","False","False"
"CONTINUITY\ANIMAL\LIGHTING\COLOR\light_color.md",".md","299","True","False","False"
"CONTINUITY\ANIMAL\LIGHTING\CORE\animal_lighting_core.md",".md","1167","True","True","True"
"CONTINUITY\ANIMAL\LIGHTING\CORE\master_model.md",".md","501","True","False","True"
"CONTINUITY\ANIMAL\LIGHTING\ENVIRONMENT\environmental_light_interaction.md",".md","242","True","False","False"
"CONTINUITY\ANIMAL\LIGHTING\FUR\fur_lighting.md",".md","290","True","False","False"
"CONTINUITY\ANIMAL\LIGHTING\INTENSITY\light_intensity.md",".md","262","True","False","True"
"CONTINUITY\ANIMAL\LIGHTING\MATERIAL\animal_materials.md",".md","231","True","False","False"
"CONTINUITY\ANIMAL\LIGHTING\MATERIAL\material_response.md",".md","295","True","False","True"
"CONTINUITY\ANIMAL\LIGHTING\PERFORMANCE\cross_shot_lighting.md",".md","257","True","False","False"
"CONTINUITY\ANIMAL\LIGHTING\PERFORMANCE\lighting_performance.md",".md","280","True","False","False"
"CONTINUITY\ANIMAL\LIGHTING\QA\lighting_qa.md",".md","299","True","True","False"
"CONTINUITY\ANIMAL\LIGHTING\QA\retroactive_correction.md",".md","495","True","False","False"
"CONTINUITY\ANIMAL\LIGHTING\QUALITY\light_quality.md",".md","238","True","True","False"
"CONTINUITY\ANIMAL\LIGHTING\REGISTRY\lighting_registry.md",".md","382","True","False","False"
"CONTINUITY\ANIMAL\LIGHTING\REGISTRY\query_interface.md",".md","216","True","True","False"
"CONTINUITY\ANIMAL\LIGHTING\RESIDUE\residue_lighting.md",".md","279","True","False","False"
"CONTINUITY\ANIMAL\LIGHTING\SKIN\skin_lighting.md",".md","227","True","False","False"
"CONTINUITY\ANIMAL\LIGHTING\SKIN\skin_state_interaction.md",".md","223","True","False","False"
"CONTINUITY\ANIMAL\LIGHTING\TRANSFORMATION\transformation_lighting.md",".md","297","True","False","False"
"CONTINUITY\ANIMAL\LIGHTING\WEATHER\weather_lighting.md",".md","280","True","False","False"
"CONTINUITY\ANIMAL\LOCOMOTION\SURFACE\surface_interaction.md",".md","167","True","False","False"
"CONTINUITY\ANIMAL\LOCOMOTION\TERRAIN\terrain_adaptation.md",".md","147","True","False","False"
"CONTINUITY\ANIMAL\PERCEPTION\INDIVIDUAL_SENSORY_STATE\temporary_impairment.md",".md","222","True","False","False"
"CONTINUITY\ANIMAL\PERCEPTION\OCCLUSION\occlusion.md",".md","157","True","False","False"
"CONTINUITY\ANIMAL\PERCEPTION\RESOURCE_PERCEPTION\resource_detection.md",".md","182","True","False","False"
"CONTINUITY\ANIMAL\PERCEPTION\WEATHER\weather_perception.md",".md","207","True","False","False"
"CONTINUITY\ANIMAL\POPULATION\RESOURCE_USE\population_resource_use.md",".md","203","True","False","False"
"CONTINUITY\ANIMAL\QA\CORE\qa_core.md",".md","995","True","True","True"
"CONTINUITY\ANIMAL\QA\EQUIPMENT\equipment_qa.md",".md","241","True","False","False"
"CONTINUITY\ANIMAL\QA\PERSISTENCE\physical_residue_qa.md",".md","254","True","False","False"
"CONTINUITY\ANIMAL\REGISTRY\LIGHTING\lighting_registry.md",".md","182","True","True","False"
"CONTINUITY\ANIMAL\STATE\ENVIRONMENTAL_CONSEQUENCE\environmental_consequence.md",".md","251","True","False","False"
"CONTINUITY\ANIMAL\STATE\ENVIRONMENT_STATE\environment_state.md",".md","225","True","False","False"
"CONTINUITY\ANIMAL\STATE\LIGHTING_STATE\lighting_state.md",".md","239","True","False","False"
"CONTINUITY\ANIMAL\STATE\PHYSICAL_CONSEQUENCE\physical_consequence.md",".md","180","True","False","False"
"CONTINUITY\ANIMAL\TRANSFORMATION\FORM_COSTUME\form_costume.md",".md","199","True","False","False"
"CONTINUITY\ANIMAL\TRANSFORMATION\LIGHTING_CONSEQUENCES\lighting_consequences.md",".md","173","True","False","False"
"CONTINUITY\ANIMAL\TRANSFORMATION\RETROACTIVE\transformation_correction.md",".md","347","True","False","False"
"CONTINUITY\ANIMAL\TRANSFORMATION\TRANSITION_MECHANICS\environmental_effects.md",".md","272","True","False","False"
"CONTINUITY\ANIMAL\TRANSFORMATION\TRANSITION_MECHANICS\physical_mechanics.md",".md","235","True","False","False"
"CONTINUITY\ANIMAL\VOCALIZATION\CALL_TIMBRE\timbre.md",".md","143","True","False","False"
"CONTINUITY\AUDIO\README.md",".md","2391","True","True","True"
"CONTINUITY\AUDIO\AI\ai_negative_constraints.md",".md","369","True","False","False"
"CONTINUITY\AUDIO\AI\ai_previous_output.md",".md","225","True","True","False"
"CONTINUITY\AUDIO\COSTUME_INTERFACE\costume_audio_interface.md",".md","148","True","False","False"
"CONTINUITY\AUDIO\FOLEY\foley_clothing.md",".md","187","True","False","False"
"CONTINUITY\AUDIO\FOLEY\foley_continuity.md",".md","158","True","True","False"
"CONTINUITY\AUDIO\FOLEY\foley_jewelry.md",".md","184","True","False","False"
"CONTINUITY\AUDIO\FOLEY\foley_material_continuity.md",".md","218","True","False","False"
"CONTINUITY\AUDIO\FOLEY\foley_weapon.md",".md","174","True","False","False"
"CONTINUITY\AUDIO\IDENTITY\source_identity.md",".md","283","True","True","False"
"CONTINUITY\AUDIO\PROP_INTERFACE\prop_audio_interface.md",".md","134","True","False","False"
"CONTINUITY\AUDIO\QA\foley_qa.md",".md","113","True","False","False"
"CONTINUITY\AUDIO\REGISTRY\foley_registry.md",".md","107","True","True","False"
"CONTINUITY\AUDIO\RETROACTIVE\retroactive_voice_correction.md",".md","275","True","False","False"
"CONTINUITY\AUDIO\SYNC\foley_sync.md",".md","216","True","False","False"
"CONTINUITY\AUDIO\VOICE_FATIGUE\voice_fatigue.md",".md","96","True","False","False"
"CONTINUITY\AUDIO\VOICE_PROFILE\voice_profile.md",".md","137","True","False","True"
"CONTINUITY\AUDIO\VOICE_ROUGHNESS\voice_roughness.md",".md","115","True","False","False"
"CONTINUITY\AUDIO\VOICE_STRESS\voice_stress.md",".md","214","True","False","False"
"CONTINUITY\AUDIO\VOICE_TEXTURE\voice_texture.md",".md","139","True","False","True"
"CONTINUITY\AUDIO\VOICE_TIMBRE\voice_timbre.md",".md","141","True","False","True"
"CONTINUITY\AUDIO\WEAPON_INTERFACE\weapon_audio_interface.md",".md","150","True","False","False"
"CONTINUITY\EVENT\DEPENDENCY\dependency_propagation.md",".md","305","True","False","False"
"LANGUAGE\01_CORE\LANGUAGE_REGISTRY.md",".md","26551","True","True","True"
"LANGUAGE\01_CORE\LANGUAGE_SYSTEM.md",".md","17711","True","True","False"
"LANGUAGE\02_LANGUAGE_RULES\AWADHI.md",".md","26967","True","True","True"
"LANGUAGE\02_LANGUAGE_RULES\HINDI.md",".md","28588","True","True","False"
"LANGUAGE\02_LANGUAGE_RULES\PRONUNCIATION.md",".md","32360","True","True","True"
"LANGUAGE\02_LANGUAGE_RULES\SANSKRIT.md",".md","33879","True","True","True"
"LANGUAGE\03_CHARACTER_LANGUAGE\CHARACTER_LANGUAGE.md",".md","17152","True","True","True"
"LANGUAGE\03_EPISODES\EPISODE_01\EPISODE_LANGUAGE.md",".md","42734","True","True","True"
"LANGUAGE\03_EPISODES\EPISODE_01\CHARACTERS\DAKSHA.md",".md","3475","True","True","False"
"LANGUAGE\03_EPISODES\EPISODE_01\CHARACTERS\HIMAVAN.md",".md","2824","True","True","False"
"LANGUAGE\03_EPISODES\EPISODE_01\CHARACTERS\LAKSHMANA.md",".md","3507","True","True","False"
"LANGUAGE\03_EPISODES\EPISODE_01\CHARACTERS\NARADA.md",".md","3444","True","True","False"
"LANGUAGE\03_EPISODES\EPISODE_01\CHARACTERS\PARVATI.md",".md","3680","True","True","False"
"LANGUAGE\03_EPISODES\EPISODE_01\CHARACTERS\RATI.md",".md","5185","True","True","False"
"LANGUAGE\03_EPISODES\EPISODE_01\RELATIONSHIPS\RELATIONSHIP_LANGUAGE.md",".md","44840","True","True","True"
"LANGUAGE\04_SOURCE_TEXT\SOURCE_TEXT.md",".md","35692","True","True","False"
"LANGUAGE\05_SCRIPT\DIALOGUE.md",".md","15751","True","True","True"
"LANGUAGE\05_SCRIPT\RITUAL_LANGUAGE.md",".md","15550","True","True","False"
"LANGUAGE\06_TERMINOLOGY\TERMINOLOGY.md",".md","66107","True","True","True"
"LANGUAGE\07_CONTINUITY\LANGUAGE_CONTINUITY.md",".md","47642","True","True","True"
"LANGUAGE\08_QA\LANGUAGE_QA.md",".md","64219","True","True","True"
"LANGUAGE\09_INTEGRATION\HANDOFF.md",".md","24560","True","True","True"
"LANGUAGE\09_INTEGRATION\RAG.md",".md","31899","True","True","True"
"LOCATIONS\CORE\location_state_system.md",".md","907","True","False","True"
"MATERIALS\PRODUCTION_COMPLETION_CHECKLIST.md",".md","1972","True","True","True"
"MATERIALS\README.md",".md","6746","True","True","True"
"MATERIALS\01_CORE\completion_standard.md",".md","952","True","True","True"
"MATERIALS\01_CORE\legacy_migration_disposition.md",".md","3194","True","True","False"
"MATERIALS\01_CORE\material_data_standard.md",".md","6213","True","True","True"
"MATERIALS\01_CORE\material_identity.md",".md","6595","True","True","True"
"MATERIALS\01_CORE\material_master.md",".md","14880","True","True","True"
"MATERIALS\01_CORE\material_record_requirements.md",".md","795","True","True","True"
"MATERIALS\01_CORE\material_taxonomy.md",".md","2926","True","True","True"
"MATERIALS\01_CORE\source_classification.md",".md","9855","True","True","True"
"MATERIALS\02_MATERIAL_DATABASE\00_database_index.md",".md","4535","True","True","False"
"MATERIALS\02_MATERIAL_DATABASE\01_material_record_standard.md",".md","2454","True","True","False"
"MATERIALS\02_MATERIAL_DATABASE\02_material_id_rules.md",".md","1407","True","True","False"
"MATERIALS\02_MATERIAL_DATABASE\03_source_and_evidence_rules.md",".md","4574","True","True","False"
"MATERIALS\02_MATERIAL_DATABASE\04_initial_research_sources.md",".md","1477","True","True","False"
"MATERIALS\02_MATERIAL_DATABASE\10_stone_rocks.md",".md","2134","True","True","True"
"MATERIALS\02_MATERIAL_DATABASE\11_gemstones_crystals.md",".md","1358","True","True","False"
"MATERIALS\02_MATERIAL_DATABASE\12_earth_soil_mud.md",".md","954","True","False","False"
"MATERIALS\02_MATERIAL_DATABASE\13_sand_gravel_aggregate.md",".md","650","True","False","True"
"MATERIALS\02_MATERIAL_DATABASE\14_clay_bricks_mortar_plaster.md",".md","1187","True","True","False"
"MATERIALS\02_MATERIAL_DATABASE\15_minerals_earth_ornamental_materials.md",".md","1427","True","True","False"
"MATERIALS\02_MATERIAL_DATABASE\16_charcoal_ash_soot_particulates.md",".md","993","True","True","False"
"MATERIALS\02_MATERIAL_DATABASE\17_water_and_aqueous_materials.md",".md","967","True","True","False"
"MATERIALS\02_MATERIAL_DATABASE\18_cordage_rope_mats_thatch.md",".md","733","True","True","False"
"MATERIALS\02_MATERIAL_DATABASE\19_writing_record_substrates.md",".md","716","True","False","False"
"MATERIALS\02_MATERIAL_DATABASE\20_wood_species.md",".md","1263","True","True","False"
"MATERIALS\02_MATERIAL_DATABASE\21_bamboo_reeds_grasses.md",".md","614","True","True","False"
"MATERIALS\02_MATERIAL_DATABASE\22_bark_plant_fibres.md",".md","658","True","True","False"
"MATERIALS\02_MATERIAL_DATABASE\30_metals_native.md",".md","1066","True","True","False"
"MATERIALS\02_MATERIAL_DATABASE\31_copper_alloys.md",".md","893","True","True","True"
"MATERIALS\02_MATERIAL_DATABASE\32_iron_steel.md",".md","951","True","True","False"
"MATERIALS\02_MATERIAL_DATABASE\33_precious_metals.md",".md","669","True","True","False"
"MATERIALS\02_MATERIAL_DATABASE\34_other_historical_metals.md",".md","643","True","True","False"
"MATERIALS\02_MATERIAL_DATABASE\35_special_historical_materials.md",".md","821","True","True","False"
"MATERIALS\02_MATERIAL_DATABASE\36_material_composites_and_layered_systems.md",".md","895","True","True","True"
"MATERIALS\02_MATERIAL_DATABASE\37_material_data_completeness_audit.md",".md","3366","True","True","False"
"MATERIALS\02_MATERIAL_DATABASE\38_material_synonyms_and_translation_control.md",".md","670","True","True","False"
"MATERIALS\02_MATERIAL_DATABASE\39_material_research_queue.md",".md","1198","True","True","False"
"MATERIALS\02_MATERIAL_DATABASE\40_ceramics_faience_glazes.md",".md","791","True","True","False"
"MATERIALS\02_MATERIAL_DATABASE\50_textile_fibres.md",".md","757","True","False","False"
"MATERIALS\02_MATERIAL_DATABASE\51_yarns_weaves_fabrics.md",".md","785","True","True","False"
"MATERIALS\02_MATERIAL_DATABASE\52_textile_finishes.md",".md","438","True","False","False"
"MATERIALS\02_MATERIAL_DATABASE\60_leather_hide.md",".md","520","True","True","False"
"MATERIALS\02_MATERIAL_DATABASE\61_bone_horn_ivory.md",".md","520","True","False","False"
"MATERIALS\02_MATERIAL_DATABASE\62_shell_conch_nacre.md",".md","508","True","False","False"
"MATERIALS\02_MATERIAL_DATABASE\63_feathers_hair_sinew.md",".md","469","True","False","False"
"MATERIALS\02_MATERIAL_DATABASE\70_oils_fats_waxes.md",".md","682","True","True","False"
"MATERIALS\02_MATERIAL_DATABASE\71_resins_gums_latex.md",".md","436","True","False","False"
"MATERIALS\02_MATERIAL_DATABASE\72_adhesives_binders.md",".md","518","True","False","False"
"MATERIALS\02_MATERIAL_DATABASE\80_pigments.md",".md","817","True","True","False"
"MATERIALS\02_MATERIAL_DATABASE\81_dyes_mordants.md",".md","685","True","True","False"
"MATERIALS\02_MATERIAL_DATABASE\82_coatings_polishes.md",".md","508","True","False","False"
"MATERIALS\02_MATERIAL_DATABASE\90_plant_materials.md",".md","574","True","True","False"
"MATERIALS\02_MATERIAL_DATABASE\91_animal_derived_materials.md",".md","352","True","False","False"
"MATERIALS\02_MATERIAL_DATABASE\92_food_organic_matter.md",".md","669","True","True","False"
"MATERIALS\02_MATERIAL_DATABASE\93_composite_historical_materials.md",".md","853","True","True","False"
"MATERIALS\02_MATERIAL_DATABASE\99_material_database_scope_and_gaps.md",".md","1446","True","True","False"
"MATERIALS\02_MATERIAL_DATABASE\material_research_workflow.md",".md","787","True","True","False"
"MATERIALS\03_PHYSICS\acoustic_physics.md",".md","411","True","False","False"
"MATERIALS\03_PHYSICS\ceramic_clay_physics.md",".md","425","True","False","False"
"MATERIALS\03_PHYSICS\combustion_fire.md",".md","666","True","False","True"
"MATERIALS\03_PHYSICS\deformation.md",".md","365","True","False","False"
"MATERIALS\03_PHYSICS\dust_particles_sedimentation.md",".md","380","True","True","False"
"MATERIALS\03_PHYSICS\elasticity_plasticity.md",".md","542","True","True","True"
"MATERIALS\03_PHYSICS\fluid_properties.md",".md","373","True","False","False"
"MATERIALS\03_PHYSICS\friction_contact_adhesion.md",".md","581","True","False","False"
"MATERIALS\03_PHYSICS\humidity_temperature_environment.md",".md","463","True","False","False"
"MATERIALS\03_PHYSICS\impact_momentum_collision.md",".md","459","True","False","False"
"MATERIALS\03_PHYSICS\leather_hide_physics.md",".md","347","True","True","False"
"MATERIALS\03_PHYSICS\mass_density_volume.md",".md","602","True","False","False"
"MATERIALS\03_PHYSICS\metal_physics.md",".md","459","True","False","False"
"MATERIALS\03_PHYSICS\optical_properties.md",".md","424","True","False","False"
"MATERIALS\03_PHYSICS\organic_material_physics.md",".md","346","True","False","True"
"MATERIALS\03_PHYSICS\physics_assumption_registry.md",".md","459","True","True","False"
"MATERIALS\03_PHYSICS\physics_change_control.md",".md","458","True","True","True"
"MATERIALS\03_PHYSICS\physics_completeness_audit.md",".md","1230","True","True","True"
"MATERIALS\03_PHYSICS\physics_data_standard.md",".md","1814","True","True","True"
"MATERIALS\03_PHYSICS\physics_failure_modes.md",".md","594","True","False","True"
"MATERIALS\03_PHYSICS\physics_master.md",".md","4997","True","True","True"
"MATERIALS\03_PHYSICS\physics_reference_registry.md",".md","439","True","True","True"
"MATERIALS\03_PHYSICS\physics_to_3d_interface.md",".md","310","True","True","True"
"MATERIALS\03_PHYSICS\physics_to_audio_interface.md",".md","253","True","False","False"
"MATERIALS\03_PHYSICS\physics_to_lighting_interface.md",".md","328","True","False","True"
"MATERIALS\03_PHYSICS\physics_to_simulation_interface.md",".md","400","True","False","False"
"MATERIALS\03_PHYSICS\physics_to_vfx_interface.md",".md","252","True","False","False"
"MATERIALS\03_PHYSICS\radiation_absorption_scattering.md",".md","460","True","False","False"
"MATERIALS\03_PHYSICS\stone_earth_physics.md",".md","508","True","False","False"
"MATERIALS\03_PHYSICS\surface_microphysics.md",".md","363","True","False","True"
"MATERIALS\03_PHYSICS\textile_fibre_physics.md",".md","422","True","False","False"
"MATERIALS\03_PHYSICS\uncertainty_and_error.md",".md","938","True","False","True"
"MATERIALS\03_PHYSICS\validity_regimes.md",".md","680","True","False","True"
"MATERIALS\03_PHYSICS\vibration_resonance.md",".md","429","True","False","False"
"MATERIALS\03_PHYSICS\weathering_erosion_physics.md",".md","388","True","False","True"
"MATERIALS\03_PHYSICS\wetting_absorption_permeability.md",".md","526","True","False","False"
"MATERIALS\03_PHYSICS\wood_physics.md",".md","414","True","False","True"
"MATERIALS\04_SURFACE_STRUCTURE\imperfections.md",".md","1733","True","False","False"
"MATERIALS\04_SURFACE_STRUCTURE\macro_structure.md",".md","1715","True","True","False"
"MATERIALS\04_SURFACE_STRUCTURE\material_database_and_assignment_gap_report.md",".md","1687","True","True","True"
"MATERIALS\04_SURFACE_STRUCTURE\material_record_inventory.csv",".csv","5556","True","True","False"
"MATERIALS\04_SURFACE_STRUCTURE\micro_surface.md",".md","1745","True","True","True"
"MATERIALS\04_SURFACE_STRUCTURE\multiple_reflection_and_light_transport.md",".md","4434","True","True","True"
"MATERIALS\04_SURFACE_STRUCTURE\natural_variation.md",".md","1695","True","True","False"
"MATERIALS\04_SURFACE_STRUCTURE\README_REPAIR_PACKAGE.md",".md","1190","True","True","True"
"MATERIALS\04_SURFACE_STRUCTURE\sub_micro_structure.md",".md","1714","True","True","True"
"MATERIALS\04_SURFACE_STRUCTURE\surface_change_and_decision_log.md",".md","1095","True","True","True"
"MATERIALS\04_SURFACE_STRUCTURE\surface_cross_folder_contract.md",".md","1994","True","True","True"
"MATERIALS\04_SURFACE_STRUCTURE\surface_environment_interaction.md",".md","1441","True","False","False"
"MATERIALS\04_SURFACE_STRUCTURE\surface_evidence_and_research_register.md",".md","1969","True","True","True"
"MATERIALS\04_SURFACE_STRUCTURE\surface_evidence_source_register.md",".md","3293","True","True","True"
"MATERIALS\04_SURFACE_STRUCTURE\surface_failure_modes.md",".md","1922","True","True","True"
"MATERIALS\04_SURFACE_STRUCTURE\surface_final_inventory.md",".md","1236","True","True","False"
"MATERIALS\04_SURFACE_STRUCTURE\surface_implementation_handoff.md",".md","1827","True","True","True"
"MATERIALS\04_SURFACE_STRUCTURE\surface_interfaces_and_layers.md",".md","1547","True","True","True"
"MATERIALS\04_SURFACE_STRUCTURE\surface_material_family_mapping.csv",".csv","4101","True","True","True"
"MATERIALS\04_SURFACE_STRUCTURE\surface_material_research_queue.csv",".csv","8535","True","True","True"
"MATERIALS\04_SURFACE_STRUCTURE\surface_record_standard.md",".md","2210","True","True","True"
"MATERIALS\04_SURFACE_STRUCTURE\surface_release_gate.md",".md","1727","True","True","True"
"MATERIALS\04_SURFACE_STRUCTURE\surface_renderer_confirmation_note.md",".md","1067","True","True","False"
"MATERIALS\04_SURFACE_STRUCTURE\surface_renderer_test_matrix.md",".md","2130","True","True","True"
"MATERIALS\04_SURFACE_STRUCTURE\surface_renderer_validation_register.csv",".csv","5635","True","True","True"
"MATERIALS\04_SURFACE_STRUCTURE\surface_research_execution_plan.md",".md","5315","True","True","True"
"MATERIALS\04_SURFACE_STRUCTURE\surface_scale_and_filtering.md",".md","1754","True","False","True"
"MATERIALS\04_SURFACE_STRUCTURE\surface_structure_audit_report.txt",".txt","1771","True","True","False"
"MATERIALS\04_SURFACE_STRUCTURE\surface_structure_completion_discovery.txt",".txt","11921","True","True","False"
"MATERIALS\04_SURFACE_STRUCTURE\surface_structure_master.md",".md","5281","True","True","True"
"MATERIALS\04_SURFACE_STRUCTURE\surface_validation_and_qa.md",".md","2537","True","True","True"
"MATERIALS\04_SURFACE_STRUCTURE\ONE_PASS_AUDIT_20261009_104240\material_database_and_assignment_gap_report.md",".md","1687","True","True","True"
"MATERIALS\04_SURFACE_STRUCTURE\ONE_PASS_AUDIT_20261009_104240\material_record_inventory.csv",".csv","5556","True","True","False"
"MATERIALS\04_SURFACE_STRUCTURE\ONE_PASS_AUDIT_20261009_104240\material_record_inventory_detailed.csv",".csv","14500","True","True","False"
"MATERIALS\04_SURFACE_STRUCTURE\ONE_PASS_AUDIT_20261009_104240\ONE_PASS_COMPLETION_AUDIT.md",".md","4772","True","True","True"
"MATERIALS\04_SURFACE_STRUCTURE\ONE_PASS_AUDIT_20261009_104240\surface_material_family_mapping.csv",".csv","4101","True","True","True"
"MATERIALS\04_SURFACE_STRUCTURE\ONE_PASS_AUDIT_20261009_104240\surface_material_research_queue.csv",".csv","8535","True","True","True"
"MATERIALS\04_SURFACE_STRUCTURE\ONE_PASS_AUDIT_20261009_104240\surface_release_gate_register.csv",".csv","1559","True","True","True"
"MATERIALS\04_SURFACE_STRUCTURE\ONE_PASS_AUDIT_20261009_104240\surface_renderer_validation_register.csv",".csv","5635","True","True","True"
"MATERIALS\05_BEHAVIOR\aging.md",".md","1585","True","True","True"
"MATERIALS\05_BEHAVIOR\damage.md",".md","1547","True","True","False"
"MATERIALS\05_BEHAVIOR\dust_dirt_mud.md",".md","1572","True","True","True"
"MATERIALS\05_BEHAVIOR\environmental_response.md",".md","1568","True","True","False"
"MATERIALS\05_BEHAVIOR\repair.md",".md","1528","True","True","True"
"MATERIALS\05_BEHAVIOR\water_wetting_absorption.md",".md","1592","True","True","False"
"MATERIALS\05_BEHAVIOR\wear.md",".md","1519","True","True","False"
"MATERIALS\05_BEHAVIOR\weathering.md",".md","1492","True","True","False"
"MATERIALS\06_STATES\condition_states.md",".md","1582","True","True","False"
"MATERIALS\06_STATES\material_state_model.md",".md","4089","True","True","True"
"MATERIALS\06_STATES\state_continuity.md",".md","1477","True","True","False"
"MATERIALS\06_STATES\state_transitions.md",".md","2593","True","True","False"
"MATERIALS\06_STATES\thermal_states.md",".md","1529","True","True","False"
"MATERIALS\06_STATES\wet_dry_states.md",".md","1493","True","True","False"
"MATERIALS\07_CONTINUITY\material_continuity_rules.md",".md","1021","True","True","True"
"MATERIALS\07_HISTORICAL_CANONICAL\canonical_material_usage.md",".md","1574","True","True","False"
"MATERIALS\07_HISTORICAL_CANONICAL\conflicts_uncertainty.md",".md","1577","True","True","False"
"MATERIALS\07_HISTORICAL_CANONICAL\historical_material_availability.md",".md","1551","True","True","False"
"MATERIALS\07_HISTORICAL_CANONICAL\material_evidence.md",".md","1569","True","True","False"
"MATERIALS\07_HISTORICAL_CANONICAL\traditional_indian_materials.md",".md","1548","True","True","False"
"MATERIALS\07_HISTORICAL_CANONICAL\traditional_manufacturing.md",".md","1563","True","True","False"
"MATERIALS\08_ASSET_ASSIGNMENTS\asset_assignment_rules.md",".md","613","True","True","True"
"MATERIALS\08_INTERACTION\animal_interaction.md",".md","1529","True","True","False"
"MATERIALS\08_INTERACTION\architecture_interaction.md",".md","1509","True","True","False"
"MATERIALS\08_INTERACTION\environment_interaction.md",".md","1475","True","True","False"
"MATERIALS\08_INTERACTION\human_interaction.md",".md","1518","True","True","False"
"MATERIALS\08_INTERACTION\prop_interaction.md",".md","1459","True","True","False"
"MATERIALS\09_AI_PRODUCTION\artifact_prevention.md",".md","1548","True","True","True"
"MATERIALS\09_AI_PRODUCTION\candidate_selection.md",".md","1521","True","True","False"
"MATERIALS\09_AI_PRODUCTION\material_generation_validation.md",".md","1578","True","True","True"
"MATERIALS\09_AI_PRODUCTION\material_prompting.md",".md","1550","True","True","False"
"MATERIALS\09_AI_PRODUCTION\negative_constraints.md",".md","1575","True","True","True"
"MATERIALS\09_AI_PRODUCTION\reference_strategy.md",".md","1655","True","True","False"
"MATERIALS\09_REGISTRY\material_registry_rules.md",".md","683","True","True","False"
"MATERIALS\10_CONTINUITY_QA\approval_criteria.md",".md","1516","True","True","False"
"MATERIALS\10_CONTINUITY_QA\cross_episode_consistency.md",".md","1550","True","True","True"
"MATERIALS\10_CONTINUITY_QA\cross_scene_consistency.md",".md","1460","True","True","False"
"MATERIALS\10_CONTINUITY_QA\cross_shot_consistency.md",".md","1480","True","True","False"
"MATERIALS\10_CONTINUITY_QA\material_acceptance_criteria.md",".md","1392","True","True","False"
"MATERIALS\10_CONTINUITY_QA\material_continuity.md",".md","2511","True","True","True"
"MATERIALS\10_CONTINUITY_QA\realism_qa.md",".md","5550","True","True","True"
"MATERIALS\10_CONTINUITY_QA\temporal_consistency.md",".md","1474","True","True","False"
"MATERIALS\11_EVIDENCE\evidence_ledger_rules.md",".md","755","True","True","False"
"MATERIALS\11_PRODUCTION_HANDOFF\3d_handoff.md",".md","1525","True","True","True"
"MATERIALS\11_PRODUCTION_HANDOFF\lighting_handoff.md",".md","1559","True","True","False"
"MATERIALS\11_PRODUCTION_HANDOFF\physics_handoff.md",".md","1468","True","True","False"
"MATERIALS\11_PRODUCTION_HANDOFF\render_validation.md",".md","2703","True","True","False"
"MATERIALS\11_PRODUCTION_HANDOFF\shader_handoff.md",".md","1546","True","True","True"
"MATERIALS\11_PRODUCTION_HANDOFF\texture_handoff.md",".md","1546","True","True","True"
"MATERIALS\11_PRODUCTION_HANDOFF\vfx_handoff.md",".md","1515","True","True","False"
"MATERIALS\12_REGISTRY\change_control.md",".md","1495","True","True","False"
"MATERIALS\12_REGISTRY\material_registry.md",".md","2287","True","True","True"
"MATERIALS\12_REGISTRY\material_variants.md",".md","1534","True","True","False"
"MATERIALS\12_REGISTRY\material_versions.md",".md","1487","True","True","False"
"MOTIONS\CORE\motion_qa.md",".md","836","True","False","False"
"NARRATION\CORE\narrative_point_of_view.md",".md","1071","True","True","False"
"NARRATION\EPISODE_01\narration_architecture.md",".md","480","True","False","False"
"NARRATION\NARRATIVE_LAYERS\narration_hierarchy.md",".md","873","True","True","False"
"NARRATION\NARRATORS\TULSIDAS\when_tulsidas_speaks.md",".md","480","True","True","False"
"NATURE\ATMOSPHERE\atmosphere_system.md",".md","1189","True","False","False"
"NATURE\CORE\nature_state_system.md",".md","454","True","False","False"
"NATURE\CORE\nature_system.md",".md","1509","True","True","True"
"NATURE\CORE\nature_variation_system.md",".md","1083","True","False","False"
"NATURE\GROUND\ground_system.md",".md","204","True","False","False"
"NATURE\NATURAL_PHENOMENA\natural_phenomena_system.md",".md","437","True","False","False"
"NATURE\ROCKS_AND_STONE\rock_system.md",".md","277","True","False","False"
"PERFORMANCE_LIBRARY\APPROVALS\approval_system.md",".md","317","True","True","False"
"PERFORMANCE_LIBRARY\CORE\performance_library_policy.md",".md","352","True","True","True"
"PERFORMANCE_LIBRARY\CORE\performance_library_system.md",".md","1077","True","True","True"
"PERFORMANCE_LIBRARY\FACIAL_PERFORMANCES\facial_performance_library.md",".md","287","True","False","False"
"PERFORMANCE_LIBRARY\SOURCES\AI_GENERATED\ai_performance_policy.md",".md","345","True","True","True"
"PROMPTS\README.md",".md","1756","True","True","True"
"PROMPTS\BUILDING_BLOCKS\LIGHTING\lighting_block.md",".md","177","True","False","False"
"PROMPTS\BUILDING_BLOCKS\MATERIALS\materials_block.md",".md","137","True","False","False"
"PROMPTS\CONSTRAINTS\AI_ARTIFACTS\ai_artifact_constraints.md",".md","451","True","True","False"
"PROMPTS\CONSTRAINTS\PHYSICS\physics_constraints.md",".md","203","True","False","False"
"PROMPTS\CONSTRAINTS\VISUAL\visual_constraints.md",".md","259","True","False","False"
"PROMPTS\CORE\prompt_hierarchy.md",".md","431","True","False","False"
"PROMPTS\CORE\prompt_system.md",".md","1081","True","True","True"
"PROMPTS\PROMPT_TEMPLATES\LOCATION\location_prompt_template.md",".md","371","True","False","False"
"PROMPTS\PROMPT_TYPES\COSTUME\costume_prompts.md",".md","312","True","False","False"
"PROMPTS\PROMPT_TYPES\PROP\prop_prompts.md",".md","207","True","False","False"
"PROPS\MATERIAL_HANDOFF\material_assignment.md",".md","1366","True","True","True"
"TEXTURES\cloth.md",".md","66","True","True","True"
"_PROJECT_AUDIT\duplicate_files.csv",".csv","740344","True","True","True"
"_PROJECT_AUDIT\FINAL_PROJECT_STRUCTURE_AUDIT.txt",".txt","844788","True","True","True"
