"CurrentPath","Bytes","Characters","Headings","ExactLegacyHashMatch","MatchingLegacyPaths"
"01_CORE\material_data_standard.md","5274","5255","MATERIAL DATA STANDARD | PURPOSE | 1. REQUIRED BASE FIELDS | 2. MATERIAL ID | 3. VERSION | 4. APPROVAL | 5. SEPARATE APPROVAL LAYERS | 6. VALUE TYPES | 7. PHYSICAL VALUE RECORD | 8. UNITS | 9. NO FALSE PRECISION | 10. UNKNOWN VS ZERO | 11. CONDITIONAL VALUES | 12. VALIDITY ENVELOPE | 13. DIRECTIONAL PROPERTIES | 14. FACT / INFERENCE / RECONSTRUCTION | 15. UNCERTAINTY PROPAGATION | 16. SIMULATION PARAMETERS | 17. INSTANCE DATA | 18. DUPLICATION RULE | 19. DELETION RULE | 20. VALIDATION | 21. SCHEMA EXTENSION | 22. DATA BOUNDARY","False",""
"01_CORE\material_identity.md","3266","3263","MATERIAL IDENTITY | PURPOSE | 1. IDENTITY COMPONENTS | 2. MATERIAL ID | 3. MATERIAL NAME | 4. IDENTITY VS CONDITION | 5. IDENTITY VS OBJECT | 6. IDENTITY VS APPEARANCE | 7. COMPOSITE OBJECTS | 8. COMPOSITE MATERIALS | 9. VARIANTS | 10. IDENTITY CONFIDENCE | 11. IDENTITY LOCK | 12. NO INVENTED IDENTITY | 13. IDENTITY TRANSFORMATION","False",""
"01_CORE\material_master.md","10189","10074","MATERIAL MASTER | 1. PURPOSE | 2. FUNDAMENTAL PRINCIPLE | 3. MATERIAL CAUSALITY | 4. MATERIAL SYSTEM OWNERSHIP | 5. PROPERTY OWNERSHIP | 6. BEHAVIOR VS STATE | 7. STATE VS TRANSFORMATION | 8. REAL PHYSICS VS SIMULATION APPROXIMATION | 9. CONDITIONS AND VALIDITY | 10. CAUSAL STATE TRANSITIONS | 11. MATERIAL CONSERVATION / TRANSFORMATION | 12. PHYSICAL PROPERTY PROVENANCE | 13. UNCERTAINTY PROPAGATION | 14. APPROVAL LAYERS | 15. MATERIAL CONTINUITY | 16. VERSION DEPENDENCY | 17. CHANGE CONTROL | 18. REAL-WORLD VALIDATION | 19. FAILURE SEVERITY | 20. UNKNOWN INFORMATION | 21. USER AUTHORITY | 22. CORE BOUNDARY | 23. NON-NEGOTIABLE RULE","False",""
"01_CORE\material_taxonomy.md","2224","2199","MATERIAL TAXONOMY | PURPOSE | 1. PRIMARY GROUPS | 2. TAXONOMIC HIERARCHY | 3. PRIMARY / SECONDARY CLASSIFICATION | 4. PROCESSING DOES NOT AUTOMATICALLY CHANGE TAXONOMY | 5. TAXONOMY DOES NOT DEFINE PHYSICS | 6. TAXONOMY DOES NOT DEFINE APPEARANCE | 7. NEW CATEGORY RULE | 8. TAXONOMY STABILITY | 9. UNKNOWN | 10. TAXONOMY BOUNDARY","False",""
"01_CORE\source_classification.md","6605","6566","SOURCE CLASSIFICATION | PURPOSE | 1. SOURCE CLASSES | direct_canon | derived_canon | traditional_interpretation | historical_reconstruction | scientific_fact | engineering_reference | visual_reconstruction | directorial_choice | production_choice | unknown | uncertain | 2. CLAIM-LEVEL CLASSIFICATION | 3. SOURCE AUTHORITY DEPENDS ON QUESTION | 4. NO AUTHORITY COLLAPSE | 5. SOURCE RECORD | 6. PRIMARY / SECONDARY / TERTIARY | 7. SCIENTIFIC VALUE TRANSFER | 8. MODERN DATA VS HISTORICAL MATERIAL | 9. INFERENCE REQUIREMENT | 10. HISTORICAL RECONSTRUCTION | 11. VISUAL REFERENCES | 12. AI-GENERATED REFERENCES | 13. CONFLICTS | 14. CONFLICT TYPES | 15. CONFLICT SEVERITY | 16. CONFIDENCE | 17. UNCERTAINTY PROPAGATION | 18. UNKNOWN INFORMATION | 19. USER DECISION | 20. PROHIBITED PRACTICES | 21. TRACEABILITY | 22. FINAL EVIDENCE RULE","False",""
"02_MATERIAL_DATABASE\00_database_index.md","4535","4530","MATERIAL DATABASE — INDEX | Purpose | Material classes covered | Important identity families | Not automatically a material record | Evidence rule | Status labels | Sources used for the initial inventory","False",""
"02_MATERIAL_DATABASE\01_material_record_standard.md","2454","2451","MATERIAL RECORD STANDARD | 1. Identity | 2. Origin | 3. Composition | 4. Baseline physical identity | 5. Manufacturing / preparation identity | 6. Appearance identity | 7. Historical relevance | 8. Known variants | 9. Exclusions | 10. Cross-system links | Evidence status","False",""
"02_MATERIAL_DATABASE\02_material_id_rules.md","1407","1404","MATERIAL ID RULES | Permanent IDs | Material definition vs instance | Do not merge | Composite materials | Unknowns | Versioning","False",""
"02_MATERIAL_DATABASE\03_source_and_evidence_rules.md","1594","1591","SOURCE AND EVIDENCE RULES | Source classes | Priority | Critical distinction | Conflict rule | Uncertainty | Research note","False",""
"02_MATERIAL_DATABASE\04_initial_research_sources.md","1477","1460","INITIAL RESEARCH SOURCES | Interpretation rule","False",""
"02_MATERIAL_DATABASE\10_stone_rocks.md","2134","2131","STONE AND ROCK MATERIALS | Scope | Material families | Granite | Basalt | Sandstone | Limestone | Marble | Slate | Schist | Quartzite | Laterite | Soapstone / steatite | Agate | Carnelian | Jasper | Chalcedony | Flint / chert | Identity rule | Historical note","False",""
"02_MATERIAL_DATABASE\11_gemstones_crystals.md","1358","1355","GEMSTONES, CRYSTALS AND ORNAMENTAL MINERALS | Major identity families | Important distinction | Rock crystal / quartz | Corundum | Beryl | Diamond | Pearl | Coral | Production rule","False",""
"02_MATERIAL_DATABASE\12_earth_soil_mud.md","954","951","EARTH, SOIL AND MUD | Material families | Identity | Relevant constituents | Production rule","False",""
"02_MATERIAL_DATABASE\13_sand_gravel_aggregate.md","650","647","SAND, GRAVEL AND AGGREGATE | Material families | Identity | Aggregate | Production rule","False",""
"02_MATERIAL_DATABASE\14_clay_bricks_mortar_plaster.md","1187","1184","CLAY, BRICK, MORTAR AND PLASTER | Clay | Earthen brick / mud brick | Fired brick | Lime | Gypsum | Mortar | Plaster | Historical note","False",""
"02_MATERIAL_DATABASE\15_minerals_earth_ornamental_materials.md","1427","1424","MINERALS, EARTH MATERIALS AND ORNAMENTAL STONES | Material families to research when evidence supports use | Identity requirements | Important distinction","False",""
"02_MATERIAL_DATABASE\16_charcoal_ash_soot_particulates.md","993","990","CHARCOAL, ASH, SOOT AND PARTICULATE MATERIALS | Scope | Material identities | Required distinction | Record","False",""
"02_MATERIAL_DATABASE\17_water_and_aqueous_materials.md","967","964","WATER AND AQUEOUS MATERIAL IDENTITIES | Identity | Rules | Ownership","False",""
"02_MATERIAL_DATABASE\18_cordage_rope_mats_thatch.md","733","730","CORDAGE, ROPE, MATS, THATCH AND FIBRE ASSEMBLIES | Families | Required identity fields","False",""
"02_MATERIAL_DATABASE\19_writing_record_substrates.md","716","713","WRITING, RECORD AND IMAGE SUBSTRATES | Candidate families | Rules","False",""
"02_MATERIAL_DATABASE\20_wood_species.md","1263","1260","WOOD AND TIMBER | Scope | Important candidate species/families for research | Record identity | Important warning | Material states","False",""
"02_MATERIAL_DATABASE\21_bamboo_reeds_grasses.md","614","611","BAMBOO, REEDS, CANE AND GRASSES | Material families | Identity | Uses to investigate | Production rule","False",""
"02_MATERIAL_DATABASE\22_bark_plant_fibres.md","658","655","BARK AND PLANT FIBRES | Material families | Identity | Important distinction | Historical rule","False",""
"02_MATERIAL_DATABASE\30_metals_native.md","1066","1063","NATIVE AND BASE METALS | Material families | Native metal | Copper | Gold | Silver | Lead, tin, zinc, mercury | Historical technology","False",""
"02_MATERIAL_DATABASE\31_copper_alloys.md","893","890","COPPER ALLOYS | Bronze | Arsenical copper / arsenical bronze | Brass | Other copper alloys | Production rule","False",""
"02_MATERIAL_DATABASE\32_iron_steel.md","951","948","IRON AND STEEL | Iron | Wrought iron | Cast iron | Steel | Rule","False",""
"02_MATERIAL_DATABASE\33_precious_metals.md","669","666","PRECIOUS METALS | Gold | Silver | Electrum-like gold-silver alloys | Production rule","False",""
"02_MATERIAL_DATABASE\34_other_historical_metals.md","643","640","OTHER HISTORICALLY RELEVANT METALS | Tin | Lead | Zinc | Mercury | Rule","False",""
"02_MATERIAL_DATABASE\35_special_historical_materials.md","821","818","SPECIAL HISTORICAL MATERIALS | Candidate identities requiring evidence | Rule","False",""
"02_MATERIAL_DATABASE\36_material_composites_and_layered_systems.md","895","892","MATERIAL COMPOSITES AND LAYERED SYSTEMS | Composite identity types | Required record","False",""
"02_MATERIAL_DATABASE\37_material_data_completeness_audit.md","3366","3363","MATERIAL DATA COMPLETENESS AUDIT | A. Identity completeness | B. Evidence completeness | C. Historical completeness | D. Scientific completeness | E. Negative-space audit | F. Production-use audit | G. Completion rule | H. No-loophole principle","False",""
"02_MATERIAL_DATABASE\38_material_synonyms_and_translation_control.md","670","667","MATERIAL SYNONYMS AND TRANSLATION CONTROL | Required fields | Rules","False",""
"02_MATERIAL_DATABASE\39_material_research_queue.md","482","479","MATERIAL RESEARCH QUEUE","False",""
"02_MATERIAL_DATABASE\40_ceramics_faience_glazes.md","791","788","CERAMICS, EARTHENWARE, FAience AND GLAZES | Ceramic families | Terracotta | Faience | Glaze | Rule","False",""
"02_MATERIAL_DATABASE\41_glass_mineral.md","737","734","GLASS AND MINERAL GLASS-LIKE MATERIALS | Glass | Historical identity | Faience | Quartz crystal | Obsidian | Rule","False",""
"02_MATERIAL_DATABASE\50_textile_fibres.md","757","754","TEXTILE FIBRES | Plant fibres | Animal fibres | Cotton | Silk | Wool | Rule","False",""
"02_MATERIAL_DATABASE\51_yarns_weaves_fabrics.md","785","772","YARN, WEAVE AND FABRIC MATERIALS | Stages | Construction families | Historical Indian textile evidence | Production rule","False",""
"02_MATERIAL_DATABASE\52_textile_finishes.md","438","435","TEXTILE FINISHES | Finish families | Rule","False",""
"02_MATERIAL_DATABASE\60_leather_hide.md","520","517","LEATHER AND HIDE | Raw hide | Leather | Identity variables | Rule","False",""
"02_MATERIAL_DATABASE\61_bone_horn_ivory.md","520","517","BONE, HORN AND IVORY | Bone | Horn | Ivory | Historical uses | Rule","False",""
"02_MATERIAL_DATABASE\62_shell_conch_nacre.md","508","505","SHELL, CONCH AND NACRE | Shell | Conch | Nacre | Coral | Rule","False",""
"02_MATERIAL_DATABASE\63_feathers_hair_sinew.md","469","466","FEATHERS, HAIR AND SINEW | Feathers | Hair | Sinew | Scope rule","False",""
"02_MATERIAL_DATABASE\70_oils_fats_waxes.md","682","679","OILS, FATS AND WAXES | Plant oils | Animal fats | Beeswax | Plant waxes | Rule","False",""
"02_MATERIAL_DATABASE\71_resins_gums_latex.md","436","433","RESINS, GUMS AND LATEX | Material families | Identity | Uses to investigate","False",""
"02_MATERIAL_DATABASE\72_adhesives_binders.md","518","515","ADHESIVES AND BINDERS | Binder families | Rule","False",""
"02_MATERIAL_DATABASE\80_pigments.md","817","814","PIGMENTS AND MINERAL COLOURANTS | Mineral/inorganic families | Rule","False",""
"02_MATERIAL_DATABASE\81_dyes_mordants.md","685","682","DYES AND MORDANTS | Plant dye families | Insect dyes | Mineral/inorganic colourants | Mordants | Rule","False",""
"02_MATERIAL_DATABASE\82_coatings_polishes.md","508","505","COATINGS, POLISHES AND SURFACE FINISHES | Families | Rule","False",""
"02_MATERIAL_DATABASE\90_plant_materials.md","574","571","PLANT-DERIVED RAW MATERIALS | Scope | Production rule","False",""
"02_MATERIAL_DATABASE\91_animal_derived_materials.md","352","349","ANIMAL-DERIVED MATERIALS | Families | Rule","False",""
"02_MATERIAL_DATABASE\92_food_organic_matter.md","669","666","FOOD AND ORGANIC MATTER | Why this exists | Material families to support when scenes require them | Rule","False",""
"02_MATERIAL_DATABASE\93_composite_historical_materials.md","853","850","COMPOSITE AND ENGINEERED HISTORICAL MATERIALS | Scope | Rule | Required record","False",""
"02_MATERIAL_DATABASE\99_material_database_scope_and_gaps.md","1446","1443","DATABASE SCOPE, GAPS AND FUTURE EXPANSION | Current state | Deliberately not exploded into hundreds of species | Mandatory future additions | No silent modern substitution","False",""
"03_PHYSICS\acoustic_physics.md","411","408","ACOUSTIC PHYSICS","False",""
"03_PHYSICS\bone_horn_shell_physics.md","399","396","BONE, HORN AND SHELL PHYSICS","False",""
"03_PHYSICS\ceramic_clay_physics.md","425","422","CERAMIC AND CLAY PHYSICS","False",""
"03_PHYSICS\combustion_fire.md","666","651","COMBUSTION AND FIRE","False",""
"03_PHYSICS\deformation.md","365","362","DEFORMATION","False",""
"03_PHYSICS\dust_particles_sedimentation.md","380","377","DUST, PARTICLES AND SEDIMENTATION","False",""
"03_PHYSICS\elasticity_plasticity.md","542","539","ELASTICITY AND PLASTICITY","False",""
"03_PHYSICS\fluid_mechanics.md","432","429","FLUID MECHANICS","False",""
"03_PHYSICS\fluid_properties.md","373","370","FLUID PROPERTIES","False",""
"03_PHYSICS\friction_contact_adhesion.md","581","578","FRICTION, CONTACT AND ADHESION","False",""
"03_PHYSICS\glass_mineral_physics.md","399","396","GLASS AND MINERAL PHYSICS","False",""
"03_PHYSICS\heat_transfer.md","409","406","HEAT TRANSFER","False",""
"03_PHYSICS\humidity_temperature_environment.md","463","460","HUMIDITY AND TEMPERATURE ENVIRONMENT","False",""
"03_PHYSICS\impact_momentum_collision.md","459","456","IMPACT, MOMENTUM AND COLLISION","False",""
"03_PHYSICS\leather_hide_physics.md","347","344","LEATHER AND HIDE PHYSICS","False",""
"03_PHYSICS\mass_density_volume.md","602","599","MASS, DENSITY AND VOLUME","False",""
"03_PHYSICS\measurement_methods.md","480","477","MEASUREMENT METHODS","False",""
"03_PHYSICS\mechanical_properties.md","501","498","MECHANICAL PROPERTIES","False",""
"03_PHYSICS\metal_physics.md","459","456","METAL PHYSICS","False",""
"03_PHYSICS\model_validation.md","413","410","MODEL VALIDATION","False",""
"03_PHYSICS\numerical_methods.md","359","356","NUMERICAL METHODS","False",""
"03_PHYSICS\optical_properties.md","424","421","OPTICAL PROPERTIES","False",""
"03_PHYSICS\organic_material_physics.md","346","343","ORGANIC MATERIAL PHYSICS","False",""
"03_PHYSICS\phase_change.md","393","390","PHASE CHANGE","False",""
"03_PHYSICS\physical_models.md","645","642","PHYSICAL MODELS","False",""
"03_PHYSICS\physical_provenance.md","586","573","PHYSICAL PROVENANCE","False",""
"03_PHYSICS\physics_assumption_registry.md","459","456","PHYSICS ASSUMPTION REGISTRY","False",""
"03_PHYSICS\physics_change_control.md","458","455","PHYSICS CHANGE CONTROL","False",""
"03_PHYSICS\physics_completeness_audit.md","1230","1227","PHYSICS COMPLETENESS AUDIT | Identity | Units | Conditions | Data | Model | Numerical | Validation | Causality | Historical | Handoff","False",""
"03_PHYSICS\physics_data_standard.md","1814","1801","PHYSICS DATA STANDARD | Provenance | Mandatory rule | Significant figures | Ranges | Distributions | Zero | Not applicable | Unknown | Dependency | Versioning","False",""
"03_PHYSICS\physics_failure_modes.md","594","591","PHYSICS FAILURE MODES","False",""
"03_PHYSICS\physics_master.md","4997","4954","PHYSICS MASTER | Purpose | Hierarchy | Absolute principles | Required causal chain | Conservation | Reality versus simulation | Required uncertainty categories | Required status values | Physics ownership | No double ownership | No fake exactness | Final principle","False",""
"03_PHYSICS\physics_reference_registry.md","439","424","PHYSICS REFERENCE REGISTRY","False",""
"03_PHYSICS\physics_to_3d_interface.md","310","305","PHYSICS → 3D INTERFACE","False",""
"03_PHYSICS\physics_to_audio_interface.md","253","248","PHYSICS → AUDIO INTERFACE","False",""
"03_PHYSICS\physics_to_behavior_interface.md","282","277","PHYSICS → BEHAVIOR INTERFACE","False",""
"03_PHYSICS\physics_to_lighting_interface.md","328","323","PHYSICS → LIGHTING INTERFACE","False",""
"03_PHYSICS\physics_to_simulation_interface.md","400","395","PHYSICS → SIMULATION INTERFACE","False",""
"03_PHYSICS\physics_to_states_interface.md","379","366","PHYSICS → STATES INTERFACE","False",""
"03_PHYSICS\physics_to_vfx_interface.md","252","247","PHYSICS → VFX INTERFACE","False",""
"03_PHYSICS\radiation_absorption_scattering.md","460","457","RADIATION, ABSORPTION AND SCATTERING","False",""
"03_PHYSICS\real_world_validation.md","530","527","REAL-WORLD VALIDATION","False",""
"03_PHYSICS\scale_and_dimension.md","398","395","SCALE AND DIMENSION","False",""
"03_PHYSICS\simulation_approximation.md","438","435","SIMULATION APPROXIMATION","False",""
"03_PHYSICS\simulation_models.md","389","374","SIMULATION MODELS","False",""
"03_PHYSICS\stone_earth_physics.md","508","505","STONE AND EARTH PHYSICS","False",""
"03_PHYSICS\strength_failure_fracture.md","527","524","STRENGTH, FAILURE AND FRACTURE","False",""
"03_PHYSICS\surface_microphysics.md","363","360","SURFACE MICROPHYSICS","False",""
"03_PHYSICS\textile_fibre_physics.md","422","419","TEXTILE AND FIBRE PHYSICS","False",""
"03_PHYSICS\thermal_properties.md","462","459","THERMAL PROPERTIES","False",""
"03_PHYSICS\uncertainty_and_error.md","938","935","UNCERTAINTY AND ERROR | Separate error classes | Never combine unlike uncertainties without justification. | Error propagation | Numerical convergence | Validation","False",""
"03_PHYSICS\units_and_dimensions.md","851","848","UNITS AND DIMENSIONS | Internal standard | Rules","False",""
"03_PHYSICS\validity_regimes.md","680","663","VALIDITY REGIMES","False",""
"03_PHYSICS\vibration_resonance.md","429","426","VIBRATION AND RESONANCE","False",""
"03_PHYSICS\weathering_erosion_physics.md","388","385","WEATHERING AND EROSION PHYSICS","False",""
"03_PHYSICS\wetting_absorption_permeability.md","526","523","WETTING, ABSORPTION AND PERMEABILITY","False",""
"03_PHYSICS\wood_physics.md","414","411","WOOD PHYSICS","False",""
"04_SURFACE_STRUCTURE\asset_material_assignment_register.csv","3","0","","False",""
"04_SURFACE_STRUCTURE\imperfections.md","1733","1730","IMPERFECTIONS | Purpose | Candidate classes | Causal consistency | Spatial statistics | Representation | Validation","False",""
"04_SURFACE_STRUCTURE\macro_structure.md","1715","1712","MACRO STRUCTURE | Scope | Candidate features | Physical constraints | Representation choice | Validation","False",""
"04_SURFACE_STRUCTURE\material_database_and_assignment_gap_report.md","1687","1668","Material Database and Assignment Gap Report | Database inventory | Empty database files | Asset and material handoff status | Interpretation | Required next actions","False",""
"04_SURFACE_STRUCTURE\material_record_inventory.csv","5556","5551","","False",""
"04_SURFACE_STRUCTURE\medium_structure.md","1547","1544","MEDIUM STRUCTURE | Scope | Required descriptors where relevant | Statistical structure | Representation | Validation","False",""
"04_SURFACE_STRUCTURE\micro_surface.md","1745","1742","MICRO SURFACE | Scope | Possible features | Geometry versus roughness | Required descriptors | Optical behavior | Validation","False",""
"04_SURFACE_STRUCTURE\multiple_reflection_and_light_transport.md","4434","4431","MULTIPLE REFLECTION AND LIGHT TRANSPORT | Scope | Interface behavior | Multiple-bounce transport | Energy accounting | Prevent double counting | Geometry and structure | Scale and wavelength | Controlled test scenes | Acceptance metrics","False",""
"04_SURFACE_STRUCTURE\natural_variation.md","1695","1692","NATURAL VARIATION AND CORRELATION | Principle | Dimensions to consider | Correlated variation | Procedural controls | Continuity | Validation","False",""
"04_SURFACE_STRUCTURE\README_REPAIR_PACKAGE.md","1190","1178","Surface Structure Repair Package | Files | Important","False",""
"04_SURFACE_STRUCTURE\sub_micro_structure.md","1714","1711","SUB-MICROSTRUCTURE | Scope | Distinctions | Model selection | Energy and overlap | Uncertainty | Validation","False",""
"04_SURFACE_STRUCTURE\surface_change_and_decision_log.md","1095","1092","SURFACE STRUCTURE CHANGE AND DECISION LOG | Decision record template | Change classes | Rules","False",""
"04_SURFACE_STRUCTURE\surface_cross_folder_contract.md","1994","1991","SURFACE STRUCTURE CROSS-FOLDER CONTRACT | Purpose | Required dependencies | MATERIALS/02_MATERIAL_DATABASE | MATERIALS/03_PHYSICS | Behavior and state folders | Renderer, lighting, and production QA | Contract validation","False",""
"04_SURFACE_STRUCTURE\surface_environment_interaction.md","1441","1438","SURFACE AND ENVIRONMENT INTERACTION | Scope | Required distinctions | Causal consistency | State consistency | Validation","False",""
"04_SURFACE_STRUCTURE\surface_evidence_and_research_register.md","1969","1966","SURFACE EVIDENCE AND RESEARCH REGISTER | Purpose | Research record template | Research status | Evidence hierarchy | Required uncertainty discipline | Closure criteria","False",""
"04_SURFACE_STRUCTURE\surface_evidence_source_register.md","3293","3291","Surface Evidence Source Register — Repaired | Scope and evidence boundary | General methodology references | Required source record for each material-specific claim | Evidence classification vocabulary","False",""
"04_SURFACE_STRUCTURE\surface_failure_modes.md","1922","1919","SURFACE STRUCTURE FAILURE MODES","False",""
"04_SURFACE_STRUCTURE\surface_final_inventory.md","1236","1233","SURFACE STRUCTURE CANONICAL INVENTORY | Canonical documents | Inventory rules","False",""
"04_SURFACE_STRUCTURE\surface_implementation_handoff.md","1827","1824","SURFACE STRUCTURE IMPLEMENTATION HANDOFF | Purpose | Required inputs | Required implementation decisions | Non-equivalence warnings | Change control | Handoff acceptance","False",""
"04_SURFACE_STRUCTURE\surface_interfaces_and_layers.md","1547","1544","SURFACE INTERFACES AND LAYERS | Purpose | Record when applicable | Physical consistency | Representation and transport | Validation","False",""
"04_SURFACE_STRUCTURE\surface_material_family_mapping.csv","4101","4098","","False",""
"04_SURFACE_STRUCTURE\surface_material_research_queue.csv","8535","8506","","False",""
"04_SURFACE_STRUCTURE\surface_record_standard.md","2210","2207","SURFACE FEATURE RECORD STANDARD | Identity | Evidence | Physical definition | Uncertainty | Interactions | Digital representation | Validation | Rules","False",""
"04_SURFACE_STRUCTURE\surface_release_gate.md","1727","1724","SURFACE STRUCTURE RELEASE GATE | Gate 1: Documentation | Gate 2: Evidence | Gate 3: Material-specific definition | Gate 4: Physical review | Gate 5: Renderer validation | Gate 6: Production validation | Gate 7: Approval | Release statuses","False",""
"04_SURFACE_STRUCTURE\surface_renderer_confirmation_note.md","1067","1065","Renderer Confirmation Note — Repaired | Current state | Confirmation procedure | Prohibited status changes","False",""
"04_SURFACE_STRUCTURE\surface_renderer_test_matrix.md","2130","2127","SURFACE RENDERER TEST MATRIX | Purpose | Test record template | Core test families | Geometry and scale | Fine structure | Light transport | State and continuity | Test interpretation | Approval gate","False",""
"04_SURFACE_STRUCTURE\surface_renderer_validation_register.csv","5635","5583","","False",""
"04_SURFACE_STRUCTURE\surface_research_execution_plan.md","5315","5299","Surface Research Execution Plan — Repaired | Current disposition | Work order | Gate 1 — Build the asset-to-material assignment | Gate 2 — Create material-specific records | Gate 3 — Research surface structure | Gate 4 — Choose representation by projected size | Gate 5 — Confirm renderer before test execution | Gate 6 — Execute and record renderer tests | Gate 7 — Release approval | Queue triage | Completion checklist","False",""
"04_SURFACE_STRUCTURE\surface_scale_and_filtering.md","1754","1751","SURFACE SCALE, FILTERING, SAMPLING, AND LOD | Physical scale | Representation selection | Sampling and filtering | LOD | UV integrity | Validation","False",""
"04_SURFACE_STRUCTURE\surface_structure_audit_report.txt","1771","1768","","False",""
"04_SURFACE_STRUCTURE\surface_structure_completion_discovery.txt","11921","11918","","False",""
"04_SURFACE_STRUCTURE\surface_structure_master.md","5281","5278","SURFACE STRUCTURE MASTER STANDARD | Purpose | Authority boundaries | Four structural scales | Mandatory causal chain | Material-specific record requirements | Multiple reflection | Physical consistency | Evidence classifications | Acceptance states | Change control","False",""
"04_SURFACE_STRUCTURE\surface_validation_and_qa.md","2537","2534","SURFACE STRUCTURE VALIDATION AND QA | Independent validation levels | Critical checks | Traceability | Structure | Optical and renderer integrity | Temporal integrity | Severity | Acceptance record | Final rule","False",""
"04_SURFACE_STRUCTURE\ONE_PASS_AUDIT_20261009_104240\asset_material_assignment_gaps.csv","244","241","","False",""
"04_SURFACE_STRUCTURE\ONE_PASS_AUDIT_20261009_104240\asset_material_assignment_register.csv","3","0","","False",""
"04_SURFACE_STRUCTURE\ONE_PASS_AUDIT_20261009_104240\discovered_asset_file_inventory.csv","167","164","","False",""
"04_SURFACE_STRUCTURE\ONE_PASS_AUDIT_20261009_104240\material_database_and_assignment_gap_report.md","1687","1668","Material Database and Assignment Gap Report | Database inventory | Empty database files | Asset and material handoff status | Interpretation | Required next actions","False",""
"04_SURFACE_STRUCTURE\ONE_PASS_AUDIT_20261009_104240\material_record_inventory.csv","5556","5551","","False",""
"04_SURFACE_STRUCTURE\ONE_PASS_AUDIT_20261009_104240\material_record_inventory_detailed.csv","14500","14495","","False",""
"04_SURFACE_STRUCTURE\ONE_PASS_AUDIT_20261009_104240\ONE_PASS_COMPLETION_AUDIT.md","4772","4759","Ramayan Surface Structure — One-Pass Completion Audit | Executive result | Filesystem inventory | Register validation | Renderer discovery | Release gates | Generated outputs | Important limitations | Next actions in priority order | Integrity statement","False",""
"04_SURFACE_STRUCTURE\ONE_PASS_AUDIT_20261009_104240\run_summary.json","793","790","","False",""
"04_SURFACE_STRUCTURE\ONE_PASS_AUDIT_20261009_104240\surface_material_family_mapping.csv","4101","4098","","False",""
"04_SURFACE_STRUCTURE\ONE_PASS_AUDIT_20261009_104240\surface_material_research_queue.csv","8535","8506","","False",""
"04_SURFACE_STRUCTURE\ONE_PASS_AUDIT_20261009_104240\surface_release_gate_register.csv","1559","1556","","False",""
"04_SURFACE_STRUCTURE\ONE_PASS_AUDIT_20261009_104240\surface_renderer_validation_register.csv","5635","5583","","False",""
"05_BEHAVIOR\aging.md","0","0","","True","AI\material_consistency.md | AI\material_drift.md | AI\material_generation_qa.md | AI\material_prompt_rules.md | AI\material_provenance.md | ARCHITECTURAL_MATERIALS\decorative_surfaces.md | ARCHITECTURAL_MATERIALS\doors.md | ARCHITECTURAL_MATERIALS\floors.md | ARCHITECTURAL_MATERIALS\pillars.md | ARCHITECTURAL_MATERIALS\platforms.md | ARCHITECTURAL_MATERIALS\roofs.md | ARCHITECTURAL_MATERIALS\stairs.md | ARCHITECTURAL_MATERIALS\walls.md | ARCHITECTURAL_MATERIALS\windows.md | CHARACTER_MATERIALS\body_material_rules.md | CHARACTER_MATERIALS\hair.md | CHARACTER_MATERIALS\nails.md | CHARACTER_MATERIALS\skin.md | CHARACTER_MATERIALS\teeth.md | CONSTRUCTION_MATERIALS\flooring_materials.md | CONSTRUCTION_MATERIALS\lime.md | CONSTRUCTION_MATERIALS\mortar.md | CONSTRUCTION_MATERIALS\pigment_binder.md | CONSTRUCTION_MATERIALS\plaster.md | CONSTRUCTION_MATERIALS\roofing_materials.md | CORE\material_classification.md | CORE\material_continuity.md | CORE\material_decision_log.md | CORE\material_identity_rules.md | CORE\material_policy.md | CORE\material_registry.md | CORE\material_scale_rules.md | CORE\material_source_policy.md | CORE\material_substitution_rules.md | EARTHEN_AND_CERAMIC\ceramic.md | EARTHEN_AND_CERAMIC\fired_clay.md | EARTHEN_AND_CERAMIC\glazed_surfaces.md | EARTHEN_AND_CERAMIC\pottery.md | EARTHEN_AND_CERAMIC\terracotta.md | GLASS_AND_MINERAL_MATERIALS\crystal.md | GLASS_AND_MINERAL_MATERIALS\gemstone.md | GLASS_AND_MINERAL_MATERIALS\glass.md | GLASS_AND_MINERAL_MATERIALS\mica.md | GLASS_AND_MINERAL_MATERIALS\mineral_surfaces.md | GLASS_AND_MINERAL_MATERIALS\pearl.md | LEATHER_AND_ANIMAL_MATERIALS\bone.md | LEATHER_AND_ANIMAL_MATERIALS\feather_material.md | LEATHER_AND_ANIMAL_MATERIALS\hide.md | LEATHER_AND_ANIMAL_MATERIALS\horn.md | LEATHER_AND_ANIMAL_MATERIALS\ivory_research.md | LEATHER_AND_ANIMAL_MATERIALS\leather.md | LEATHER_AND_ANIMAL_MATERIALS\shell.md | MATERIAL_COMBINATIONS\composite_materials.md | MATERIAL_COMBINATIONS\glass_metal.md | MATERIAL_COMBINATIONS\metal_stone.md | MATERIAL_COMBINATIONS\metal_wood.md | MATERIAL_COMBINATIONS\stone_wood.md | MATERIAL_COMBINATIONS\textile_leather.md | MATERIAL_COMBINATIONS\textile_metal.md | MATERIAL_COMBINATIONS\wood_textile.md | MATERIAL_INTERACTION\cold_interaction.md | MATERIAL_INTERACTION\contact_interaction.md | MATERIAL_INTERACTION\dust_interaction.md | MATERIAL_INTERACTION\fire_interaction.md | MATERIAL_INTERACTION\heat_interaction.md | MATERIAL_INTERACTION\moonlight_interaction.md | MATERIAL_INTERACTION\smoke_interaction.md | MATERIAL_INTERACTION\sunlight_interaction.md | MATERIAL_INTERACTION\water_interaction.md | MATERIAL_INTERACTION\wind_interaction.md | MATERIAL_STATES\aging.md | MATERIAL_STATES\biological_growth.md | MATERIAL_STATES\damage.md | MATERIAL_STATES\destruction.md | MATERIAL_STATES\fire_damage.md | MATERIAL_STATES\normal_use.md | MATERIAL_STATES\pristine.md | MATERIAL_STATES\repair.md | MATERIAL_STATES\restoration.md | MATERIAL_STATES\water_damage.md | MATERIAL_STATES\weathering.md | METALS\brass.md | METALS\bronze.md | METALS\copper.md | METALS\gold.md | METALS\iron.md | METALS\silver.md | METALS\steel.md | ORGANIC_AND_NATURAL\flowers.md | ORGANIC_AND_NATURAL\leaves.md | ORGANIC_AND_NATURAL\organic_decay.md | ORGANIC_AND_NATURAL\resin.md | ORGANIC_AND_NATURAL\sap.md | ORGANIC_AND_NATURAL\wax.md | PHYSICAL_PROPERTIES\absorption.md | PHYSICAL_PROPERTIES\density.md | PHYSICAL_PROPERTIES\electrical_behavior.md | PHYSICAL_PROPERTIES\hardness.md | PHYSICAL_PROPERTIES\mechanical_behavior.md | PHYSICAL_PROPERTIES\reflectivity.md | PHYSICAL_PROPERTIES\roughness.md | PHYSICAL_PROPERTIES\scattering.md | PHYSICAL_PROPERTIES\surface_behavior.md | PHYSICAL_PROPERTIES\thermal_behavior.md | PHYSICAL_PROPERTIES\translucency.md | PHYSICAL_PROPERTIES\transparency.md | REFERENCES\historical_reference.md | REFERENCES\material_reference_policy.md | REFERENCES\physical_reference.md | REFERENCES\reference_index.md | REFERENCES\traditional_reference.md | REGISTRIES\material_master_registry.md | REGISTRIES\material_reference_registry.md | REGISTRIES\material_state_registry.md | REGISTRIES\material_usage_registry.md | RENDERING\albedo.md | RENDERING\anisotropy.md | RENDERING\clearcoat.md | RENDERING\displacement.md | RENDERING\material_shader_rules.md | RENDERING\metallic_workflow.md | RENDERING\normal_maps.md | RENDERING\physically_based_materials.md | RENDERING\roughness_maps.md | RENDERING\sheen.md | RENDERING\subsurface_scattering.md | RENDERING\transmission.md | STONE_AND_EARTH\basalt.md | STONE_AND_EARTH\clay.md | STONE_AND_EARTH\granite.md | STONE_AND_EARTH\gravel.md | STONE_AND_EARTH\limestone.md | STONE_AND_EARTH\marble.md | STONE_AND_EARTH\mud.md | STONE_AND_EARTH\natural_rock.md | STONE_AND_EARTH\sandstone.md | STONE_AND_EARTH\slate.md | STONE_AND_EARTH\soil.md | SURFACE_BEHAVIOR\ash.md | SURFACE_BEHAVIOR\chipped.md | SURFACE_BEHAVIOR\cracked.md | SURFACE_BEHAVIOR\dented.md | SURFACE_BEHAVIOR\dusty.md | SURFACE_BEHAVIOR\glossy.md | SURFACE_BEHAVIOR\matte.md | SURFACE_BEHAVIOR\muddy.md | SURFACE_BEHAVIOR\oily.md | SURFACE_BEHAVIOR\polished.md | SURFACE_BEHAVIOR\residue.md | SURFACE_BEHAVIOR\rough.md | SURFACE_BEHAVIOR\scratched.md | SURFACE_BEHAVIOR\soot.md | SURFACE_BEHAVIOR\stained.md | SURFACE_BEHAVIOR\wet.md | SURFACE_BEHAVIOR\worn.md | TEXTILES_AND_FIBERS\cotton.md | TEXTILES_AND_FIBERS\embroidery_materials.md | TEXTILES_AND_FIBERS\hemp.md | TEXTILES_AND_FIBERS\jute.md | TEXTILES_AND_FIBERS\knitted_structure.md | TEXTILES_AND_FIBERS\linen.md | TEXTILES_AND_FIBERS\natural_fibers.md | TEXTILES_AND_FIBERS\silk.md | TEXTILES_AND_FIBERS\textile_surface_behavior.md | TEXTILES_AND_FIBERS\wool.md | TEXTILES_AND_FIBERS\woven_structure.md | TEXTURE\photographic_textures.md | TEXTURE\procedural_textures.md | TEXTURE\texel_density.md | TEXTURE\texture_artifact_control.md | TEXTURE\texture_repetition.md | TEXTURE\texture_resolution.md | TEXTURE\texture_scale.md | TEXTURE\texture_variation.md | WOOD_AND_PLANT_MATERIALS\bamboo.md | WOOD_AND_PLANT_MATERIALS\bark.md | WOOD_AND_PLANT_MATERIALS\cane.md | WOOD_AND_PLANT_MATERIALS\hardwood.md | WOOD_AND_PLANT_MATERIALS\palm_materials.md | WOOD_AND_PLANT_MATERIALS\plant_fibers.md | WOOD_AND_PLANT_MATERIALS\softwood.md"
"05_BEHAVIOR\damage.md","0","0","","True","AI\material_consistency.md | AI\material_drift.md | AI\material_generation_qa.md | AI\material_prompt_rules.md | AI\material_provenance.md | ARCHITECTURAL_MATERIALS\decorative_surfaces.md | ARCHITECTURAL_MATERIALS\doors.md | ARCHITECTURAL_MATERIALS\floors.md | ARCHITECTURAL_MATERIALS\pillars.md | ARCHITECTURAL_MATERIALS\platforms.md | ARCHITECTURAL_MATERIALS\roofs.md | ARCHITECTURAL_MATERIALS\stairs.md | ARCHITECTURAL_MATERIALS\walls.md | ARCHITECTURAL_MATERIALS\windows.md | CHARACTER_MATERIALS\body_material_rules.md | CHARACTER_MATERIALS\hair.md | CHARACTER_MATERIALS\nails.md | CHARACTER_MATERIALS\skin.md | CHARACTER_MATERIALS\teeth.md | CONSTRUCTION_MATERIALS\flooring_materials.md | CONSTRUCTION_MATERIALS\lime.md | CONSTRUCTION_MATERIALS\mortar.md | CONSTRUCTION_MATERIALS\pigment_binder.md | CONSTRUCTION_MATERIALS\plaster.md | CONSTRUCTION_MATERIALS\roofing_materials.md | CORE\material_classification.md | CORE\material_continuity.md | CORE\material_decision_log.md | CORE\material_identity_rules.md | CORE\material_policy.md | CORE\material_registry.md | CORE\material_scale_rules.md | CORE\material_source_policy.md | CORE\material_substitution_rules.md | EARTHEN_AND_CERAMIC\ceramic.md | EARTHEN_AND_CERAMIC\fired_clay.md | EARTHEN_AND_CERAMIC\glazed_surfaces.md | EARTHEN_AND_CERAMIC\pottery.md | EARTHEN_AND_CERAMIC\terracotta.md | GLASS_AND_MINERAL_MATERIALS\crystal.md | GLASS_AND_MINERAL_MATERIALS\gemstone.md | GLASS_AND_MINERAL_MATERIALS\glass.md | GLASS_AND_MINERAL_MATERIALS\mica.md | GLASS_AND_MINERAL_MATERIALS\mineral_surfaces.md | GLASS_AND_MINERAL_MATERIALS\pearl.md | LEATHER_AND_ANIMAL_MATERIALS\bone.md | LEATHER_AND_ANIMAL_MATERIALS\feather_material.md | LEATHER_AND_ANIMAL_MATERIALS\hide.md | LEATHER_AND_ANIMAL_MATERIALS\horn.md | LEATHER_AND_ANIMAL_MATERIALS\ivory_research.md | LEATHER_AND_ANIMAL_MATERIALS\leather.md | LEATHER_AND_ANIMAL_MATERIALS\shell.md | MATERIAL_COMBINATIONS\composite_materials.md | MATERIAL_COMBINATIONS\glass_metal.md | MATERIAL_COMBINATIONS\metal_stone.md | MATERIAL_COMBINATIONS\metal_wood.md | MATERIAL_COMBINATIONS\stone_wood.md | MATERIAL_COMBINATIONS\textile_leather.md | MATERIAL_COMBINATIONS\textile_metal.md | MATERIAL_COMBINATIONS\wood_textile.md | MATERIAL_INTERACTION\cold_interaction.md | MATERIAL_INTERACTION\contact_interaction.md | MATERIAL_INTERACTION\dust_interaction.md | MATERIAL_INTERACTION\fire_interaction.md | MATERIAL_INTERACTION\heat_interaction.md | MATERIAL_INTERACTION\moonlight_interaction.md | MATERIAL_INTERACTION\smoke_interaction.md | MATERIAL_INTERACTION\sunlight_interaction.md | MATERIAL_INTERACTION\water_interaction.md | MATERIAL_INTERACTION\wind_interaction.md | MATERIAL_STATES\aging.md | MATERIAL_STATES\biological_growth.md | MATERIAL_STATES\damage.md | MATERIAL_STATES\destruction.md | MATERIAL_STATES\fire_damage.md | MATERIAL_STATES\normal_use.md | MATERIAL_STATES\pristine.md | MATERIAL_STATES\repair.md | MATERIAL_STATES\restoration.md | MATERIAL_STATES\water_damage.md | MATERIAL_STATES\weathering.md | METALS\brass.md | METALS\bronze.md | METALS\copper.md | METALS\gold.md | METALS\iron.md | METALS\silver.md | METALS\steel.md | ORGANIC_AND_NATURAL\flowers.md | ORGANIC_AND_NATURAL\leaves.md | ORGANIC_AND_NATURAL\organic_decay.md | ORGANIC_AND_NATURAL\resin.md | ORGANIC_AND_NATURAL\sap.md | ORGANIC_AND_NATURAL\wax.md | PHYSICAL_PROPERTIES\absorption.md | PHYSICAL_PROPERTIES\density.md | PHYSICAL_PROPERTIES\electrical_behavior.md | PHYSICAL_PROPERTIES\hardness.md | PHYSICAL_PROPERTIES\mechanical_behavior.md | PHYSICAL_PROPERTIES\reflectivity.md | PHYSICAL_PROPERTIES\roughness.md | PHYSICAL_PROPERTIES\scattering.md | PHYSICAL_PROPERTIES\surface_behavior.md | PHYSICAL_PROPERTIES\thermal_behavior.md | PHYSICAL_PROPERTIES\translucency.md | PHYSICAL_PROPERTIES\transparency.md | REFERENCES\historical_reference.md | REFERENCES\material_reference_policy.md | REFERENCES\physical_reference.md | REFERENCES\reference_index.md | REFERENCES\traditional_reference.md | REGISTRIES\material_master_registry.md | REGISTRIES\material_reference_registry.md | REGISTRIES\material_state_registry.md | REGISTRIES\material_usage_registry.md | RENDERING\albedo.md | RENDERING\anisotropy.md | RENDERING\clearcoat.md | RENDERING\displacement.md | RENDERING\material_shader_rules.md | RENDERING\metallic_workflow.md | RENDERING\normal_maps.md | RENDERING\physically_based_materials.md | RENDERING\roughness_maps.md | RENDERING\sheen.md | RENDERING\subsurface_scattering.md | RENDERING\transmission.md | STONE_AND_EARTH\basalt.md | STONE_AND_EARTH\clay.md | STONE_AND_EARTH\granite.md | STONE_AND_EARTH\gravel.md | STONE_AND_EARTH\limestone.md | STONE_AND_EARTH\marble.md | STONE_AND_EARTH\mud.md | STONE_AND_EARTH\natural_rock.md | STONE_AND_EARTH\sandstone.md | STONE_AND_EARTH\slate.md | STONE_AND_EARTH\soil.md | SURFACE_BEHAVIOR\ash.md | SURFACE_BEHAVIOR\chipped.md | SURFACE_BEHAVIOR\cracked.md | SURFACE_BEHAVIOR\dented.md | SURFACE_BEHAVIOR\dusty.md | SURFACE_BEHAVIOR\glossy.md | SURFACE_BEHAVIOR\matte.md | SURFACE_BEHAVIOR\muddy.md | SURFACE_BEHAVIOR\oily.md | SURFACE_BEHAVIOR\polished.md | SURFACE_BEHAVIOR\residue.md | SURFACE_BEHAVIOR\rough.md | SURFACE_BEHAVIOR\scratched.md | SURFACE_BEHAVIOR\soot.md | SURFACE_BEHAVIOR\stained.md | SURFACE_BEHAVIOR\wet.md | SURFACE_BEHAVIOR\worn.md | TEXTILES_AND_FIBERS\cotton.md | TEXTILES_AND_FIBERS\embroidery_materials.md | TEXTILES_AND_FIBERS\hemp.md | TEXTILES_AND_FIBERS\jute.md | TEXTILES_AND_FIBERS\knitted_structure.md | TEXTILES_AND_FIBERS\linen.md | TEXTILES_AND_FIBERS\natural_fibers.md | TEXTILES_AND_FIBERS\silk.md | TEXTILES_AND_FIBERS\textile_surface_behavior.md | TEXTILES_AND_FIBERS\wool.md | TEXTILES_AND_FIBERS\woven_structure.md | TEXTURE\photographic_textures.md | TEXTURE\procedural_textures.md | TEXTURE\texel_density.md | TEXTURE\texture_artifact_control.md | TEXTURE\texture_repetition.md | TEXTURE\texture_resolution.md | TEXTURE\texture_scale.md | TEXTURE\texture_variation.md | WOOD_AND_PLANT_MATERIALS\bamboo.md | WOOD_AND_PLANT_MATERIALS\bark.md | WOOD_AND_PLANT_MATERIALS\cane.md | WOOD_AND_PLANT_MATERIALS\hardwood.md | WOOD_AND_PLANT_MATERIALS\palm_materials.md | WOOD_AND_PLANT_MATERIALS\plant_fibers.md | WOOD_AND_PLANT_MATERIALS\softwood.md"
"05_BEHAVIOR\dust_dirt_mud.md","0","0","","True","AI\material_consistency.md | AI\material_drift.md | AI\material_generation_qa.md | AI\material_prompt_rules.md | AI\material_provenance.md | ARCHITECTURAL_MATERIALS\decorative_surfaces.md | ARCHITECTURAL_MATERIALS\doors.md | ARCHITECTURAL_MATERIALS\floors.md | ARCHITECTURAL_MATERIALS\pillars.md | ARCHITECTURAL_MATERIALS\platforms.md | ARCHITECTURAL_MATERIALS\roofs.md | ARCHITECTURAL_MATERIALS\stairs.md | ARCHITECTURAL_MATERIALS\walls.md | ARCHITECTURAL_MATERIALS\windows.md | CHARACTER_MATERIALS\body_material_rules.md | CHARACTER_MATERIALS\hair.md | CHARACTER_MATERIALS\nails.md | CHARACTER_MATERIALS\skin.md | CHARACTER_MATERIALS\teeth.md | CONSTRUCTION_MATERIALS\flooring_materials.md | CONSTRUCTION_MATERIALS\lime.md | CONSTRUCTION_MATERIALS\mortar.md | CONSTRUCTION_MATERIALS\pigment_binder.md | CONSTRUCTION_MATERIALS\plaster.md | CONSTRUCTION_MATERIALS\roofing_materials.md | CORE\material_classification.md | CORE\material_continuity.md | CORE\material_decision_log.md | CORE\material_identity_rules.md | CORE\material_policy.md | CORE\material_registry.md | CORE\material_scale_rules.md | CORE\material_source_policy.md | CORE\material_substitution_rules.md | EARTHEN_AND_CERAMIC\ceramic.md | EARTHEN_AND_CERAMIC\fired_clay.md | EARTHEN_AND_CERAMIC\glazed_surfaces.md | EARTHEN_AND_CERAMIC\pottery.md | EARTHEN_AND_CERAMIC\terracotta.md | GLASS_AND_MINERAL_MATERIALS\crystal.md | GLASS_AND_MINERAL_MATERIALS\gemstone.md | GLASS_AND_MINERAL_MATERIALS\glass.md | GLASS_AND_MINERAL_MATERIALS\mica.md | GLASS_AND_MINERAL_MATERIALS\mineral_surfaces.md | GLASS_AND_MINERAL_MATERIALS\pearl.md | LEATHER_AND_ANIMAL_MATERIALS\bone.md | LEATHER_AND_ANIMAL_MATERIALS\feather_material.md | LEATHER_AND_ANIMAL_MATERIALS\hide.md | LEATHER_AND_ANIMAL_MATERIALS\horn.md | LEATHER_AND_ANIMAL_MATERIALS\ivory_research.md | LEATHER_AND_ANIMAL_MATERIALS\leather.md | LEATHER_AND_ANIMAL_MATERIALS\shell.md | MATERIAL_COMBINATIONS\composite_materials.md | MATERIAL_COMBINATIONS\glass_metal.md | MATERIAL_COMBINATIONS\metal_stone.md | MATERIAL_COMBINATIONS\metal_wood.md | MATERIAL_COMBINATIONS\stone_wood.md | MATERIAL_COMBINATIONS\textile_leather.md | MATERIAL_COMBINATIONS\textile_metal.md | MATERIAL_COMBINATIONS\wood_textile.md | MATERIAL_INTERACTION\cold_interaction.md | MATERIAL_INTERACTION\contact_interaction.md | MATERIAL_INTERACTION\dust_interaction.md | MATERIAL_INTERACTION\fire_interaction.md | MATERIAL_INTERACTION\heat_interaction.md | MATERIAL_INTERACTION\moonlight_interaction.md | MATERIAL_INTERACTION\smoke_interaction.md | MATERIAL_INTERACTION\sunlight_interaction.md | MATERIAL_INTERACTION\water_interaction.md | MATERIAL_INTERACTION\wind_interaction.md | MATERIAL_STATES\aging.md | MATERIAL_STATES\biological_growth.md | MATERIAL_STATES\damage.md | MATERIAL_STATES\destruction.md | MATERIAL_STATES\fire_damage.md | MATERIAL_STATES\normal_use.md | MATERIAL_STATES\pristine.md | MATERIAL_STATES\repair.md | MATERIAL_STATES\restoration.md | MATERIAL_STATES\water_damage.md | MATERIAL_STATES\weathering.md | METALS\brass.md | METALS\bronze.md | METALS\copper.md | METALS\gold.md | METALS\iron.md | METALS\silver.md | METALS\steel.md | ORGANIC_AND_NATURAL\flowers.md | ORGANIC_AND_NATURAL\leaves.md | ORGANIC_AND_NATURAL\organic_decay.md | ORGANIC_AND_NATURAL\resin.md | ORGANIC_AND_NATURAL\sap.md | ORGANIC_AND_NATURAL\wax.md | PHYSICAL_PROPERTIES\absorption.md | PHYSICAL_PROPERTIES\density.md | PHYSICAL_PROPERTIES\electrical_behavior.md | PHYSICAL_PROPERTIES\hardness.md | PHYSICAL_PROPERTIES\mechanical_behavior.md | PHYSICAL_PROPERTIES\reflectivity.md | PHYSICAL_PROPERTIES\roughness.md | PHYSICAL_PROPERTIES\scattering.md | PHYSICAL_PROPERTIES\surface_behavior.md | PHYSICAL_PROPERTIES\thermal_behavior.md | PHYSICAL_PROPERTIES\translucency.md | PHYSICAL_PROPERTIES\transparency.md | REFERENCES\historical_reference.md | REFERENCES\material_reference_policy.md | REFERENCES\physical_reference.md | REFERENCES\reference_index.md | REFERENCES\traditional_reference.md | REGISTRIES\material_master_registry.md | REGISTRIES\material_reference_registry.md | REGISTRIES\material_state_registry.md | REGISTRIES\material_usage_registry.md | RENDERING\albedo.md | RENDERING\anisotropy.md | RENDERING\clearcoat.md | RENDERING\displacement.md | RENDERING\material_shader_rules.md | RENDERING\metallic_workflow.md | RENDERING\normal_maps.md | RENDERING\physically_based_materials.md | RENDERING\roughness_maps.md | RENDERING\sheen.md | RENDERING\subsurface_scattering.md | RENDERING\transmission.md | STONE_AND_EARTH\basalt.md | STONE_AND_EARTH\clay.md | STONE_AND_EARTH\granite.md | STONE_AND_EARTH\gravel.md | STONE_AND_EARTH\limestone.md | STONE_AND_EARTH\marble.md | STONE_AND_EARTH\mud.md | STONE_AND_EARTH\natural_rock.md | STONE_AND_EARTH\sandstone.md | STONE_AND_EARTH\slate.md | STONE_AND_EARTH\soil.md | SURFACE_BEHAVIOR\ash.md | SURFACE_BEHAVIOR\chipped.md | SURFACE_BEHAVIOR\cracked.md | SURFACE_BEHAVIOR\dented.md | SURFACE_BEHAVIOR\dusty.md | SURFACE_BEHAVIOR\glossy.md | SURFACE_BEHAVIOR\matte.md | SURFACE_BEHAVIOR\muddy.md | SURFACE_BEHAVIOR\oily.md | SURFACE_BEHAVIOR\polished.md | SURFACE_BEHAVIOR\residue.md | SURFACE_BEHAVIOR\rough.md | SURFACE_BEHAVIOR\scratched.md | SURFACE_BEHAVIOR\soot.md | SURFACE_BEHAVIOR\stained.md | SURFACE_BEHAVIOR\wet.md | SURFACE_BEHAVIOR\worn.md | TEXTILES_AND_FIBERS\cotton.md | TEXTILES_AND_FIBERS\embroidery_materials.md | TEXTILES_AND_FIBERS\hemp.md | TEXTILES_AND_FIBERS\jute.md | TEXTILES_AND_FIBERS\knitted_structure.md | TEXTILES_AND_FIBERS\linen.md | TEXTILES_AND_FIBERS\natural_fibers.md | TEXTILES_AND_FIBERS\silk.md | TEXTILES_AND_FIBERS\textile_surface_behavior.md | TEXTILES_AND_FIBERS\wool.md | TEXTILES_AND_FIBERS\woven_structure.md | TEXTURE\photographic_textures.md | TEXTURE\procedural_textures.md | TEXTURE\texel_density.md | TEXTURE\texture_artifact_control.md | TEXTURE\texture_repetition.md | TEXTURE\texture_resolution.md | TEXTURE\texture_scale.md | TEXTURE\texture_variation.md | WOOD_AND_PLANT_MATERIALS\bamboo.md | WOOD_AND_PLANT_MATERIALS\bark.md | WOOD_AND_PLANT_MATERIALS\cane.md | WOOD_AND_PLANT_MATERIALS\hardwood.md | WOOD_AND_PLANT_MATERIALS\palm_materials.md | WOOD_AND_PLANT_MATERIALS\plant_fibers.md | WOOD_AND_PLANT_MATERIALS\softwood.md"
"05_BEHAVIOR\environmental_response.md","0","0","","True","AI\material_consistency.md | AI\material_drift.md | AI\material_generation_qa.md | AI\material_prompt_rules.md | AI\material_provenance.md | ARCHITECTURAL_MATERIALS\decorative_surfaces.md | ARCHITECTURAL_MATERIALS\doors.md | ARCHITECTURAL_MATERIALS\floors.md | ARCHITECTURAL_MATERIALS\pillars.md | ARCHITECTURAL_MATERIALS\platforms.md | ARCHITECTURAL_MATERIALS\roofs.md | ARCHITECTURAL_MATERIALS\stairs.md | ARCHITECTURAL_MATERIALS\walls.md | ARCHITECTURAL_MATERIALS\windows.md | CHARACTER_MATERIALS\body_material_rules.md | CHARACTER_MATERIALS\hair.md | CHARACTER_MATERIALS\nails.md | CHARACTER_MATERIALS\skin.md | CHARACTER_MATERIALS\teeth.md | CONSTRUCTION_MATERIALS\flooring_materials.md | CONSTRUCTION_MATERIALS\lime.md | CONSTRUCTION_MATERIALS\mortar.md | CONSTRUCTION_MATERIALS\pigment_binder.md | CONSTRUCTION_MATERIALS\plaster.md | CONSTRUCTION_MATERIALS\roofing_materials.md | CORE\material_classification.md | CORE\material_continuity.md | CORE\material_decision_log.md | CORE\material_identity_rules.md | CORE\material_policy.md | CORE\material_registry.md | CORE\material_scale_rules.md | CORE\material_source_policy.md | CORE\material_substitution_rules.md | EARTHEN_AND_CERAMIC\ceramic.md | EARTHEN_AND_CERAMIC\fired_clay.md | EARTHEN_AND_CERAMIC\glazed_surfaces.md | EARTHEN_AND_CERAMIC\pottery.md | EARTHEN_AND_CERAMIC\terracotta.md | GLASS_AND_MINERAL_MATERIALS\crystal.md | GLASS_AND_MINERAL_MATERIALS\gemstone.md | GLASS_AND_MINERAL_MATERIALS\glass.md | GLASS_AND_MINERAL_MATERIALS\mica.md | GLASS_AND_MINERAL_MATERIALS\mineral_surfaces.md | GLASS_AND_MINERAL_MATERIALS\pearl.md | LEATHER_AND_ANIMAL_MATERIALS\bone.md | LEATHER_AND_ANIMAL_MATERIALS\feather_material.md | LEATHER_AND_ANIMAL_MATERIALS\hide.md | LEATHER_AND_ANIMAL_MATERIALS\horn.md | LEATHER_AND_ANIMAL_MATERIALS\ivory_research.md | LEATHER_AND_ANIMAL_MATERIALS\leather.md | LEATHER_AND_ANIMAL_MATERIALS\shell.md | MATERIAL_COMBINATIONS\composite_materials.md | MATERIAL_COMBINATIONS\glass_metal.md | MATERIAL_COMBINATIONS\metal_stone.md | MATERIAL_COMBINATIONS\metal_wood.md | MATERIAL_COMBINATIONS\stone_wood.md | MATERIAL_COMBINATIONS\textile_leather.md | MATERIAL_COMBINATIONS\textile_metal.md | MATERIAL_COMBINATIONS\wood_textile.md | MATERIAL_INTERACTION\cold_interaction.md | MATERIAL_INTERACTION\contact_interaction.md | MATERIAL_INTERACTION\dust_interaction.md | MATERIAL_INTERACTION\fire_interaction.md | MATERIAL_INTERACTION\heat_interaction.md | MATERIAL_INTERACTION\moonlight_interaction.md | MATERIAL_INTERACTION\smoke_interaction.md | MATERIAL_INTERACTION\sunlight_interaction.md | MATERIAL_INTERACTION\water_interaction.md | MATERIAL_INTERACTION\wind_interaction.md | MATERIAL_STATES\aging.md | MATERIAL_STATES\biological_growth.md | MATERIAL_STATES\damage.md | MATERIAL_STATES\destruction.md | MATERIAL_STATES\fire_damage.md | MATERIAL_STATES\normal_use.md | MATERIAL_STATES\pristine.md | MATERIAL_STATES\repair.md | MATERIAL_STATES\restoration.md | MATERIAL_STATES\water_damage.md | MATERIAL_STATES\weathering.md | METALS\brass.md | METALS\bronze.md | METALS\copper.md | METALS\gold.md | METALS\iron.md | METALS\silver.md | METALS\steel.md | ORGANIC_AND_NATURAL\flowers.md | ORGANIC_AND_NATURAL\leaves.md | ORGANIC_AND_NATURAL\organic_decay.md | ORGANIC_AND_NATURAL\resin.md | ORGANIC_AND_NATURAL\sap.md | ORGANIC_AND_NATURAL\wax.md | PHYSICAL_PROPERTIES\absorption.md | PHYSICAL_PROPERTIES\density.md | PHYSICAL_PROPERTIES\electrical_behavior.md | PHYSICAL_PROPERTIES\hardness.md | PHYSICAL_PROPERTIES\mechanical_behavior.md | PHYSICAL_PROPERTIES\reflectivity.md | PHYSICAL_PROPERTIES\roughness.md | PHYSICAL_PROPERTIES\scattering.md | PHYSICAL_PROPERTIES\surface_behavior.md | PHYSICAL_PROPERTIES\thermal_behavior.md | PHYSICAL_PROPERTIES\translucency.md | PHYSICAL_PROPERTIES\transparency.md | REFERENCES\historical_reference.md | REFERENCES\material_reference_policy.md | REFERENCES\physical_reference.md | REFERENCES\reference_index.md | REFERENCES\traditional_reference.md | REGISTRIES\material_master_registry.md | REGISTRIES\material_reference_registry.md | REGISTRIES\material_state_registry.md | REGISTRIES\material_usage_registry.md | RENDERING\albedo.md | RENDERING\anisotropy.md | RENDERING\clearcoat.md | RENDERING\displacement.md | RENDERING\material_shader_rules.md | RENDERING\metallic_workflow.md | RENDERING\normal_maps.md | RENDERING\physically_based_materials.md | RENDERING\roughness_maps.md | RENDERING\sheen.md | RENDERING\subsurface_scattering.md | RENDERING\transmission.md | STONE_AND_EARTH\basalt.md | STONE_AND_EARTH\clay.md | STONE_AND_EARTH\granite.md | STONE_AND_EARTH\gravel.md | STONE_AND_EARTH\limestone.md | STONE_AND_EARTH\marble.md | STONE_AND_EARTH\mud.md | STONE_AND_EARTH\natural_rock.md | STONE_AND_EARTH\sandstone.md | STONE_AND_EARTH\slate.md | STONE_AND_EARTH\soil.md | SURFACE_BEHAVIOR\ash.md | SURFACE_BEHAVIOR\chipped.md | SURFACE_BEHAVIOR\cracked.md | SURFACE_BEHAVIOR\dented.md | SURFACE_BEHAVIOR\dusty.md | SURFACE_BEHAVIOR\glossy.md | SURFACE_BEHAVIOR\matte.md | SURFACE_BEHAVIOR\muddy.md | SURFACE_BEHAVIOR\oily.md | SURFACE_BEHAVIOR\polished.md | SURFACE_BEHAVIOR\residue.md | SURFACE_BEHAVIOR\rough.md | SURFACE_BEHAVIOR\scratched.md | SURFACE_BEHAVIOR\soot.md | SURFACE_BEHAVIOR\stained.md | SURFACE_BEHAVIOR\wet.md | SURFACE_BEHAVIOR\worn.md | TEXTILES_AND_FIBERS\cotton.md | TEXTILES_AND_FIBERS\embroidery_materials.md | TEXTILES_AND_FIBERS\hemp.md | TEXTILES_AND_FIBERS\jute.md | TEXTILES_AND_FIBERS\knitted_structure.md | TEXTILES_AND_FIBERS\linen.md | TEXTILES_AND_FIBERS\natural_fibers.md | TEXTILES_AND_FIBERS\silk.md | TEXTILES_AND_FIBERS\textile_surface_behavior.md | TEXTILES_AND_FIBERS\wool.md | TEXTILES_AND_FIBERS\woven_structure.md | TEXTURE\photographic_textures.md | TEXTURE\procedural_textures.md | TEXTURE\texel_density.md | TEXTURE\texture_artifact_control.md | TEXTURE\texture_repetition.md | TEXTURE\texture_resolution.md | TEXTURE\texture_scale.md | TEXTURE\texture_variation.md | WOOD_AND_PLANT_MATERIALS\bamboo.md | WOOD_AND_PLANT_MATERIALS\bark.md | WOOD_AND_PLANT_MATERIALS\cane.md | WOOD_AND_PLANT_MATERIALS\hardwood.md | WOOD_AND_PLANT_MATERIALS\palm_materials.md | WOOD_AND_PLANT_MATERIALS\plant_fibers.md | WOOD_AND_PLANT_MATERIALS\softwood.md"
"05_BEHAVIOR\repair.md","0","0","","True","AI\material_consistency.md | AI\material_drift.md | AI\material_generation_qa.md | AI\material_prompt_rules.md | AI\material_provenance.md | ARCHITECTURAL_MATERIALS\decorative_surfaces.md | ARCHITECTURAL_MATERIALS\doors.md | ARCHITECTURAL_MATERIALS\floors.md | ARCHITECTURAL_MATERIALS\pillars.md | ARCHITECTURAL_MATERIALS\platforms.md | ARCHITECTURAL_MATERIALS\roofs.md | ARCHITECTURAL_MATERIALS\stairs.md | ARCHITECTURAL_MATERIALS\walls.md | ARCHITECTURAL_MATERIALS\windows.md | CHARACTER_MATERIALS\body_material_rules.md | CHARACTER_MATERIALS\hair.md | CHARACTER_MATERIALS\nails.md | CHARACTER_MATERIALS\skin.md | CHARACTER_MATERIALS\teeth.md | CONSTRUCTION_MATERIALS\flooring_materials.md | CONSTRUCTION_MATERIALS\lime.md | CONSTRUCTION_MATERIALS\mortar.md | CONSTRUCTION_MATERIALS\pigment_binder.md | CONSTRUCTION_MATERIALS\plaster.md | CONSTRUCTION_MATERIALS\roofing_materials.md | CORE\material_classification.md | CORE\material_continuity.md | CORE\material_decision_log.md | CORE\material_identity_rules.md | CORE\material_policy.md | CORE\material_registry.md | CORE\material_scale_rules.md | CORE\material_source_policy.md | CORE\material_substitution_rules.md | EARTHEN_AND_CERAMIC\ceramic.md | EARTHEN_AND_CERAMIC\fired_clay.md | EARTHEN_AND_CERAMIC\glazed_surfaces.md | EARTHEN_AND_CERAMIC\pottery.md | EARTHEN_AND_CERAMIC\terracotta.md | GLASS_AND_MINERAL_MATERIALS\crystal.md | GLASS_AND_MINERAL_MATERIALS\gemstone.md | GLASS_AND_MINERAL_MATERIALS\glass.md | GLASS_AND_MINERAL_MATERIALS\mica.md | GLASS_AND_MINERAL_MATERIALS\mineral_surfaces.md | GLASS_AND_MINERAL_MATERIALS\pearl.md | LEATHER_AND_ANIMAL_MATERIALS\bone.md | LEATHER_AND_ANIMAL_MATERIALS\feather_material.md | LEATHER_AND_ANIMAL_MATERIALS\hide.md | LEATHER_AND_ANIMAL_MATERIALS\horn.md | LEATHER_AND_ANIMAL_MATERIALS\ivory_research.md | LEATHER_AND_ANIMAL_MATERIALS\leather.md | LEATHER_AND_ANIMAL_MATERIALS\shell.md | MATERIAL_COMBINATIONS\composite_materials.md | MATERIAL_COMBINATIONS\glass_metal.md | MATERIAL_COMBINATIONS\metal_stone.md | MATERIAL_COMBINATIONS\metal_wood.md | MATERIAL_COMBINATIONS\stone_wood.md | MATERIAL_COMBINATIONS\textile_leather.md | MATERIAL_COMBINATIONS\textile_metal.md | MATERIAL_COMBINATIONS\wood_textile.md | MATERIAL_INTERACTION\cold_interaction.md | MATERIAL_INTERACTION\contact_interaction.md | MATERIAL_INTERACTION\dust_interaction.md | MATERIAL_INTERACTION\fire_interaction.md | MATERIAL_INTERACTION\heat_interaction.md | MATERIAL_INTERACTION\moonlight_interaction.md | MATERIAL_INTERACTION\smoke_interaction.md | MATERIAL_INTERACTION\sunlight_interaction.md | MATERIAL_INTERACTION\water_interaction.md | MATERIAL_INTERACTION\wind_interaction.md | MATERIAL_STATES\aging.md | MATERIAL_STATES\biological_growth.md | MATERIAL_STATES\damage.md | MATERIAL_STATES\destruction.md | MATERIAL_STATES\fire_damage.md | MATERIAL_STATES\normal_use.md | MATERIAL_STATES\pristine.md | MATERIAL_STATES\repair.md | MATERIAL_STATES\restoration.md | MATERIAL_STATES\water_damage.md | MATERIAL_STATES\weathering.md | METALS\brass.md | METALS\bronze.md | METALS\copper.md | METALS\gold.md | METALS\iron.md | METALS\silver.md | METALS\steel.md | ORGANIC_AND_NATURAL\flowers.md | ORGANIC_AND_NATURAL\leaves.md | ORGANIC_AND_NATURAL\organic_decay.md | ORGANIC_AND_NATURAL\resin.md | ORGANIC_AND_NATURAL\sap.md | ORGANIC_AND_NATURAL\wax.md | PHYSICAL_PROPERTIES\absorption.md | PHYSICAL_PROPERTIES\density.md | PHYSICAL_PROPERTIES\electrical_behavior.md | PHYSICAL_PROPERTIES\hardness.md | PHYSICAL_PROPERTIES\mechanical_behavior.md | PHYSICAL_PROPERTIES\reflectivity.md | PHYSICAL_PROPERTIES\roughness.md | PHYSICAL_PROPERTIES\scattering.md | PHYSICAL_PROPERTIES\surface_behavior.md | PHYSICAL_PROPERTIES\thermal_behavior.md | PHYSICAL_PROPERTIES\translucency.md | PHYSICAL_PROPERTIES\transparency.md | REFERENCES\historical_reference.md | REFERENCES\material_reference_policy.md | REFERENCES\physical_reference.md | REFERENCES\reference_index.md | REFERENCES\traditional_reference.md | REGISTRIES\material_master_registry.md | REGISTRIES\material_reference_registry.md | REGISTRIES\material_state_registry.md | REGISTRIES\material_usage_registry.md | RENDERING\albedo.md | RENDERING\anisotropy.md | RENDERING\clearcoat.md | RENDERING\displacement.md | RENDERING\material_shader_rules.md | RENDERING\metallic_workflow.md | RENDERING\normal_maps.md | RENDERING\physically_based_materials.md | RENDERING\roughness_maps.md | RENDERING\sheen.md | RENDERING\subsurface_scattering.md | RENDERING\transmission.md | STONE_AND_EARTH\basalt.md | STONE_AND_EARTH\clay.md | STONE_AND_EARTH\granite.md | STONE_AND_EARTH\gravel.md | STONE_AND_EARTH\limestone.md | STONE_AND_EARTH\marble.md | STONE_AND_EARTH\mud.md | STONE_AND_EARTH\natural_rock.md | STONE_AND_EARTH\sandstone.md | STONE_AND_EARTH\slate.md | STONE_AND_EARTH\soil.md | SURFACE_BEHAVIOR\ash.md | SURFACE_BEHAVIOR\chipped.md | SURFACE_BEHAVIOR\cracked.md | SURFACE_BEHAVIOR\dented.md | SURFACE_BEHAVIOR\dusty.md | SURFACE_BEHAVIOR\glossy.md | SURFACE_BEHAVIOR\matte.md | SURFACE_BEHAVIOR\muddy.md | SURFACE_BEHAVIOR\oily.md | SURFACE_BEHAVIOR\polished.md | SURFACE_BEHAVIOR\residue.md | SURFACE_BEHAVIOR\rough.md | SURFACE_BEHAVIOR\scratched.md | SURFACE_BEHAVIOR\soot.md | SURFACE_BEHAVIOR\stained.md | SURFACE_BEHAVIOR\wet.md | SURFACE_BEHAVIOR\worn.md | TEXTILES_AND_FIBERS\cotton.md | TEXTILES_AND_FIBERS\embroidery_materials.md | TEXTILES_AND_FIBERS\hemp.md | TEXTILES_AND_FIBERS\jute.md | TEXTILES_AND_FIBERS\knitted_structure.md | TEXTILES_AND_FIBERS\linen.md | TEXTILES_AND_FIBERS\natural_fibers.md | TEXTILES_AND_FIBERS\silk.md | TEXTILES_AND_FIBERS\textile_surface_behavior.md | TEXTILES_AND_FIBERS\wool.md | TEXTILES_AND_FIBERS\woven_structure.md | TEXTURE\photographic_textures.md | TEXTURE\procedural_textures.md | TEXTURE\texel_density.md | TEXTURE\texture_artifact_control.md | TEXTURE\texture_repetition.md | TEXTURE\texture_resolution.md | TEXTURE\texture_scale.md | TEXTURE\texture_variation.md | WOOD_AND_PLANT_MATERIALS\bamboo.md | WOOD_AND_PLANT_MATERIALS\bark.md | WOOD_AND_PLANT_MATERIALS\cane.md | WOOD_AND_PLANT_MATERIALS\hardwood.md | WOOD_AND_PLANT_MATERIALS\palm_materials.md | WOOD_AND_PLANT_MATERIALS\plant_fibers.md | WOOD_AND_PLANT_MATERIALS\softwood.md"
"05_BEHAVIOR\water_wetting_absorption.md","0","0","","True","AI\material_consistency.md | AI\material_drift.md | AI\material_generation_qa.md | AI\material_prompt_rules.md | AI\material_provenance.md | ARCHITECTURAL_MATERIALS\decorative_surfaces.md | ARCHITECTURAL_MATERIALS\doors.md | ARCHITECTURAL_MATERIALS\floors.md | ARCHITECTURAL_MATERIALS\pillars.md | ARCHITECTURAL_MATERIALS\platforms.md | ARCHITECTURAL_MATERIALS\roofs.md | ARCHITECTURAL_MATERIALS\stairs.md | ARCHITECTURAL_MATERIALS\walls.md | ARCHITECTURAL_MATERIALS\windows.md | CHARACTER_MATERIALS\body_material_rules.md | CHARACTER_MATERIALS\hair.md | CHARACTER_MATERIALS\nails.md | CHARACTER_MATERIALS\skin.md | CHARACTER_MATERIALS\teeth.md | CONSTRUCTION_MATERIALS\flooring_materials.md | CONSTRUCTION_MATERIALS\lime.md | CONSTRUCTION_MATERIALS\mortar.md | CONSTRUCTION_MATERIALS\pigment_binder.md | CONSTRUCTION_MATERIALS\plaster.md | CONSTRUCTION_MATERIALS\roofing_materials.md | CORE\material_classification.md | CORE\material_continuity.md | CORE\material_decision_log.md | CORE\material_identity_rules.md | CORE\material_policy.md | CORE\material_registry.md | CORE\material_scale_rules.md | CORE\material_source_policy.md | CORE\material_substitution_rules.md | EARTHEN_AND_CERAMIC\ceramic.md | EARTHEN_AND_CERAMIC\fired_clay.md | EARTHEN_AND_CERAMIC\glazed_surfaces.md | EARTHEN_AND_CERAMIC\pottery.md | EARTHEN_AND_CERAMIC\terracotta.md | GLASS_AND_MINERAL_MATERIALS\crystal.md | GLASS_AND_MINERAL_MATERIALS\gemstone.md | GLASS_AND_MINERAL_MATERIALS\glass.md | GLASS_AND_MINERAL_MATERIALS\mica.md | GLASS_AND_MINERAL_MATERIALS\mineral_surfaces.md | GLASS_AND_MINERAL_MATERIALS\pearl.md | LEATHER_AND_ANIMAL_MATERIALS\bone.md | LEATHER_AND_ANIMAL_MATERIALS\feather_material.md | LEATHER_AND_ANIMAL_MATERIALS\hide.md | LEATHER_AND_ANIMAL_MATERIALS\horn.md | LEATHER_AND_ANIMAL_MATERIALS\ivory_research.md | LEATHER_AND_ANIMAL_MATERIALS\leather.md | LEATHER_AND_ANIMAL_MATERIALS\shell.md | MATERIAL_COMBINATIONS\composite_materials.md | MATERIAL_COMBINATIONS\glass_metal.md | MATERIAL_COMBINATIONS\metal_stone.md | MATERIAL_COMBINATIONS\metal_wood.md | MATERIAL_COMBINATIONS\stone_wood.md | MATERIAL_COMBINATIONS\textile_leather.md | MATERIAL_COMBINATIONS\textile_metal.md | MATERIAL_COMBINATIONS\wood_textile.md | MATERIAL_INTERACTION\cold_interaction.md | MATERIAL_INTERACTION\contact_interaction.md | MATERIAL_INTERACTION\dust_interaction.md | MATERIAL_INTERACTION\fire_interaction.md | MATERIAL_INTERACTION\heat_interaction.md | MATERIAL_INTERACTION\moonlight_interaction.md | MATERIAL_INTERACTION\smoke_interaction.md | MATERIAL_INTERACTION\sunlight_interaction.md | MATERIAL_INTERACTION\water_interaction.md | MATERIAL_INTERACTION\wind_interaction.md | MATERIAL_STATES\aging.md | MATERIAL_STATES\biological_growth.md | MATERIAL_STATES\damage.md | MATERIAL_STATES\destruction.md | MATERIAL_STATES\fire_damage.md | MATERIAL_STATES\normal_use.md | MATERIAL_STATES\pristine.md | MATERIAL_STATES\repair.md | MATERIAL_STATES\restoration.md | MATERIAL_STATES\water_damage.md | MATERIAL_STATES\weathering.md | METALS\brass.md | METALS\bronze.md | METALS\copper.md | METALS\gold.md | METALS\iron.md | METALS\silver.md | METALS\steel.md | ORGANIC_AND_NATURAL\flowers.md | ORGANIC_AND_NATURAL\leaves.md | ORGANIC_AND_NATURAL\organic_decay.md | ORGANIC_AND_NATURAL\resin.md | ORGANIC_AND_NATURAL\sap.md | ORGANIC_AND_NATURAL\wax.md | PHYSICAL_PROPERTIES\absorption.md | PHYSICAL_PROPERTIES\density.md | PHYSICAL_PROPERTIES\electrical_behavior.md | PHYSICAL_PROPERTIES\hardness.md | PHYSICAL_PROPERTIES\mechanical_behavior.md | PHYSICAL_PROPERTIES\reflectivity.md | PHYSICAL_PROPERTIES\roughness.md | PHYSICAL_PROPERTIES\scattering.md | PHYSICAL_PROPERTIES\surface_behavior.md | PHYSICAL_PROPERTIES\thermal_behavior.md | PHYSICAL_PROPERTIES\translucency.md | PHYSICAL_PROPERTIES\transparency.md | REFERENCES\historical_reference.md | REFERENCES\material_reference_policy.md | REFERENCES\physical_reference.md | REFERENCES\reference_index.md | REFERENCES\traditional_reference.md | REGISTRIES\material_master_registry.md | REGISTRIES\material_reference_registry.md | REGISTRIES\material_state_registry.md | REGISTRIES\material_usage_registry.md | RENDERING\albedo.md | RENDERING\anisotropy.md | RENDERING\clearcoat.md | RENDERING\displacement.md | RENDERING\material_shader_rules.md | RENDERING\metallic_workflow.md | RENDERING\normal_maps.md | RENDERING\physically_based_materials.md | RENDERING\roughness_maps.md | RENDERING\sheen.md | RENDERING\subsurface_scattering.md | RENDERING\transmission.md | STONE_AND_EARTH\basalt.md | STONE_AND_EARTH\clay.md | STONE_AND_EARTH\granite.md | STONE_AND_EARTH\gravel.md | STONE_AND_EARTH\limestone.md | STONE_AND_EARTH\marble.md | STONE_AND_EARTH\mud.md | STONE_AND_EARTH\natural_rock.md | STONE_AND_EARTH\sandstone.md | STONE_AND_EARTH\slate.md | STONE_AND_EARTH\soil.md | SURFACE_BEHAVIOR\ash.md | SURFACE_BEHAVIOR\chipped.md | SURFACE_BEHAVIOR\cracked.md | SURFACE_BEHAVIOR\dented.md | SURFACE_BEHAVIOR\dusty.md | SURFACE_BEHAVIOR\glossy.md | SURFACE_BEHAVIOR\matte.md | SURFACE_BEHAVIOR\muddy.md | SURFACE_BEHAVIOR\oily.md | SURFACE_BEHAVIOR\polished.md | SURFACE_BEHAVIOR\residue.md | SURFACE_BEHAVIOR\rough.md | SURFACE_BEHAVIOR\scratched.md | SURFACE_BEHAVIOR\soot.md | SURFACE_BEHAVIOR\stained.md | SURFACE_BEHAVIOR\wet.md | SURFACE_BEHAVIOR\worn.md | TEXTILES_AND_FIBERS\cotton.md | TEXTILES_AND_FIBERS\embroidery_materials.md | TEXTILES_AND_FIBERS\hemp.md | TEXTILES_AND_FIBERS\jute.md | TEXTILES_AND_FIBERS\knitted_structure.md | TEXTILES_AND_FIBERS\linen.md | TEXTILES_AND_FIBERS\natural_fibers.md | TEXTILES_AND_FIBERS\silk.md | TEXTILES_AND_FIBERS\textile_surface_behavior.md | TEXTILES_AND_FIBERS\wool.md | TEXTILES_AND_FIBERS\woven_structure.md | TEXTURE\photographic_textures.md | TEXTURE\procedural_textures.md | TEXTURE\texel_density.md | TEXTURE\texture_artifact_control.md | TEXTURE\texture_repetition.md | TEXTURE\texture_resolution.md | TEXTURE\texture_scale.md | TEXTURE\texture_variation.md | WOOD_AND_PLANT_MATERIALS\bamboo.md | WOOD_AND_PLANT_MATERIALS\bark.md | WOOD_AND_PLANT_MATERIALS\cane.md | WOOD_AND_PLANT_MATERIALS\hardwood.md | WOOD_AND_PLANT_MATERIALS\palm_materials.md | WOOD_AND_PLANT_MATERIALS\plant_fibers.md | WOOD_AND_PLANT_MATERIALS\softwood.md"
"05_BEHAVIOR\wear.md","0","0","","True","AI\material_consistency.md | AI\material_drift.md | AI\material_generation_qa.md | AI\material_prompt_rules.md | AI\material_provenance.md | ARCHITECTURAL_MATERIALS\decorative_surfaces.md | ARCHITECTURAL_MATERIALS\doors.md | ARCHITECTURAL_MATERIALS\floors.md | ARCHITECTURAL_MATERIALS\pillars.md | ARCHITECTURAL_MATERIALS\platforms.md | ARCHITECTURAL_MATERIALS\roofs.md | ARCHITECTURAL_MATERIALS\stairs.md | ARCHITECTURAL_MATERIALS\walls.md | ARCHITECTURAL_MATERIALS\windows.md | CHARACTER_MATERIALS\body_material_rules.md | CHARACTER_MATERIALS\hair.md | CHARACTER_MATERIALS\nails.md | CHARACTER_MATERIALS\skin.md | CHARACTER_MATERIALS\teeth.md | CONSTRUCTION_MATERIALS\flooring_materials.md | CONSTRUCTION_MATERIALS\lime.md | CONSTRUCTION_MATERIALS\mortar.md | CONSTRUCTION_MATERIALS\pigment_binder.md | CONSTRUCTION_MATERIALS\plaster.md | CONSTRUCTION_MATERIALS\roofing_materials.md | CORE\material_classification.md | CORE\material_continuity.md | CORE\material_decision_log.md | CORE\material_identity_rules.md | CORE\material_policy.md | CORE\material_registry.md | CORE\material_scale_rules.md | CORE\material_source_policy.md | CORE\material_substitution_rules.md | EARTHEN_AND_CERAMIC\ceramic.md | EARTHEN_AND_CERAMIC\fired_clay.md | EARTHEN_AND_CERAMIC\glazed_surfaces.md | EARTHEN_AND_CERAMIC\pottery.md | EARTHEN_AND_CERAMIC\terracotta.md | GLASS_AND_MINERAL_MATERIALS\crystal.md | GLASS_AND_MINERAL_MATERIALS\gemstone.md | GLASS_AND_MINERAL_MATERIALS\glass.md | GLASS_AND_MINERAL_MATERIALS\mica.md | GLASS_AND_MINERAL_MATERIALS\mineral_surfaces.md | GLASS_AND_MINERAL_MATERIALS\pearl.md | LEATHER_AND_ANIMAL_MATERIALS\bone.md | LEATHER_AND_ANIMAL_MATERIALS\feather_material.md | LEATHER_AND_ANIMAL_MATERIALS\hide.md | LEATHER_AND_ANIMAL_MATERIALS\horn.md | LEATHER_AND_ANIMAL_MATERIALS\ivory_research.md | LEATHER_AND_ANIMAL_MATERIALS\leather.md | LEATHER_AND_ANIMAL_MATERIALS\shell.md | MATERIAL_COMBINATIONS\composite_materials.md | MATERIAL_COMBINATIONS\glass_metal.md | MATERIAL_COMBINATIONS\metal_stone.md | MATERIAL_COMBINATIONS\metal_wood.md | MATERIAL_COMBINATIONS\stone_wood.md | MATERIAL_COMBINATIONS\textile_leather.md | MATERIAL_COMBINATIONS\textile_metal.md | MATERIAL_COMBINATIONS\wood_textile.md | MATERIAL_INTERACTION\cold_interaction.md | MATERIAL_INTERACTION\contact_interaction.md | MATERIAL_INTERACTION\dust_interaction.md | MATERIAL_INTERACTION\fire_interaction.md | MATERIAL_INTERACTION\heat_interaction.md | MATERIAL_INTERACTION\moonlight_interaction.md | MATERIAL_INTERACTION\smoke_interaction.md | MATERIAL_INTERACTION\sunlight_interaction.md | MATERIAL_INTERACTION\water_interaction.md | MATERIAL_INTERACTION\wind_interaction.md | MATERIAL_STATES\aging.md | MATERIAL_STATES\biological_growth.md | MATERIAL_STATES\damage.md | MATERIAL_STATES\destruction.md | MATERIAL_STATES\fire_damage.md | MATERIAL_STATES\normal_use.md | MATERIAL_STATES\pristine.md | MATERIAL_STATES\repair.md | MATERIAL_STATES\restoration.md | MATERIAL_STATES\water_damage.md | MATERIAL_STATES\weathering.md | METALS\brass.md | METALS\bronze.md | METALS\copper.md | METALS\gold.md | METALS\iron.md | METALS\silver.md | METALS\steel.md | ORGANIC_AND_NATURAL\flowers.md | ORGANIC_AND_NATURAL\leaves.md | ORGANIC_AND_NATURAL\organic_decay.md | ORGANIC_AND_NATURAL\resin.md | ORGANIC_AND_NATURAL\sap.md | ORGANIC_AND_NATURAL\wax.md | PHYSICAL_PROPERTIES\absorption.md | PHYSICAL_PROPERTIES\density.md | PHYSICAL_PROPERTIES\electrical_behavior.md | PHYSICAL_PROPERTIES\hardness.md | PHYSICAL_PROPERTIES\mechanical_behavior.md | PHYSICAL_PROPERTIES\reflectivity.md | PHYSICAL_PROPERTIES\roughness.md | PHYSICAL_PROPERTIES\scattering.md | PHYSICAL_PROPERTIES\surface_behavior.md | PHYSICAL_PROPERTIES\thermal_behavior.md | PHYSICAL_PROPERTIES\translucency.md | PHYSICAL_PROPERTIES\transparency.md | REFERENCES\historical_reference.md | REFERENCES\material_reference_policy.md | REFERENCES\physical_reference.md | REFERENCES\reference_index.md | REFERENCES\traditional_reference.md | REGISTRIES\material_master_registry.md | REGISTRIES\material_reference_registry.md | REGISTRIES\material_state_registry.md | REGISTRIES\material_usage_registry.md | RENDERING\albedo.md | RENDERING\anisotropy.md | RENDERING\clearcoat.md | RENDERING\displacement.md | RENDERING\material_shader_rules.md | RENDERING\metallic_workflow.md | RENDERING\normal_maps.md | RENDERING\physically_based_materials.md | RENDERING\roughness_maps.md | RENDERING\sheen.md | RENDERING\subsurface_scattering.md | RENDERING\transmission.md | STONE_AND_EARTH\basalt.md | STONE_AND_EARTH\clay.md | STONE_AND_EARTH\granite.md | STONE_AND_EARTH\gravel.md | STONE_AND_EARTH\limestone.md | STONE_AND_EARTH\marble.md | STONE_AND_EARTH\mud.md | STONE_AND_EARTH\natural_rock.md | STONE_AND_EARTH\sandstone.md | STONE_AND_EARTH\slate.md | STONE_AND_EARTH\soil.md | SURFACE_BEHAVIOR\ash.md | SURFACE_BEHAVIOR\chipped.md | SURFACE_BEHAVIOR\cracked.md | SURFACE_BEHAVIOR\dented.md | SURFACE_BEHAVIOR\dusty.md | SURFACE_BEHAVIOR\glossy.md | SURFACE_BEHAVIOR\matte.md | SURFACE_BEHAVIOR\muddy.md | SURFACE_BEHAVIOR\oily.md | SURFACE_BEHAVIOR\polished.md | SURFACE_BEHAVIOR\residue.md | SURFACE_BEHAVIOR\rough.md | SURFACE_BEHAVIOR\scratched.md | SURFACE_BEHAVIOR\soot.md | SURFACE_BEHAVIOR\stained.md | SURFACE_BEHAVIOR\wet.md | SURFACE_BEHAVIOR\worn.md | TEXTILES_AND_FIBERS\cotton.md | TEXTILES_AND_FIBERS\embroidery_materials.md | TEXTILES_AND_FIBERS\hemp.md | TEXTILES_AND_FIBERS\jute.md | TEXTILES_AND_FIBERS\knitted_structure.md | TEXTILES_AND_FIBERS\linen.md | TEXTILES_AND_FIBERS\natural_fibers.md | TEXTILES_AND_FIBERS\silk.md | TEXTILES_AND_FIBERS\textile_surface_behavior.md | TEXTILES_AND_FIBERS\wool.md | TEXTILES_AND_FIBERS\woven_structure.md | TEXTURE\photographic_textures.md | TEXTURE\procedural_textures.md | TEXTURE\texel_density.md | TEXTURE\texture_artifact_control.md | TEXTURE\texture_repetition.md | TEXTURE\texture_resolution.md | TEXTURE\texture_scale.md | TEXTURE\texture_variation.md | WOOD_AND_PLANT_MATERIALS\bamboo.md | WOOD_AND_PLANT_MATERIALS\bark.md | WOOD_AND_PLANT_MATERIALS\cane.md | WOOD_AND_PLANT_MATERIALS\hardwood.md | WOOD_AND_PLANT_MATERIALS\palm_materials.md | WOOD_AND_PLANT_MATERIALS\plant_fibers.md | WOOD_AND_PLANT_MATERIALS\softwood.md"
"05_BEHAVIOR\weathering.md","0","0","","True","AI\material_consistency.md | AI\material_drift.md | AI\material_generation_qa.md | AI\material_prompt_rules.md | AI\material_provenance.md | ARCHITECTURAL_MATERIALS\decorative_surfaces.md | ARCHITECTURAL_MATERIALS\doors.md | ARCHITECTURAL_MATERIALS\floors.md | ARCHITECTURAL_MATERIALS\pillars.md | ARCHITECTURAL_MATERIALS\platforms.md | ARCHITECTURAL_MATERIALS\roofs.md | ARCHITECTURAL_MATERIALS\stairs.md | ARCHITECTURAL_MATERIALS\walls.md | ARCHITECTURAL_MATERIALS\windows.md | CHARACTER_MATERIALS\body_material_rules.md | CHARACTER_MATERIALS\hair.md | CHARACTER_MATERIALS\nails.md | CHARACTER_MATERIALS\skin.md | CHARACTER_MATERIALS\teeth.md | CONSTRUCTION_MATERIALS\flooring_materials.md | CONSTRUCTION_MATERIALS\lime.md | CONSTRUCTION_MATERIALS\mortar.md | CONSTRUCTION_MATERIALS\pigment_binder.md | CONSTRUCTION_MATERIALS\plaster.md | CONSTRUCTION_MATERIALS\roofing_materials.md | CORE\material_classification.md | CORE\material_continuity.md | CORE\material_decision_log.md | CORE\material_identity_rules.md | CORE\material_policy.md | CORE\material_registry.md | CORE\material_scale_rules.md | CORE\material_source_policy.md | CORE\material_substitution_rules.md | EARTHEN_AND_CERAMIC\ceramic.md | EARTHEN_AND_CERAMIC\fired_clay.md | EARTHEN_AND_CERAMIC\glazed_surfaces.md | EARTHEN_AND_CERAMIC\pottery.md | EARTHEN_AND_CERAMIC\terracotta.md | GLASS_AND_MINERAL_MATERIALS\crystal.md | GLASS_AND_MINERAL_MATERIALS\gemstone.md | GLASS_AND_MINERAL_MATERIALS\glass.md | GLASS_AND_MINERAL_MATERIALS\mica.md | GLASS_AND_MINERAL_MATERIALS\mineral_surfaces.md | GLASS_AND_MINERAL_MATERIALS\pearl.md | LEATHER_AND_ANIMAL_MATERIALS\bone.md | LEATHER_AND_ANIMAL_MATERIALS\feather_material.md | LEATHER_AND_ANIMAL_MATERIALS\hide.md | LEATHER_AND_ANIMAL_MATERIALS\horn.md | LEATHER_AND_ANIMAL_MATERIALS\ivory_research.md | LEATHER_AND_ANIMAL_MATERIALS\leather.md | LEATHER_AND_ANIMAL_MATERIALS\shell.md | MATERIAL_COMBINATIONS\composite_materials.md | MATERIAL_COMBINATIONS\glass_metal.md | MATERIAL_COMBINATIONS\metal_stone.md | MATERIAL_COMBINATIONS\metal_wood.md | MATERIAL_COMBINATIONS\stone_wood.md | MATERIAL_COMBINATIONS\textile_leather.md | MATERIAL_COMBINATIONS\textile_metal.md | MATERIAL_COMBINATIONS\wood_textile.md | MATERIAL_INTERACTION\cold_interaction.md | MATERIAL_INTERACTION\contact_interaction.md | MATERIAL_INTERACTION\dust_interaction.md | MATERIAL_INTERACTION\fire_interaction.md | MATERIAL_INTERACTION\heat_interaction.md | MATERIAL_INTERACTION\moonlight_interaction.md | MATERIAL_INTERACTION\smoke_interaction.md | MATERIAL_INTERACTION\sunlight_interaction.md | MATERIAL_INTERACTION\water_interaction.md | MATERIAL_INTERACTION\wind_interaction.md | MATERIAL_STATES\aging.md | MATERIAL_STATES\biological_growth.md | MATERIAL_STATES\damage.md | MATERIAL_STATES\destruction.md | MATERIAL_STATES\fire_damage.md | MATERIAL_STATES\normal_use.md | MATERIAL_STATES\pristine.md | MATERIAL_STATES\repair.md | MATERIAL_STATES\restoration.md | MATERIAL_STATES\water_damage.md | MATERIAL_STATES\weathering.md | METALS\brass.md | METALS\bronze.md | METALS\copper.md | METALS\gold.md | METALS\iron.md | METALS\silver.md | METALS\steel.md | ORGANIC_AND_NATURAL\flowers.md | ORGANIC_AND_NATURAL\leaves.md | ORGANIC_AND_NATURAL\organic_decay.md | ORGANIC_AND_NATURAL\resin.md | ORGANIC_AND_NATURAL\sap.md | ORGANIC_AND_NATURAL\wax.md | PHYSICAL_PROPERTIES\absorption.md | PHYSICAL_PROPERTIES\density.md | PHYSICAL_PROPERTIES\electrical_behavior.md | PHYSICAL_PROPERTIES\hardness.md | PHYSICAL_PROPERTIES\mechanical_behavior.md | PHYSICAL_PROPERTIES\reflectivity.md | PHYSICAL_PROPERTIES\roughness.md | PHYSICAL_PROPERTIES\scattering.md | PHYSICAL_PROPERTIES\surface_behavior.md | PHYSICAL_PROPERTIES\thermal_behavior.md | PHYSICAL_PROPERTIES\translucency.md | PHYSICAL_PROPERTIES\transparency.md | REFERENCES\historical_reference.md | REFERENCES\material_reference_policy.md | REFERENCES\physical_reference.md | REFERENCES\reference_index.md | REFERENCES\traditional_reference.md | REGISTRIES\material_master_registry.md | REGISTRIES\material_reference_registry.md | REGISTRIES\material_state_registry.md | REGISTRIES\material_usage_registry.md | RENDERING\albedo.md | RENDERING\anisotropy.md | RENDERING\clearcoat.md | RENDERING\displacement.md | RENDERING\material_shader_rules.md | RENDERING\metallic_workflow.md | RENDERING\normal_maps.md | RENDERING\physically_based_materials.md | RENDERING\roughness_maps.md | RENDERING\sheen.md | RENDERING\subsurface_scattering.md | RENDERING\transmission.md | STONE_AND_EARTH\basalt.md | STONE_AND_EARTH\clay.md | STONE_AND_EARTH\granite.md | STONE_AND_EARTH\gravel.md | STONE_AND_EARTH\limestone.md | STONE_AND_EARTH\marble.md | STONE_AND_EARTH\mud.md | STONE_AND_EARTH\natural_rock.md | STONE_AND_EARTH\sandstone.md | STONE_AND_EARTH\slate.md | STONE_AND_EARTH\soil.md | SURFACE_BEHAVIOR\ash.md | SURFACE_BEHAVIOR\chipped.md | SURFACE_BEHAVIOR\cracked.md | SURFACE_BEHAVIOR\dented.md | SURFACE_BEHAVIOR\dusty.md | SURFACE_BEHAVIOR\glossy.md | SURFACE_BEHAVIOR\matte.md | SURFACE_BEHAVIOR\muddy.md | SURFACE_BEHAVIOR\oily.md | SURFACE_BEHAVIOR\polished.md | SURFACE_BEHAVIOR\residue.md | SURFACE_BEHAVIOR\rough.md | SURFACE_BEHAVIOR\scratched.md | SURFACE_BEHAVIOR\soot.md | SURFACE_BEHAVIOR\stained.md | SURFACE_BEHAVIOR\wet.md | SURFACE_BEHAVIOR\worn.md | TEXTILES_AND_FIBERS\cotton.md | TEXTILES_AND_FIBERS\embroidery_materials.md | TEXTILES_AND_FIBERS\hemp.md | TEXTILES_AND_FIBERS\jute.md | TEXTILES_AND_FIBERS\knitted_structure.md | TEXTILES_AND_FIBERS\linen.md | TEXTILES_AND_FIBERS\natural_fibers.md | TEXTILES_AND_FIBERS\silk.md | TEXTILES_AND_FIBERS\textile_surface_behavior.md | TEXTILES_AND_FIBERS\wool.md | TEXTILES_AND_FIBERS\woven_structure.md | TEXTURE\photographic_textures.md | TEXTURE\procedural_textures.md | TEXTURE\texel_density.md | TEXTURE\texture_artifact_control.md | TEXTURE\texture_repetition.md | TEXTURE\texture_resolution.md | TEXTURE\texture_scale.md | TEXTURE\texture_variation.md | WOOD_AND_PLANT_MATERIALS\bamboo.md | WOOD_AND_PLANT_MATERIALS\bark.md | WOOD_AND_PLANT_MATERIALS\cane.md | WOOD_AND_PLANT_MATERIALS\hardwood.md | WOOD_AND_PLANT_MATERIALS\palm_materials.md | WOOD_AND_PLANT_MATERIALS\plant_fibers.md | WOOD_AND_PLANT_MATERIALS\softwood.md"
"06_STATES\condition_states.md","0","0","","True","AI\material_consistency.md | AI\material_drift.md | AI\material_generation_qa.md | AI\material_prompt_rules.md | AI\material_provenance.md | ARCHITECTURAL_MATERIALS\decorative_surfaces.md | ARCHITECTURAL_MATERIALS\doors.md | ARCHITECTURAL_MATERIALS\floors.md | ARCHITECTURAL_MATERIALS\pillars.md | ARCHITECTURAL_MATERIALS\platforms.md | ARCHITECTURAL_MATERIALS\roofs.md | ARCHITECTURAL_MATERIALS\stairs.md | ARCHITECTURAL_MATERIALS\walls.md | ARCHITECTURAL_MATERIALS\windows.md | CHARACTER_MATERIALS\body_material_rules.md | CHARACTER_MATERIALS\hair.md | CHARACTER_MATERIALS\nails.md | CHARACTER_MATERIALS\skin.md | CHARACTER_MATERIALS\teeth.md | CONSTRUCTION_MATERIALS\flooring_materials.md | CONSTRUCTION_MATERIALS\lime.md | CONSTRUCTION_MATERIALS\mortar.md | CONSTRUCTION_MATERIALS\pigment_binder.md | CONSTRUCTION_MATERIALS\plaster.md | CONSTRUCTION_MATERIALS\roofing_materials.md | CORE\material_classification.md | CORE\material_continuity.md | CORE\material_decision_log.md | CORE\material_identity_rules.md | CORE\material_policy.md | CORE\material_registry.md | CORE\material_scale_rules.md | CORE\material_source_policy.md | CORE\material_substitution_rules.md | EARTHEN_AND_CERAMIC\ceramic.md | EARTHEN_AND_CERAMIC\fired_clay.md | EARTHEN_AND_CERAMIC\glazed_surfaces.md | EARTHEN_AND_CERAMIC\pottery.md | EARTHEN_AND_CERAMIC\terracotta.md | GLASS_AND_MINERAL_MATERIALS\crystal.md | GLASS_AND_MINERAL_MATERIALS\gemstone.md | GLASS_AND_MINERAL_MATERIALS\glass.md | GLASS_AND_MINERAL_MATERIALS\mica.md | GLASS_AND_MINERAL_MATERIALS\mineral_surfaces.md | GLASS_AND_MINERAL_MATERIALS\pearl.md | LEATHER_AND_ANIMAL_MATERIALS\bone.md | LEATHER_AND_ANIMAL_MATERIALS\feather_material.md | LEATHER_AND_ANIMAL_MATERIALS\hide.md | LEATHER_AND_ANIMAL_MATERIALS\horn.md | LEATHER_AND_ANIMAL_MATERIALS\ivory_research.md | LEATHER_AND_ANIMAL_MATERIALS\leather.md | LEATHER_AND_ANIMAL_MATERIALS\shell.md | MATERIAL_COMBINATIONS\composite_materials.md | MATERIAL_COMBINATIONS\glass_metal.md | MATERIAL_COMBINATIONS\metal_stone.md | MATERIAL_COMBINATIONS\metal_wood.md | MATERIAL_COMBINATIONS\stone_wood.md | MATERIAL_COMBINATIONS\textile_leather.md | MATERIAL_COMBINATIONS\textile_metal.md | MATERIAL_COMBINATIONS\wood_textile.md | MATERIAL_INTERACTION\cold_interaction.md | MATERIAL_INTERACTION\contact_interaction.md | MATERIAL_INTERACTION\dust_interaction.md | MATERIAL_INTERACTION\fire_interaction.md | MATERIAL_INTERACTION\heat_interaction.md | MATERIAL_INTERACTION\moonlight_interaction.md | MATERIAL_INTERACTION\smoke_interaction.md | MATERIAL_INTERACTION\sunlight_interaction.md | MATERIAL_INTERACTION\water_interaction.md | MATERIAL_INTERACTION\wind_interaction.md | MATERIAL_STATES\aging.md | MATERIAL_STATES\biological_growth.md | MATERIAL_STATES\damage.md | MATERIAL_STATES\destruction.md | MATERIAL_STATES\fire_damage.md | MATERIAL_STATES\normal_use.md | MATERIAL_STATES\pristine.md | MATERIAL_STATES\repair.md | MATERIAL_STATES\restoration.md | MATERIAL_STATES\water_damage.md | MATERIAL_STATES\weathering.md | METALS\brass.md | METALS\bronze.md | METALS\copper.md | METALS\gold.md | METALS\iron.md | METALS\silver.md | METALS\steel.md | ORGANIC_AND_NATURAL\flowers.md | ORGANIC_AND_NATURAL\leaves.md | ORGANIC_AND_NATURAL\organic_decay.md | ORGANIC_AND_NATURAL\resin.md | ORGANIC_AND_NATURAL\sap.md | ORGANIC_AND_NATURAL\wax.md | PHYSICAL_PROPERTIES\absorption.md | PHYSICAL_PROPERTIES\density.md | PHYSICAL_PROPERTIES\electrical_behavior.md | PHYSICAL_PROPERTIES\hardness.md | PHYSICAL_PROPERTIES\mechanical_behavior.md | PHYSICAL_PROPERTIES\reflectivity.md | PHYSICAL_PROPERTIES\roughness.md | PHYSICAL_PROPERTIES\scattering.md | PHYSICAL_PROPERTIES\surface_behavior.md | PHYSICAL_PROPERTIES\thermal_behavior.md | PHYSICAL_PROPERTIES\translucency.md | PHYSICAL_PROPERTIES\transparency.md | REFERENCES\historical_reference.md | REFERENCES\material_reference_policy.md | REFERENCES\physical_reference.md | REFERENCES\reference_index.md | REFERENCES\traditional_reference.md | REGISTRIES\material_master_registry.md | REGISTRIES\material_reference_registry.md | REGISTRIES\material_state_registry.md | REGISTRIES\material_usage_registry.md | RENDERING\albedo.md | RENDERING\anisotropy.md | RENDERING\clearcoat.md | RENDERING\displacement.md | RENDERING\material_shader_rules.md | RENDERING\metallic_workflow.md | RENDERING\normal_maps.md | RENDERING\physically_based_materials.md | RENDERING\roughness_maps.md | RENDERING\sheen.md | RENDERING\subsurface_scattering.md | RENDERING\transmission.md | STONE_AND_EARTH\basalt.md | STONE_AND_EARTH\clay.md | STONE_AND_EARTH\granite.md | STONE_AND_EARTH\gravel.md | STONE_AND_EARTH\limestone.md | STONE_AND_EARTH\marble.md | STONE_AND_EARTH\mud.md | STONE_AND_EARTH\natural_rock.md | STONE_AND_EARTH\sandstone.md | STONE_AND_EARTH\slate.md | STONE_AND_EARTH\soil.md | SURFACE_BEHAVIOR\ash.md | SURFACE_BEHAVIOR\chipped.md | SURFACE_BEHAVIOR\cracked.md | SURFACE_BEHAVIOR\dented.md | SURFACE_BEHAVIOR\dusty.md | SURFACE_BEHAVIOR\glossy.md | SURFACE_BEHAVIOR\matte.md | SURFACE_BEHAVIOR\muddy.md | SURFACE_BEHAVIOR\oily.md | SURFACE_BEHAVIOR\polished.md | SURFACE_BEHAVIOR\residue.md | SURFACE_BEHAVIOR\rough.md | SURFACE_BEHAVIOR\scratched.md | SURFACE_BEHAVIOR\soot.md | SURFACE_BEHAVIOR\stained.md | SURFACE_BEHAVIOR\wet.md | SURFACE_BEHAVIOR\worn.md | TEXTILES_AND_FIBERS\cotton.md | TEXTILES_AND_FIBERS\embroidery_materials.md | TEXTILES_AND_FIBERS\hemp.md | TEXTILES_AND_FIBERS\jute.md | TEXTILES_AND_FIBERS\knitted_structure.md | TEXTILES_AND_FIBERS\linen.md | TEXTILES_AND_FIBERS\natural_fibers.md | TEXTILES_AND_FIBERS\silk.md | TEXTILES_AND_FIBERS\textile_surface_behavior.md | TEXTILES_AND_FIBERS\wool.md | TEXTILES_AND_FIBERS\woven_structure.md | TEXTURE\photographic_textures.md | TEXTURE\procedural_textures.md | TEXTURE\texel_density.md | TEXTURE\texture_artifact_control.md | TEXTURE\texture_repetition.md | TEXTURE\texture_resolution.md | TEXTURE\texture_scale.md | TEXTURE\texture_variation.md | WOOD_AND_PLANT_MATERIALS\bamboo.md | WOOD_AND_PLANT_MATERIALS\bark.md | WOOD_AND_PLANT_MATERIALS\cane.md | WOOD_AND_PLANT_MATERIALS\hardwood.md | WOOD_AND_PLANT_MATERIALS\palm_materials.md | WOOD_AND_PLANT_MATERIALS\plant_fibers.md | WOOD_AND_PLANT_MATERIALS\softwood.md"
"06_STATES\material_state_model.md","0","0","","True","AI\material_consistency.md | AI\material_drift.md | AI\material_generation_qa.md | AI\material_prompt_rules.md | AI\material_provenance.md | ARCHITECTURAL_MATERIALS\decorative_surfaces.md | ARCHITECTURAL_MATERIALS\doors.md | ARCHITECTURAL_MATERIALS\floors.md | ARCHITECTURAL_MATERIALS\pillars.md | ARCHITECTURAL_MATERIALS\platforms.md | ARCHITECTURAL_MATERIALS\roofs.md | ARCHITECTURAL_MATERIALS\stairs.md | ARCHITECTURAL_MATERIALS\walls.md | ARCHITECTURAL_MATERIALS\windows.md | CHARACTER_MATERIALS\body_material_rules.md | CHARACTER_MATERIALS\hair.md | CHARACTER_MATERIALS\nails.md | CHARACTER_MATERIALS\skin.md | CHARACTER_MATERIALS\teeth.md | CONSTRUCTION_MATERIALS\flooring_materials.md | CONSTRUCTION_MATERIALS\lime.md | CONSTRUCTION_MATERIALS\mortar.md | CONSTRUCTION_MATERIALS\pigment_binder.md | CONSTRUCTION_MATERIALS\plaster.md | CONSTRUCTION_MATERIALS\roofing_materials.md | CORE\material_classification.md | CORE\material_continuity.md | CORE\material_decision_log.md | CORE\material_identity_rules.md | CORE\material_policy.md | CORE\material_registry.md | CORE\material_scale_rules.md | CORE\material_source_policy.md | CORE\material_substitution_rules.md | EARTHEN_AND_CERAMIC\ceramic.md | EARTHEN_AND_CERAMIC\fired_clay.md | EARTHEN_AND_CERAMIC\glazed_surfaces.md | EARTHEN_AND_CERAMIC\pottery.md | EARTHEN_AND_CERAMIC\terracotta.md | GLASS_AND_MINERAL_MATERIALS\crystal.md | GLASS_AND_MINERAL_MATERIALS\gemstone.md | GLASS_AND_MINERAL_MATERIALS\glass.md | GLASS_AND_MINERAL_MATERIALS\mica.md | GLASS_AND_MINERAL_MATERIALS\mineral_surfaces.md | GLASS_AND_MINERAL_MATERIALS\pearl.md | LEATHER_AND_ANIMAL_MATERIALS\bone.md | LEATHER_AND_ANIMAL_MATERIALS\feather_material.md | LEATHER_AND_ANIMAL_MATERIALS\hide.md | LEATHER_AND_ANIMAL_MATERIALS\horn.md | LEATHER_AND_ANIMAL_MATERIALS\ivory_research.md | LEATHER_AND_ANIMAL_MATERIALS\leather.md | LEATHER_AND_ANIMAL_MATERIALS\shell.md | MATERIAL_COMBINATIONS\composite_materials.md | MATERIAL_COMBINATIONS\glass_metal.md | MATERIAL_COMBINATIONS\metal_stone.md | MATERIAL_COMBINATIONS\metal_wood.md | MATERIAL_COMBINATIONS\stone_wood.md | MATERIAL_COMBINATIONS\textile_leather.md | MATERIAL_COMBINATIONS\textile_metal.md | MATERIAL_COMBINATIONS\wood_textile.md | MATERIAL_INTERACTION\cold_interaction.md | MATERIAL_INTERACTION\contact_interaction.md | MATERIAL_INTERACTION\dust_interaction.md | MATERIAL_INTERACTION\fire_interaction.md | MATERIAL_INTERACTION\heat_interaction.md | MATERIAL_INTERACTION\moonlight_interaction.md | MATERIAL_INTERACTION\smoke_interaction.md | MATERIAL_INTERACTION\sunlight_interaction.md | MATERIAL_INTERACTION\water_interaction.md | MATERIAL_INTERACTION\wind_interaction.md | MATERIAL_STATES\aging.md | MATERIAL_STATES\biological_growth.md | MATERIAL_STATES\damage.md | MATERIAL_STATES\destruction.md | MATERIAL_STATES\fire_damage.md | MATERIAL_STATES\normal_use.md | MATERIAL_STATES\pristine.md | MATERIAL_STATES\repair.md | MATERIAL_STATES\restoration.md | MATERIAL_STATES\water_damage.md | MATERIAL_STATES\weathering.md | METALS\brass.md | METALS\bronze.md | METALS\copper.md | METALS\gold.md | METALS\iron.md | METALS\silver.md | METALS\steel.md | ORGANIC_AND_NATURAL\flowers.md | ORGANIC_AND_NATURAL\leaves.md | ORGANIC_AND_NATURAL\organic_decay.md | ORGANIC_AND_NATURAL\resin.md | ORGANIC_AND_NATURAL\sap.md | ORGANIC_AND_NATURAL\wax.md | PHYSICAL_PROPERTIES\absorption.md | PHYSICAL_PROPERTIES\density.md | PHYSICAL_PROPERTIES\electrical_behavior.md | PHYSICAL_PROPERTIES\hardness.md | PHYSICAL_PROPERTIES\mechanical_behavior.md | PHYSICAL_PROPERTIES\reflectivity.md | PHYSICAL_PROPERTIES\roughness.md | PHYSICAL_PROPERTIES\scattering.md | PHYSICAL_PROPERTIES\surface_behavior.md | PHYSICAL_PROPERTIES\thermal_behavior.md | PHYSICAL_PROPERTIES\translucency.md | PHYSICAL_PROPERTIES\transparency.md | REFERENCES\historical_reference.md | REFERENCES\material_reference_policy.md | REFERENCES\physical_reference.md | REFERENCES\reference_index.md | REFERENCES\traditional_reference.md | REGISTRIES\material_master_registry.md | REGISTRIES\material_reference_registry.md | REGISTRIES\material_state_registry.md | REGISTRIES\material_usage_registry.md | RENDERING\albedo.md | RENDERING\anisotropy.md | RENDERING\clearcoat.md | RENDERING\displacement.md | RENDERING\material_shader_rules.md | RENDERING\metallic_workflow.md | RENDERING\normal_maps.md | RENDERING\physically_based_materials.md | RENDERING\roughness_maps.md | RENDERING\sheen.md | RENDERING\subsurface_scattering.md | RENDERING\transmission.md | STONE_AND_EARTH\basalt.md | STONE_AND_EARTH\clay.md | STONE_AND_EARTH\granite.md | STONE_AND_EARTH\gravel.md | STONE_AND_EARTH\limestone.md | STONE_AND_EARTH\marble.md | STONE_AND_EARTH\mud.md | STONE_AND_EARTH\natural_rock.md | STONE_AND_EARTH\sandstone.md | STONE_AND_EARTH\slate.md | STONE_AND_EARTH\soil.md | SURFACE_BEHAVIOR\ash.md | SURFACE_BEHAVIOR\chipped.md | SURFACE_BEHAVIOR\cracked.md | SURFACE_BEHAVIOR\dented.md | SURFACE_BEHAVIOR\dusty.md | SURFACE_BEHAVIOR\glossy.md | SURFACE_BEHAVIOR\matte.md | SURFACE_BEHAVIOR\muddy.md | SURFACE_BEHAVIOR\oily.md | SURFACE_BEHAVIOR\polished.md | SURFACE_BEHAVIOR\residue.md | SURFACE_BEHAVIOR\rough.md | SURFACE_BEHAVIOR\scratched.md | SURFACE_BEHAVIOR\soot.md | SURFACE_BEHAVIOR\stained.md | SURFACE_BEHAVIOR\wet.md | SURFACE_BEHAVIOR\worn.md | TEXTILES_AND_FIBERS\cotton.md | TEXTILES_AND_FIBERS\embroidery_materials.md | TEXTILES_AND_FIBERS\hemp.md | TEXTILES_AND_FIBERS\jute.md | TEXTILES_AND_FIBERS\knitted_structure.md | TEXTILES_AND_FIBERS\linen.md | TEXTILES_AND_FIBERS\natural_fibers.md | TEXTILES_AND_FIBERS\silk.md | TEXTILES_AND_FIBERS\textile_surface_behavior.md | TEXTILES_AND_FIBERS\wool.md | TEXTILES_AND_FIBERS\woven_structure.md | TEXTURE\photographic_textures.md | TEXTURE\procedural_textures.md | TEXTURE\texel_density.md | TEXTURE\texture_artifact_control.md | TEXTURE\texture_repetition.md | TEXTURE\texture_resolution.md | TEXTURE\texture_scale.md | TEXTURE\texture_variation.md | WOOD_AND_PLANT_MATERIALS\bamboo.md | WOOD_AND_PLANT_MATERIALS\bark.md | WOOD_AND_PLANT_MATERIALS\cane.md | WOOD_AND_PLANT_MATERIALS\hardwood.md | WOOD_AND_PLANT_MATERIALS\palm_materials.md | WOOD_AND_PLANT_MATERIALS\plant_fibers.md | WOOD_AND_PLANT_MATERIALS\softwood.md"
"06_STATES\state_continuity.md","0","0","","True","AI\material_consistency.md | AI\material_drift.md | AI\material_generation_qa.md | AI\material_prompt_rules.md | AI\material_provenance.md | ARCHITECTURAL_MATERIALS\decorative_surfaces.md | ARCHITECTURAL_MATERIALS\doors.md | ARCHITECTURAL_MATERIALS\floors.md | ARCHITECTURAL_MATERIALS\pillars.md | ARCHITECTURAL_MATERIALS\platforms.md | ARCHITECTURAL_MATERIALS\roofs.md | ARCHITECTURAL_MATERIALS\stairs.md | ARCHITECTURAL_MATERIALS\walls.md | ARCHITECTURAL_MATERIALS\windows.md | CHARACTER_MATERIALS\body_material_rules.md | CHARACTER_MATERIALS\hair.md | CHARACTER_MATERIALS\nails.md | CHARACTER_MATERIALS\skin.md | CHARACTER_MATERIALS\teeth.md | CONSTRUCTION_MATERIALS\flooring_materials.md | CONSTRUCTION_MATERIALS\lime.md | CONSTRUCTION_MATERIALS\mortar.md | CONSTRUCTION_MATERIALS\pigment_binder.md | CONSTRUCTION_MATERIALS\plaster.md | CONSTRUCTION_MATERIALS\roofing_materials.md | CORE\material_classification.md | CORE\material_continuity.md | CORE\material_decision_log.md | CORE\material_identity_rules.md | CORE\material_policy.md | CORE\material_registry.md | CORE\material_scale_rules.md | CORE\material_source_policy.md | CORE\material_substitution_rules.md | EARTHEN_AND_CERAMIC\ceramic.md | EARTHEN_AND_CERAMIC\fired_clay.md | EARTHEN_AND_CERAMIC\glazed_surfaces.md | EARTHEN_AND_CERAMIC\pottery.md | EARTHEN_AND_CERAMIC\terracotta.md | GLASS_AND_MINERAL_MATERIALS\crystal.md | GLASS_AND_MINERAL_MATERIALS\gemstone.md | GLASS_AND_MINERAL_MATERIALS\glass.md | GLASS_AND_MINERAL_MATERIALS\mica.md | GLASS_AND_MINERAL_MATERIALS\mineral_surfaces.md | GLASS_AND_MINERAL_MATERIALS\pearl.md | LEATHER_AND_ANIMAL_MATERIALS\bone.md | LEATHER_AND_ANIMAL_MATERIALS\feather_material.md | LEATHER_AND_ANIMAL_MATERIALS\hide.md | LEATHER_AND_ANIMAL_MATERIALS\horn.md | LEATHER_AND_ANIMAL_MATERIALS\ivory_research.md | LEATHER_AND_ANIMAL_MATERIALS\leather.md | LEATHER_AND_ANIMAL_MATERIALS\shell.md | MATERIAL_COMBINATIONS\composite_materials.md | MATERIAL_COMBINATIONS\glass_metal.md | MATERIAL_COMBINATIONS\metal_stone.md | MATERIAL_COMBINATIONS\metal_wood.md | MATERIAL_COMBINATIONS\stone_wood.md | MATERIAL_COMBINATIONS\textile_leather.md | MATERIAL_COMBINATIONS\textile_metal.md | MATERIAL_COMBINATIONS\wood_textile.md | MATERIAL_INTERACTION\cold_interaction.md | MATERIAL_INTERACTION\contact_interaction.md | MATERIAL_INTERACTION\dust_interaction.md | MATERIAL_INTERACTION\fire_interaction.md | MATERIAL_INTERACTION\heat_interaction.md | MATERIAL_INTERACTION\moonlight_interaction.md | MATERIAL_INTERACTION\smoke_interaction.md | MATERIAL_INTERACTION\sunlight_interaction.md | MATERIAL_INTERACTION\water_interaction.md | MATERIAL_INTERACTION\wind_interaction.md | MATERIAL_STATES\aging.md | MATERIAL_STATES\biological_growth.md | MATERIAL_STATES\damage.md | MATERIAL_STATES\destruction.md | MATERIAL_STATES\fire_damage.md | MATERIAL_STATES\normal_use.md | MATERIAL_STATES\pristine.md | MATERIAL_STATES\repair.md | MATERIAL_STATES\restoration.md | MATERIAL_STATES\water_damage.md | MATERIAL_STATES\weathering.md | METALS\brass.md | METALS\bronze.md | METALS\copper.md | METALS\gold.md | METALS\iron.md | METALS\silver.md | METALS\steel.md | ORGANIC_AND_NATURAL\flowers.md | ORGANIC_AND_NATURAL\leaves.md | ORGANIC_AND_NATURAL\organic_decay.md | ORGANIC_AND_NATURAL\resin.md | ORGANIC_AND_NATURAL\sap.md | ORGANIC_AND_NATURAL\wax.md | PHYSICAL_PROPERTIES\absorption.md | PHYSICAL_PROPERTIES\density.md | PHYSICAL_PROPERTIES\electrical_behavior.md | PHYSICAL_PROPERTIES\hardness.md | PHYSICAL_PROPERTIES\mechanical_behavior.md | PHYSICAL_PROPERTIES\reflectivity.md | PHYSICAL_PROPERTIES\roughness.md | PHYSICAL_PROPERTIES\scattering.md | PHYSICAL_PROPERTIES\surface_behavior.md | PHYSICAL_PROPERTIES\thermal_behavior.md | PHYSICAL_PROPERTIES\translucency.md | PHYSICAL_PROPERTIES\transparency.md | REFERENCES\historical_reference.md | REFERENCES\material_reference_policy.md | REFERENCES\physical_reference.md | REFERENCES\reference_index.md | REFERENCES\traditional_reference.md | REGISTRIES\material_master_registry.md | REGISTRIES\material_reference_registry.md | REGISTRIES\material_state_registry.md | REGISTRIES\material_usage_registry.md | RENDERING\albedo.md | RENDERING\anisotropy.md | RENDERING\clearcoat.md | RENDERING\displacement.md | RENDERING\material_shader_rules.md | RENDERING\metallic_workflow.md | RENDERING\normal_maps.md | RENDERING\physically_based_materials.md | RENDERING\roughness_maps.md | RENDERING\sheen.md | RENDERING\subsurface_scattering.md | RENDERING\transmission.md | STONE_AND_EARTH\basalt.md | STONE_AND_EARTH\clay.md | STONE_AND_EARTH\granite.md | STONE_AND_EARTH\gravel.md | STONE_AND_EARTH\limestone.md | STONE_AND_EARTH\marble.md | STONE_AND_EARTH\mud.md | STONE_AND_EARTH\natural_rock.md | STONE_AND_EARTH\sandstone.md | STONE_AND_EARTH\slate.md | STONE_AND_EARTH\soil.md | SURFACE_BEHAVIOR\ash.md | SURFACE_BEHAVIOR\chipped.md | SURFACE_BEHAVIOR\cracked.md | SURFACE_BEHAVIOR\dented.md | SURFACE_BEHAVIOR\dusty.md | SURFACE_BEHAVIOR\glossy.md | SURFACE_BEHAVIOR\matte.md | SURFACE_BEHAVIOR\muddy.md | SURFACE_BEHAVIOR\oily.md | SURFACE_BEHAVIOR\polished.md | SURFACE_BEHAVIOR\residue.md | SURFACE_BEHAVIOR\rough.md | SURFACE_BEHAVIOR\scratched.md | SURFACE_BEHAVIOR\soot.md | SURFACE_BEHAVIOR\stained.md | SURFACE_BEHAVIOR\wet.md | SURFACE_BEHAVIOR\worn.md | TEXTILES_AND_FIBERS\cotton.md | TEXTILES_AND_FIBERS\embroidery_materials.md | TEXTILES_AND_FIBERS\hemp.md | TEXTILES_AND_FIBERS\jute.md | TEXTILES_AND_FIBERS\knitted_structure.md | TEXTILES_AND_FIBERS\linen.md | TEXTILES_AND_FIBERS\natural_fibers.md | TEXTILES_AND_FIBERS\silk.md | TEXTILES_AND_FIBERS\textile_surface_behavior.md | TEXTILES_AND_FIBERS\wool.md | TEXTILES_AND_FIBERS\woven_structure.md | TEXTURE\photographic_textures.md | TEXTURE\procedural_textures.md | TEXTURE\texel_density.md | TEXTURE\texture_artifact_control.md | TEXTURE\texture_repetition.md | TEXTURE\texture_resolution.md | TEXTURE\texture_scale.md | TEXTURE\texture_variation.md | WOOD_AND_PLANT_MATERIALS\bamboo.md | WOOD_AND_PLANT_MATERIALS\bark.md | WOOD_AND_PLANT_MATERIALS\cane.md | WOOD_AND_PLANT_MATERIALS\hardwood.md | WOOD_AND_PLANT_MATERIALS\palm_materials.md | WOOD_AND_PLANT_MATERIALS\plant_fibers.md | WOOD_AND_PLANT_MATERIALS\softwood.md"
"06_STATES\state_transitions.md","0","0","","True","AI\material_consistency.md | AI\material_drift.md | AI\material_generation_qa.md | AI\material_prompt_rules.md | AI\material_provenance.md | ARCHITECTURAL_MATERIALS\decorative_surfaces.md | ARCHITECTURAL_MATERIALS\doors.md | ARCHITECTURAL_MATERIALS\floors.md | ARCHITECTURAL_MATERIALS\pillars.md | ARCHITECTURAL_MATERIALS\platforms.md | ARCHITECTURAL_MATERIALS\roofs.md | ARCHITECTURAL_MATERIALS\stairs.md | ARCHITECTURAL_MATERIALS\walls.md | ARCHITECTURAL_MATERIALS\windows.md | CHARACTER_MATERIALS\body_material_rules.md | CHARACTER_MATERIALS\hair.md | CHARACTER_MATERIALS\nails.md | CHARACTER_MATERIALS\skin.md | CHARACTER_MATERIALS\teeth.md | CONSTRUCTION_MATERIALS\flooring_materials.md | CONSTRUCTION_MATERIALS\lime.md | CONSTRUCTION_MATERIALS\mortar.md | CONSTRUCTION_MATERIALS\pigment_binder.md | CONSTRUCTION_MATERIALS\plaster.md | CONSTRUCTION_MATERIALS\roofing_materials.md | CORE\material_classification.md | CORE\material_continuity.md | CORE\material_decision_log.md | CORE\material_identity_rules.md | CORE\material_policy.md | CORE\material_registry.md | CORE\material_scale_rules.md | CORE\material_source_policy.md | CORE\material_substitution_rules.md | EARTHEN_AND_CERAMIC\ceramic.md | EARTHEN_AND_CERAMIC\fired_clay.md | EARTHEN_AND_CERAMIC\glazed_surfaces.md | EARTHEN_AND_CERAMIC\pottery.md | EARTHEN_AND_CERAMIC\terracotta.md | GLASS_AND_MINERAL_MATERIALS\crystal.md | GLASS_AND_MINERAL_MATERIALS\gemstone.md | GLASS_AND_MINERAL_MATERIALS\glass.md | GLASS_AND_MINERAL_MATERIALS\mica.md | GLASS_AND_MINERAL_MATERIALS\mineral_surfaces.md | GLASS_AND_MINERAL_MATERIALS\pearl.md | LEATHER_AND_ANIMAL_MATERIALS\bone.md | LEATHER_AND_ANIMAL_MATERIALS\feather_material.md | LEATHER_AND_ANIMAL_MATERIALS\hide.md | LEATHER_AND_ANIMAL_MATERIALS\horn.md | LEATHER_AND_ANIMAL_MATERIALS\ivory_research.md | LEATHER_AND_ANIMAL_MATERIALS\leather.md | LEATHER_AND_ANIMAL_MATERIALS\shell.md | MATERIAL_COMBINATIONS\composite_materials.md | MATERIAL_COMBINATIONS\glass_metal.md | MATERIAL_COMBINATIONS\metal_stone.md | MATERIAL_COMBINATIONS\metal_wood.md | MATERIAL_COMBINATIONS\stone_wood.md | MATERIAL_COMBINATIONS\textile_leather.md | MATERIAL_COMBINATIONS\textile_metal.md | MATERIAL_COMBINATIONS\wood_textile.md | MATERIAL_INTERACTION\cold_interaction.md | MATERIAL_INTERACTION\contact_interaction.md | MATERIAL_INTERACTION\dust_interaction.md | MATERIAL_INTERACTION\fire_interaction.md | MATERIAL_INTERACTION\heat_interaction.md | MATERIAL_INTERACTION\moonlight_interaction.md | MATERIAL_INTERACTION\smoke_interaction.md | MATERIAL_INTERACTION\sunlight_interaction.md | MATERIAL_INTERACTION\water_interaction.md | MATERIAL_INTERACTION\wind_interaction.md | MATERIAL_STATES\aging.md | MATERIAL_STATES\biological_growth.md | MATERIAL_STATES\damage.md | MATERIAL_STATES\destruction.md | MATERIAL_STATES\fire_damage.md | MATERIAL_STATES\normal_use.md | MATERIAL_STATES\pristine.md | MATERIAL_STATES\repair.md | MATERIAL_STATES\restoration.md | MATERIAL_STATES\water_damage.md | MATERIAL_STATES\weathering.md | METALS\brass.md | METALS\bronze.md | METALS\copper.md | METALS\gold.md | METALS\iron.md | METALS\silver.md | METALS\steel.md | ORGANIC_AND_NATURAL\flowers.md | ORGANIC_AND_NATURAL\leaves.md | ORGANIC_AND_NATURAL\organic_decay.md | ORGANIC_AND_NATURAL\resin.md | ORGANIC_AND_NATURAL\sap.md | ORGANIC_AND_NATURAL\wax.md | PHYSICAL_PROPERTIES\absorption.md | PHYSICAL_PROPERTIES\density.md | PHYSICAL_PROPERTIES\electrical_behavior.md | PHYSICAL_PROPERTIES\hardness.md | PHYSICAL_PROPERTIES\mechanical_behavior.md | PHYSICAL_PROPERTIES\reflectivity.md | PHYSICAL_PROPERTIES\roughness.md | PHYSICAL_PROPERTIES\scattering.md | PHYSICAL_PROPERTIES\surface_behavior.md | PHYSICAL_PROPERTIES\thermal_behavior.md | PHYSICAL_PROPERTIES\translucency.md | PHYSICAL_PROPERTIES\transparency.md | REFERENCES\historical_reference.md | REFERENCES\material_reference_policy.md | REFERENCES\physical_reference.md | REFERENCES\reference_index.md | REFERENCES\traditional_reference.md | REGISTRIES\material_master_registry.md | REGISTRIES\material_reference_registry.md | REGISTRIES\material_state_registry.md | REGISTRIES\material_usage_registry.md | RENDERING\albedo.md | RENDERING\anisotropy.md | RENDERING\clearcoat.md | RENDERING\displacement.md | RENDERING\material_shader_rules.md | RENDERING\metallic_workflow.md | RENDERING\normal_maps.md | RENDERING\physically_based_materials.md | RENDERING\roughness_maps.md | RENDERING\sheen.md | RENDERING\subsurface_scattering.md | RENDERING\transmission.md | STONE_AND_EARTH\basalt.md | STONE_AND_EARTH\clay.md | STONE_AND_EARTH\granite.md | STONE_AND_EARTH\gravel.md | STONE_AND_EARTH\limestone.md | STONE_AND_EARTH\marble.md | STONE_AND_EARTH\mud.md | STONE_AND_EARTH\natural_rock.md | STONE_AND_EARTH\sandstone.md | STONE_AND_EARTH\slate.md | STONE_AND_EARTH\soil.md | SURFACE_BEHAVIOR\ash.md | SURFACE_BEHAVIOR\chipped.md | SURFACE_BEHAVIOR\cracked.md | SURFACE_BEHAVIOR\dented.md | SURFACE_BEHAVIOR\dusty.md | SURFACE_BEHAVIOR\glossy.md | SURFACE_BEHAVIOR\matte.md | SURFACE_BEHAVIOR\muddy.md | SURFACE_BEHAVIOR\oily.md | SURFACE_BEHAVIOR\polished.md | SURFACE_BEHAVIOR\residue.md | SURFACE_BEHAVIOR\rough.md | SURFACE_BEHAVIOR\scratched.md | SURFACE_BEHAVIOR\soot.md | SURFACE_BEHAVIOR\stained.md | SURFACE_BEHAVIOR\wet.md | SURFACE_BEHAVIOR\worn.md | TEXTILES_AND_FIBERS\cotton.md | TEXTILES_AND_FIBERS\embroidery_materials.md | TEXTILES_AND_FIBERS\hemp.md | TEXTILES_AND_FIBERS\jute.md | TEXTILES_AND_FIBERS\knitted_structure.md | TEXTILES_AND_FIBERS\linen.md | TEXTILES_AND_FIBERS\natural_fibers.md | TEXTILES_AND_FIBERS\silk.md | TEXTILES_AND_FIBERS\textile_surface_behavior.md | TEXTILES_AND_FIBERS\wool.md | TEXTILES_AND_FIBERS\woven_structure.md | TEXTURE\photographic_textures.md | TEXTURE\procedural_textures.md | TEXTURE\texel_density.md | TEXTURE\texture_artifact_control.md | TEXTURE\texture_repetition.md | TEXTURE\texture_resolution.md | TEXTURE\texture_scale.md | TEXTURE\texture_variation.md | WOOD_AND_PLANT_MATERIALS\bamboo.md | WOOD_AND_PLANT_MATERIALS\bark.md | WOOD_AND_PLANT_MATERIALS\cane.md | WOOD_AND_PLANT_MATERIALS\hardwood.md | WOOD_AND_PLANT_MATERIALS\palm_materials.md | WOOD_AND_PLANT_MATERIALS\plant_fibers.md | WOOD_AND_PLANT_MATERIALS\softwood.md"
"06_STATES\thermal_states.md","0","0","","True","AI\material_consistency.md | AI\material_drift.md | AI\material_generation_qa.md | AI\material_prompt_rules.md | AI\material_provenance.md | ARCHITECTURAL_MATERIALS\decorative_surfaces.md | ARCHITECTURAL_MATERIALS\doors.md | ARCHITECTURAL_MATERIALS\floors.md | ARCHITECTURAL_MATERIALS\pillars.md | ARCHITECTURAL_MATERIALS\platforms.md | ARCHITECTURAL_MATERIALS\roofs.md | ARCHITECTURAL_MATERIALS\stairs.md | ARCHITECTURAL_MATERIALS\walls.md | ARCHITECTURAL_MATERIALS\windows.md | CHARACTER_MATERIALS\body_material_rules.md | CHARACTER_MATERIALS\hair.md | CHARACTER_MATERIALS\nails.md | CHARACTER_MATERIALS\skin.md | CHARACTER_MATERIALS\teeth.md | CONSTRUCTION_MATERIALS\flooring_materials.md | CONSTRUCTION_MATERIALS\lime.md | CONSTRUCTION_MATERIALS\mortar.md | CONSTRUCTION_MATERIALS\pigment_binder.md | CONSTRUCTION_MATERIALS\plaster.md | CONSTRUCTION_MATERIALS\roofing_materials.md | CORE\material_classification.md | CORE\material_continuity.md | CORE\material_decision_log.md | CORE\material_identity_rules.md | CORE\material_policy.md | CORE\material_registry.md | CORE\material_scale_rules.md | CORE\material_source_policy.md | CORE\material_substitution_rules.md | EARTHEN_AND_CERAMIC\ceramic.md | EARTHEN_AND_CERAMIC\fired_clay.md | EARTHEN_AND_CERAMIC\glazed_surfaces.md | EARTHEN_AND_CERAMIC\pottery.md | EARTHEN_AND_CERAMIC\terracotta.md | GLASS_AND_MINERAL_MATERIALS\crystal.md | GLASS_AND_MINERAL_MATERIALS\gemstone.md | GLASS_AND_MINERAL_MATERIALS\glass.md | GLASS_AND_MINERAL_MATERIALS\mica.md | GLASS_AND_MINERAL_MATERIALS\mineral_surfaces.md | GLASS_AND_MINERAL_MATERIALS\pearl.md | LEATHER_AND_ANIMAL_MATERIALS\bone.md | LEATHER_AND_ANIMAL_MATERIALS\feather_material.md | LEATHER_AND_ANIMAL_MATERIALS\hide.md | LEATHER_AND_ANIMAL_MATERIALS\horn.md | LEATHER_AND_ANIMAL_MATERIALS\ivory_research.md | LEATHER_AND_ANIMAL_MATERIALS\leather.md | LEATHER_AND_ANIMAL_MATERIALS\shell.md | MATERIAL_COMBINATIONS\composite_materials.md | MATERIAL_COMBINATIONS\glass_metal.md | MATERIAL_COMBINATIONS\metal_stone.md | MATERIAL_COMBINATIONS\metal_wood.md | MATERIAL_COMBINATIONS\stone_wood.md | MATERIAL_COMBINATIONS\textile_leather.md | MATERIAL_COMBINATIONS\textile_metal.md | MATERIAL_COMBINATIONS\wood_textile.md | MATERIAL_INTERACTION\cold_interaction.md | MATERIAL_INTERACTION\contact_interaction.md | MATERIAL_INTERACTION\dust_interaction.md | MATERIAL_INTERACTION\fire_interaction.md | MATERIAL_INTERACTION\heat_interaction.md | MATERIAL_INTERACTION\moonlight_interaction.md | MATERIAL_INTERACTION\smoke_interaction.md | MATERIAL_INTERACTION\sunlight_interaction.md | MATERIAL_INTERACTION\water_interaction.md | MATERIAL_INTERACTION\wind_interaction.md | MATERIAL_STATES\aging.md | MATERIAL_STATES\biological_growth.md | MATERIAL_STATES\damage.md | MATERIAL_STATES\destruction.md | MATERIAL_STATES\fire_damage.md | MATERIAL_STATES\normal_use.md | MATERIAL_STATES\pristine.md | MATERIAL_STATES\repair.md | MATERIAL_STATES\restoration.md | MATERIAL_STATES\water_damage.md | MATERIAL_STATES\weathering.md | METALS\brass.md | METALS\bronze.md | METALS\copper.md | METALS\gold.md | METALS\iron.md | METALS\silver.md | METALS\steel.md | ORGANIC_AND_NATURAL\flowers.md | ORGANIC_AND_NATURAL\leaves.md | ORGANIC_AND_NATURAL\organic_decay.md | ORGANIC_AND_NATURAL\resin.md | ORGANIC_AND_NATURAL\sap.md | ORGANIC_AND_NATURAL\wax.md | PHYSICAL_PROPERTIES\absorption.md | PHYSICAL_PROPERTIES\density.md | PHYSICAL_PROPERTIES\electrical_behavior.md | PHYSICAL_PROPERTIES\hardness.md | PHYSICAL_PROPERTIES\mechanical_behavior.md | PHYSICAL_PROPERTIES\reflectivity.md | PHYSICAL_PROPERTIES\roughness.md | PHYSICAL_PROPERTIES\scattering.md | PHYSICAL_PROPERTIES\surface_behavior.md | PHYSICAL_PROPERTIES\thermal_behavior.md | PHYSICAL_PROPERTIES\translucency.md | PHYSICAL_PROPERTIES\transparency.md | REFERENCES\historical_reference.md | REFERENCES\material_reference_policy.md | REFERENCES\physical_reference.md | REFERENCES\reference_index.md | REFERENCES\traditional_reference.md | REGISTRIES\material_master_registry.md | REGISTRIES\material_reference_registry.md | REGISTRIES\material_state_registry.md | REGISTRIES\material_usage_registry.md | RENDERING\albedo.md | RENDERING\anisotropy.md | RENDERING\clearcoat.md | RENDERING\displacement.md | RENDERING\material_shader_rules.md | RENDERING\metallic_workflow.md | RENDERING\normal_maps.md | RENDERING\physically_based_materials.md | RENDERING\roughness_maps.md | RENDERING\sheen.md | RENDERING\subsurface_scattering.md | RENDERING\transmission.md | STONE_AND_EARTH\basalt.md | STONE_AND_EARTH\clay.md | STONE_AND_EARTH\granite.md | STONE_AND_EARTH\gravel.md | STONE_AND_EARTH\limestone.md | STONE_AND_EARTH\marble.md | STONE_AND_EARTH\mud.md | STONE_AND_EARTH\natural_rock.md | STONE_AND_EARTH\sandstone.md | STONE_AND_EARTH\slate.md | STONE_AND_EARTH\soil.md | SURFACE_BEHAVIOR\ash.md | SURFACE_BEHAVIOR\chipped.md | SURFACE_BEHAVIOR\cracked.md | SURFACE_BEHAVIOR\dented.md | SURFACE_BEHAVIOR\dusty.md | SURFACE_BEHAVIOR\glossy.md | SURFACE_BEHAVIOR\matte.md | SURFACE_BEHAVIOR\muddy.md | SURFACE_BEHAVIOR\oily.md | SURFACE_BEHAVIOR\polished.md | SURFACE_BEHAVIOR\residue.md | SURFACE_BEHAVIOR\rough.md | SURFACE_BEHAVIOR\scratched.md | SURFACE_BEHAVIOR\soot.md | SURFACE_BEHAVIOR\stained.md | SURFACE_BEHAVIOR\wet.md | SURFACE_BEHAVIOR\worn.md | TEXTILES_AND_FIBERS\cotton.md | TEXTILES_AND_FIBERS\embroidery_materials.md | TEXTILES_AND_FIBERS\hemp.md | TEXTILES_AND_FIBERS\jute.md | TEXTILES_AND_FIBERS\knitted_structure.md | TEXTILES_AND_FIBERS\linen.md | TEXTILES_AND_FIBERS\natural_fibers.md | TEXTILES_AND_FIBERS\silk.md | TEXTILES_AND_FIBERS\textile_surface_behavior.md | TEXTILES_AND_FIBERS\wool.md | TEXTILES_AND_FIBERS\woven_structure.md | TEXTURE\photographic_textures.md | TEXTURE\procedural_textures.md | TEXTURE\texel_density.md | TEXTURE\texture_artifact_control.md | TEXTURE\texture_repetition.md | TEXTURE\texture_resolution.md | TEXTURE\texture_scale.md | TEXTURE\texture_variation.md | WOOD_AND_PLANT_MATERIALS\bamboo.md | WOOD_AND_PLANT_MATERIALS\bark.md | WOOD_AND_PLANT_MATERIALS\cane.md | WOOD_AND_PLANT_MATERIALS\hardwood.md | WOOD_AND_PLANT_MATERIALS\palm_materials.md | WOOD_AND_PLANT_MATERIALS\plant_fibers.md | WOOD_AND_PLANT_MATERIALS\softwood.md"
"06_STATES\wet_dry_states.md","0","0","","True","AI\material_consistency.md | AI\material_drift.md | AI\material_generation_qa.md | AI\material_prompt_rules.md | AI\material_provenance.md | ARCHITECTURAL_MATERIALS\decorative_surfaces.md | ARCHITECTURAL_MATERIALS\doors.md | ARCHITECTURAL_MATERIALS\floors.md | ARCHITECTURAL_MATERIALS\pillars.md | ARCHITECTURAL_MATERIALS\platforms.md | ARCHITECTURAL_MATERIALS\roofs.md | ARCHITECTURAL_MATERIALS\stairs.md | ARCHITECTURAL_MATERIALS\walls.md | ARCHITECTURAL_MATERIALS\windows.md | CHARACTER_MATERIALS\body_material_rules.md | CHARACTER_MATERIALS\hair.md | CHARACTER_MATERIALS\nails.md | CHARACTER_MATERIALS\skin.md | CHARACTER_MATERIALS\teeth.md | CONSTRUCTION_MATERIALS\flooring_materials.md | CONSTRUCTION_MATERIALS\lime.md | CONSTRUCTION_MATERIALS\mortar.md | CONSTRUCTION_MATERIALS\pigment_binder.md | CONSTRUCTION_MATERIALS\plaster.md | CONSTRUCTION_MATERIALS\roofing_materials.md | CORE\material_classification.md | CORE\material_continuity.md | CORE\material_decision_log.md | CORE\material_identity_rules.md | CORE\material_policy.md | CORE\material_registry.md | CORE\material_scale_rules.md | CORE\material_source_policy.md | CORE\material_substitution_rules.md | EARTHEN_AND_CERAMIC\ceramic.md | EARTHEN_AND_CERAMIC\fired_clay.md | EARTHEN_AND_CERAMIC\glazed_surfaces.md | EARTHEN_AND_CERAMIC\pottery.md | EARTHEN_AND_CERAMIC\terracotta.md | GLASS_AND_MINERAL_MATERIALS\crystal.md | GLASS_AND_MINERAL_MATERIALS\gemstone.md | GLASS_AND_MINERAL_MATERIALS\glass.md | GLASS_AND_MINERAL_MATERIALS\mica.md | GLASS_AND_MINERAL_MATERIALS\mineral_surfaces.md | GLASS_AND_MINERAL_MATERIALS\pearl.md | LEATHER_AND_ANIMAL_MATERIALS\bone.md | LEATHER_AND_ANIMAL_MATERIALS\feather_material.md | LEATHER_AND_ANIMAL_MATERIALS\hide.md | LEATHER_AND_ANIMAL_MATERIALS\horn.md | LEATHER_AND_ANIMAL_MATERIALS\ivory_research.md | LEATHER_AND_ANIMAL_MATERIALS\leather.md | LEATHER_AND_ANIMAL_MATERIALS\shell.md | MATERIAL_COMBINATIONS\composite_materials.md | MATERIAL_COMBINATIONS\glass_metal.md | MATERIAL_COMBINATIONS\metal_stone.md | MATERIAL_COMBINATIONS\metal_wood.md | MATERIAL_COMBINATIONS\stone_wood.md | MATERIAL_COMBINATIONS\textile_leather.md | MATERIAL_COMBINATIONS\textile_metal.md | MATERIAL_COMBINATIONS\wood_textile.md | MATERIAL_INTERACTION\cold_interaction.md | MATERIAL_INTERACTION\contact_interaction.md | MATERIAL_INTERACTION\dust_interaction.md | MATERIAL_INTERACTION\fire_interaction.md | MATERIAL_INTERACTION\heat_interaction.md | MATERIAL_INTERACTION\moonlight_interaction.md | MATERIAL_INTERACTION\smoke_interaction.md | MATERIAL_INTERACTION\sunlight_interaction.md | MATERIAL_INTERACTION\water_interaction.md | MATERIAL_INTERACTION\wind_interaction.md | MATERIAL_STATES\aging.md | MATERIAL_STATES\biological_growth.md | MATERIAL_STATES\damage.md | MATERIAL_STATES\destruction.md | MATERIAL_STATES\fire_damage.md | MATERIAL_STATES\normal_use.md | MATERIAL_STATES\pristine.md | MATERIAL_STATES\repair.md | MATERIAL_STATES\restoration.md | MATERIAL_STATES\water_damage.md | MATERIAL_STATES\weathering.md | METALS\brass.md | METALS\bronze.md | METALS\copper.md | METALS\gold.md | METALS\iron.md | METALS\silver.md | METALS\steel.md | ORGANIC_AND_NATURAL\flowers.md | ORGANIC_AND_NATURAL\leaves.md | ORGANIC_AND_NATURAL\organic_decay.md | ORGANIC_AND_NATURAL\resin.md | ORGANIC_AND_NATURAL\sap.md | ORGANIC_AND_NATURAL\wax.md | PHYSICAL_PROPERTIES\absorption.md | PHYSICAL_PROPERTIES\density.md | PHYSICAL_PROPERTIES\electrical_behavior.md | PHYSICAL_PROPERTIES\hardness.md | PHYSICAL_PROPERTIES\mechanical_behavior.md | PHYSICAL_PROPERTIES\reflectivity.md | PHYSICAL_PROPERTIES\roughness.md | PHYSICAL_PROPERTIES\scattering.md | PHYSICAL_PROPERTIES\surface_behavior.md | PHYSICAL_PROPERTIES\thermal_behavior.md | PHYSICAL_PROPERTIES\translucency.md | PHYSICAL_PROPERTIES\transparency.md | REFERENCES\historical_reference.md | REFERENCES\material_reference_policy.md | REFERENCES\physical_reference.md | REFERENCES\reference_index.md | REFERENCES\traditional_reference.md | REGISTRIES\material_master_registry.md | REGISTRIES\material_reference_registry.md | REGISTRIES\material_state_registry.md | REGISTRIES\material_usage_registry.md | RENDERING\albedo.md | RENDERING\anisotropy.md | RENDERING\clearcoat.md | RENDERING\displacement.md | RENDERING\material_shader_rules.md | RENDERING\metallic_workflow.md | RENDERING\normal_maps.md | RENDERING\physically_based_materials.md | RENDERING\roughness_maps.md | RENDERING\sheen.md | RENDERING\subsurface_scattering.md | RENDERING\transmission.md | STONE_AND_EARTH\basalt.md | STONE_AND_EARTH\clay.md | STONE_AND_EARTH\granite.md | STONE_AND_EARTH\gravel.md | STONE_AND_EARTH\limestone.md | STONE_AND_EARTH\marble.md | STONE_AND_EARTH\mud.md | STONE_AND_EARTH\natural_rock.md | STONE_AND_EARTH\sandstone.md | STONE_AND_EARTH\slate.md | STONE_AND_EARTH\soil.md | SURFACE_BEHAVIOR\ash.md | SURFACE_BEHAVIOR\chipped.md | SURFACE_BEHAVIOR\cracked.md | SURFACE_BEHAVIOR\dented.md | SURFACE_BEHAVIOR\dusty.md | SURFACE_BEHAVIOR\glossy.md | SURFACE_BEHAVIOR\matte.md | SURFACE_BEHAVIOR\muddy.md | SURFACE_BEHAVIOR\oily.md | SURFACE_BEHAVIOR\polished.md | SURFACE_BEHAVIOR\residue.md | SURFACE_BEHAVIOR\rough.md | SURFACE_BEHAVIOR\scratched.md | SURFACE_BEHAVIOR\soot.md | SURFACE_BEHAVIOR\stained.md | SURFACE_BEHAVIOR\wet.md | SURFACE_BEHAVIOR\worn.md | TEXTILES_AND_FIBERS\cotton.md | TEXTILES_AND_FIBERS\embroidery_materials.md | TEXTILES_AND_FIBERS\hemp.md | TEXTILES_AND_FIBERS\jute.md | TEXTILES_AND_FIBERS\knitted_structure.md | TEXTILES_AND_FIBERS\linen.md | TEXTILES_AND_FIBERS\natural_fibers.md | TEXTILES_AND_FIBERS\silk.md | TEXTILES_AND_FIBERS\textile_surface_behavior.md | TEXTILES_AND_FIBERS\wool.md | TEXTILES_AND_FIBERS\woven_structure.md | TEXTURE\photographic_textures.md | TEXTURE\procedural_textures.md | TEXTURE\texel_density.md | TEXTURE\texture_artifact_control.md | TEXTURE\texture_repetition.md | TEXTURE\texture_resolution.md | TEXTURE\texture_scale.md | TEXTURE\texture_variation.md | WOOD_AND_PLANT_MATERIALS\bamboo.md | WOOD_AND_PLANT_MATERIALS\bark.md | WOOD_AND_PLANT_MATERIALS\cane.md | WOOD_AND_PLANT_MATERIALS\hardwood.md | WOOD_AND_PLANT_MATERIALS\palm_materials.md | WOOD_AND_PLANT_MATERIALS\plant_fibers.md | WOOD_AND_PLANT_MATERIALS\softwood.md"
"07_HISTORICAL_CANONICAL\canonical_material_usage.md","0","0","","True","AI\material_consistency.md | AI\material_drift.md | AI\material_generation_qa.md | AI\material_prompt_rules.md | AI\material_provenance.md | ARCHITECTURAL_MATERIALS\decorative_surfaces.md | ARCHITECTURAL_MATERIALS\doors.md | ARCHITECTURAL_MATERIALS\floors.md | ARCHITECTURAL_MATERIALS\pillars.md | ARCHITECTURAL_MATERIALS\platforms.md | ARCHITECTURAL_MATERIALS\roofs.md | ARCHITECTURAL_MATERIALS\stairs.md | ARCHITECTURAL_MATERIALS\walls.md | ARCHITECTURAL_MATERIALS\windows.md | CHARACTER_MATERIALS\body_material_rules.md | CHARACTER_MATERIALS\hair.md | CHARACTER_MATERIALS\nails.md | CHARACTER_MATERIALS\skin.md | CHARACTER_MATERIALS\teeth.md | CONSTRUCTION_MATERIALS\flooring_materials.md | CONSTRUCTION_MATERIALS\lime.md | CONSTRUCTION_MATERIALS\mortar.md | CONSTRUCTION_MATERIALS\pigment_binder.md | CONSTRUCTION_MATERIALS\plaster.md | CONSTRUCTION_MATERIALS\roofing_materials.md | CORE\material_classification.md | CORE\material_continuity.md | CORE\material_decision_log.md | CORE\material_identity_rules.md | CORE\material_policy.md | CORE\material_registry.md | CORE\material_scale_rules.md | CORE\material_source_policy.md | CORE\material_substitution_rules.md | EARTHEN_AND_CERAMIC\ceramic.md | EARTHEN_AND_CERAMIC\fired_clay.md | EARTHEN_AND_CERAMIC\glazed_surfaces.md | EARTHEN_AND_CERAMIC\pottery.md | EARTHEN_AND_CERAMIC\terracotta.md | GLASS_AND_MINERAL_MATERIALS\crystal.md | GLASS_AND_MINERAL_MATERIALS\gemstone.md | GLASS_AND_MINERAL_MATERIALS\glass.md | GLASS_AND_MINERAL_MATERIALS\mica.md | GLASS_AND_MINERAL_MATERIALS\mineral_surfaces.md | GLASS_AND_MINERAL_MATERIALS\pearl.md | LEATHER_AND_ANIMAL_MATERIALS\bone.md | LEATHER_AND_ANIMAL_MATERIALS\feather_material.md | LEATHER_AND_ANIMAL_MATERIALS\hide.md | LEATHER_AND_ANIMAL_MATERIALS\horn.md | LEATHER_AND_ANIMAL_MATERIALS\ivory_research.md | LEATHER_AND_ANIMAL_MATERIALS\leather.md | LEATHER_AND_ANIMAL_MATERIALS\shell.md | MATERIAL_COMBINATIONS\composite_materials.md | MATERIAL_COMBINATIONS\glass_metal.md | MATERIAL_COMBINATIONS\metal_stone.md | MATERIAL_COMBINATIONS\metal_wood.md | MATERIAL_COMBINATIONS\stone_wood.md | MATERIAL_COMBINATIONS\textile_leather.md | MATERIAL_COMBINATIONS\textile_metal.md | MATERIAL_COMBINATIONS\wood_textile.md | MATERIAL_INTERACTION\cold_interaction.md | MATERIAL_INTERACTION\contact_interaction.md | MATERIAL_INTERACTION\dust_interaction.md | MATERIAL_INTERACTION\fire_interaction.md | MATERIAL_INTERACTION\heat_interaction.md | MATERIAL_INTERACTION\moonlight_interaction.md | MATERIAL_INTERACTION\smoke_interaction.md | MATERIAL_INTERACTION\sunlight_interaction.md | MATERIAL_INTERACTION\water_interaction.md | MATERIAL_INTERACTION\wind_interaction.md | MATERIAL_STATES\aging.md | MATERIAL_STATES\biological_growth.md | MATERIAL_STATES\damage.md | MATERIAL_STATES\destruction.md | MATERIAL_STATES\fire_damage.md | MATERIAL_STATES\normal_use.md | MATERIAL_STATES\pristine.md | MATERIAL_STATES\repair.md | MATERIAL_STATES\restoration.md | MATERIAL_STATES\water_damage.md | MATERIAL_STATES\weathering.md | METALS\brass.md | METALS\bronze.md | METALS\copper.md | METALS\gold.md | METALS\iron.md | METALS\silver.md | METALS\steel.md | ORGANIC_AND_NATURAL\flowers.md | ORGANIC_AND_NATURAL\leaves.md | ORGANIC_AND_NATURAL\organic_decay.md | ORGANIC_AND_NATURAL\resin.md | ORGANIC_AND_NATURAL\sap.md | ORGANIC_AND_NATURAL\wax.md | PHYSICAL_PROPERTIES\absorption.md | PHYSICAL_PROPERTIES\density.md | PHYSICAL_PROPERTIES\electrical_behavior.md | PHYSICAL_PROPERTIES\hardness.md | PHYSICAL_PROPERTIES\mechanical_behavior.md | PHYSICAL_PROPERTIES\reflectivity.md | PHYSICAL_PROPERTIES\roughness.md | PHYSICAL_PROPERTIES\scattering.md | PHYSICAL_PROPERTIES\surface_behavior.md | PHYSICAL_PROPERTIES\thermal_behavior.md | PHYSICAL_PROPERTIES\translucency.md | PHYSICAL_PROPERTIES\transparency.md | REFERENCES\historical_reference.md | REFERENCES\material_reference_policy.md | REFERENCES\physical_reference.md | REFERENCES\reference_index.md | REFERENCES\traditional_reference.md | REGISTRIES\material_master_registry.md | REGISTRIES\material_reference_registry.md | REGISTRIES\material_state_registry.md | REGISTRIES\material_usage_registry.md | RENDERING\albedo.md | RENDERING\anisotropy.md | RENDERING\clearcoat.md | RENDERING\displacement.md | RENDERING\material_shader_rules.md | RENDERING\metallic_workflow.md | RENDERING\normal_maps.md | RENDERING\physically_based_materials.md | RENDERING\roughness_maps.md | RENDERING\sheen.md | RENDERING\subsurface_scattering.md | RENDERING\transmission.md | STONE_AND_EARTH\basalt.md | STONE_AND_EARTH\clay.md | STONE_AND_EARTH\granite.md | STONE_AND_EARTH\gravel.md | STONE_AND_EARTH\limestone.md | STONE_AND_EARTH\marble.md | STONE_AND_EARTH\mud.md | STONE_AND_EARTH\natural_rock.md | STONE_AND_EARTH\sandstone.md | STONE_AND_EARTH\slate.md | STONE_AND_EARTH\soil.md | SURFACE_BEHAVIOR\ash.md | SURFACE_BEHAVIOR\chipped.md | SURFACE_BEHAVIOR\cracked.md | SURFACE_BEHAVIOR\dented.md | SURFACE_BEHAVIOR\dusty.md | SURFACE_BEHAVIOR\glossy.md | SURFACE_BEHAVIOR\matte.md | SURFACE_BEHAVIOR\muddy.md | SURFACE_BEHAVIOR\oily.md | SURFACE_BEHAVIOR\polished.md | SURFACE_BEHAVIOR\residue.md | SURFACE_BEHAVIOR\rough.md | SURFACE_BEHAVIOR\scratched.md | SURFACE_BEHAVIOR\soot.md | SURFACE_BEHAVIOR\stained.md | SURFACE_BEHAVIOR\wet.md | SURFACE_BEHAVIOR\worn.md | TEXTILES_AND_FIBERS\cotton.md | TEXTILES_AND_FIBERS\embroidery_materials.md | TEXTILES_AND_FIBERS\hemp.md | TEXTILES_AND_FIBERS\jute.md | TEXTILES_AND_FIBERS\knitted_structure.md | TEXTILES_AND_FIBERS\linen.md | TEXTILES_AND_FIBERS\natural_fibers.md | TEXTILES_AND_FIBERS\silk.md | TEXTILES_AND_FIBERS\textile_surface_behavior.md | TEXTILES_AND_FIBERS\wool.md | TEXTILES_AND_FIBERS\woven_structure.md | TEXTURE\photographic_textures.md | TEXTURE\procedural_textures.md | TEXTURE\texel_density.md | TEXTURE\texture_artifact_control.md | TEXTURE\texture_repetition.md | TEXTURE\texture_resolution.md | TEXTURE\texture_scale.md | TEXTURE\texture_variation.md | WOOD_AND_PLANT_MATERIALS\bamboo.md | WOOD_AND_PLANT_MATERIALS\bark.md | WOOD_AND_PLANT_MATERIALS\cane.md | WOOD_AND_PLANT_MATERIALS\hardwood.md | WOOD_AND_PLANT_MATERIALS\palm_materials.md | WOOD_AND_PLANT_MATERIALS\plant_fibers.md | WOOD_AND_PLANT_MATERIALS\softwood.md"
"07_HISTORICAL_CANONICAL\conflicts_uncertainty.md","0","0","","True","AI\material_consistency.md | AI\material_drift.md | AI\material_generation_qa.md | AI\material_prompt_rules.md | AI\material_provenance.md | ARCHITECTURAL_MATERIALS\decorative_surfaces.md | ARCHITECTURAL_MATERIALS\doors.md | ARCHITECTURAL_MATERIALS\floors.md | ARCHITECTURAL_MATERIALS\pillars.md | ARCHITECTURAL_MATERIALS\platforms.md | ARCHITECTURAL_MATERIALS\roofs.md | ARCHITECTURAL_MATERIALS\stairs.md | ARCHITECTURAL_MATERIALS\walls.md | ARCHITECTURAL_MATERIALS\windows.md | CHARACTER_MATERIALS\body_material_rules.md | CHARACTER_MATERIALS\hair.md | CHARACTER_MATERIALS\nails.md | CHARACTER_MATERIALS\skin.md | CHARACTER_MATERIALS\teeth.md | CONSTRUCTION_MATERIALS\flooring_materials.md | CONSTRUCTION_MATERIALS\lime.md | CONSTRUCTION_MATERIALS\mortar.md | CONSTRUCTION_MATERIALS\pigment_binder.md | CONSTRUCTION_MATERIALS\plaster.md | CONSTRUCTION_MATERIALS\roofing_materials.md | CORE\material_classification.md | CORE\material_continuity.md | CORE\material_decision_log.md | CORE\material_identity_rules.md | CORE\material_policy.md | CORE\material_registry.md | CORE\material_scale_rules.md | CORE\material_source_policy.md | CORE\material_substitution_rules.md | EARTHEN_AND_CERAMIC\ceramic.md | EARTHEN_AND_CERAMIC\fired_clay.md | EARTHEN_AND_CERAMIC\glazed_surfaces.md | EARTHEN_AND_CERAMIC\pottery.md | EARTHEN_AND_CERAMIC\terracotta.md | GLASS_AND_MINERAL_MATERIALS\crystal.md | GLASS_AND_MINERAL_MATERIALS\gemstone.md | GLASS_AND_MINERAL_MATERIALS\glass.md | GLASS_AND_MINERAL_MATERIALS\mica.md | GLASS_AND_MINERAL_MATERIALS\mineral_surfaces.md | GLASS_AND_MINERAL_MATERIALS\pearl.md | LEATHER_AND_ANIMAL_MATERIALS\bone.md | LEATHER_AND_ANIMAL_MATERIALS\feather_material.md | LEATHER_AND_ANIMAL_MATERIALS\hide.md | LEATHER_AND_ANIMAL_MATERIALS\horn.md | LEATHER_AND_ANIMAL_MATERIALS\ivory_research.md | LEATHER_AND_ANIMAL_MATERIALS\leather.md | LEATHER_AND_ANIMAL_MATERIALS\shell.md | MATERIAL_COMBINATIONS\composite_materials.md | MATERIAL_COMBINATIONS\glass_metal.md | MATERIAL_COMBINATIONS\metal_stone.md | MATERIAL_COMBINATIONS\metal_wood.md | MATERIAL_COMBINATIONS\stone_wood.md | MATERIAL_COMBINATIONS\textile_leather.md | MATERIAL_COMBINATIONS\textile_metal.md | MATERIAL_COMBINATIONS\wood_textile.md | MATERIAL_INTERACTION\cold_interaction.md | MATERIAL_INTERACTION\contact_interaction.md | MATERIAL_INTERACTION\dust_interaction.md | MATERIAL_INTERACTION\fire_interaction.md | MATERIAL_INTERACTION\heat_interaction.md | MATERIAL_INTERACTION\moonlight_interaction.md | MATERIAL_INTERACTION\smoke_interaction.md | MATERIAL_INTERACTION\sunlight_interaction.md | MATERIAL_INTERACTION\water_interaction.md | MATERIAL_INTERACTION\wind_interaction.md | MATERIAL_STATES\aging.md | MATERIAL_STATES\biological_growth.md | MATERIAL_STATES\damage.md | MATERIAL_STATES\destruction.md | MATERIAL_STATES\fire_damage.md | MATERIAL_STATES\normal_use.md | MATERIAL_STATES\pristine.md | MATERIAL_STATES\repair.md | MATERIAL_STATES\restoration.md | MATERIAL_STATES\water_damage.md | MATERIAL_STATES\weathering.md | METALS\brass.md | METALS\bronze.md | METALS\copper.md | METALS\gold.md | METALS\iron.md | METALS\silver.md | METALS\steel.md | ORGANIC_AND_NATURAL\flowers.md | ORGANIC_AND_NATURAL\leaves.md | ORGANIC_AND_NATURAL\organic_decay.md | ORGANIC_AND_NATURAL\resin.md | ORGANIC_AND_NATURAL\sap.md | ORGANIC_AND_NATURAL\wax.md | PHYSICAL_PROPERTIES\absorption.md | PHYSICAL_PROPERTIES\density.md | PHYSICAL_PROPERTIES\electrical_behavior.md | PHYSICAL_PROPERTIES\hardness.md | PHYSICAL_PROPERTIES\mechanical_behavior.md | PHYSICAL_PROPERTIES\reflectivity.md | PHYSICAL_PROPERTIES\roughness.md | PHYSICAL_PROPERTIES\scattering.md | PHYSICAL_PROPERTIES\surface_behavior.md | PHYSICAL_PROPERTIES\thermal_behavior.md | PHYSICAL_PROPERTIES\translucency.md | PHYSICAL_PROPERTIES\transparency.md | REFERENCES\historical_reference.md | REFERENCES\material_reference_policy.md | REFERENCES\physical_reference.md | REFERENCES\reference_index.md | REFERENCES\traditional_reference.md | REGISTRIES\material_master_registry.md | REGISTRIES\material_reference_registry.md | REGISTRIES\material_state_registry.md | REGISTRIES\material_usage_registry.md | RENDERING\albedo.md | RENDERING\anisotropy.md | RENDERING\clearcoat.md | RENDERING\displacement.md | RENDERING\material_shader_rules.md | RENDERING\metallic_workflow.md | RENDERING\normal_maps.md | RENDERING\physically_based_materials.md | RENDERING\roughness_maps.md | RENDERING\sheen.md | RENDERING\subsurface_scattering.md | RENDERING\transmission.md | STONE_AND_EARTH\basalt.md | STONE_AND_EARTH\clay.md | STONE_AND_EARTH\granite.md | STONE_AND_EARTH\gravel.md | STONE_AND_EARTH\limestone.md | STONE_AND_EARTH\marble.md | STONE_AND_EARTH\mud.md | STONE_AND_EARTH\natural_rock.md | STONE_AND_EARTH\sandstone.md | STONE_AND_EARTH\slate.md | STONE_AND_EARTH\soil.md | SURFACE_BEHAVIOR\ash.md | SURFACE_BEHAVIOR\chipped.md | SURFACE_BEHAVIOR\cracked.md | SURFACE_BEHAVIOR\dented.md | SURFACE_BEHAVIOR\dusty.md | SURFACE_BEHAVIOR\glossy.md | SURFACE_BEHAVIOR\matte.md | SURFACE_BEHAVIOR\muddy.md | SURFACE_BEHAVIOR\oily.md | SURFACE_BEHAVIOR\polished.md | SURFACE_BEHAVIOR\residue.md | SURFACE_BEHAVIOR\rough.md | SURFACE_BEHAVIOR\scratched.md | SURFACE_BEHAVIOR\soot.md | SURFACE_BEHAVIOR\stained.md | SURFACE_BEHAVIOR\wet.md | SURFACE_BEHAVIOR\worn.md | TEXTILES_AND_FIBERS\cotton.md | TEXTILES_AND_FIBERS\embroidery_materials.md | TEXTILES_AND_FIBERS\hemp.md | TEXTILES_AND_FIBERS\jute.md | TEXTILES_AND_FIBERS\knitted_structure.md | TEXTILES_AND_FIBERS\linen.md | TEXTILES_AND_FIBERS\natural_fibers.md | TEXTILES_AND_FIBERS\silk.md | TEXTILES_AND_FIBERS\textile_surface_behavior.md | TEXTILES_AND_FIBERS\wool.md | TEXTILES_AND_FIBERS\woven_structure.md | TEXTURE\photographic_textures.md | TEXTURE\procedural_textures.md | TEXTURE\texel_density.md | TEXTURE\texture_artifact_control.md | TEXTURE\texture_repetition.md | TEXTURE\texture_resolution.md | TEXTURE\texture_scale.md | TEXTURE\texture_variation.md | WOOD_AND_PLANT_MATERIALS\bamboo.md | WOOD_AND_PLANT_MATERIALS\bark.md | WOOD_AND_PLANT_MATERIALS\cane.md | WOOD_AND_PLANT_MATERIALS\hardwood.md | WOOD_AND_PLANT_MATERIALS\palm_materials.md | WOOD_AND_PLANT_MATERIALS\plant_fibers.md | WOOD_AND_PLANT_MATERIALS\softwood.md"
"07_HISTORICAL_CANONICAL\historical_material_availability.md","0","0","","True","AI\material_consistency.md | AI\material_drift.md | AI\material_generation_qa.md | AI\material_prompt_rules.md | AI\material_provenance.md | ARCHITECTURAL_MATERIALS\decorative_surfaces.md | ARCHITECTURAL_MATERIALS\doors.md | ARCHITECTURAL_MATERIALS\floors.md | ARCHITECTURAL_MATERIALS\pillars.md | ARCHITECTURAL_MATERIALS\platforms.md | ARCHITECTURAL_MATERIALS\roofs.md | ARCHITECTURAL_MATERIALS\stairs.md | ARCHITECTURAL_MATERIALS\walls.md | ARCHITECTURAL_MATERIALS\windows.md | CHARACTER_MATERIALS\body_material_rules.md | CHARACTER_MATERIALS\hair.md | CHARACTER_MATERIALS\nails.md | CHARACTER_MATERIALS\skin.md | CHARACTER_MATERIALS\teeth.md | CONSTRUCTION_MATERIALS\flooring_materials.md | CONSTRUCTION_MATERIALS\lime.md | CONSTRUCTION_MATERIALS\mortar.md | CONSTRUCTION_MATERIALS\pigment_binder.md | CONSTRUCTION_MATERIALS\plaster.md | CONSTRUCTION_MATERIALS\roofing_materials.md | CORE\material_classification.md | CORE\material_continuity.md | CORE\material_decision_log.md | CORE\material_identity_rules.md | CORE\material_policy.md | CORE\material_registry.md | CORE\material_scale_rules.md | CORE\material_source_policy.md | CORE\material_substitution_rules.md | EARTHEN_AND_CERAMIC\ceramic.md | EARTHEN_AND_CERAMIC\fired_clay.md | EARTHEN_AND_CERAMIC\glazed_surfaces.md | EARTHEN_AND_CERAMIC\pottery.md | EARTHEN_AND_CERAMIC\terracotta.md | GLASS_AND_MINERAL_MATERIALS\crystal.md | GLASS_AND_MINERAL_MATERIALS\gemstone.md | GLASS_AND_MINERAL_MATERIALS\glass.md | GLASS_AND_MINERAL_MATERIALS\mica.md | GLASS_AND_MINERAL_MATERIALS\mineral_surfaces.md | GLASS_AND_MINERAL_MATERIALS\pearl.md | LEATHER_AND_ANIMAL_MATERIALS\bone.md | LEATHER_AND_ANIMAL_MATERIALS\feather_material.md | LEATHER_AND_ANIMAL_MATERIALS\hide.md | LEATHER_AND_ANIMAL_MATERIALS\horn.md | LEATHER_AND_ANIMAL_MATERIALS\ivory_research.md | LEATHER_AND_ANIMAL_MATERIALS\leather.md | LEATHER_AND_ANIMAL_MATERIALS\shell.md | MATERIAL_COMBINATIONS\composite_materials.md | MATERIAL_COMBINATIONS\glass_metal.md | MATERIAL_COMBINATIONS\metal_stone.md | MATERIAL_COMBINATIONS\metal_wood.md | MATERIAL_COMBINATIONS\stone_wood.md | MATERIAL_COMBINATIONS\textile_leather.md | MATERIAL_COMBINATIONS\textile_metal.md | MATERIAL_COMBINATIONS\wood_textile.md | MATERIAL_INTERACTION\cold_interaction.md | MATERIAL_INTERACTION\contact_interaction.md | MATERIAL_INTERACTION\dust_interaction.md | MATERIAL_INTERACTION\fire_interaction.md | MATERIAL_INTERACTION\heat_interaction.md | MATERIAL_INTERACTION\moonlight_interaction.md | MATERIAL_INTERACTION\smoke_interaction.md | MATERIAL_INTERACTION\sunlight_interaction.md | MATERIAL_INTERACTION\water_interaction.md | MATERIAL_INTERACTION\wind_interaction.md | MATERIAL_STATES\aging.md | MATERIAL_STATES\biological_growth.md | MATERIAL_STATES\damage.md | MATERIAL_STATES\destruction.md | MATERIAL_STATES\fire_damage.md | MATERIAL_STATES\normal_use.md | MATERIAL_STATES\pristine.md | MATERIAL_STATES\repair.md | MATERIAL_STATES\restoration.md | MATERIAL_STATES\water_damage.md | MATERIAL_STATES\weathering.md | METALS\brass.md | METALS\bronze.md | METALS\copper.md | METALS\gold.md | METALS\iron.md | METALS\silver.md | METALS\steel.md | ORGANIC_AND_NATURAL\flowers.md | ORGANIC_AND_NATURAL\leaves.md | ORGANIC_AND_NATURAL\organic_decay.md | ORGANIC_AND_NATURAL\resin.md | ORGANIC_AND_NATURAL\sap.md | ORGANIC_AND_NATURAL\wax.md | PHYSICAL_PROPERTIES\absorption.md | PHYSICAL_PROPERTIES\density.md | PHYSICAL_PROPERTIES\electrical_behavior.md | PHYSICAL_PROPERTIES\hardness.md | PHYSICAL_PROPERTIES\mechanical_behavior.md | PHYSICAL_PROPERTIES\reflectivity.md | PHYSICAL_PROPERTIES\roughness.md | PHYSICAL_PROPERTIES\scattering.md | PHYSICAL_PROPERTIES\surface_behavior.md | PHYSICAL_PROPERTIES\thermal_behavior.md | PHYSICAL_PROPERTIES\translucency.md | PHYSICAL_PROPERTIES\transparency.md | REFERENCES\historical_reference.md | REFERENCES\material_reference_policy.md | REFERENCES\physical_reference.md | REFERENCES\reference_index.md | REFERENCES\traditional_reference.md | REGISTRIES\material_master_registry.md | REGISTRIES\material_reference_registry.md | REGISTRIES\material_state_registry.md | REGISTRIES\material_usage_registry.md | RENDERING\albedo.md | RENDERING\anisotropy.md | RENDERING\clearcoat.md | RENDERING\displacement.md | RENDERING\material_shader_rules.md | RENDERING\metallic_workflow.md | RENDERING\normal_maps.md | RENDERING\physically_based_materials.md | RENDERING\roughness_maps.md | RENDERING\sheen.md | RENDERING\subsurface_scattering.md | RENDERING\transmission.md | STONE_AND_EARTH\basalt.md | STONE_AND_EARTH\clay.md | STONE_AND_EARTH\granite.md | STONE_AND_EARTH\gravel.md | STONE_AND_EARTH\limestone.md | STONE_AND_EARTH\marble.md | STONE_AND_EARTH\mud.md | STONE_AND_EARTH\natural_rock.md | STONE_AND_EARTH\sandstone.md | STONE_AND_EARTH\slate.md | STONE_AND_EARTH\soil.md | SURFACE_BEHAVIOR\ash.md | SURFACE_BEHAVIOR\chipped.md | SURFACE_BEHAVIOR\cracked.md | SURFACE_BEHAVIOR\dented.md | SURFACE_BEHAVIOR\dusty.md | SURFACE_BEHAVIOR\glossy.md | SURFACE_BEHAVIOR\matte.md | SURFACE_BEHAVIOR\muddy.md | SURFACE_BEHAVIOR\oily.md | SURFACE_BEHAVIOR\polished.md | SURFACE_BEHAVIOR\residue.md | SURFACE_BEHAVIOR\rough.md | SURFACE_BEHAVIOR\scratched.md | SURFACE_BEHAVIOR\soot.md | SURFACE_BEHAVIOR\stained.md | SURFACE_BEHAVIOR\wet.md | SURFACE_BEHAVIOR\worn.md | TEXTILES_AND_FIBERS\cotton.md | TEXTILES_AND_FIBERS\embroidery_materials.md | TEXTILES_AND_FIBERS\hemp.md | TEXTILES_AND_FIBERS\jute.md | TEXTILES_AND_FIBERS\knitted_structure.md | TEXTILES_AND_FIBERS\linen.md | TEXTILES_AND_FIBERS\natural_fibers.md | TEXTILES_AND_FIBERS\silk.md | TEXTILES_AND_FIBERS\textile_surface_behavior.md | TEXTILES_AND_FIBERS\wool.md | TEXTILES_AND_FIBERS\woven_structure.md | TEXTURE\photographic_textures.md | TEXTURE\procedural_textures.md | TEXTURE\texel_density.md | TEXTURE\texture_artifact_control.md | TEXTURE\texture_repetition.md | TEXTURE\texture_resolution.md | TEXTURE\texture_scale.md | TEXTURE\texture_variation.md | WOOD_AND_PLANT_MATERIALS\bamboo.md | WOOD_AND_PLANT_MATERIALS\bark.md | WOOD_AND_PLANT_MATERIALS\cane.md | WOOD_AND_PLANT_MATERIALS\hardwood.md | WOOD_AND_PLANT_MATERIALS\palm_materials.md | WOOD_AND_PLANT_MATERIALS\plant_fibers.md | WOOD_AND_PLANT_MATERIALS\softwood.md"
"07_HISTORICAL_CANONICAL\material_evidence.md","0","0","","True","AI\material_consistency.md | AI\material_drift.md | AI\material_generation_qa.md | AI\material_prompt_rules.md | AI\material_provenance.md | ARCHITECTURAL_MATERIALS\decorative_surfaces.md | ARCHITECTURAL_MATERIALS\doors.md | ARCHITECTURAL_MATERIALS\floors.md | ARCHITECTURAL_MATERIALS\pillars.md | ARCHITECTURAL_MATERIALS\platforms.md | ARCHITECTURAL_MATERIALS\roofs.md | ARCHITECTURAL_MATERIALS\stairs.md | ARCHITECTURAL_MATERIALS\walls.md | ARCHITECTURAL_MATERIALS\windows.md | CHARACTER_MATERIALS\body_material_rules.md | CHARACTER_MATERIALS\hair.md | CHARACTER_MATERIALS\nails.md | CHARACTER_MATERIALS\skin.md | CHARACTER_MATERIALS\teeth.md | CONSTRUCTION_MATERIALS\flooring_materials.md | CONSTRUCTION_MATERIALS\lime.md | CONSTRUCTION_MATERIALS\mortar.md | CONSTRUCTION_MATERIALS\pigment_binder.md | CONSTRUCTION_MATERIALS\plaster.md | CONSTRUCTION_MATERIALS\roofing_materials.md | CORE\material_classification.md | CORE\material_continuity.md | CORE\material_decision_log.md | CORE\material_identity_rules.md | CORE\material_policy.md | CORE\material_registry.md | CORE\material_scale_rules.md | CORE\material_source_policy.md | CORE\material_substitution_rules.md | EARTHEN_AND_CERAMIC\ceramic.md | EARTHEN_AND_CERAMIC\fired_clay.md | EARTHEN_AND_CERAMIC\glazed_surfaces.md | EARTHEN_AND_CERAMIC\pottery.md | EARTHEN_AND_CERAMIC\terracotta.md | GLASS_AND_MINERAL_MATERIALS\crystal.md | GLASS_AND_MINERAL_MATERIALS\gemstone.md | GLASS_AND_MINERAL_MATERIALS\glass.md | GLASS_AND_MINERAL_MATERIALS\mica.md | GLASS_AND_MINERAL_MATERIALS\mineral_surfaces.md | GLASS_AND_MINERAL_MATERIALS\pearl.md | LEATHER_AND_ANIMAL_MATERIALS\bone.md | LEATHER_AND_ANIMAL_MATERIALS\feather_material.md | LEATHER_AND_ANIMAL_MATERIALS\hide.md | LEATHER_AND_ANIMAL_MATERIALS\horn.md | LEATHER_AND_ANIMAL_MATERIALS\ivory_research.md | LEATHER_AND_ANIMAL_MATERIALS\leather.md | LEATHER_AND_ANIMAL_MATERIALS\shell.md | MATERIAL_COMBINATIONS\composite_materials.md | MATERIAL_COMBINATIONS\glass_metal.md | MATERIAL_COMBINATIONS\metal_stone.md | MATERIAL_COMBINATIONS\metal_wood.md | MATERIAL_COMBINATIONS\stone_wood.md | MATERIAL_COMBINATIONS\textile_leather.md | MATERIAL_COMBINATIONS\textile_metal.md | MATERIAL_COMBINATIONS\wood_textile.md | MATERIAL_INTERACTION\cold_interaction.md | MATERIAL_INTERACTION\contact_interaction.md | MATERIAL_INTERACTION\dust_interaction.md | MATERIAL_INTERACTION\fire_interaction.md | MATERIAL_INTERACTION\heat_interaction.md | MATERIAL_INTERACTION\moonlight_interaction.md | MATERIAL_INTERACTION\smoke_interaction.md | MATERIAL_INTERACTION\sunlight_interaction.md | MATERIAL_INTERACTION\water_interaction.md | MATERIAL_INTERACTION\wind_interaction.md | MATERIAL_STATES\aging.md | MATERIAL_STATES\biological_growth.md | MATERIAL_STATES\damage.md | MATERIAL_STATES\destruction.md | MATERIAL_STATES\fire_damage.md | MATERIAL_STATES\normal_use.md | MATERIAL_STATES\pristine.md | MATERIAL_STATES\repair.md | MATERIAL_STATES\restoration.md | MATERIAL_STATES\water_damage.md | MATERIAL_STATES\weathering.md | METALS\brass.md | METALS\bronze.md | METALS\copper.md | METALS\gold.md | METALS\iron.md | METALS\silver.md | METALS\steel.md | ORGANIC_AND_NATURAL\flowers.md | ORGANIC_AND_NATURAL\leaves.md | ORGANIC_AND_NATURAL\organic_decay.md | ORGANIC_AND_NATURAL\resin.md | ORGANIC_AND_NATURAL\sap.md | ORGANIC_AND_NATURAL\wax.md | PHYSICAL_PROPERTIES\absorption.md | PHYSICAL_PROPERTIES\density.md | PHYSICAL_PROPERTIES\electrical_behavior.md | PHYSICAL_PROPERTIES\hardness.md | PHYSICAL_PROPERTIES\mechanical_behavior.md | PHYSICAL_PROPERTIES\reflectivity.md | PHYSICAL_PROPERTIES\roughness.md | PHYSICAL_PROPERTIES\scattering.md | PHYSICAL_PROPERTIES\surface_behavior.md | PHYSICAL_PROPERTIES\thermal_behavior.md | PHYSICAL_PROPERTIES\translucency.md | PHYSICAL_PROPERTIES\transparency.md | REFERENCES\historical_reference.md | REFERENCES\material_reference_policy.md | REFERENCES\physical_reference.md | REFERENCES\reference_index.md | REFERENCES\traditional_reference.md | REGISTRIES\material_master_registry.md | REGISTRIES\material_reference_registry.md | REGISTRIES\material_state_registry.md | REGISTRIES\material_usage_registry.md | RENDERING\albedo.md | RENDERING\anisotropy.md | RENDERING\clearcoat.md | RENDERING\displacement.md | RENDERING\material_shader_rules.md | RENDERING\metallic_workflow.md | RENDERING\normal_maps.md | RENDERING\physically_based_materials.md | RENDERING\roughness_maps.md | RENDERING\sheen.md | RENDERING\subsurface_scattering.md | RENDERING\transmission.md | STONE_AND_EARTH\basalt.md | STONE_AND_EARTH\clay.md | STONE_AND_EARTH\granite.md | STONE_AND_EARTH\gravel.md | STONE_AND_EARTH\limestone.md | STONE_AND_EARTH\marble.md | STONE_AND_EARTH\mud.md | STONE_AND_EARTH\natural_rock.md | STONE_AND_EARTH\sandstone.md | STONE_AND_EARTH\slate.md | STONE_AND_EARTH\soil.md | SURFACE_BEHAVIOR\ash.md | SURFACE_BEHAVIOR\chipped.md | SURFACE_BEHAVIOR\cracked.md | SURFACE_BEHAVIOR\dented.md | SURFACE_BEHAVIOR\dusty.md | SURFACE_BEHAVIOR\glossy.md | SURFACE_BEHAVIOR\matte.md | SURFACE_BEHAVIOR\muddy.md | SURFACE_BEHAVIOR\oily.md | SURFACE_BEHAVIOR\polished.md | SURFACE_BEHAVIOR\residue.md | SURFACE_BEHAVIOR\rough.md | SURFACE_BEHAVIOR\scratched.md | SURFACE_BEHAVIOR\soot.md | SURFACE_BEHAVIOR\stained.md | SURFACE_BEHAVIOR\wet.md | SURFACE_BEHAVIOR\worn.md | TEXTILES_AND_FIBERS\cotton.md | TEXTILES_AND_FIBERS\embroidery_materials.md | TEXTILES_AND_FIBERS\hemp.md | TEXTILES_AND_FIBERS\jute.md | TEXTILES_AND_FIBERS\knitted_structure.md | TEXTILES_AND_FIBERS\linen.md | TEXTILES_AND_FIBERS\natural_fibers.md | TEXTILES_AND_FIBERS\silk.md | TEXTILES_AND_FIBERS\textile_surface_behavior.md | TEXTILES_AND_FIBERS\wool.md | TEXTILES_AND_FIBERS\woven_structure.md | TEXTURE\photographic_textures.md | TEXTURE\procedural_textures.md | TEXTURE\texel_density.md | TEXTURE\texture_artifact_control.md | TEXTURE\texture_repetition.md | TEXTURE\texture_resolution.md | TEXTURE\texture_scale.md | TEXTURE\texture_variation.md | WOOD_AND_PLANT_MATERIALS\bamboo.md | WOOD_AND_PLANT_MATERIALS\bark.md | WOOD_AND_PLANT_MATERIALS\cane.md | WOOD_AND_PLANT_MATERIALS\hardwood.md | WOOD_AND_PLANT_MATERIALS\palm_materials.md | WOOD_AND_PLANT_MATERIALS\plant_fibers.md | WOOD_AND_PLANT_MATERIALS\softwood.md"
"07_HISTORICAL_CANONICAL\traditional_indian_materials.md","0","0","","True","AI\material_consistency.md | AI\material_drift.md | AI\material_generation_qa.md | AI\material_prompt_rules.md | AI\material_provenance.md | ARCHITECTURAL_MATERIALS\decorative_surfaces.md | ARCHITECTURAL_MATERIALS\doors.md | ARCHITECTURAL_MATERIALS\floors.md | ARCHITECTURAL_MATERIALS\pillars.md | ARCHITECTURAL_MATERIALS\platforms.md | ARCHITECTURAL_MATERIALS\roofs.md | ARCHITECTURAL_MATERIALS\stairs.md | ARCHITECTURAL_MATERIALS\walls.md | ARCHITECTURAL_MATERIALS\windows.md | CHARACTER_MATERIALS\body_material_rules.md | CHARACTER_MATERIALS\hair.md | CHARACTER_MATERIALS\nails.md | CHARACTER_MATERIALS\skin.md | CHARACTER_MATERIALS\teeth.md | CONSTRUCTION_MATERIALS\flooring_materials.md | CONSTRUCTION_MATERIALS\lime.md | CONSTRUCTION_MATERIALS\mortar.md | CONSTRUCTION_MATERIALS\pigment_binder.md | CONSTRUCTION_MATERIALS\plaster.md | CONSTRUCTION_MATERIALS\roofing_materials.md | CORE\material_classification.md | CORE\material_continuity.md | CORE\material_decision_log.md | CORE\material_identity_rules.md | CORE\material_policy.md | CORE\material_registry.md | CORE\material_scale_rules.md | CORE\material_source_policy.md | CORE\material_substitution_rules.md | EARTHEN_AND_CERAMIC\ceramic.md | EARTHEN_AND_CERAMIC\fired_clay.md | EARTHEN_AND_CERAMIC\glazed_surfaces.md | EARTHEN_AND_CERAMIC\pottery.md | EARTHEN_AND_CERAMIC\terracotta.md | GLASS_AND_MINERAL_MATERIALS\crystal.md | GLASS_AND_MINERAL_MATERIALS\gemstone.md | GLASS_AND_MINERAL_MATERIALS\glass.md | GLASS_AND_MINERAL_MATERIALS\mica.md | GLASS_AND_MINERAL_MATERIALS\mineral_surfaces.md | GLASS_AND_MINERAL_MATERIALS\pearl.md | LEATHER_AND_ANIMAL_MATERIALS\bone.md | LEATHER_AND_ANIMAL_MATERIALS\feather_material.md | LEATHER_AND_ANIMAL_MATERIALS\hide.md | LEATHER_AND_ANIMAL_MATERIALS\horn.md | LEATHER_AND_ANIMAL_MATERIALS\ivory_research.md | LEATHER_AND_ANIMAL_MATERIALS\leather.md | LEATHER_AND_ANIMAL_MATERIALS\shell.md | MATERIAL_COMBINATIONS\composite_materials.md | MATERIAL_COMBINATIONS\glass_metal.md | MATERIAL_COMBINATIONS\metal_stone.md | MATERIAL_COMBINATIONS\metal_wood.md | MATERIAL_COMBINATIONS\stone_wood.md | MATERIAL_COMBINATIONS\textile_leather.md | MATERIAL_COMBINATIONS\textile_metal.md | MATERIAL_COMBINATIONS\wood_textile.md | MATERIAL_INTERACTION\cold_interaction.md | MATERIAL_INTERACTION\contact_interaction.md | MATERIAL_INTERACTION\dust_interaction.md | MATERIAL_INTERACTION\fire_interaction.md | MATERIAL_INTERACTION\heat_interaction.md | MATERIAL_INTERACTION\moonlight_interaction.md | MATERIAL_INTERACTION\smoke_interaction.md | MATERIAL_INTERACTION\sunlight_interaction.md | MATERIAL_INTERACTION\water_interaction.md | MATERIAL_INTERACTION\wind_interaction.md | MATERIAL_STATES\aging.md | MATERIAL_STATES\biological_growth.md | MATERIAL_STATES\damage.md | MATERIAL_STATES\destruction.md | MATERIAL_STATES\fire_damage.md | MATERIAL_STATES\normal_use.md | MATERIAL_STATES\pristine.md | MATERIAL_STATES\repair.md | MATERIAL_STATES\restoration.md | MATERIAL_STATES\water_damage.md | MATERIAL_STATES\weathering.md | METALS\brass.md | METALS\bronze.md | METALS\copper.md | METALS\gold.md | METALS\iron.md | METALS\silver.md | METALS\steel.md | ORGANIC_AND_NATURAL\flowers.md | ORGANIC_AND_NATURAL\leaves.md | ORGANIC_AND_NATURAL\organic_decay.md | ORGANIC_AND_NATURAL\resin.md | ORGANIC_AND_NATURAL\sap.md | ORGANIC_AND_NATURAL\wax.md | PHYSICAL_PROPERTIES\absorption.md | PHYSICAL_PROPERTIES\density.md | PHYSICAL_PROPERTIES\electrical_behavior.md | PHYSICAL_PROPERTIES\hardness.md | PHYSICAL_PROPERTIES\mechanical_behavior.md | PHYSICAL_PROPERTIES\reflectivity.md | PHYSICAL_PROPERTIES\roughness.md | PHYSICAL_PROPERTIES\scattering.md | PHYSICAL_PROPERTIES\surface_behavior.md | PHYSICAL_PROPERTIES\thermal_behavior.md | PHYSICAL_PROPERTIES\translucency.md | PHYSICAL_PROPERTIES\transparency.md | REFERENCES\historical_reference.md | REFERENCES\material_reference_policy.md | REFERENCES\physical_reference.md | REFERENCES\reference_index.md | REFERENCES\traditional_reference.md | REGISTRIES\material_master_registry.md | REGISTRIES\material_reference_registry.md | REGISTRIES\material_state_registry.md | REGISTRIES\material_usage_registry.md | RENDERING\albedo.md | RENDERING\anisotropy.md | RENDERING\clearcoat.md | RENDERING\displacement.md | RENDERING\material_shader_rules.md | RENDERING\metallic_workflow.md | RENDERING\normal_maps.md | RENDERING\physically_based_materials.md | RENDERING\roughness_maps.md | RENDERING\sheen.md | RENDERING\subsurface_scattering.md | RENDERING\transmission.md | STONE_AND_EARTH\basalt.md | STONE_AND_EARTH\clay.md | STONE_AND_EARTH\granite.md | STONE_AND_EARTH\gravel.md | STONE_AND_EARTH\limestone.md | STONE_AND_EARTH\marble.md | STONE_AND_EARTH\mud.md | STONE_AND_EARTH\natural_rock.md | STONE_AND_EARTH\sandstone.md | STONE_AND_EARTH\slate.md | STONE_AND_EARTH\soil.md | SURFACE_BEHAVIOR\ash.md | SURFACE_BEHAVIOR\chipped.md | SURFACE_BEHAVIOR\cracked.md | SURFACE_BEHAVIOR\dented.md | SURFACE_BEHAVIOR\dusty.md | SURFACE_BEHAVIOR\glossy.md | SURFACE_BEHAVIOR\matte.md | SURFACE_BEHAVIOR\muddy.md | SURFACE_BEHAVIOR\oily.md | SURFACE_BEHAVIOR\polished.md | SURFACE_BEHAVIOR\residue.md | SURFACE_BEHAVIOR\rough.md | SURFACE_BEHAVIOR\scratched.md | SURFACE_BEHAVIOR\soot.md | SURFACE_BEHAVIOR\stained.md | SURFACE_BEHAVIOR\wet.md | SURFACE_BEHAVIOR\worn.md | TEXTILES_AND_FIBERS\cotton.md | TEXTILES_AND_FIBERS\embroidery_materials.md | TEXTILES_AND_FIBERS\hemp.md | TEXTILES_AND_FIBERS\jute.md | TEXTILES_AND_FIBERS\knitted_structure.md | TEXTILES_AND_FIBERS\linen.md | TEXTILES_AND_FIBERS\natural_fibers.md | TEXTILES_AND_FIBERS\silk.md | TEXTILES_AND_FIBERS\textile_surface_behavior.md | TEXTILES_AND_FIBERS\wool.md | TEXTILES_AND_FIBERS\woven_structure.md | TEXTURE\photographic_textures.md | TEXTURE\procedural_textures.md | TEXTURE\texel_density.md | TEXTURE\texture_artifact_control.md | TEXTURE\texture_repetition.md | TEXTURE\texture_resolution.md | TEXTURE\texture_scale.md | TEXTURE\texture_variation.md | WOOD_AND_PLANT_MATERIALS\bamboo.md | WOOD_AND_PLANT_MATERIALS\bark.md | WOOD_AND_PLANT_MATERIALS\cane.md | WOOD_AND_PLANT_MATERIALS\hardwood.md | WOOD_AND_PLANT_MATERIALS\palm_materials.md | WOOD_AND_PLANT_MATERIALS\plant_fibers.md | WOOD_AND_PLANT_MATERIALS\softwood.md"
"07_HISTORICAL_CANONICAL\traditional_manufacturing.md","0","0","","True","AI\material_consistency.md | AI\material_drift.md | AI\material_generation_qa.md | AI\material_prompt_rules.md | AI\material_provenance.md | ARCHITECTURAL_MATERIALS\decorative_surfaces.md | ARCHITECTURAL_MATERIALS\doors.md | ARCHITECTURAL_MATERIALS\floors.md | ARCHITECTURAL_MATERIALS\pillars.md | ARCHITECTURAL_MATERIALS\platforms.md | ARCHITECTURAL_MATERIALS\roofs.md | ARCHITECTURAL_MATERIALS\stairs.md | ARCHITECTURAL_MATERIALS\walls.md | ARCHITECTURAL_MATERIALS\windows.md | CHARACTER_MATERIALS\body_material_rules.md | CHARACTER_MATERIALS\hair.md | CHARACTER_MATERIALS\nails.md | CHARACTER_MATERIALS\skin.md | CHARACTER_MATERIALS\teeth.md | CONSTRUCTION_MATERIALS\flooring_materials.md | CONSTRUCTION_MATERIALS\lime.md | CONSTRUCTION_MATERIALS\mortar.md | CONSTRUCTION_MATERIALS\pigment_binder.md | CONSTRUCTION_MATERIALS\plaster.md | CONSTRUCTION_MATERIALS\roofing_materials.md | CORE\material_classification.md | CORE\material_continuity.md | CORE\material_decision_log.md | CORE\material_identity_rules.md | CORE\material_policy.md | CORE\material_registry.md | CORE\material_scale_rules.md | CORE\material_source_policy.md | CORE\material_substitution_rules.md | EARTHEN_AND_CERAMIC\ceramic.md | EARTHEN_AND_CERAMIC\fired_clay.md | EARTHEN_AND_CERAMIC\glazed_surfaces.md | EARTHEN_AND_CERAMIC\pottery.md | EARTHEN_AND_CERAMIC\terracotta.md | GLASS_AND_MINERAL_MATERIALS\crystal.md | GLASS_AND_MINERAL_MATERIALS\gemstone.md | GLASS_AND_MINERAL_MATERIALS\glass.md | GLASS_AND_MINERAL_MATERIALS\mica.md | GLASS_AND_MINERAL_MATERIALS\mineral_surfaces.md | GLASS_AND_MINERAL_MATERIALS\pearl.md | LEATHER_AND_ANIMAL_MATERIALS\bone.md | LEATHER_AND_ANIMAL_MATERIALS\feather_material.md | LEATHER_AND_ANIMAL_MATERIALS\hide.md | LEATHER_AND_ANIMAL_MATERIALS\horn.md | LEATHER_AND_ANIMAL_MATERIALS\ivory_research.md | LEATHER_AND_ANIMAL_MATERIALS\leather.md | LEATHER_AND_ANIMAL_MATERIALS\shell.md | MATERIAL_COMBINATIONS\composite_materials.md | MATERIAL_COMBINATIONS\glass_metal.md | MATERIAL_COMBINATIONS\metal_stone.md | MATERIAL_COMBINATIONS\metal_wood.md | MATERIAL_COMBINATIONS\stone_wood.md | MATERIAL_COMBINATIONS\textile_leather.md | MATERIAL_COMBINATIONS\textile_metal.md | MATERIAL_COMBINATIONS\wood_textile.md | MATERIAL_INTERACTION\cold_interaction.md | MATERIAL_INTERACTION\contact_interaction.md | MATERIAL_INTERACTION\dust_interaction.md | MATERIAL_INTERACTION\fire_interaction.md | MATERIAL_INTERACTION\heat_interaction.md | MATERIAL_INTERACTION\moonlight_interaction.md | MATERIAL_INTERACTION\smoke_interaction.md | MATERIAL_INTERACTION\sunlight_interaction.md | MATERIAL_INTERACTION\water_interaction.md | MATERIAL_INTERACTION\wind_interaction.md | MATERIAL_STATES\aging.md | MATERIAL_STATES\biological_growth.md | MATERIAL_STATES\damage.md | MATERIAL_STATES\destruction.md | MATERIAL_STATES\fire_damage.md | MATERIAL_STATES\normal_use.md | MATERIAL_STATES\pristine.md | MATERIAL_STATES\repair.md | MATERIAL_STATES\restoration.md | MATERIAL_STATES\water_damage.md | MATERIAL_STATES\weathering.md | METALS\brass.md | METALS\bronze.md | METALS\copper.md | METALS\gold.md | METALS\iron.md | METALS\silver.md | METALS\steel.md | ORGANIC_AND_NATURAL\flowers.md | ORGANIC_AND_NATURAL\leaves.md | ORGANIC_AND_NATURAL\organic_decay.md | ORGANIC_AND_NATURAL\resin.md | ORGANIC_AND_NATURAL\sap.md | ORGANIC_AND_NATURAL\wax.md | PHYSICAL_PROPERTIES\absorption.md | PHYSICAL_PROPERTIES\density.md | PHYSICAL_PROPERTIES\electrical_behavior.md | PHYSICAL_PROPERTIES\hardness.md | PHYSICAL_PROPERTIES\mechanical_behavior.md | PHYSICAL_PROPERTIES\reflectivity.md | PHYSICAL_PROPERTIES\roughness.md | PHYSICAL_PROPERTIES\scattering.md | PHYSICAL_PROPERTIES\surface_behavior.md | PHYSICAL_PROPERTIES\thermal_behavior.md | PHYSICAL_PROPERTIES\translucency.md | PHYSICAL_PROPERTIES\transparency.md | REFERENCES\historical_reference.md | REFERENCES\material_reference_policy.md | REFERENCES\physical_reference.md | REFERENCES\reference_index.md | REFERENCES\traditional_reference.md | REGISTRIES\material_master_registry.md | REGISTRIES\material_reference_registry.md | REGISTRIES\material_state_registry.md | REGISTRIES\material_usage_registry.md | RENDERING\albedo.md | RENDERING\anisotropy.md | RENDERING\clearcoat.md | RENDERING\displacement.md | RENDERING\material_shader_rules.md | RENDERING\metallic_workflow.md | RENDERING\normal_maps.md | RENDERING\physically_based_materials.md | RENDERING\roughness_maps.md | RENDERING\sheen.md | RENDERING\subsurface_scattering.md | RENDERING\transmission.md | STONE_AND_EARTH\basalt.md | STONE_AND_EARTH\clay.md | STONE_AND_EARTH\granite.md | STONE_AND_EARTH\gravel.md | STONE_AND_EARTH\limestone.md | STONE_AND_EARTH\marble.md | STONE_AND_EARTH\mud.md | STONE_AND_EARTH\natural_rock.md | STONE_AND_EARTH\sandstone.md | STONE_AND_EARTH\slate.md | STONE_AND_EARTH\soil.md | SURFACE_BEHAVIOR\ash.md | SURFACE_BEHAVIOR\chipped.md | SURFACE_BEHAVIOR\cracked.md | SURFACE_BEHAVIOR\dented.md | SURFACE_BEHAVIOR\dusty.md | SURFACE_BEHAVIOR\glossy.md | SURFACE_BEHAVIOR\matte.md | SURFACE_BEHAVIOR\muddy.md | SURFACE_BEHAVIOR\oily.md | SURFACE_BEHAVIOR\polished.md | SURFACE_BEHAVIOR\residue.md | SURFACE_BEHAVIOR\rough.md | SURFACE_BEHAVIOR\scratched.md | SURFACE_BEHAVIOR\soot.md | SURFACE_BEHAVIOR\stained.md | SURFACE_BEHAVIOR\wet.md | SURFACE_BEHAVIOR\worn.md | TEXTILES_AND_FIBERS\cotton.md | TEXTILES_AND_FIBERS\embroidery_materials.md | TEXTILES_AND_FIBERS\hemp.md | TEXTILES_AND_FIBERS\jute.md | TEXTILES_AND_FIBERS\knitted_structure.md | TEXTILES_AND_FIBERS\linen.md | TEXTILES_AND_FIBERS\natural_fibers.md | TEXTILES_AND_FIBERS\silk.md | TEXTILES_AND_FIBERS\textile_surface_behavior.md | TEXTILES_AND_FIBERS\wool.md | TEXTILES_AND_FIBERS\woven_structure.md | TEXTURE\photographic_textures.md | TEXTURE\procedural_textures.md | TEXTURE\texel_density.md | TEXTURE\texture_artifact_control.md | TEXTURE\texture_repetition.md | TEXTURE\texture_resolution.md | TEXTURE\texture_scale.md | TEXTURE\texture_variation.md | WOOD_AND_PLANT_MATERIALS\bamboo.md | WOOD_AND_PLANT_MATERIALS\bark.md | WOOD_AND_PLANT_MATERIALS\cane.md | WOOD_AND_PLANT_MATERIALS\hardwood.md | WOOD_AND_PLANT_MATERIALS\palm_materials.md | WOOD_AND_PLANT_MATERIALS\plant_fibers.md | WOOD_AND_PLANT_MATERIALS\softwood.md"
"08_INTERACTION\animal_interaction.md","0","0","","True","AI\material_consistency.md | AI\material_drift.md | AI\material_generation_qa.md | AI\material_prompt_rules.md | AI\material_provenance.md | ARCHITECTURAL_MATERIALS\decorative_surfaces.md | ARCHITECTURAL_MATERIALS\doors.md | ARCHITECTURAL_MATERIALS\floors.md | ARCHITECTURAL_MATERIALS\pillars.md | ARCHITECTURAL_MATERIALS\platforms.md | ARCHITECTURAL_MATERIALS\roofs.md | ARCHITECTURAL_MATERIALS\stairs.md | ARCHITECTURAL_MATERIALS\walls.md | ARCHITECTURAL_MATERIALS\windows.md | CHARACTER_MATERIALS\body_material_rules.md | CHARACTER_MATERIALS\hair.md | CHARACTER_MATERIALS\nails.md | CHARACTER_MATERIALS\skin.md | CHARACTER_MATERIALS\teeth.md | CONSTRUCTION_MATERIALS\flooring_materials.md | CONSTRUCTION_MATERIALS\lime.md | CONSTRUCTION_MATERIALS\mortar.md | CONSTRUCTION_MATERIALS\pigment_binder.md | CONSTRUCTION_MATERIALS\plaster.md | CONSTRUCTION_MATERIALS\roofing_materials.md | CORE\material_classification.md | CORE\material_continuity.md | CORE\material_decision_log.md | CORE\material_identity_rules.md | CORE\material_policy.md | CORE\material_registry.md | CORE\material_scale_rules.md | CORE\material_source_policy.md | CORE\material_substitution_rules.md | EARTHEN_AND_CERAMIC\ceramic.md | EARTHEN_AND_CERAMIC\fired_clay.md | EARTHEN_AND_CERAMIC\glazed_surfaces.md | EARTHEN_AND_CERAMIC\pottery.md | EARTHEN_AND_CERAMIC\terracotta.md | GLASS_AND_MINERAL_MATERIALS\crystal.md | GLASS_AND_MINERAL_MATERIALS\gemstone.md | GLASS_AND_MINERAL_MATERIALS\glass.md | GLASS_AND_MINERAL_MATERIALS\mica.md | GLASS_AND_MINERAL_MATERIALS\mineral_surfaces.md | GLASS_AND_MINERAL_MATERIALS\pearl.md | LEATHER_AND_ANIMAL_MATERIALS\bone.md | LEATHER_AND_ANIMAL_MATERIALS\feather_material.md | LEATHER_AND_ANIMAL_MATERIALS\hide.md | LEATHER_AND_ANIMAL_MATERIALS\horn.md | LEATHER_AND_ANIMAL_MATERIALS\ivory_research.md | LEATHER_AND_ANIMAL_MATERIALS\leather.md | LEATHER_AND_ANIMAL_MATERIALS\shell.md | MATERIAL_COMBINATIONS\composite_materials.md | MATERIAL_COMBINATIONS\glass_metal.md | MATERIAL_COMBINATIONS\metal_stone.md | MATERIAL_COMBINATIONS\metal_wood.md | MATERIAL_COMBINATIONS\stone_wood.md | MATERIAL_COMBINATIONS\textile_leather.md | MATERIAL_COMBINATIONS\textile_metal.md | MATERIAL_COMBINATIONS\wood_textile.md | MATERIAL_INTERACTION\cold_interaction.md | MATERIAL_INTERACTION\contact_interaction.md | MATERIAL_INTERACTION\dust_interaction.md | MATERIAL_INTERACTION\fire_interaction.md | MATERIAL_INTERACTION\heat_interaction.md | MATERIAL_INTERACTION\moonlight_interaction.md | MATERIAL_INTERACTION\smoke_interaction.md | MATERIAL_INTERACTION\sunlight_interaction.md | MATERIAL_INTERACTION\water_interaction.md | MATERIAL_INTERACTION\wind_interaction.md | MATERIAL_STATES\aging.md | MATERIAL_STATES\biological_growth.md | MATERIAL_STATES\damage.md | MATERIAL_STATES\destruction.md | MATERIAL_STATES\fire_damage.md | MATERIAL_STATES\normal_use.md | MATERIAL_STATES\pristine.md | MATERIAL_STATES\repair.md | MATERIAL_STATES\restoration.md | MATERIAL_STATES\water_damage.md | MATERIAL_STATES\weathering.md | METALS\brass.md | METALS\bronze.md | METALS\copper.md | METALS\gold.md | METALS\iron.md | METALS\silver.md | METALS\steel.md | ORGANIC_AND_NATURAL\flowers.md | ORGANIC_AND_NATURAL\leaves.md | ORGANIC_AND_NATURAL\organic_decay.md | ORGANIC_AND_NATURAL\resin.md | ORGANIC_AND_NATURAL\sap.md | ORGANIC_AND_NATURAL\wax.md | PHYSICAL_PROPERTIES\absorption.md | PHYSICAL_PROPERTIES\density.md | PHYSICAL_PROPERTIES\electrical_behavior.md | PHYSICAL_PROPERTIES\hardness.md | PHYSICAL_PROPERTIES\mechanical_behavior.md | PHYSICAL_PROPERTIES\reflectivity.md | PHYSICAL_PROPERTIES\roughness.md | PHYSICAL_PROPERTIES\scattering.md | PHYSICAL_PROPERTIES\surface_behavior.md | PHYSICAL_PROPERTIES\thermal_behavior.md | PHYSICAL_PROPERTIES\translucency.md | PHYSICAL_PROPERTIES\transparency.md | REFERENCES\historical_reference.md | REFERENCES\material_reference_policy.md | REFERENCES\physical_reference.md | REFERENCES\reference_index.md | REFERENCES\traditional_reference.md | REGISTRIES\material_master_registry.md | REGISTRIES\material_reference_registry.md | REGISTRIES\material_state_registry.md | REGISTRIES\material_usage_registry.md | RENDERING\albedo.md | RENDERING\anisotropy.md | RENDERING\clearcoat.md | RENDERING\displacement.md | RENDERING\material_shader_rules.md | RENDERING\metallic_workflow.md | RENDERING\normal_maps.md | RENDERING\physically_based_materials.md | RENDERING\roughness_maps.md | RENDERING\sheen.md | RENDERING\subsurface_scattering.md | RENDERING\transmission.md | STONE_AND_EARTH\basalt.md | STONE_AND_EARTH\clay.md | STONE_AND_EARTH\granite.md | STONE_AND_EARTH\gravel.md | STONE_AND_EARTH\limestone.md | STONE_AND_EARTH\marble.md | STONE_AND_EARTH\mud.md | STONE_AND_EARTH\natural_rock.md | STONE_AND_EARTH\sandstone.md | STONE_AND_EARTH\slate.md | STONE_AND_EARTH\soil.md | SURFACE_BEHAVIOR\ash.md | SURFACE_BEHAVIOR\chipped.md | SURFACE_BEHAVIOR\cracked.md | SURFACE_BEHAVIOR\dented.md | SURFACE_BEHAVIOR\dusty.md | SURFACE_BEHAVIOR\glossy.md | SURFACE_BEHAVIOR\matte.md | SURFACE_BEHAVIOR\muddy.md | SURFACE_BEHAVIOR\oily.md | SURFACE_BEHAVIOR\polished.md | SURFACE_BEHAVIOR\residue.md | SURFACE_BEHAVIOR\rough.md | SURFACE_BEHAVIOR\scratched.md | SURFACE_BEHAVIOR\soot.md | SURFACE_BEHAVIOR\stained.md | SURFACE_BEHAVIOR\wet.md | SURFACE_BEHAVIOR\worn.md | TEXTILES_AND_FIBERS\cotton.md | TEXTILES_AND_FIBERS\embroidery_materials.md | TEXTILES_AND_FIBERS\hemp.md | TEXTILES_AND_FIBERS\jute.md | TEXTILES_AND_FIBERS\knitted_structure.md | TEXTILES_AND_FIBERS\linen.md | TEXTILES_AND_FIBERS\natural_fibers.md | TEXTILES_AND_FIBERS\silk.md | TEXTILES_AND_FIBERS\textile_surface_behavior.md | TEXTILES_AND_FIBERS\wool.md | TEXTILES_AND_FIBERS\woven_structure.md | TEXTURE\photographic_textures.md | TEXTURE\procedural_textures.md | TEXTURE\texel_density.md | TEXTURE\texture_artifact_control.md | TEXTURE\texture_repetition.md | TEXTURE\texture_resolution.md | TEXTURE\texture_scale.md | TEXTURE\texture_variation.md | WOOD_AND_PLANT_MATERIALS\bamboo.md | WOOD_AND_PLANT_MATERIALS\bark.md | WOOD_AND_PLANT_MATERIALS\cane.md | WOOD_AND_PLANT_MATERIALS\hardwood.md | WOOD_AND_PLANT_MATERIALS\palm_materials.md | WOOD_AND_PLANT_MATERIALS\plant_fibers.md | WOOD_AND_PLANT_MATERIALS\softwood.md"
"08_INTERACTION\architecture_interaction.md","0","0","","True","AI\material_consistency.md | AI\material_drift.md | AI\material_generation_qa.md | AI\material_prompt_rules.md | AI\material_provenance.md | ARCHITECTURAL_MATERIALS\decorative_surfaces.md | ARCHITECTURAL_MATERIALS\doors.md | ARCHITECTURAL_MATERIALS\floors.md | ARCHITECTURAL_MATERIALS\pillars.md | ARCHITECTURAL_MATERIALS\platforms.md | ARCHITECTURAL_MATERIALS\roofs.md | ARCHITECTURAL_MATERIALS\stairs.md | ARCHITECTURAL_MATERIALS\walls.md | ARCHITECTURAL_MATERIALS\windows.md | CHARACTER_MATERIALS\body_material_rules.md | CHARACTER_MATERIALS\hair.md | CHARACTER_MATERIALS\nails.md | CHARACTER_MATERIALS\skin.md | CHARACTER_MATERIALS\teeth.md | CONSTRUCTION_MATERIALS\flooring_materials.md | CONSTRUCTION_MATERIALS\lime.md | CONSTRUCTION_MATERIALS\mortar.md | CONSTRUCTION_MATERIALS\pigment_binder.md | CONSTRUCTION_MATERIALS\plaster.md | CONSTRUCTION_MATERIALS\roofing_materials.md | CORE\material_classification.md | CORE\material_continuity.md | CORE\material_decision_log.md | CORE\material_identity_rules.md | CORE\material_policy.md | CORE\material_registry.md | CORE\material_scale_rules.md | CORE\material_source_policy.md | CORE\material_substitution_rules.md | EARTHEN_AND_CERAMIC\ceramic.md | EARTHEN_AND_CERAMIC\fired_clay.md | EARTHEN_AND_CERAMIC\glazed_surfaces.md | EARTHEN_AND_CERAMIC\pottery.md | EARTHEN_AND_CERAMIC\terracotta.md | GLASS_AND_MINERAL_MATERIALS\crystal.md | GLASS_AND_MINERAL_MATERIALS\gemstone.md | GLASS_AND_MINERAL_MATERIALS\glass.md | GLASS_AND_MINERAL_MATERIALS\mica.md | GLASS_AND_MINERAL_MATERIALS\mineral_surfaces.md | GLASS_AND_MINERAL_MATERIALS\pearl.md | LEATHER_AND_ANIMAL_MATERIALS\bone.md | LEATHER_AND_ANIMAL_MATERIALS\feather_material.md | LEATHER_AND_ANIMAL_MATERIALS\hide.md | LEATHER_AND_ANIMAL_MATERIALS\horn.md | LEATHER_AND_ANIMAL_MATERIALS\ivory_research.md | LEATHER_AND_ANIMAL_MATERIALS\leather.md | LEATHER_AND_ANIMAL_MATERIALS\shell.md | MATERIAL_COMBINATIONS\composite_materials.md | MATERIAL_COMBINATIONS\glass_metal.md | MATERIAL_COMBINATIONS\metal_stone.md | MATERIAL_COMBINATIONS\metal_wood.md | MATERIAL_COMBINATIONS\stone_wood.md | MATERIAL_COMBINATIONS\textile_leather.md | MATERIAL_COMBINATIONS\textile_metal.md | MATERIAL_COMBINATIONS\wood_textile.md | MATERIAL_INTERACTION\cold_interaction.md | MATERIAL_INTERACTION\contact_interaction.md | MATERIAL_INTERACTION\dust_interaction.md | MATERIAL_INTERACTION\fire_interaction.md | MATERIAL_INTERACTION\heat_interaction.md | MATERIAL_INTERACTION\moonlight_interaction.md | MATERIAL_INTERACTION\smoke_interaction.md | MATERIAL_INTERACTION\sunlight_interaction.md | MATERIAL_INTERACTION\water_interaction.md | MATERIAL_INTERACTION\wind_interaction.md | MATERIAL_STATES\aging.md | MATERIAL_STATES\biological_growth.md | MATERIAL_STATES\damage.md | MATERIAL_STATES\destruction.md | MATERIAL_STATES\fire_damage.md | MATERIAL_STATES\normal_use.md | MATERIAL_STATES\pristine.md | MATERIAL_STATES\repair.md | MATERIAL_STATES\restoration.md | MATERIAL_STATES\water_damage.md | MATERIAL_STATES\weathering.md | METALS\brass.md | METALS\bronze.md | METALS\copper.md | METALS\gold.md | METALS\iron.md | METALS\silver.md | METALS\steel.md | ORGANIC_AND_NATURAL\flowers.md | ORGANIC_AND_NATURAL\leaves.md | ORGANIC_AND_NATURAL\organic_decay.md | ORGANIC_AND_NATURAL\resin.md | ORGANIC_AND_NATURAL\sap.md | ORGANIC_AND_NATURAL\wax.md | PHYSICAL_PROPERTIES\absorption.md | PHYSICAL_PROPERTIES\density.md | PHYSICAL_PROPERTIES\electrical_behavior.md | PHYSICAL_PROPERTIES\hardness.md | PHYSICAL_PROPERTIES\mechanical_behavior.md | PHYSICAL_PROPERTIES\reflectivity.md | PHYSICAL_PROPERTIES\roughness.md | PHYSICAL_PROPERTIES\scattering.md | PHYSICAL_PROPERTIES\surface_behavior.md | PHYSICAL_PROPERTIES\thermal_behavior.md | PHYSICAL_PROPERTIES\translucency.md | PHYSICAL_PROPERTIES\transparency.md | REFERENCES\historical_reference.md | REFERENCES\material_reference_policy.md | REFERENCES\physical_reference.md | REFERENCES\reference_index.md | REFERENCES\traditional_reference.md | REGISTRIES\material_master_registry.md | REGISTRIES\material_reference_registry.md | REGISTRIES\material_state_registry.md | REGISTRIES\material_usage_registry.md | RENDERING\albedo.md | RENDERING\anisotropy.md | RENDERING\clearcoat.md | RENDERING\displacement.md | RENDERING\material_shader_rules.md | RENDERING\metallic_workflow.md | RENDERING\normal_maps.md | RENDERING\physically_based_materials.md | RENDERING\roughness_maps.md | RENDERING\sheen.md | RENDERING\subsurface_scattering.md | RENDERING\transmission.md | STONE_AND_EARTH\basalt.md | STONE_AND_EARTH\clay.md | STONE_AND_EARTH\granite.md | STONE_AND_EARTH\gravel.md | STONE_AND_EARTH\limestone.md | STONE_AND_EARTH\marble.md | STONE_AND_EARTH\mud.md | STONE_AND_EARTH\natural_rock.md | STONE_AND_EARTH\sandstone.md | STONE_AND_EARTH\slate.md | STONE_AND_EARTH\soil.md | SURFACE_BEHAVIOR\ash.md | SURFACE_BEHAVIOR\chipped.md | SURFACE_BEHAVIOR\cracked.md | SURFACE_BEHAVIOR\dented.md | SURFACE_BEHAVIOR\dusty.md | SURFACE_BEHAVIOR\glossy.md | SURFACE_BEHAVIOR\matte.md | SURFACE_BEHAVIOR\muddy.md | SURFACE_BEHAVIOR\oily.md | SURFACE_BEHAVIOR\polished.md | SURFACE_BEHAVIOR\residue.md | SURFACE_BEHAVIOR\rough.md | SURFACE_BEHAVIOR\scratched.md | SURFACE_BEHAVIOR\soot.md | SURFACE_BEHAVIOR\stained.md | SURFACE_BEHAVIOR\wet.md | SURFACE_BEHAVIOR\worn.md | TEXTILES_AND_FIBERS\cotton.md | TEXTILES_AND_FIBERS\embroidery_materials.md | TEXTILES_AND_FIBERS\hemp.md | TEXTILES_AND_FIBERS\jute.md | TEXTILES_AND_FIBERS\knitted_structure.md | TEXTILES_AND_FIBERS\linen.md | TEXTILES_AND_FIBERS\natural_fibers.md | TEXTILES_AND_FIBERS\silk.md | TEXTILES_AND_FIBERS\textile_surface_behavior.md | TEXTILES_AND_FIBERS\wool.md | TEXTILES_AND_FIBERS\woven_structure.md | TEXTURE\photographic_textures.md | TEXTURE\procedural_textures.md | TEXTURE\texel_density.md | TEXTURE\texture_artifact_control.md | TEXTURE\texture_repetition.md | TEXTURE\texture_resolution.md | TEXTURE\texture_scale.md | TEXTURE\texture_variation.md | WOOD_AND_PLANT_MATERIALS\bamboo.md | WOOD_AND_PLANT_MATERIALS\bark.md | WOOD_AND_PLANT_MATERIALS\cane.md | WOOD_AND_PLANT_MATERIALS\hardwood.md | WOOD_AND_PLANT_MATERIALS\palm_materials.md | WOOD_AND_PLANT_MATERIALS\plant_fibers.md | WOOD_AND_PLANT_MATERIALS\softwood.md"
"08_INTERACTION\environment_interaction.md","0","0","","True","AI\material_consistency.md | AI\material_drift.md | AI\material_generation_qa.md | AI\material_prompt_rules.md | AI\material_provenance.md | ARCHITECTURAL_MATERIALS\decorative_surfaces.md | ARCHITECTURAL_MATERIALS\doors.md | ARCHITECTURAL_MATERIALS\floors.md | ARCHITECTURAL_MATERIALS\pillars.md | ARCHITECTURAL_MATERIALS\platforms.md | ARCHITECTURAL_MATERIALS\roofs.md | ARCHITECTURAL_MATERIALS\stairs.md | ARCHITECTURAL_MATERIALS\walls.md | ARCHITECTURAL_MATERIALS\windows.md | CHARACTER_MATERIALS\body_material_rules.md | CHARACTER_MATERIALS\hair.md | CHARACTER_MATERIALS\nails.md | CHARACTER_MATERIALS\skin.md | CHARACTER_MATERIALS\teeth.md | CONSTRUCTION_MATERIALS\flooring_materials.md | CONSTRUCTION_MATERIALS\lime.md | CONSTRUCTION_MATERIALS\mortar.md | CONSTRUCTION_MATERIALS\pigment_binder.md | CONSTRUCTION_MATERIALS\plaster.md | CONSTRUCTION_MATERIALS\roofing_materials.md | CORE\material_classification.md | CORE\material_continuity.md | CORE\material_decision_log.md | CORE\material_identity_rules.md | CORE\material_policy.md | CORE\material_registry.md | CORE\material_scale_rules.md | CORE\material_source_policy.md | CORE\material_substitution_rules.md | EARTHEN_AND_CERAMIC\ceramic.md | EARTHEN_AND_CERAMIC\fired_clay.md | EARTHEN_AND_CERAMIC\glazed_surfaces.md | EARTHEN_AND_CERAMIC\pottery.md | EARTHEN_AND_CERAMIC\terracotta.md | GLASS_AND_MINERAL_MATERIALS\crystal.md | GLASS_AND_MINERAL_MATERIALS\gemstone.md | GLASS_AND_MINERAL_MATERIALS\glass.md | GLASS_AND_MINERAL_MATERIALS\mica.md | GLASS_AND_MINERAL_MATERIALS\mineral_surfaces.md | GLASS_AND_MINERAL_MATERIALS\pearl.md | LEATHER_AND_ANIMAL_MATERIALS\bone.md | LEATHER_AND_ANIMAL_MATERIALS\feather_material.md | LEATHER_AND_ANIMAL_MATERIALS\hide.md | LEATHER_AND_ANIMAL_MATERIALS\horn.md | LEATHER_AND_ANIMAL_MATERIALS\ivory_research.md | LEATHER_AND_ANIMAL_MATERIALS\leather.md | LEATHER_AND_ANIMAL_MATERIALS\shell.md | MATERIAL_COMBINATIONS\composite_materials.md | MATERIAL_COMBINATIONS\glass_metal.md | MATERIAL_COMBINATIONS\metal_stone.md | MATERIAL_COMBINATIONS\metal_wood.md | MATERIAL_COMBINATIONS\stone_wood.md | MATERIAL_COMBINATIONS\textile_leather.md | MATERIAL_COMBINATIONS\textile_metal.md | MATERIAL_COMBINATIONS\wood_textile.md | MATERIAL_INTERACTION\cold_interaction.md | MATERIAL_INTERACTION\contact_interaction.md | MATERIAL_INTERACTION\dust_interaction.md | MATERIAL_INTERACTION\fire_interaction.md | MATERIAL_INTERACTION\heat_interaction.md | MATERIAL_INTERACTION\moonlight_interaction.md | MATERIAL_INTERACTION\smoke_interaction.md | MATERIAL_INTERACTION\sunlight_interaction.md | MATERIAL_INTERACTION\water_interaction.md | MATERIAL_INTERACTION\wind_interaction.md | MATERIAL_STATES\aging.md | MATERIAL_STATES\biological_growth.md | MATERIAL_STATES\damage.md | MATERIAL_STATES\destruction.md | MATERIAL_STATES\fire_damage.md | MATERIAL_STATES\normal_use.md | MATERIAL_STATES\pristine.md | MATERIAL_STATES\repair.md | MATERIAL_STATES\restoration.md | MATERIAL_STATES\water_damage.md | MATERIAL_STATES\weathering.md | METALS\brass.md | METALS\bronze.md | METALS\copper.md | METALS\gold.md | METALS\iron.md | METALS\silver.md | METALS\steel.md | ORGANIC_AND_NATURAL\flowers.md | ORGANIC_AND_NATURAL\leaves.md | ORGANIC_AND_NATURAL\organic_decay.md | ORGANIC_AND_NATURAL\resin.md | ORGANIC_AND_NATURAL\sap.md | ORGANIC_AND_NATURAL\wax.md | PHYSICAL_PROPERTIES\absorption.md | PHYSICAL_PROPERTIES\density.md | PHYSICAL_PROPERTIES\electrical_behavior.md | PHYSICAL_PROPERTIES\hardness.md | PHYSICAL_PROPERTIES\mechanical_behavior.md | PHYSICAL_PROPERTIES\reflectivity.md | PHYSICAL_PROPERTIES\roughness.md | PHYSICAL_PROPERTIES\scattering.md | PHYSICAL_PROPERTIES\surface_behavior.md | PHYSICAL_PROPERTIES\thermal_behavior.md | PHYSICAL_PROPERTIES\translucency.md | PHYSICAL_PROPERTIES\transparency.md | REFERENCES\historical_reference.md | REFERENCES\material_reference_policy.md | REFERENCES\physical_reference.md | REFERENCES\reference_index.md | REFERENCES\traditional_reference.md | REGISTRIES\material_master_registry.md | REGISTRIES\material_reference_registry.md | REGISTRIES\material_state_registry.md | REGISTRIES\material_usage_registry.md | RENDERING\albedo.md | RENDERING\anisotropy.md | RENDERING\clearcoat.md | RENDERING\displacement.md | RENDERING\material_shader_rules.md | RENDERING\metallic_workflow.md | RENDERING\normal_maps.md | RENDERING\physically_based_materials.md | RENDERING\roughness_maps.md | RENDERING\sheen.md | RENDERING\subsurface_scattering.md | RENDERING\transmission.md | STONE_AND_EARTH\basalt.md | STONE_AND_EARTH\clay.md | STONE_AND_EARTH\granite.md | STONE_AND_EARTH\gravel.md | STONE_AND_EARTH\limestone.md | STONE_AND_EARTH\marble.md | STONE_AND_EARTH\mud.md | STONE_AND_EARTH\natural_rock.md | STONE_AND_EARTH\sandstone.md | STONE_AND_EARTH\slate.md | STONE_AND_EARTH\soil.md | SURFACE_BEHAVIOR\ash.md | SURFACE_BEHAVIOR\chipped.md | SURFACE_BEHAVIOR\cracked.md | SURFACE_BEHAVIOR\dented.md | SURFACE_BEHAVIOR\dusty.md | SURFACE_BEHAVIOR\glossy.md | SURFACE_BEHAVIOR\matte.md | SURFACE_BEHAVIOR\muddy.md | SURFACE_BEHAVIOR\oily.md | SURFACE_BEHAVIOR\polished.md | SURFACE_BEHAVIOR\residue.md | SURFACE_BEHAVIOR\rough.md | SURFACE_BEHAVIOR\scratched.md | SURFACE_BEHAVIOR\soot.md | SURFACE_BEHAVIOR\stained.md | SURFACE_BEHAVIOR\wet.md | SURFACE_BEHAVIOR\worn.md | TEXTILES_AND_FIBERS\cotton.md | TEXTILES_AND_FIBERS\embroidery_materials.md | TEXTILES_AND_FIBERS\hemp.md | TEXTILES_AND_FIBERS\jute.md | TEXTILES_AND_FIBERS\knitted_structure.md | TEXTILES_AND_FIBERS\linen.md | TEXTILES_AND_FIBERS\natural_fibers.md | TEXTILES_AND_FIBERS\silk.md | TEXTILES_AND_FIBERS\textile_surface_behavior.md | TEXTILES_AND_FIBERS\wool.md | TEXTILES_AND_FIBERS\woven_structure.md | TEXTURE\photographic_textures.md | TEXTURE\procedural_textures.md | TEXTURE\texel_density.md | TEXTURE\texture_artifact_control.md | TEXTURE\texture_repetition.md | TEXTURE\texture_resolution.md | TEXTURE\texture_scale.md | TEXTURE\texture_variation.md | WOOD_AND_PLANT_MATERIALS\bamboo.md | WOOD_AND_PLANT_MATERIALS\bark.md | WOOD_AND_PLANT_MATERIALS\cane.md | WOOD_AND_PLANT_MATERIALS\hardwood.md | WOOD_AND_PLANT_MATERIALS\palm_materials.md | WOOD_AND_PLANT_MATERIALS\plant_fibers.md | WOOD_AND_PLANT_MATERIALS\softwood.md"
"08_INTERACTION\human_interaction.md","0","0","","True","AI\material_consistency.md | AI\material_drift.md | AI\material_generation_qa.md | AI\material_prompt_rules.md | AI\material_provenance.md | ARCHITECTURAL_MATERIALS\decorative_surfaces.md | ARCHITECTURAL_MATERIALS\doors.md | ARCHITECTURAL_MATERIALS\floors.md | ARCHITECTURAL_MATERIALS\pillars.md | ARCHITECTURAL_MATERIALS\platforms.md | ARCHITECTURAL_MATERIALS\roofs.md | ARCHITECTURAL_MATERIALS\stairs.md | ARCHITECTURAL_MATERIALS\walls.md | ARCHITECTURAL_MATERIALS\windows.md | CHARACTER_MATERIALS\body_material_rules.md | CHARACTER_MATERIALS\hair.md | CHARACTER_MATERIALS\nails.md | CHARACTER_MATERIALS\skin.md | CHARACTER_MATERIALS\teeth.md | CONSTRUCTION_MATERIALS\flooring_materials.md | CONSTRUCTION_MATERIALS\lime.md | CONSTRUCTION_MATERIALS\mortar.md | CONSTRUCTION_MATERIALS\pigment_binder.md | CONSTRUCTION_MATERIALS\plaster.md | CONSTRUCTION_MATERIALS\roofing_materials.md | CORE\material_classification.md | CORE\material_continuity.md | CORE\material_decision_log.md | CORE\material_identity_rules.md | CORE\material_policy.md | CORE\material_registry.md | CORE\material_scale_rules.md | CORE\material_source_policy.md | CORE\material_substitution_rules.md | EARTHEN_AND_CERAMIC\ceramic.md | EARTHEN_AND_CERAMIC\fired_clay.md | EARTHEN_AND_CERAMIC\glazed_surfaces.md | EARTHEN_AND_CERAMIC\pottery.md | EARTHEN_AND_CERAMIC\terracotta.md | GLASS_AND_MINERAL_MATERIALS\crystal.md | GLASS_AND_MINERAL_MATERIALS\gemstone.md | GLASS_AND_MINERAL_MATERIALS\glass.md | GLASS_AND_MINERAL_MATERIALS\mica.md | GLASS_AND_MINERAL_MATERIALS\mineral_surfaces.md | GLASS_AND_MINERAL_MATERIALS\pearl.md | LEATHER_AND_ANIMAL_MATERIALS\bone.md | LEATHER_AND_ANIMAL_MATERIALS\feather_material.md | LEATHER_AND_ANIMAL_MATERIALS\hide.md | LEATHER_AND_ANIMAL_MATERIALS\horn.md | LEATHER_AND_ANIMAL_MATERIALS\ivory_research.md | LEATHER_AND_ANIMAL_MATERIALS\leather.md | LEATHER_AND_ANIMAL_MATERIALS\shell.md | MATERIAL_COMBINATIONS\composite_materials.md | MATERIAL_COMBINATIONS\glass_metal.md | MATERIAL_COMBINATIONS\metal_stone.md | MATERIAL_COMBINATIONS\metal_wood.md | MATERIAL_COMBINATIONS\stone_wood.md | MATERIAL_COMBINATIONS\textile_leather.md | MATERIAL_COMBINATIONS\textile_metal.md | MATERIAL_COMBINATIONS\wood_textile.md | MATERIAL_INTERACTION\cold_interaction.md | MATERIAL_INTERACTION\contact_interaction.md | MATERIAL_INTERACTION\dust_interaction.md | MATERIAL_INTERACTION\fire_interaction.md | MATERIAL_INTERACTION\heat_interaction.md | MATERIAL_INTERACTION\moonlight_interaction.md | MATERIAL_INTERACTION\smoke_interaction.md | MATERIAL_INTERACTION\sunlight_interaction.md | MATERIAL_INTERACTION\water_interaction.md | MATERIAL_INTERACTION\wind_interaction.md | MATERIAL_STATES\aging.md | MATERIAL_STATES\biological_growth.md | MATERIAL_STATES\damage.md | MATERIAL_STATES\destruction.md | MATERIAL_STATES\fire_damage.md | MATERIAL_STATES\normal_use.md | MATERIAL_STATES\pristine.md | MATERIAL_STATES\repair.md | MATERIAL_STATES\restoration.md | MATERIAL_STATES\water_damage.md | MATERIAL_STATES\weathering.md | METALS\brass.md | METALS\bronze.md | METALS\copper.md | METALS\gold.md | METALS\iron.md | METALS\silver.md | METALS\steel.md | ORGANIC_AND_NATURAL\flowers.md | ORGANIC_AND_NATURAL\leaves.md | ORGANIC_AND_NATURAL\organic_decay.md | ORGANIC_AND_NATURAL\resin.md | ORGANIC_AND_NATURAL\sap.md | ORGANIC_AND_NATURAL\wax.md | PHYSICAL_PROPERTIES\absorption.md | PHYSICAL_PROPERTIES\density.md | PHYSICAL_PROPERTIES\electrical_behavior.md | PHYSICAL_PROPERTIES\hardness.md | PHYSICAL_PROPERTIES\mechanical_behavior.md | PHYSICAL_PROPERTIES\reflectivity.md | PHYSICAL_PROPERTIES\roughness.md | PHYSICAL_PROPERTIES\scattering.md | PHYSICAL_PROPERTIES\surface_behavior.md | PHYSICAL_PROPERTIES\thermal_behavior.md | PHYSICAL_PROPERTIES\translucency.md | PHYSICAL_PROPERTIES\transparency.md | REFERENCES\historical_reference.md | REFERENCES\material_reference_policy.md | REFERENCES\physical_reference.md | REFERENCES\reference_index.md | REFERENCES\traditional_reference.md | REGISTRIES\material_master_registry.md | REGISTRIES\material_reference_registry.md | REGISTRIES\material_state_registry.md | REGISTRIES\material_usage_registry.md | RENDERING\albedo.md | RENDERING\anisotropy.md | RENDERING\clearcoat.md | RENDERING\displacement.md | RENDERING\material_shader_rules.md | RENDERING\metallic_workflow.md | RENDERING\normal_maps.md | RENDERING\physically_based_materials.md | RENDERING\roughness_maps.md | RENDERING\sheen.md | RENDERING\subsurface_scattering.md | RENDERING\transmission.md | STONE_AND_EARTH\basalt.md | STONE_AND_EARTH\clay.md | STONE_AND_EARTH\granite.md | STONE_AND_EARTH\gravel.md | STONE_AND_EARTH\limestone.md | STONE_AND_EARTH\marble.md | STONE_AND_EARTH\mud.md | STONE_AND_EARTH\natural_rock.md | STONE_AND_EARTH\sandstone.md | STONE_AND_EARTH\slate.md | STONE_AND_EARTH\soil.md | SURFACE_BEHAVIOR\ash.md | SURFACE_BEHAVIOR\chipped.md | SURFACE_BEHAVIOR\cracked.md | SURFACE_BEHAVIOR\dented.md | SURFACE_BEHAVIOR\dusty.md | SURFACE_BEHAVIOR\glossy.md | SURFACE_BEHAVIOR\matte.md | SURFACE_BEHAVIOR\muddy.md | SURFACE_BEHAVIOR\oily.md | SURFACE_BEHAVIOR\polished.md | SURFACE_BEHAVIOR\residue.md | SURFACE_BEHAVIOR\rough.md | SURFACE_BEHAVIOR\scratched.md | SURFACE_BEHAVIOR\soot.md | SURFACE_BEHAVIOR\stained.md | SURFACE_BEHAVIOR\wet.md | SURFACE_BEHAVIOR\worn.md | TEXTILES_AND_FIBERS\cotton.md | TEXTILES_AND_FIBERS\embroidery_materials.md | TEXTILES_AND_FIBERS\hemp.md | TEXTILES_AND_FIBERS\jute.md | TEXTILES_AND_FIBERS\knitted_structure.md | TEXTILES_AND_FIBERS\linen.md | TEXTILES_AND_FIBERS\natural_fibers.md | TEXTILES_AND_FIBERS\silk.md | TEXTILES_AND_FIBERS\textile_surface_behavior.md | TEXTILES_AND_FIBERS\wool.md | TEXTILES_AND_FIBERS\woven_structure.md | TEXTURE\photographic_textures.md | TEXTURE\procedural_textures.md | TEXTURE\texel_density.md | TEXTURE\texture_artifact_control.md | TEXTURE\texture_repetition.md | TEXTURE\texture_resolution.md | TEXTURE\texture_scale.md | TEXTURE\texture_variation.md | WOOD_AND_PLANT_MATERIALS\bamboo.md | WOOD_AND_PLANT_MATERIALS\bark.md | WOOD_AND_PLANT_MATERIALS\cane.md | WOOD_AND_PLANT_MATERIALS\hardwood.md | WOOD_AND_PLANT_MATERIALS\palm_materials.md | WOOD_AND_PLANT_MATERIALS\plant_fibers.md | WOOD_AND_PLANT_MATERIALS\softwood.md"
"08_INTERACTION\prop_interaction.md","0","0","","True","AI\material_consistency.md | AI\material_drift.md | AI\material_generation_qa.md | AI\material_prompt_rules.md | AI\material_provenance.md | ARCHITECTURAL_MATERIALS\decorative_surfaces.md | ARCHITECTURAL_MATERIALS\doors.md | ARCHITECTURAL_MATERIALS\floors.md | ARCHITECTURAL_MATERIALS\pillars.md | ARCHITECTURAL_MATERIALS\platforms.md | ARCHITECTURAL_MATERIALS\roofs.md | ARCHITECTURAL_MATERIALS\stairs.md | ARCHITECTURAL_MATERIALS\walls.md | ARCHITECTURAL_MATERIALS\windows.md | CHARACTER_MATERIALS\body_material_rules.md | CHARACTER_MATERIALS\hair.md | CHARACTER_MATERIALS\nails.md | CHARACTER_MATERIALS\skin.md | CHARACTER_MATERIALS\teeth.md | CONSTRUCTION_MATERIALS\flooring_materials.md | CONSTRUCTION_MATERIALS\lime.md | CONSTRUCTION_MATERIALS\mortar.md | CONSTRUCTION_MATERIALS\pigment_binder.md | CONSTRUCTION_MATERIALS\plaster.md | CONSTRUCTION_MATERIALS\roofing_materials.md | CORE\material_classification.md | CORE\material_continuity.md | CORE\material_decision_log.md | CORE\material_identity_rules.md | CORE\material_policy.md | CORE\material_registry.md | CORE\material_scale_rules.md | CORE\material_source_policy.md | CORE\material_substitution_rules.md | EARTHEN_AND_CERAMIC\ceramic.md | EARTHEN_AND_CERAMIC\fired_clay.md | EARTHEN_AND_CERAMIC\glazed_surfaces.md | EARTHEN_AND_CERAMIC\pottery.md | EARTHEN_AND_CERAMIC\terracotta.md | GLASS_AND_MINERAL_MATERIALS\crystal.md | GLASS_AND_MINERAL_MATERIALS\gemstone.md | GLASS_AND_MINERAL_MATERIALS\glass.md | GLASS_AND_MINERAL_MATERIALS\mica.md | GLASS_AND_MINERAL_MATERIALS\mineral_surfaces.md | GLASS_AND_MINERAL_MATERIALS\pearl.md | LEATHER_AND_ANIMAL_MATERIALS\bone.md | LEATHER_AND_ANIMAL_MATERIALS\feather_material.md | LEATHER_AND_ANIMAL_MATERIALS\hide.md | LEATHER_AND_ANIMAL_MATERIALS\horn.md | LEATHER_AND_ANIMAL_MATERIALS\ivory_research.md | LEATHER_AND_ANIMAL_MATERIALS\leather.md | LEATHER_AND_ANIMAL_MATERIALS\shell.md | MATERIAL_COMBINATIONS\composite_materials.md | MATERIAL_COMBINATIONS\glass_metal.md | MATERIAL_COMBINATIONS\metal_stone.md | MATERIAL_COMBINATIONS\metal_wood.md | MATERIAL_COMBINATIONS\stone_wood.md | MATERIAL_COMBINATIONS\textile_leather.md | MATERIAL_COMBINATIONS\textile_metal.md | MATERIAL_COMBINATIONS\wood_textile.md | MATERIAL_INTERACTION\cold_interaction.md | MATERIAL_INTERACTION\contact_interaction.md | MATERIAL_INTERACTION\dust_interaction.md | MATERIAL_INTERACTION\fire_interaction.md | MATERIAL_INTERACTION\heat_interaction.md | MATERIAL_INTERACTION\moonlight_interaction.md | MATERIAL_INTERACTION\smoke_interaction.md | MATERIAL_INTERACTION\sunlight_interaction.md | MATERIAL_INTERACTION\water_interaction.md | MATERIAL_INTERACTION\wind_interaction.md | MATERIAL_STATES\aging.md | MATERIAL_STATES\biological_growth.md | MATERIAL_STATES\damage.md | MATERIAL_STATES\destruction.md | MATERIAL_STATES\fire_damage.md | MATERIAL_STATES\normal_use.md | MATERIAL_STATES\pristine.md | MATERIAL_STATES\repair.md | MATERIAL_STATES\restoration.md | MATERIAL_STATES\water_damage.md | MATERIAL_STATES\weathering.md | METALS\brass.md | METALS\bronze.md | METALS\copper.md | METALS\gold.md | METALS\iron.md | METALS\silver.md | METALS\steel.md | ORGANIC_AND_NATURAL\flowers.md | ORGANIC_AND_NATURAL\leaves.md | ORGANIC_AND_NATURAL\organic_decay.md | ORGANIC_AND_NATURAL\resin.md | ORGANIC_AND_NATURAL\sap.md | ORGANIC_AND_NATURAL\wax.md | PHYSICAL_PROPERTIES\absorption.md | PHYSICAL_PROPERTIES\density.md | PHYSICAL_PROPERTIES\electrical_behavior.md | PHYSICAL_PROPERTIES\hardness.md | PHYSICAL_PROPERTIES\mechanical_behavior.md | PHYSICAL_PROPERTIES\reflectivity.md | PHYSICAL_PROPERTIES\roughness.md | PHYSICAL_PROPERTIES\scattering.md | PHYSICAL_PROPERTIES\surface_behavior.md | PHYSICAL_PROPERTIES\thermal_behavior.md | PHYSICAL_PROPERTIES\translucency.md | PHYSICAL_PROPERTIES\transparency.md | REFERENCES\historical_reference.md | REFERENCES\material_reference_policy.md | REFERENCES\physical_reference.md | REFERENCES\reference_index.md | REFERENCES\traditional_reference.md | REGISTRIES\material_master_registry.md | REGISTRIES\material_reference_registry.md | REGISTRIES\material_state_registry.md | REGISTRIES\material_usage_registry.md | RENDERING\albedo.md | RENDERING\anisotropy.md | RENDERING\clearcoat.md | RENDERING\displacement.md | RENDERING\material_shader_rules.md | RENDERING\metallic_workflow.md | RENDERING\normal_maps.md | RENDERING\physically_based_materials.md | RENDERING\roughness_maps.md | RENDERING\sheen.md | RENDERING\subsurface_scattering.md | RENDERING\transmission.md | STONE_AND_EARTH\basalt.md | STONE_AND_EARTH\clay.md | STONE_AND_EARTH\granite.md | STONE_AND_EARTH\gravel.md | STONE_AND_EARTH\limestone.md | STONE_AND_EARTH\marble.md | STONE_AND_EARTH\mud.md | STONE_AND_EARTH\natural_rock.md | STONE_AND_EARTH\sandstone.md | STONE_AND_EARTH\slate.md | STONE_AND_EARTH\soil.md | SURFACE_BEHAVIOR\ash.md | SURFACE_BEHAVIOR\chipped.md | SURFACE_BEHAVIOR\cracked.md | SURFACE_BEHAVIOR\dented.md | SURFACE_BEHAVIOR\dusty.md | SURFACE_BEHAVIOR\glossy.md | SURFACE_BEHAVIOR\matte.md | SURFACE_BEHAVIOR\muddy.md | SURFACE_BEHAVIOR\oily.md | SURFACE_BEHAVIOR\polished.md | SURFACE_BEHAVIOR\residue.md | SURFACE_BEHAVIOR\rough.md | SURFACE_BEHAVIOR\scratched.md | SURFACE_BEHAVIOR\soot.md | SURFACE_BEHAVIOR\stained.md | SURFACE_BEHAVIOR\wet.md | SURFACE_BEHAVIOR\worn.md | TEXTILES_AND_FIBERS\cotton.md | TEXTILES_AND_FIBERS\embroidery_materials.md | TEXTILES_AND_FIBERS\hemp.md | TEXTILES_AND_FIBERS\jute.md | TEXTILES_AND_FIBERS\knitted_structure.md | TEXTILES_AND_FIBERS\linen.md | TEXTILES_AND_FIBERS\natural_fibers.md | TEXTILES_AND_FIBERS\silk.md | TEXTILES_AND_FIBERS\textile_surface_behavior.md | TEXTILES_AND_FIBERS\wool.md | TEXTILES_AND_FIBERS\woven_structure.md | TEXTURE\photographic_textures.md | TEXTURE\procedural_textures.md | TEXTURE\texel_density.md | TEXTURE\texture_artifact_control.md | TEXTURE\texture_repetition.md | TEXTURE\texture_resolution.md | TEXTURE\texture_scale.md | TEXTURE\texture_variation.md | WOOD_AND_PLANT_MATERIALS\bamboo.md | WOOD_AND_PLANT_MATERIALS\bark.md | WOOD_AND_PLANT_MATERIALS\cane.md | WOOD_AND_PLANT_MATERIALS\hardwood.md | WOOD_AND_PLANT_MATERIALS\palm_materials.md | WOOD_AND_PLANT_MATERIALS\plant_fibers.md | WOOD_AND_PLANT_MATERIALS\softwood.md"
"09_AI_PRODUCTION\artifact_prevention.md","0","0","","True","AI\material_consistency.md | AI\material_drift.md | AI\material_generation_qa.md | AI\material_prompt_rules.md | AI\material_provenance.md | ARCHITECTURAL_MATERIALS\decorative_surfaces.md | ARCHITECTURAL_MATERIALS\doors.md | ARCHITECTURAL_MATERIALS\floors.md | ARCHITECTURAL_MATERIALS\pillars.md | ARCHITECTURAL_MATERIALS\platforms.md | ARCHITECTURAL_MATERIALS\roofs.md | ARCHITECTURAL_MATERIALS\stairs.md | ARCHITECTURAL_MATERIALS\walls.md | ARCHITECTURAL_MATERIALS\windows.md | CHARACTER_MATERIALS\body_material_rules.md | CHARACTER_MATERIALS\hair.md | CHARACTER_MATERIALS\nails.md | CHARACTER_MATERIALS\skin.md | CHARACTER_MATERIALS\teeth.md | CONSTRUCTION_MATERIALS\flooring_materials.md | CONSTRUCTION_MATERIALS\lime.md | CONSTRUCTION_MATERIALS\mortar.md | CONSTRUCTION_MATERIALS\pigment_binder.md | CONSTRUCTION_MATERIALS\plaster.md | CONSTRUCTION_MATERIALS\roofing_materials.md | CORE\material_classification.md | CORE\material_continuity.md | CORE\material_decision_log.md | CORE\material_identity_rules.md | CORE\material_policy.md | CORE\material_registry.md | CORE\material_scale_rules.md | CORE\material_source_policy.md | CORE\material_substitution_rules.md | EARTHEN_AND_CERAMIC\ceramic.md | EARTHEN_AND_CERAMIC\fired_clay.md | EARTHEN_AND_CERAMIC\glazed_surfaces.md | EARTHEN_AND_CERAMIC\pottery.md | EARTHEN_AND_CERAMIC\terracotta.md | GLASS_AND_MINERAL_MATERIALS\crystal.md | GLASS_AND_MINERAL_MATERIALS\gemstone.md | GLASS_AND_MINERAL_MATERIALS\glass.md | GLASS_AND_MINERAL_MATERIALS\mica.md | GLASS_AND_MINERAL_MATERIALS\mineral_surfaces.md | GLASS_AND_MINERAL_MATERIALS\pearl.md | LEATHER_AND_ANIMAL_MATERIALS\bone.md | LEATHER_AND_ANIMAL_MATERIALS\feather_material.md | LEATHER_AND_ANIMAL_MATERIALS\hide.md | LEATHER_AND_ANIMAL_MATERIALS\horn.md | LEATHER_AND_ANIMAL_MATERIALS\ivory_research.md | LEATHER_AND_ANIMAL_MATERIALS\leather.md | LEATHER_AND_ANIMAL_MATERIALS\shell.md | MATERIAL_COMBINATIONS\composite_materials.md | MATERIAL_COMBINATIONS\glass_metal.md | MATERIAL_COMBINATIONS\metal_stone.md | MATERIAL_COMBINATIONS\metal_wood.md | MATERIAL_COMBINATIONS\stone_wood.md | MATERIAL_COMBINATIONS\textile_leather.md | MATERIAL_COMBINATIONS\textile_metal.md | MATERIAL_COMBINATIONS\wood_textile.md | MATERIAL_INTERACTION\cold_interaction.md | MATERIAL_INTERACTION\contact_interaction.md | MATERIAL_INTERACTION\dust_interaction.md | MATERIAL_INTERACTION\fire_interaction.md | MATERIAL_INTERACTION\heat_interaction.md | MATERIAL_INTERACTION\moonlight_interaction.md | MATERIAL_INTERACTION\smoke_interaction.md | MATERIAL_INTERACTION\sunlight_interaction.md | MATERIAL_INTERACTION\water_interaction.md | MATERIAL_INTERACTION\wind_interaction.md | MATERIAL_STATES\aging.md | MATERIAL_STATES\biological_growth.md | MATERIAL_STATES\damage.md | MATERIAL_STATES\destruction.md | MATERIAL_STATES\fire_damage.md | MATERIAL_STATES\normal_use.md | MATERIAL_STATES\pristine.md | MATERIAL_STATES\repair.md | MATERIAL_STATES\restoration.md | MATERIAL_STATES\water_damage.md | MATERIAL_STATES\weathering.md | METALS\brass.md | METALS\bronze.md | METALS\copper.md | METALS\gold.md | METALS\iron.md | METALS\silver.md | METALS\steel.md | ORGANIC_AND_NATURAL\flowers.md | ORGANIC_AND_NATURAL\leaves.md | ORGANIC_AND_NATURAL\organic_decay.md | ORGANIC_AND_NATURAL\resin.md | ORGANIC_AND_NATURAL\sap.md | ORGANIC_AND_NATURAL\wax.md | PHYSICAL_PROPERTIES\absorption.md | PHYSICAL_PROPERTIES\density.md | PHYSICAL_PROPERTIES\electrical_behavior.md | PHYSICAL_PROPERTIES\hardness.md | PHYSICAL_PROPERTIES\mechanical_behavior.md | PHYSICAL_PROPERTIES\reflectivity.md | PHYSICAL_PROPERTIES\roughness.md | PHYSICAL_PROPERTIES\scattering.md | PHYSICAL_PROPERTIES\surface_behavior.md | PHYSICAL_PROPERTIES\thermal_behavior.md | PHYSICAL_PROPERTIES\translucency.md | PHYSICAL_PROPERTIES\transparency.md | REFERENCES\historical_reference.md | REFERENCES\material_reference_policy.md | REFERENCES\physical_reference.md | REFERENCES\reference_index.md | REFERENCES\traditional_reference.md | REGISTRIES\material_master_registry.md | REGISTRIES\material_reference_registry.md | REGISTRIES\material_state_registry.md | REGISTRIES\material_usage_registry.md | RENDERING\albedo.md | RENDERING\anisotropy.md | RENDERING\clearcoat.md | RENDERING\displacement.md | RENDERING\material_shader_rules.md | RENDERING\metallic_workflow.md | RENDERING\normal_maps.md | RENDERING\physically_based_materials.md | RENDERING\roughness_maps.md | RENDERING\sheen.md | RENDERING\subsurface_scattering.md | RENDERING\transmission.md | STONE_AND_EARTH\basalt.md | STONE_AND_EARTH\clay.md | STONE_AND_EARTH\granite.md | STONE_AND_EARTH\gravel.md | STONE_AND_EARTH\limestone.md | STONE_AND_EARTH\marble.md | STONE_AND_EARTH\mud.md | STONE_AND_EARTH\natural_rock.md | STONE_AND_EARTH\sandstone.md | STONE_AND_EARTH\slate.md | STONE_AND_EARTH\soil.md | SURFACE_BEHAVIOR\ash.md | SURFACE_BEHAVIOR\chipped.md | SURFACE_BEHAVIOR\cracked.md | SURFACE_BEHAVIOR\dented.md | SURFACE_BEHAVIOR\dusty.md | SURFACE_BEHAVIOR\glossy.md | SURFACE_BEHAVIOR\matte.md | SURFACE_BEHAVIOR\muddy.md | SURFACE_BEHAVIOR\oily.md | SURFACE_BEHAVIOR\polished.md | SURFACE_BEHAVIOR\residue.md | SURFACE_BEHAVIOR\rough.md | SURFACE_BEHAVIOR\scratched.md | SURFACE_BEHAVIOR\soot.md | SURFACE_BEHAVIOR\stained.md | SURFACE_BEHAVIOR\wet.md | SURFACE_BEHAVIOR\worn.md | TEXTILES_AND_FIBERS\cotton.md | TEXTILES_AND_FIBERS\embroidery_materials.md | TEXTILES_AND_FIBERS\hemp.md | TEXTILES_AND_FIBERS\jute.md | TEXTILES_AND_FIBERS\knitted_structure.md | TEXTILES_AND_FIBERS\linen.md | TEXTILES_AND_FIBERS\natural_fibers.md | TEXTILES_AND_FIBERS\silk.md | TEXTILES_AND_FIBERS\textile_surface_behavior.md | TEXTILES_AND_FIBERS\wool.md | TEXTILES_AND_FIBERS\woven_structure.md | TEXTURE\photographic_textures.md | TEXTURE\procedural_textures.md | TEXTURE\texel_density.md | TEXTURE\texture_artifact_control.md | TEXTURE\texture_repetition.md | TEXTURE\texture_resolution.md | TEXTURE\texture_scale.md | TEXTURE\texture_variation.md | WOOD_AND_PLANT_MATERIALS\bamboo.md | WOOD_AND_PLANT_MATERIALS\bark.md | WOOD_AND_PLANT_MATERIALS\cane.md | WOOD_AND_PLANT_MATERIALS\hardwood.md | WOOD_AND_PLANT_MATERIALS\palm_materials.md | WOOD_AND_PLANT_MATERIALS\plant_fibers.md | WOOD_AND_PLANT_MATERIALS\softwood.md"
"09_AI_PRODUCTION\candidate_selection.md","0","0","","True","AI\material_consistency.md | AI\material_drift.md | AI\material_generation_qa.md | AI\material_prompt_rules.md | AI\material_provenance.md | ARCHITECTURAL_MATERIALS\decorative_surfaces.md | ARCHITECTURAL_MATERIALS\doors.md | ARCHITECTURAL_MATERIALS\floors.md | ARCHITECTURAL_MATERIALS\pillars.md | ARCHITECTURAL_MATERIALS\platforms.md | ARCHITECTURAL_MATERIALS\roofs.md | ARCHITECTURAL_MATERIALS\stairs.md | ARCHITECTURAL_MATERIALS\walls.md | ARCHITECTURAL_MATERIALS\windows.md | CHARACTER_MATERIALS\body_material_rules.md | CHARACTER_MATERIALS\hair.md | CHARACTER_MATERIALS\nails.md | CHARACTER_MATERIALS\skin.md | CHARACTER_MATERIALS\teeth.md | CONSTRUCTION_MATERIALS\flooring_materials.md | CONSTRUCTION_MATERIALS\lime.md | CONSTRUCTION_MATERIALS\mortar.md | CONSTRUCTION_MATERIALS\pigment_binder.md | CONSTRUCTION_MATERIALS\plaster.md | CONSTRUCTION_MATERIALS\roofing_materials.md | CORE\material_classification.md | CORE\material_continuity.md | CORE\material_decision_log.md | CORE\material_identity_rules.md | CORE\material_policy.md | CORE\material_registry.md | CORE\material_scale_rules.md | CORE\material_source_policy.md | CORE\material_substitution_rules.md | EARTHEN_AND_CERAMIC\ceramic.md | EARTHEN_AND_CERAMIC\fired_clay.md | EARTHEN_AND_CERAMIC\glazed_surfaces.md | EARTHEN_AND_CERAMIC\pottery.md | EARTHEN_AND_CERAMIC\terracotta.md | GLASS_AND_MINERAL_MATERIALS\crystal.md | GLASS_AND_MINERAL_MATERIALS\gemstone.md | GLASS_AND_MINERAL_MATERIALS\glass.md | GLASS_AND_MINERAL_MATERIALS\mica.md | GLASS_AND_MINERAL_MATERIALS\mineral_surfaces.md | GLASS_AND_MINERAL_MATERIALS\pearl.md | LEATHER_AND_ANIMAL_MATERIALS\bone.md | LEATHER_AND_ANIMAL_MATERIALS\feather_material.md | LEATHER_AND_ANIMAL_MATERIALS\hide.md | LEATHER_AND_ANIMAL_MATERIALS\horn.md | LEATHER_AND_ANIMAL_MATERIALS\ivory_research.md | LEATHER_AND_ANIMAL_MATERIALS\leather.md | LEATHER_AND_ANIMAL_MATERIALS\shell.md | MATERIAL_COMBINATIONS\composite_materials.md | MATERIAL_COMBINATIONS\glass_metal.md | MATERIAL_COMBINATIONS\metal_stone.md | MATERIAL_COMBINATIONS\metal_wood.md | MATERIAL_COMBINATIONS\stone_wood.md | MATERIAL_COMBINATIONS\textile_leather.md | MATERIAL_COMBINATIONS\textile_metal.md | MATERIAL_COMBINATIONS\wood_textile.md | MATERIAL_INTERACTION\cold_interaction.md | MATERIAL_INTERACTION\contact_interaction.md | MATERIAL_INTERACTION\dust_interaction.md | MATERIAL_INTERACTION\fire_interaction.md | MATERIAL_INTERACTION\heat_interaction.md | MATERIAL_INTERACTION\moonlight_interaction.md | MATERIAL_INTERACTION\smoke_interaction.md | MATERIAL_INTERACTION\sunlight_interaction.md | MATERIAL_INTERACTION\water_interaction.md | MATERIAL_INTERACTION\wind_interaction.md | MATERIAL_STATES\aging.md | MATERIAL_STATES\biological_growth.md | MATERIAL_STATES\damage.md | MATERIAL_STATES\destruction.md | MATERIAL_STATES\fire_damage.md | MATERIAL_STATES\normal_use.md | MATERIAL_STATES\pristine.md | MATERIAL_STATES\repair.md | MATERIAL_STATES\restoration.md | MATERIAL_STATES\water_damage.md | MATERIAL_STATES\weathering.md | METALS\brass.md | METALS\bronze.md | METALS\copper.md | METALS\gold.md | METALS\iron.md | METALS\silver.md | METALS\steel.md | ORGANIC_AND_NATURAL\flowers.md | ORGANIC_AND_NATURAL\leaves.md | ORGANIC_AND_NATURAL\organic_decay.md | ORGANIC_AND_NATURAL\resin.md | ORGANIC_AND_NATURAL\sap.md | ORGANIC_AND_NATURAL\wax.md | PHYSICAL_PROPERTIES\absorption.md | PHYSICAL_PROPERTIES\density.md | PHYSICAL_PROPERTIES\electrical_behavior.md | PHYSICAL_PROPERTIES\hardness.md | PHYSICAL_PROPERTIES\mechanical_behavior.md | PHYSICAL_PROPERTIES\reflectivity.md | PHYSICAL_PROPERTIES\roughness.md | PHYSICAL_PROPERTIES\scattering.md | PHYSICAL_PROPERTIES\surface_behavior.md | PHYSICAL_PROPERTIES\thermal_behavior.md | PHYSICAL_PROPERTIES\translucency.md | PHYSICAL_PROPERTIES\transparency.md | REFERENCES\historical_reference.md | REFERENCES\material_reference_policy.md | REFERENCES\physical_reference.md | REFERENCES\reference_index.md | REFERENCES\traditional_reference.md | REGISTRIES\material_master_registry.md | REGISTRIES\material_reference_registry.md | REGISTRIES\material_state_registry.md | REGISTRIES\material_usage_registry.md | RENDERING\albedo.md | RENDERING\anisotropy.md | RENDERING\clearcoat.md | RENDERING\displacement.md | RENDERING\material_shader_rules.md | RENDERING\metallic_workflow.md | RENDERING\normal_maps.md | RENDERING\physically_based_materials.md | RENDERING\roughness_maps.md | RENDERING\sheen.md | RENDERING\subsurface_scattering.md | RENDERING\transmission.md | STONE_AND_EARTH\basalt.md | STONE_AND_EARTH\clay.md | STONE_AND_EARTH\granite.md | STONE_AND_EARTH\gravel.md | STONE_AND_EARTH\limestone.md | STONE_AND_EARTH\marble.md | STONE_AND_EARTH\mud.md | STONE_AND_EARTH\natural_rock.md | STONE_AND_EARTH\sandstone.md | STONE_AND_EARTH\slate.md | STONE_AND_EARTH\soil.md | SURFACE_BEHAVIOR\ash.md | SURFACE_BEHAVIOR\chipped.md | SURFACE_BEHAVIOR\cracked.md | SURFACE_BEHAVIOR\dented.md | SURFACE_BEHAVIOR\dusty.md | SURFACE_BEHAVIOR\glossy.md | SURFACE_BEHAVIOR\matte.md | SURFACE_BEHAVIOR\muddy.md | SURFACE_BEHAVIOR\oily.md | SURFACE_BEHAVIOR\polished.md | SURFACE_BEHAVIOR\residue.md | SURFACE_BEHAVIOR\rough.md | SURFACE_BEHAVIOR\scratched.md | SURFACE_BEHAVIOR\soot.md | SURFACE_BEHAVIOR\stained.md | SURFACE_BEHAVIOR\wet.md | SURFACE_BEHAVIOR\worn.md | TEXTILES_AND_FIBERS\cotton.md | TEXTILES_AND_FIBERS\embroidery_materials.md | TEXTILES_AND_FIBERS\hemp.md | TEXTILES_AND_FIBERS\jute.md | TEXTILES_AND_FIBERS\knitted_structure.md | TEXTILES_AND_FIBERS\linen.md | TEXTILES_AND_FIBERS\natural_fibers.md | TEXTILES_AND_FIBERS\silk.md | TEXTILES_AND_FIBERS\textile_surface_behavior.md | TEXTILES_AND_FIBERS\wool.md | TEXTILES_AND_FIBERS\woven_structure.md | TEXTURE\photographic_textures.md | TEXTURE\procedural_textures.md | TEXTURE\texel_density.md | TEXTURE\texture_artifact_control.md | TEXTURE\texture_repetition.md | TEXTURE\texture_resolution.md | TEXTURE\texture_scale.md | TEXTURE\texture_variation.md | WOOD_AND_PLANT_MATERIALS\bamboo.md | WOOD_AND_PLANT_MATERIALS\bark.md | WOOD_AND_PLANT_MATERIALS\cane.md | WOOD_AND_PLANT_MATERIALS\hardwood.md | WOOD_AND_PLANT_MATERIALS\palm_materials.md | WOOD_AND_PLANT_MATERIALS\plant_fibers.md | WOOD_AND_PLANT_MATERIALS\softwood.md"
"09_AI_PRODUCTION\material_generation_validation.md","0","0","","True","AI\material_consistency.md | AI\material_drift.md | AI\material_generation_qa.md | AI\material_prompt_rules.md | AI\material_provenance.md | ARCHITECTURAL_MATERIALS\decorative_surfaces.md | ARCHITECTURAL_MATERIALS\doors.md | ARCHITECTURAL_MATERIALS\floors.md | ARCHITECTURAL_MATERIALS\pillars.md | ARCHITECTURAL_MATERIALS\platforms.md | ARCHITECTURAL_MATERIALS\roofs.md | ARCHITECTURAL_MATERIALS\stairs.md | ARCHITECTURAL_MATERIALS\walls.md | ARCHITECTURAL_MATERIALS\windows.md | CHARACTER_MATERIALS\body_material_rules.md | CHARACTER_MATERIALS\hair.md | CHARACTER_MATERIALS\nails.md | CHARACTER_MATERIALS\skin.md | CHARACTER_MATERIALS\teeth.md | CONSTRUCTION_MATERIALS\flooring_materials.md | CONSTRUCTION_MATERIALS\lime.md | CONSTRUCTION_MATERIALS\mortar.md | CONSTRUCTION_MATERIALS\pigment_binder.md | CONSTRUCTION_MATERIALS\plaster.md | CONSTRUCTION_MATERIALS\roofing_materials.md | CORE\material_classification.md | CORE\material_continuity.md | CORE\material_decision_log.md | CORE\material_identity_rules.md | CORE\material_policy.md | CORE\material_registry.md | CORE\material_scale_rules.md | CORE\material_source_policy.md | CORE\material_substitution_rules.md | EARTHEN_AND_CERAMIC\ceramic.md | EARTHEN_AND_CERAMIC\fired_clay.md | EARTHEN_AND_CERAMIC\glazed_surfaces.md | EARTHEN_AND_CERAMIC\pottery.md | EARTHEN_AND_CERAMIC\terracotta.md | GLASS_AND_MINERAL_MATERIALS\crystal.md | GLASS_AND_MINERAL_MATERIALS\gemstone.md | GLASS_AND_MINERAL_MATERIALS\glass.md | GLASS_AND_MINERAL_MATERIALS\mica.md | GLASS_AND_MINERAL_MATERIALS\mineral_surfaces.md | GLASS_AND_MINERAL_MATERIALS\pearl.md | LEATHER_AND_ANIMAL_MATERIALS\bone.md | LEATHER_AND_ANIMAL_MATERIALS\feather_material.md | LEATHER_AND_ANIMAL_MATERIALS\hide.md | LEATHER_AND_ANIMAL_MATERIALS\horn.md | LEATHER_AND_ANIMAL_MATERIALS\ivory_research.md | LEATHER_AND_ANIMAL_MATERIALS\leather.md | LEATHER_AND_ANIMAL_MATERIALS\shell.md | MATERIAL_COMBINATIONS\composite_materials.md | MATERIAL_COMBINATIONS\glass_metal.md | MATERIAL_COMBINATIONS\metal_stone.md | MATERIAL_COMBINATIONS\metal_wood.md | MATERIAL_COMBINATIONS\stone_wood.md | MATERIAL_COMBINATIONS\textile_leather.md | MATERIAL_COMBINATIONS\textile_metal.md | MATERIAL_COMBINATIONS\wood_textile.md | MATERIAL_INTERACTION\cold_interaction.md | MATERIAL_INTERACTION\contact_interaction.md | MATERIAL_INTERACTION\dust_interaction.md | MATERIAL_INTERACTION\fire_interaction.md | MATERIAL_INTERACTION\heat_interaction.md | MATERIAL_INTERACTION\moonlight_interaction.md | MATERIAL_INTERACTION\smoke_interaction.md | MATERIAL_INTERACTION\sunlight_interaction.md | MATERIAL_INTERACTION\water_interaction.md | MATERIAL_INTERACTION\wind_interaction.md | MATERIAL_STATES\aging.md | MATERIAL_STATES\biological_growth.md | MATERIAL_STATES\damage.md | MATERIAL_STATES\destruction.md | MATERIAL_STATES\fire_damage.md | MATERIAL_STATES\normal_use.md | MATERIAL_STATES\pristine.md | MATERIAL_STATES\repair.md | MATERIAL_STATES\restoration.md | MATERIAL_STATES\water_damage.md | MATERIAL_STATES\weathering.md | METALS\brass.md | METALS\bronze.md | METALS\copper.md | METALS\gold.md | METALS\iron.md | METALS\silver.md | METALS\steel.md | ORGANIC_AND_NATURAL\flowers.md | ORGANIC_AND_NATURAL\leaves.md | ORGANIC_AND_NATURAL\organic_decay.md | ORGANIC_AND_NATURAL\resin.md | ORGANIC_AND_NATURAL\sap.md | ORGANIC_AND_NATURAL\wax.md | PHYSICAL_PROPERTIES\absorption.md | PHYSICAL_PROPERTIES\density.md | PHYSICAL_PROPERTIES\electrical_behavior.md | PHYSICAL_PROPERTIES\hardness.md | PHYSICAL_PROPERTIES\mechanical_behavior.md | PHYSICAL_PROPERTIES\reflectivity.md | PHYSICAL_PROPERTIES\roughness.md | PHYSICAL_PROPERTIES\scattering.md | PHYSICAL_PROPERTIES\surface_behavior.md | PHYSICAL_PROPERTIES\thermal_behavior.md | PHYSICAL_PROPERTIES\translucency.md | PHYSICAL_PROPERTIES\transparency.md | REFERENCES\historical_reference.md | REFERENCES\material_reference_policy.md | REFERENCES\physical_reference.md | REFERENCES\reference_index.md | REFERENCES\traditional_reference.md | REGISTRIES\material_master_registry.md | REGISTRIES\material_reference_registry.md | REGISTRIES\material_state_registry.md | REGISTRIES\material_usage_registry.md | RENDERING\albedo.md | RENDERING\anisotropy.md | RENDERING\clearcoat.md | RENDERING\displacement.md | RENDERING\material_shader_rules.md | RENDERING\metallic_workflow.md | RENDERING\normal_maps.md | RENDERING\physically_based_materials.md | RENDERING\roughness_maps.md | RENDERING\sheen.md | RENDERING\subsurface_scattering.md | RENDERING\transmission.md | STONE_AND_EARTH\basalt.md | STONE_AND_EARTH\clay.md | STONE_AND_EARTH\granite.md | STONE_AND_EARTH\gravel.md | STONE_AND_EARTH\limestone.md | STONE_AND_EARTH\marble.md | STONE_AND_EARTH\mud.md | STONE_AND_EARTH\natural_rock.md | STONE_AND_EARTH\sandstone.md | STONE_AND_EARTH\slate.md | STONE_AND_EARTH\soil.md | SURFACE_BEHAVIOR\ash.md | SURFACE_BEHAVIOR\chipped.md | SURFACE_BEHAVIOR\cracked.md | SURFACE_BEHAVIOR\dented.md | SURFACE_BEHAVIOR\dusty.md | SURFACE_BEHAVIOR\glossy.md | SURFACE_BEHAVIOR\matte.md | SURFACE_BEHAVIOR\muddy.md | SURFACE_BEHAVIOR\oily.md | SURFACE_BEHAVIOR\polished.md | SURFACE_BEHAVIOR\residue.md | SURFACE_BEHAVIOR\rough.md | SURFACE_BEHAVIOR\scratched.md | SURFACE_BEHAVIOR\soot.md | SURFACE_BEHAVIOR\stained.md | SURFACE_BEHAVIOR\wet.md | SURFACE_BEHAVIOR\worn.md | TEXTILES_AND_FIBERS\cotton.md | TEXTILES_AND_FIBERS\embroidery_materials.md | TEXTILES_AND_FIBERS\hemp.md | TEXTILES_AND_FIBERS\jute.md | TEXTILES_AND_FIBERS\knitted_structure.md | TEXTILES_AND_FIBERS\linen.md | TEXTILES_AND_FIBERS\natural_fibers.md | TEXTILES_AND_FIBERS\silk.md | TEXTILES_AND_FIBERS\textile_surface_behavior.md | TEXTILES_AND_FIBERS\wool.md | TEXTILES_AND_FIBERS\woven_structure.md | TEXTURE\photographic_textures.md | TEXTURE\procedural_textures.md | TEXTURE\texel_density.md | TEXTURE\texture_artifact_control.md | TEXTURE\texture_repetition.md | TEXTURE\texture_resolution.md | TEXTURE\texture_scale.md | TEXTURE\texture_variation.md | WOOD_AND_PLANT_MATERIALS\bamboo.md | WOOD_AND_PLANT_MATERIALS\bark.md | WOOD_AND_PLANT_MATERIALS\cane.md | WOOD_AND_PLANT_MATERIALS\hardwood.md | WOOD_AND_PLANT_MATERIALS\palm_materials.md | WOOD_AND_PLANT_MATERIALS\plant_fibers.md | WOOD_AND_PLANT_MATERIALS\softwood.md"
"09_AI_PRODUCTION\material_prompting.md","0","0","","True","AI\material_consistency.md | AI\material_drift.md | AI\material_generation_qa.md | AI\material_prompt_rules.md | AI\material_provenance.md | ARCHITECTURAL_MATERIALS\decorative_surfaces.md | ARCHITECTURAL_MATERIALS\doors.md | ARCHITECTURAL_MATERIALS\floors.md | ARCHITECTURAL_MATERIALS\pillars.md | ARCHITECTURAL_MATERIALS\platforms.md | ARCHITECTURAL_MATERIALS\roofs.md | ARCHITECTURAL_MATERIALS\stairs.md | ARCHITECTURAL_MATERIALS\walls.md | ARCHITECTURAL_MATERIALS\windows.md | CHARACTER_MATERIALS\body_material_rules.md | CHARACTER_MATERIALS\hair.md | CHARACTER_MATERIALS\nails.md | CHARACTER_MATERIALS\skin.md | CHARACTER_MATERIALS\teeth.md | CONSTRUCTION_MATERIALS\flooring_materials.md | CONSTRUCTION_MATERIALS\lime.md | CONSTRUCTION_MATERIALS\mortar.md | CONSTRUCTION_MATERIALS\pigment_binder.md | CONSTRUCTION_MATERIALS\plaster.md | CONSTRUCTION_MATERIALS\roofing_materials.md | CORE\material_classification.md | CORE\material_continuity.md | CORE\material_decision_log.md | CORE\material_identity_rules.md | CORE\material_policy.md | CORE\material_registry.md | CORE\material_scale_rules.md | CORE\material_source_policy.md | CORE\material_substitution_rules.md | EARTHEN_AND_CERAMIC\ceramic.md | EARTHEN_AND_CERAMIC\fired_clay.md | EARTHEN_AND_CERAMIC\glazed_surfaces.md | EARTHEN_AND_CERAMIC\pottery.md | EARTHEN_AND_CERAMIC\terracotta.md | GLASS_AND_MINERAL_MATERIALS\crystal.md | GLASS_AND_MINERAL_MATERIALS\gemstone.md | GLASS_AND_MINERAL_MATERIALS\glass.md | GLASS_AND_MINERAL_MATERIALS\mica.md | GLASS_AND_MINERAL_MATERIALS\mineral_surfaces.md | GLASS_AND_MINERAL_MATERIALS\pearl.md | LEATHER_AND_ANIMAL_MATERIALS\bone.md | LEATHER_AND_ANIMAL_MATERIALS\feather_material.md | LEATHER_AND_ANIMAL_MATERIALS\hide.md | LEATHER_AND_ANIMAL_MATERIALS\horn.md | LEATHER_AND_ANIMAL_MATERIALS\ivory_research.md | LEATHER_AND_ANIMAL_MATERIALS\leather.md | LEATHER_AND_ANIMAL_MATERIALS\shell.md | MATERIAL_COMBINATIONS\composite_materials.md | MATERIAL_COMBINATIONS\glass_metal.md | MATERIAL_COMBINATIONS\metal_stone.md | MATERIAL_COMBINATIONS\metal_wood.md | MATERIAL_COMBINATIONS\stone_wood.md | MATERIAL_COMBINATIONS\textile_leather.md | MATERIAL_COMBINATIONS\textile_metal.md | MATERIAL_COMBINATIONS\wood_textile.md | MATERIAL_INTERACTION\cold_interaction.md | MATERIAL_INTERACTION\contact_interaction.md | MATERIAL_INTERACTION\dust_interaction.md | MATERIAL_INTERACTION\fire_interaction.md | MATERIAL_INTERACTION\heat_interaction.md | MATERIAL_INTERACTION\moonlight_interaction.md | MATERIAL_INTERACTION\smoke_interaction.md | MATERIAL_INTERACTION\sunlight_interaction.md | MATERIAL_INTERACTION\water_interaction.md | MATERIAL_INTERACTION\wind_interaction.md | MATERIAL_STATES\aging.md | MATERIAL_STATES\biological_growth.md | MATERIAL_STATES\damage.md | MATERIAL_STATES\destruction.md | MATERIAL_STATES\fire_damage.md | MATERIAL_STATES\normal_use.md | MATERIAL_STATES\pristine.md | MATERIAL_STATES\repair.md | MATERIAL_STATES\restoration.md | MATERIAL_STATES\water_damage.md | MATERIAL_STATES\weathering.md | METALS\brass.md | METALS\bronze.md | METALS\copper.md | METALS\gold.md | METALS\iron.md | METALS\silver.md | METALS\steel.md | ORGANIC_AND_NATURAL\flowers.md | ORGANIC_AND_NATURAL\leaves.md | ORGANIC_AND_NATURAL\organic_decay.md | ORGANIC_AND_NATURAL\resin.md | ORGANIC_AND_NATURAL\sap.md | ORGANIC_AND_NATURAL\wax.md | PHYSICAL_PROPERTIES\absorption.md | PHYSICAL_PROPERTIES\density.md | PHYSICAL_PROPERTIES\electrical_behavior.md | PHYSICAL_PROPERTIES\hardness.md | PHYSICAL_PROPERTIES\mechanical_behavior.md | PHYSICAL_PROPERTIES\reflectivity.md | PHYSICAL_PROPERTIES\roughness.md | PHYSICAL_PROPERTIES\scattering.md | PHYSICAL_PROPERTIES\surface_behavior.md | PHYSICAL_PROPERTIES\thermal_behavior.md | PHYSICAL_PROPERTIES\translucency.md | PHYSICAL_PROPERTIES\transparency.md | REFERENCES\historical_reference.md | REFERENCES\material_reference_policy.md | REFERENCES\physical_reference.md | REFERENCES\reference_index.md | REFERENCES\traditional_reference.md | REGISTRIES\material_master_registry.md | REGISTRIES\material_reference_registry.md | REGISTRIES\material_state_registry.md | REGISTRIES\material_usage_registry.md | RENDERING\albedo.md | RENDERING\anisotropy.md | RENDERING\clearcoat.md | RENDERING\displacement.md | RENDERING\material_shader_rules.md | RENDERING\metallic_workflow.md | RENDERING\normal_maps.md | RENDERING\physically_based_materials.md | RENDERING\roughness_maps.md | RENDERING\sheen.md | RENDERING\subsurface_scattering.md | RENDERING\transmission.md | STONE_AND_EARTH\basalt.md | STONE_AND_EARTH\clay.md | STONE_AND_EARTH\granite.md | STONE_AND_EARTH\gravel.md | STONE_AND_EARTH\limestone.md | STONE_AND_EARTH\marble.md | STONE_AND_EARTH\mud.md | STONE_AND_EARTH\natural_rock.md | STONE_AND_EARTH\sandstone.md | STONE_AND_EARTH\slate.md | STONE_AND_EARTH\soil.md | SURFACE_BEHAVIOR\ash.md | SURFACE_BEHAVIOR\chipped.md | SURFACE_BEHAVIOR\cracked.md | SURFACE_BEHAVIOR\dented.md | SURFACE_BEHAVIOR\dusty.md | SURFACE_BEHAVIOR\glossy.md | SURFACE_BEHAVIOR\matte.md | SURFACE_BEHAVIOR\muddy.md | SURFACE_BEHAVIOR\oily.md | SURFACE_BEHAVIOR\polished.md | SURFACE_BEHAVIOR\residue.md | SURFACE_BEHAVIOR\rough.md | SURFACE_BEHAVIOR\scratched.md | SURFACE_BEHAVIOR\soot.md | SURFACE_BEHAVIOR\stained.md | SURFACE_BEHAVIOR\wet.md | SURFACE_BEHAVIOR\worn.md | TEXTILES_AND_FIBERS\cotton.md | TEXTILES_AND_FIBERS\embroidery_materials.md | TEXTILES_AND_FIBERS\hemp.md | TEXTILES_AND_FIBERS\jute.md | TEXTILES_AND_FIBERS\knitted_structure.md | TEXTILES_AND_FIBERS\linen.md | TEXTILES_AND_FIBERS\natural_fibers.md | TEXTILES_AND_FIBERS\silk.md | TEXTILES_AND_FIBERS\textile_surface_behavior.md | TEXTILES_AND_FIBERS\wool.md | TEXTILES_AND_FIBERS\woven_structure.md | TEXTURE\photographic_textures.md | TEXTURE\procedural_textures.md | TEXTURE\texel_density.md | TEXTURE\texture_artifact_control.md | TEXTURE\texture_repetition.md | TEXTURE\texture_resolution.md | TEXTURE\texture_scale.md | TEXTURE\texture_variation.md | WOOD_AND_PLANT_MATERIALS\bamboo.md | WOOD_AND_PLANT_MATERIALS\bark.md | WOOD_AND_PLANT_MATERIALS\cane.md | WOOD_AND_PLANT_MATERIALS\hardwood.md | WOOD_AND_PLANT_MATERIALS\palm_materials.md | WOOD_AND_PLANT_MATERIALS\plant_fibers.md | WOOD_AND_PLANT_MATERIALS\softwood.md"
"09_AI_PRODUCTION\negative_constraints.md","0","0","","True","AI\material_consistency.md | AI\material_drift.md | AI\material_generation_qa.md | AI\material_prompt_rules.md | AI\material_provenance.md | ARCHITECTURAL_MATERIALS\decorative_surfaces.md | ARCHITECTURAL_MATERIALS\doors.md | ARCHITECTURAL_MATERIALS\floors.md | ARCHITECTURAL_MATERIALS\pillars.md | ARCHITECTURAL_MATERIALS\platforms.md | ARCHITECTURAL_MATERIALS\roofs.md | ARCHITECTURAL_MATERIALS\stairs.md | ARCHITECTURAL_MATERIALS\walls.md | ARCHITECTURAL_MATERIALS\windows.md | CHARACTER_MATERIALS\body_material_rules.md | CHARACTER_MATERIALS\hair.md | CHARACTER_MATERIALS\nails.md | CHARACTER_MATERIALS\skin.md | CHARACTER_MATERIALS\teeth.md | CONSTRUCTION_MATERIALS\flooring_materials.md | CONSTRUCTION_MATERIALS\lime.md | CONSTRUCTION_MATERIALS\mortar.md | CONSTRUCTION_MATERIALS\pigment_binder.md | CONSTRUCTION_MATERIALS\plaster.md | CONSTRUCTION_MATERIALS\roofing_materials.md | CORE\material_classification.md | CORE\material_continuity.md | CORE\material_decision_log.md | CORE\material_identity_rules.md | CORE\material_policy.md | CORE\material_registry.md | CORE\material_scale_rules.md | CORE\material_source_policy.md | CORE\material_substitution_rules.md | EARTHEN_AND_CERAMIC\ceramic.md | EARTHEN_AND_CERAMIC\fired_clay.md | EARTHEN_AND_CERAMIC\glazed_surfaces.md | EARTHEN_AND_CERAMIC\pottery.md | EARTHEN_AND_CERAMIC\terracotta.md | GLASS_AND_MINERAL_MATERIALS\crystal.md | GLASS_AND_MINERAL_MATERIALS\gemstone.md | GLASS_AND_MINERAL_MATERIALS\glass.md | GLASS_AND_MINERAL_MATERIALS\mica.md | GLASS_AND_MINERAL_MATERIALS\mineral_surfaces.md | GLASS_AND_MINERAL_MATERIALS\pearl.md | LEATHER_AND_ANIMAL_MATERIALS\bone.md | LEATHER_AND_ANIMAL_MATERIALS\feather_material.md | LEATHER_AND_ANIMAL_MATERIALS\hide.md | LEATHER_AND_ANIMAL_MATERIALS\horn.md | LEATHER_AND_ANIMAL_MATERIALS\ivory_research.md | LEATHER_AND_ANIMAL_MATERIALS\leather.md | LEATHER_AND_ANIMAL_MATERIALS\shell.md | MATERIAL_COMBINATIONS\composite_materials.md | MATERIAL_COMBINATIONS\glass_metal.md | MATERIAL_COMBINATIONS\metal_stone.md | MATERIAL_COMBINATIONS\metal_wood.md | MATERIAL_COMBINATIONS\stone_wood.md | MATERIAL_COMBINATIONS\textile_leather.md | MATERIAL_COMBINATIONS\textile_metal.md | MATERIAL_COMBINATIONS\wood_textile.md | MATERIAL_INTERACTION\cold_interaction.md | MATERIAL_INTERACTION\contact_interaction.md | MATERIAL_INTERACTION\dust_interaction.md | MATERIAL_INTERACTION\fire_interaction.md | MATERIAL_INTERACTION\heat_interaction.md | MATERIAL_INTERACTION\moonlight_interaction.md | MATERIAL_INTERACTION\smoke_interaction.md | MATERIAL_INTERACTION\sunlight_interaction.md | MATERIAL_INTERACTION\water_interaction.md | MATERIAL_INTERACTION\wind_interaction.md | MATERIAL_STATES\aging.md | MATERIAL_STATES\biological_growth.md | MATERIAL_STATES\damage.md | MATERIAL_STATES\destruction.md | MATERIAL_STATES\fire_damage.md | MATERIAL_STATES\normal_use.md | MATERIAL_STATES\pristine.md | MATERIAL_STATES\repair.md | MATERIAL_STATES\restoration.md | MATERIAL_STATES\water_damage.md | MATERIAL_STATES\weathering.md | METALS\brass.md | METALS\bronze.md | METALS\copper.md | METALS\gold.md | METALS\iron.md | METALS\silver.md | METALS\steel.md | ORGANIC_AND_NATURAL\flowers.md | ORGANIC_AND_NATURAL\leaves.md | ORGANIC_AND_NATURAL\organic_decay.md | ORGANIC_AND_NATURAL\resin.md | ORGANIC_AND_NATURAL\sap.md | ORGANIC_AND_NATURAL\wax.md | PHYSICAL_PROPERTIES\absorption.md | PHYSICAL_PROPERTIES\density.md | PHYSICAL_PROPERTIES\electrical_behavior.md | PHYSICAL_PROPERTIES\hardness.md | PHYSICAL_PROPERTIES\mechanical_behavior.md | PHYSICAL_PROPERTIES\reflectivity.md | PHYSICAL_PROPERTIES\roughness.md | PHYSICAL_PROPERTIES\scattering.md | PHYSICAL_PROPERTIES\surface_behavior.md | PHYSICAL_PROPERTIES\thermal_behavior.md | PHYSICAL_PROPERTIES\translucency.md | PHYSICAL_PROPERTIES\transparency.md | REFERENCES\historical_reference.md | REFERENCES\material_reference_policy.md | REFERENCES\physical_reference.md | REFERENCES\reference_index.md | REFERENCES\traditional_reference.md | REGISTRIES\material_master_registry.md | REGISTRIES\material_reference_registry.md | REGISTRIES\material_state_registry.md | REGISTRIES\material_usage_registry.md | RENDERING\albedo.md | RENDERING\anisotropy.md | RENDERING\clearcoat.md | RENDERING\displacement.md | RENDERING\material_shader_rules.md | RENDERING\metallic_workflow.md | RENDERING\normal_maps.md | RENDERING\physically_based_materials.md | RENDERING\roughness_maps.md | RENDERING\sheen.md | RENDERING\subsurface_scattering.md | RENDERING\transmission.md | STONE_AND_EARTH\basalt.md | STONE_AND_EARTH\clay.md | STONE_AND_EARTH\granite.md | STONE_AND_EARTH\gravel.md | STONE_AND_EARTH\limestone.md | STONE_AND_EARTH\marble.md | STONE_AND_EARTH\mud.md | STONE_AND_EARTH\natural_rock.md | STONE_AND_EARTH\sandstone.md | STONE_AND_EARTH\slate.md | STONE_AND_EARTH\soil.md | SURFACE_BEHAVIOR\ash.md | SURFACE_BEHAVIOR\chipped.md | SURFACE_BEHAVIOR\cracked.md | SURFACE_BEHAVIOR\dented.md | SURFACE_BEHAVIOR\dusty.md | SURFACE_BEHAVIOR\glossy.md | SURFACE_BEHAVIOR\matte.md | SURFACE_BEHAVIOR\muddy.md | SURFACE_BEHAVIOR\oily.md | SURFACE_BEHAVIOR\polished.md | SURFACE_BEHAVIOR\residue.md | SURFACE_BEHAVIOR\rough.md | SURFACE_BEHAVIOR\scratched.md | SURFACE_BEHAVIOR\soot.md | SURFACE_BEHAVIOR\stained.md | SURFACE_BEHAVIOR\wet.md | SURFACE_BEHAVIOR\worn.md | TEXTILES_AND_FIBERS\cotton.md | TEXTILES_AND_FIBERS\embroidery_materials.md | TEXTILES_AND_FIBERS\hemp.md | TEXTILES_AND_FIBERS\jute.md | TEXTILES_AND_FIBERS\knitted_structure.md | TEXTILES_AND_FIBERS\linen.md | TEXTILES_AND_FIBERS\natural_fibers.md | TEXTILES_AND_FIBERS\silk.md | TEXTILES_AND_FIBERS\textile_surface_behavior.md | TEXTILES_AND_FIBERS\wool.md | TEXTILES_AND_FIBERS\woven_structure.md | TEXTURE\photographic_textures.md | TEXTURE\procedural_textures.md | TEXTURE\texel_density.md | TEXTURE\texture_artifact_control.md | TEXTURE\texture_repetition.md | TEXTURE\texture_resolution.md | TEXTURE\texture_scale.md | TEXTURE\texture_variation.md | WOOD_AND_PLANT_MATERIALS\bamboo.md | WOOD_AND_PLANT_MATERIALS\bark.md | WOOD_AND_PLANT_MATERIALS\cane.md | WOOD_AND_PLANT_MATERIALS\hardwood.md | WOOD_AND_PLANT_MATERIALS\palm_materials.md | WOOD_AND_PLANT_MATERIALS\plant_fibers.md | WOOD_AND_PLANT_MATERIALS\softwood.md"
"09_AI_PRODUCTION\reference_strategy.md","0","0","","True","AI\material_consistency.md | AI\material_drift.md | AI\material_generation_qa.md | AI\material_prompt_rules.md | AI\material_provenance.md | ARCHITECTURAL_MATERIALS\decorative_surfaces.md | ARCHITECTURAL_MATERIALS\doors.md | ARCHITECTURAL_MATERIALS\floors.md | ARCHITECTURAL_MATERIALS\pillars.md | ARCHITECTURAL_MATERIALS\platforms.md | ARCHITECTURAL_MATERIALS\roofs.md | ARCHITECTURAL_MATERIALS\stairs.md | ARCHITECTURAL_MATERIALS\walls.md | ARCHITECTURAL_MATERIALS\windows.md | CHARACTER_MATERIALS\body_material_rules.md | CHARACTER_MATERIALS\hair.md | CHARACTER_MATERIALS\nails.md | CHARACTER_MATERIALS\skin.md | CHARACTER_MATERIALS\teeth.md | CONSTRUCTION_MATERIALS\flooring_materials.md | CONSTRUCTION_MATERIALS\lime.md | CONSTRUCTION_MATERIALS\mortar.md | CONSTRUCTION_MATERIALS\pigment_binder.md | CONSTRUCTION_MATERIALS\plaster.md | CONSTRUCTION_MATERIALS\roofing_materials.md | CORE\material_classification.md | CORE\material_continuity.md | CORE\material_decision_log.md | CORE\material_identity_rules.md | CORE\material_policy.md | CORE\material_registry.md | CORE\material_scale_rules.md | CORE\material_source_policy.md | CORE\material_substitution_rules.md | EARTHEN_AND_CERAMIC\ceramic.md | EARTHEN_AND_CERAMIC\fired_clay.md | EARTHEN_AND_CERAMIC\glazed_surfaces.md | EARTHEN_AND_CERAMIC\pottery.md | EARTHEN_AND_CERAMIC\terracotta.md | GLASS_AND_MINERAL_MATERIALS\crystal.md | GLASS_AND_MINERAL_MATERIALS\gemstone.md | GLASS_AND_MINERAL_MATERIALS\glass.md | GLASS_AND_MINERAL_MATERIALS\mica.md | GLASS_AND_MINERAL_MATERIALS\mineral_surfaces.md | GLASS_AND_MINERAL_MATERIALS\pearl.md | LEATHER_AND_ANIMAL_MATERIALS\bone.md | LEATHER_AND_ANIMAL_MATERIALS\feather_material.md | LEATHER_AND_ANIMAL_MATERIALS\hide.md | LEATHER_AND_ANIMAL_MATERIALS\horn.md | LEATHER_AND_ANIMAL_MATERIALS\ivory_research.md | LEATHER_AND_ANIMAL_MATERIALS\leather.md | LEATHER_AND_ANIMAL_MATERIALS\shell.md | MATERIAL_COMBINATIONS\composite_materials.md | MATERIAL_COMBINATIONS\glass_metal.md | MATERIAL_COMBINATIONS\metal_stone.md | MATERIAL_COMBINATIONS\metal_wood.md | MATERIAL_COMBINATIONS\stone_wood.md | MATERIAL_COMBINATIONS\textile_leather.md | MATERIAL_COMBINATIONS\textile_metal.md | MATERIAL_COMBINATIONS\wood_textile.md | MATERIAL_INTERACTION\cold_interaction.md | MATERIAL_INTERACTION\contact_interaction.md | MATERIAL_INTERACTION\dust_interaction.md | MATERIAL_INTERACTION\fire_interaction.md | MATERIAL_INTERACTION\heat_interaction.md | MATERIAL_INTERACTION\moonlight_interaction.md | MATERIAL_INTERACTION\smoke_interaction.md | MATERIAL_INTERACTION\sunlight_interaction.md | MATERIAL_INTERACTION\water_interaction.md | MATERIAL_INTERACTION\wind_interaction.md | MATERIAL_STATES\aging.md | MATERIAL_STATES\biological_growth.md | MATERIAL_STATES\damage.md | MATERIAL_STATES\destruction.md | MATERIAL_STATES\fire_damage.md | MATERIAL_STATES\normal_use.md | MATERIAL_STATES\pristine.md | MATERIAL_STATES\repair.md | MATERIAL_STATES\restoration.md | MATERIAL_STATES\water_damage.md | MATERIAL_STATES\weathering.md | METALS\brass.md | METALS\bronze.md | METALS\copper.md | METALS\gold.md | METALS\iron.md | METALS\silver.md | METALS\steel.md | ORGANIC_AND_NATURAL\flowers.md | ORGANIC_AND_NATURAL\leaves.md | ORGANIC_AND_NATURAL\organic_decay.md | ORGANIC_AND_NATURAL\resin.md | ORGANIC_AND_NATURAL\sap.md | ORGANIC_AND_NATURAL\wax.md | PHYSICAL_PROPERTIES\absorption.md | PHYSICAL_PROPERTIES\density.md | PHYSICAL_PROPERTIES\electrical_behavior.md | PHYSICAL_PROPERTIES\hardness.md | PHYSICAL_PROPERTIES\mechanical_behavior.md | PHYSICAL_PROPERTIES\reflectivity.md | PHYSICAL_PROPERTIES\roughness.md | PHYSICAL_PROPERTIES\scattering.md | PHYSICAL_PROPERTIES\surface_behavior.md | PHYSICAL_PROPERTIES\thermal_behavior.md | PHYSICAL_PROPERTIES\translucency.md | PHYSICAL_PROPERTIES\transparency.md | REFERENCES\historical_reference.md | REFERENCES\material_reference_policy.md | REFERENCES\physical_reference.md | REFERENCES\reference_index.md | REFERENCES\traditional_reference.md | REGISTRIES\material_master_registry.md | REGISTRIES\material_reference_registry.md | REGISTRIES\material_state_registry.md | REGISTRIES\material_usage_registry.md | RENDERING\albedo.md | RENDERING\anisotropy.md | RENDERING\clearcoat.md | RENDERING\displacement.md | RENDERING\material_shader_rules.md | RENDERING\metallic_workflow.md | RENDERING\normal_maps.md | RENDERING\physically_based_materials.md | RENDERING\roughness_maps.md | RENDERING\sheen.md | RENDERING\subsurface_scattering.md | RENDERING\transmission.md | STONE_AND_EARTH\basalt.md | STONE_AND_EARTH\clay.md | STONE_AND_EARTH\granite.md | STONE_AND_EARTH\gravel.md | STONE_AND_EARTH\limestone.md | STONE_AND_EARTH\marble.md | STONE_AND_EARTH\mud.md | STONE_AND_EARTH\natural_rock.md | STONE_AND_EARTH\sandstone.md | STONE_AND_EARTH\slate.md | STONE_AND_EARTH\soil.md | SURFACE_BEHAVIOR\ash.md | SURFACE_BEHAVIOR\chipped.md | SURFACE_BEHAVIOR\cracked.md | SURFACE_BEHAVIOR\dented.md | SURFACE_BEHAVIOR\dusty.md | SURFACE_BEHAVIOR\glossy.md | SURFACE_BEHAVIOR\matte.md | SURFACE_BEHAVIOR\muddy.md | SURFACE_BEHAVIOR\oily.md | SURFACE_BEHAVIOR\polished.md | SURFACE_BEHAVIOR\residue.md | SURFACE_BEHAVIOR\rough.md | SURFACE_BEHAVIOR\scratched.md | SURFACE_BEHAVIOR\soot.md | SURFACE_BEHAVIOR\stained.md | SURFACE_BEHAVIOR\wet.md | SURFACE_BEHAVIOR\worn.md | TEXTILES_AND_FIBERS\cotton.md | TEXTILES_AND_FIBERS\embroidery_materials.md | TEXTILES_AND_FIBERS\hemp.md | TEXTILES_AND_FIBERS\jute.md | TEXTILES_AND_FIBERS\knitted_structure.md | TEXTILES_AND_FIBERS\linen.md | TEXTILES_AND_FIBERS\natural_fibers.md | TEXTILES_AND_FIBERS\silk.md | TEXTILES_AND_FIBERS\textile_surface_behavior.md | TEXTILES_AND_FIBERS\wool.md | TEXTILES_AND_FIBERS\woven_structure.md | TEXTURE\photographic_textures.md | TEXTURE\procedural_textures.md | TEXTURE\texel_density.md | TEXTURE\texture_artifact_control.md | TEXTURE\texture_repetition.md | TEXTURE\texture_resolution.md | TEXTURE\texture_scale.md | TEXTURE\texture_variation.md | WOOD_AND_PLANT_MATERIALS\bamboo.md | WOOD_AND_PLANT_MATERIALS\bark.md | WOOD_AND_PLANT_MATERIALS\cane.md | WOOD_AND_PLANT_MATERIALS\hardwood.md | WOOD_AND_PLANT_MATERIALS\palm_materials.md | WOOD_AND_PLANT_MATERIALS\plant_fibers.md | WOOD_AND_PLANT_MATERIALS\softwood.md"
"10_CONTINUITY_QA\approval_criteria.md","0","0","","True","AI\material_consistency.md | AI\material_drift.md | AI\material_generation_qa.md | AI\material_prompt_rules.md | AI\material_provenance.md | ARCHITECTURAL_MATERIALS\decorative_surfaces.md | ARCHITECTURAL_MATERIALS\doors.md | ARCHITECTURAL_MATERIALS\floors.md | ARCHITECTURAL_MATERIALS\pillars.md | ARCHITECTURAL_MATERIALS\platforms.md | ARCHITECTURAL_MATERIALS\roofs.md | ARCHITECTURAL_MATERIALS\stairs.md | ARCHITECTURAL_MATERIALS\walls.md | ARCHITECTURAL_MATERIALS\windows.md | CHARACTER_MATERIALS\body_material_rules.md | CHARACTER_MATERIALS\hair.md | CHARACTER_MATERIALS\nails.md | CHARACTER_MATERIALS\skin.md | CHARACTER_MATERIALS\teeth.md | CONSTRUCTION_MATERIALS\flooring_materials.md | CONSTRUCTION_MATERIALS\lime.md | CONSTRUCTION_MATERIALS\mortar.md | CONSTRUCTION_MATERIALS\pigment_binder.md | CONSTRUCTION_MATERIALS\plaster.md | CONSTRUCTION_MATERIALS\roofing_materials.md | CORE\material_classification.md | CORE\material_continuity.md | CORE\material_decision_log.md | CORE\material_identity_rules.md | CORE\material_policy.md | CORE\material_registry.md | CORE\material_scale_rules.md | CORE\material_source_policy.md | CORE\material_substitution_rules.md | EARTHEN_AND_CERAMIC\ceramic.md | EARTHEN_AND_CERAMIC\fired_clay.md | EARTHEN_AND_CERAMIC\glazed_surfaces.md | EARTHEN_AND_CERAMIC\pottery.md | EARTHEN_AND_CERAMIC\terracotta.md | GLASS_AND_MINERAL_MATERIALS\crystal.md | GLASS_AND_MINERAL_MATERIALS\gemstone.md | GLASS_AND_MINERAL_MATERIALS\glass.md | GLASS_AND_MINERAL_MATERIALS\mica.md | GLASS_AND_MINERAL_MATERIALS\mineral_surfaces.md | GLASS_AND_MINERAL_MATERIALS\pearl.md | LEATHER_AND_ANIMAL_MATERIALS\bone.md | LEATHER_AND_ANIMAL_MATERIALS\feather_material.md | LEATHER_AND_ANIMAL_MATERIALS\hide.md | LEATHER_AND_ANIMAL_MATERIALS\horn.md | LEATHER_AND_ANIMAL_MATERIALS\ivory_research.md | LEATHER_AND_ANIMAL_MATERIALS\leather.md | LEATHER_AND_ANIMAL_MATERIALS\shell.md | MATERIAL_COMBINATIONS\composite_materials.md | MATERIAL_COMBINATIONS\glass_metal.md | MATERIAL_COMBINATIONS\metal_stone.md | MATERIAL_COMBINATIONS\metal_wood.md | MATERIAL_COMBINATIONS\stone_wood.md | MATERIAL_COMBINATIONS\textile_leather.md | MATERIAL_COMBINATIONS\textile_metal.md | MATERIAL_COMBINATIONS\wood_textile.md | MATERIAL_INTERACTION\cold_interaction.md | MATERIAL_INTERACTION\contact_interaction.md | MATERIAL_INTERACTION\dust_interaction.md | MATERIAL_INTERACTION\fire_interaction.md | MATERIAL_INTERACTION\heat_interaction.md | MATERIAL_INTERACTION\moonlight_interaction.md | MATERIAL_INTERACTION\smoke_interaction.md | MATERIAL_INTERACTION\sunlight_interaction.md | MATERIAL_INTERACTION\water_interaction.md | MATERIAL_INTERACTION\wind_interaction.md | MATERIAL_STATES\aging.md | MATERIAL_STATES\biological_growth.md | MATERIAL_STATES\damage.md | MATERIAL_STATES\destruction.md | MATERIAL_STATES\fire_damage.md | MATERIAL_STATES\normal_use.md | MATERIAL_STATES\pristine.md | MATERIAL_STATES\repair.md | MATERIAL_STATES\restoration.md | MATERIAL_STATES\water_damage.md | MATERIAL_STATES\weathering.md | METALS\brass.md | METALS\bronze.md | METALS\copper.md | METALS\gold.md | METALS\iron.md | METALS\silver.md | METALS\steel.md | ORGANIC_AND_NATURAL\flowers.md | ORGANIC_AND_NATURAL\leaves.md | ORGANIC_AND_NATURAL\organic_decay.md | ORGANIC_AND_NATURAL\resin.md | ORGANIC_AND_NATURAL\sap.md | ORGANIC_AND_NATURAL\wax.md | PHYSICAL_PROPERTIES\absorption.md | PHYSICAL_PROPERTIES\density.md | PHYSICAL_PROPERTIES\electrical_behavior.md | PHYSICAL_PROPERTIES\hardness.md | PHYSICAL_PROPERTIES\mechanical_behavior.md | PHYSICAL_PROPERTIES\reflectivity.md | PHYSICAL_PROPERTIES\roughness.md | PHYSICAL_PROPERTIES\scattering.md | PHYSICAL_PROPERTIES\surface_behavior.md | PHYSICAL_PROPERTIES\thermal_behavior.md | PHYSICAL_PROPERTIES\translucency.md | PHYSICAL_PROPERTIES\transparency.md | REFERENCES\historical_reference.md | REFERENCES\material_reference_policy.md | REFERENCES\physical_reference.md | REFERENCES\reference_index.md | REFERENCES\traditional_reference.md | REGISTRIES\material_master_registry.md | REGISTRIES\material_reference_registry.md | REGISTRIES\material_state_registry.md | REGISTRIES\material_usage_registry.md | RENDERING\albedo.md | RENDERING\anisotropy.md | RENDERING\clearcoat.md | RENDERING\displacement.md | RENDERING\material_shader_rules.md | RENDERING\metallic_workflow.md | RENDERING\normal_maps.md | RENDERING\physically_based_materials.md | RENDERING\roughness_maps.md | RENDERING\sheen.md | RENDERING\subsurface_scattering.md | RENDERING\transmission.md | STONE_AND_EARTH\basalt.md | STONE_AND_EARTH\clay.md | STONE_AND_EARTH\granite.md | STONE_AND_EARTH\gravel.md | STONE_AND_EARTH\limestone.md | STONE_AND_EARTH\marble.md | STONE_AND_EARTH\mud.md | STONE_AND_EARTH\natural_rock.md | STONE_AND_EARTH\sandstone.md | STONE_AND_EARTH\slate.md | STONE_AND_EARTH\soil.md | SURFACE_BEHAVIOR\ash.md | SURFACE_BEHAVIOR\chipped.md | SURFACE_BEHAVIOR\cracked.md | SURFACE_BEHAVIOR\dented.md | SURFACE_BEHAVIOR\dusty.md | SURFACE_BEHAVIOR\glossy.md | SURFACE_BEHAVIOR\matte.md | SURFACE_BEHAVIOR\muddy.md | SURFACE_BEHAVIOR\oily.md | SURFACE_BEHAVIOR\polished.md | SURFACE_BEHAVIOR\residue.md | SURFACE_BEHAVIOR\rough.md | SURFACE_BEHAVIOR\scratched.md | SURFACE_BEHAVIOR\soot.md | SURFACE_BEHAVIOR\stained.md | SURFACE_BEHAVIOR\wet.md | SURFACE_BEHAVIOR\worn.md | TEXTILES_AND_FIBERS\cotton.md | TEXTILES_AND_FIBERS\embroidery_materials.md | TEXTILES_AND_FIBERS\hemp.md | TEXTILES_AND_FIBERS\jute.md | TEXTILES_AND_FIBERS\knitted_structure.md | TEXTILES_AND_FIBERS\linen.md | TEXTILES_AND_FIBERS\natural_fibers.md | TEXTILES_AND_FIBERS\silk.md | TEXTILES_AND_FIBERS\textile_surface_behavior.md | TEXTILES_AND_FIBERS\wool.md | TEXTILES_AND_FIBERS\woven_structure.md | TEXTURE\photographic_textures.md | TEXTURE\procedural_textures.md | TEXTURE\texel_density.md | TEXTURE\texture_artifact_control.md | TEXTURE\texture_repetition.md | TEXTURE\texture_resolution.md | TEXTURE\texture_scale.md | TEXTURE\texture_variation.md | WOOD_AND_PLANT_MATERIALS\bamboo.md | WOOD_AND_PLANT_MATERIALS\bark.md | WOOD_AND_PLANT_MATERIALS\cane.md | WOOD_AND_PLANT_MATERIALS\hardwood.md | WOOD_AND_PLANT_MATERIALS\palm_materials.md | WOOD_AND_PLANT_MATERIALS\plant_fibers.md | WOOD_AND_PLANT_MATERIALS\softwood.md"
"10_CONTINUITY_QA\cross_episode_consistency.md","0","0","","True","AI\material_consistency.md | AI\material_drift.md | AI\material_generation_qa.md | AI\material_prompt_rules.md | AI\material_provenance.md | ARCHITECTURAL_MATERIALS\decorative_surfaces.md | ARCHITECTURAL_MATERIALS\doors.md | ARCHITECTURAL_MATERIALS\floors.md | ARCHITECTURAL_MATERIALS\pillars.md | ARCHITECTURAL_MATERIALS\platforms.md | ARCHITECTURAL_MATERIALS\roofs.md | ARCHITECTURAL_MATERIALS\stairs.md | ARCHITECTURAL_MATERIALS\walls.md | ARCHITECTURAL_MATERIALS\windows.md | CHARACTER_MATERIALS\body_material_rules.md | CHARACTER_MATERIALS\hair.md | CHARACTER_MATERIALS\nails.md | CHARACTER_MATERIALS\skin.md | CHARACTER_MATERIALS\teeth.md | CONSTRUCTION_MATERIALS\flooring_materials.md | CONSTRUCTION_MATERIALS\lime.md | CONSTRUCTION_MATERIALS\mortar.md | CONSTRUCTION_MATERIALS\pigment_binder.md | CONSTRUCTION_MATERIALS\plaster.md | CONSTRUCTION_MATERIALS\roofing_materials.md | CORE\material_classification.md | CORE\material_continuity.md | CORE\material_decision_log.md | CORE\material_identity_rules.md | CORE\material_policy.md | CORE\material_registry.md | CORE\material_scale_rules.md | CORE\material_source_policy.md | CORE\material_substitution_rules.md | EARTHEN_AND_CERAMIC\ceramic.md | EARTHEN_AND_CERAMIC\fired_clay.md | EARTHEN_AND_CERAMIC\glazed_surfaces.md | EARTHEN_AND_CERAMIC\pottery.md | EARTHEN_AND_CERAMIC\terracotta.md | GLASS_AND_MINERAL_MATERIALS\crystal.md | GLASS_AND_MINERAL_MATERIALS\gemstone.md | GLASS_AND_MINERAL_MATERIALS\glass.md | GLASS_AND_MINERAL_MATERIALS\mica.md | GLASS_AND_MINERAL_MATERIALS\mineral_surfaces.md | GLASS_AND_MINERAL_MATERIALS\pearl.md | LEATHER_AND_ANIMAL_MATERIALS\bone.md | LEATHER_AND_ANIMAL_MATERIALS\feather_material.md | LEATHER_AND_ANIMAL_MATERIALS\hide.md | LEATHER_AND_ANIMAL_MATERIALS\horn.md | LEATHER_AND_ANIMAL_MATERIALS\ivory_research.md | LEATHER_AND_ANIMAL_MATERIALS\leather.md | LEATHER_AND_ANIMAL_MATERIALS\shell.md | MATERIAL_COMBINATIONS\composite_materials.md | MATERIAL_COMBINATIONS\glass_metal.md | MATERIAL_COMBINATIONS\metal_stone.md | MATERIAL_COMBINATIONS\metal_wood.md | MATERIAL_COMBINATIONS\stone_wood.md | MATERIAL_COMBINATIONS\textile_leather.md | MATERIAL_COMBINATIONS\textile_metal.md | MATERIAL_COMBINATIONS\wood_textile.md | MATERIAL_INTERACTION\cold_interaction.md | MATERIAL_INTERACTION\contact_interaction.md | MATERIAL_INTERACTION\dust_interaction.md | MATERIAL_INTERACTION\fire_interaction.md | MATERIAL_INTERACTION\heat_interaction.md | MATERIAL_INTERACTION\moonlight_interaction.md | MATERIAL_INTERACTION\smoke_interaction.md | MATERIAL_INTERACTION\sunlight_interaction.md | MATERIAL_INTERACTION\water_interaction.md | MATERIAL_INTERACTION\wind_interaction.md | MATERIAL_STATES\aging.md | MATERIAL_STATES\biological_growth.md | MATERIAL_STATES\damage.md | MATERIAL_STATES\destruction.md | MATERIAL_STATES\fire_damage.md | MATERIAL_STATES\normal_use.md | MATERIAL_STATES\pristine.md | MATERIAL_STATES\repair.md | MATERIAL_STATES\restoration.md | MATERIAL_STATES\water_damage.md | MATERIAL_STATES\weathering.md | METALS\brass.md | METALS\bronze.md | METALS\copper.md | METALS\gold.md | METALS\iron.md | METALS\silver.md | METALS\steel.md | ORGANIC_AND_NATURAL\flowers.md | ORGANIC_AND_NATURAL\leaves.md | ORGANIC_AND_NATURAL\organic_decay.md | ORGANIC_AND_NATURAL\resin.md | ORGANIC_AND_NATURAL\sap.md | ORGANIC_AND_NATURAL\wax.md | PHYSICAL_PROPERTIES\absorption.md | PHYSICAL_PROPERTIES\density.md | PHYSICAL_PROPERTIES\electrical_behavior.md | PHYSICAL_PROPERTIES\hardness.md | PHYSICAL_PROPERTIES\mechanical_behavior.md | PHYSICAL_PROPERTIES\reflectivity.md | PHYSICAL_PROPERTIES\roughness.md | PHYSICAL_PROPERTIES\scattering.md | PHYSICAL_PROPERTIES\surface_behavior.md | PHYSICAL_PROPERTIES\thermal_behavior.md | PHYSICAL_PROPERTIES\translucency.md | PHYSICAL_PROPERTIES\transparency.md | REFERENCES\historical_reference.md | REFERENCES\material_reference_policy.md | REFERENCES\physical_reference.md | REFERENCES\reference_index.md | REFERENCES\traditional_reference.md | REGISTRIES\material_master_registry.md | REGISTRIES\material_reference_registry.md | REGISTRIES\material_state_registry.md | REGISTRIES\material_usage_registry.md | RENDERING\albedo.md | RENDERING\anisotropy.md | RENDERING\clearcoat.md | RENDERING\displacement.md | RENDERING\material_shader_rules.md | RENDERING\metallic_workflow.md | RENDERING\normal_maps.md | RENDERING\physically_based_materials.md | RENDERING\roughness_maps.md | RENDERING\sheen.md | RENDERING\subsurface_scattering.md | RENDERING\transmission.md | STONE_AND_EARTH\basalt.md | STONE_AND_EARTH\clay.md | STONE_AND_EARTH\granite.md | STONE_AND_EARTH\gravel.md | STONE_AND_EARTH\limestone.md | STONE_AND_EARTH\marble.md | STONE_AND_EARTH\mud.md | STONE_AND_EARTH\natural_rock.md | STONE_AND_EARTH\sandstone.md | STONE_AND_EARTH\slate.md | STONE_AND_EARTH\soil.md | SURFACE_BEHAVIOR\ash.md | SURFACE_BEHAVIOR\chipped.md | SURFACE_BEHAVIOR\cracked.md | SURFACE_BEHAVIOR\dented.md | SURFACE_BEHAVIOR\dusty.md | SURFACE_BEHAVIOR\glossy.md | SURFACE_BEHAVIOR\matte.md | SURFACE_BEHAVIOR\muddy.md | SURFACE_BEHAVIOR\oily.md | SURFACE_BEHAVIOR\polished.md | SURFACE_BEHAVIOR\residue.md | SURFACE_BEHAVIOR\rough.md | SURFACE_BEHAVIOR\scratched.md | SURFACE_BEHAVIOR\soot.md | SURFACE_BEHAVIOR\stained.md | SURFACE_BEHAVIOR\wet.md | SURFACE_BEHAVIOR\worn.md | TEXTILES_AND_FIBERS\cotton.md | TEXTILES_AND_FIBERS\embroidery_materials.md | TEXTILES_AND_FIBERS\hemp.md | TEXTILES_AND_FIBERS\jute.md | TEXTILES_AND_FIBERS\knitted_structure.md | TEXTILES_AND_FIBERS\linen.md | TEXTILES_AND_FIBERS\natural_fibers.md | TEXTILES_AND_FIBERS\silk.md | TEXTILES_AND_FIBERS\textile_surface_behavior.md | TEXTILES_AND_FIBERS\wool.md | TEXTILES_AND_FIBERS\woven_structure.md | TEXTURE\photographic_textures.md | TEXTURE\procedural_textures.md | TEXTURE\texel_density.md | TEXTURE\texture_artifact_control.md | TEXTURE\texture_repetition.md | TEXTURE\texture_resolution.md | TEXTURE\texture_scale.md | TEXTURE\texture_variation.md | WOOD_AND_PLANT_MATERIALS\bamboo.md | WOOD_AND_PLANT_MATERIALS\bark.md | WOOD_AND_PLANT_MATERIALS\cane.md | WOOD_AND_PLANT_MATERIALS\hardwood.md | WOOD_AND_PLANT_MATERIALS\palm_materials.md | WOOD_AND_PLANT_MATERIALS\plant_fibers.md | WOOD_AND_PLANT_MATERIALS\softwood.md"
"10_CONTINUITY_QA\cross_scene_consistency.md","0","0","","True","AI\material_consistency.md | AI\material_drift.md | AI\material_generation_qa.md | AI\material_prompt_rules.md | AI\material_provenance.md | ARCHITECTURAL_MATERIALS\decorative_surfaces.md | ARCHITECTURAL_MATERIALS\doors.md | ARCHITECTURAL_MATERIALS\floors.md | ARCHITECTURAL_MATERIALS\pillars.md | ARCHITECTURAL_MATERIALS\platforms.md | ARCHITECTURAL_MATERIALS\roofs.md | ARCHITECTURAL_MATERIALS\stairs.md | ARCHITECTURAL_MATERIALS\walls.md | ARCHITECTURAL_MATERIALS\windows.md | CHARACTER_MATERIALS\body_material_rules.md | CHARACTER_MATERIALS\hair.md | CHARACTER_MATERIALS\nails.md | CHARACTER_MATERIALS\skin.md | CHARACTER_MATERIALS\teeth.md | CONSTRUCTION_MATERIALS\flooring_materials.md | CONSTRUCTION_MATERIALS\lime.md | CONSTRUCTION_MATERIALS\mortar.md | CONSTRUCTION_MATERIALS\pigment_binder.md | CONSTRUCTION_MATERIALS\plaster.md | CONSTRUCTION_MATERIALS\roofing_materials.md | CORE\material_classification.md | CORE\material_continuity.md | CORE\material_decision_log.md | CORE\material_identity_rules.md | CORE\material_policy.md | CORE\material_registry.md | CORE\material_scale_rules.md | CORE\material_source_policy.md | CORE\material_substitution_rules.md | EARTHEN_AND_CERAMIC\ceramic.md | EARTHEN_AND_CERAMIC\fired_clay.md | EARTHEN_AND_CERAMIC\glazed_surfaces.md | EARTHEN_AND_CERAMIC\pottery.md | EARTHEN_AND_CERAMIC\terracotta.md | GLASS_AND_MINERAL_MATERIALS\crystal.md | GLASS_AND_MINERAL_MATERIALS\gemstone.md | GLASS_AND_MINERAL_MATERIALS\glass.md | GLASS_AND_MINERAL_MATERIALS\mica.md | GLASS_AND_MINERAL_MATERIALS\mineral_surfaces.md | GLASS_AND_MINERAL_MATERIALS\pearl.md | LEATHER_AND_ANIMAL_MATERIALS\bone.md | LEATHER_AND_ANIMAL_MATERIALS\feather_material.md | LEATHER_AND_ANIMAL_MATERIALS\hide.md | LEATHER_AND_ANIMAL_MATERIALS\horn.md | LEATHER_AND_ANIMAL_MATERIALS\ivory_research.md | LEATHER_AND_ANIMAL_MATERIALS\leather.md | LEATHER_AND_ANIMAL_MATERIALS\shell.md | MATERIAL_COMBINATIONS\composite_materials.md | MATERIAL_COMBINATIONS\glass_metal.md | MATERIAL_COMBINATIONS\metal_stone.md | MATERIAL_COMBINATIONS\metal_wood.md | MATERIAL_COMBINATIONS\stone_wood.md | MATERIAL_COMBINATIONS\textile_leather.md | MATERIAL_COMBINATIONS\textile_metal.md | MATERIAL_COMBINATIONS\wood_textile.md | MATERIAL_INTERACTION\cold_interaction.md | MATERIAL_INTERACTION\contact_interaction.md | MATERIAL_INTERACTION\dust_interaction.md | MATERIAL_INTERACTION\fire_interaction.md | MATERIAL_INTERACTION\heat_interaction.md | MATERIAL_INTERACTION\moonlight_interaction.md | MATERIAL_INTERACTION\smoke_interaction.md | MATERIAL_INTERACTION\sunlight_interaction.md | MATERIAL_INTERACTION\water_interaction.md | MATERIAL_INTERACTION\wind_interaction.md | MATERIAL_STATES\aging.md | MATERIAL_STATES\biological_growth.md | MATERIAL_STATES\damage.md | MATERIAL_STATES\destruction.md | MATERIAL_STATES\fire_damage.md | MATERIAL_STATES\normal_use.md | MATERIAL_STATES\pristine.md | MATERIAL_STATES\repair.md | MATERIAL_STATES\restoration.md | MATERIAL_STATES\water_damage.md | MATERIAL_STATES\weathering.md | METALS\brass.md | METALS\bronze.md | METALS\copper.md | METALS\gold.md | METALS\iron.md | METALS\silver.md | METALS\steel.md | ORGANIC_AND_NATURAL\flowers.md | ORGANIC_AND_NATURAL\leaves.md | ORGANIC_AND_NATURAL\organic_decay.md | ORGANIC_AND_NATURAL\resin.md | ORGANIC_AND_NATURAL\sap.md | ORGANIC_AND_NATURAL\wax.md | PHYSICAL_PROPERTIES\absorption.md | PHYSICAL_PROPERTIES\density.md | PHYSICAL_PROPERTIES\electrical_behavior.md | PHYSICAL_PROPERTIES\hardness.md | PHYSICAL_PROPERTIES\mechanical_behavior.md | PHYSICAL_PROPERTIES\reflectivity.md | PHYSICAL_PROPERTIES\roughness.md | PHYSICAL_PROPERTIES\scattering.md | PHYSICAL_PROPERTIES\surface_behavior.md | PHYSICAL_PROPERTIES\thermal_behavior.md | PHYSICAL_PROPERTIES\translucency.md | PHYSICAL_PROPERTIES\transparency.md | REFERENCES\historical_reference.md | REFERENCES\material_reference_policy.md | REFERENCES\physical_reference.md | REFERENCES\reference_index.md | REFERENCES\traditional_reference.md | REGISTRIES\material_master_registry.md | REGISTRIES\material_reference_registry.md | REGISTRIES\material_state_registry.md | REGISTRIES\material_usage_registry.md | RENDERING\albedo.md | RENDERING\anisotropy.md | RENDERING\clearcoat.md | RENDERING\displacement.md | RENDERING\material_shader_rules.md | RENDERING\metallic_workflow.md | RENDERING\normal_maps.md | RENDERING\physically_based_materials.md | RENDERING\roughness_maps.md | RENDERING\sheen.md | RENDERING\subsurface_scattering.md | RENDERING\transmission.md | STONE_AND_EARTH\basalt.md | STONE_AND_EARTH\clay.md | STONE_AND_EARTH\granite.md | STONE_AND_EARTH\gravel.md | STONE_AND_EARTH\limestone.md | STONE_AND_EARTH\marble.md | STONE_AND_EARTH\mud.md | STONE_AND_EARTH\natural_rock.md | STONE_AND_EARTH\sandstone.md | STONE_AND_EARTH\slate.md | STONE_AND_EARTH\soil.md | SURFACE_BEHAVIOR\ash.md | SURFACE_BEHAVIOR\chipped.md | SURFACE_BEHAVIOR\cracked.md | SURFACE_BEHAVIOR\dented.md | SURFACE_BEHAVIOR\dusty.md | SURFACE_BEHAVIOR\glossy.md | SURFACE_BEHAVIOR\matte.md | SURFACE_BEHAVIOR\muddy.md | SURFACE_BEHAVIOR\oily.md | SURFACE_BEHAVIOR\polished.md | SURFACE_BEHAVIOR\residue.md | SURFACE_BEHAVIOR\rough.md | SURFACE_BEHAVIOR\scratched.md | SURFACE_BEHAVIOR\soot.md | SURFACE_BEHAVIOR\stained.md | SURFACE_BEHAVIOR\wet.md | SURFACE_BEHAVIOR\worn.md | TEXTILES_AND_FIBERS\cotton.md | TEXTILES_AND_FIBERS\embroidery_materials.md | TEXTILES_AND_FIBERS\hemp.md | TEXTILES_AND_FIBERS\jute.md | TEXTILES_AND_FIBERS\knitted_structure.md | TEXTILES_AND_FIBERS\linen.md | TEXTILES_AND_FIBERS\natural_fibers.md | TEXTILES_AND_FIBERS\silk.md | TEXTILES_AND_FIBERS\textile_surface_behavior.md | TEXTILES_AND_FIBERS\wool.md | TEXTILES_AND_FIBERS\woven_structure.md | TEXTURE\photographic_textures.md | TEXTURE\procedural_textures.md | TEXTURE\texel_density.md | TEXTURE\texture_artifact_control.md | TEXTURE\texture_repetition.md | TEXTURE\texture_resolution.md | TEXTURE\texture_scale.md | TEXTURE\texture_variation.md | WOOD_AND_PLANT_MATERIALS\bamboo.md | WOOD_AND_PLANT_MATERIALS\bark.md | WOOD_AND_PLANT_MATERIALS\cane.md | WOOD_AND_PLANT_MATERIALS\hardwood.md | WOOD_AND_PLANT_MATERIALS\palm_materials.md | WOOD_AND_PLANT_MATERIALS\plant_fibers.md | WOOD_AND_PLANT_MATERIALS\softwood.md"
"10_CONTINUITY_QA\cross_shot_consistency.md","0","0","","True","AI\material_consistency.md | AI\material_drift.md | AI\material_generation_qa.md | AI\material_prompt_rules.md | AI\material_provenance.md | ARCHITECTURAL_MATERIALS\decorative_surfaces.md | ARCHITECTURAL_MATERIALS\doors.md | ARCHITECTURAL_MATERIALS\floors.md | ARCHITECTURAL_MATERIALS\pillars.md | ARCHITECTURAL_MATERIALS\platforms.md | ARCHITECTURAL_MATERIALS\roofs.md | ARCHITECTURAL_MATERIALS\stairs.md | ARCHITECTURAL_MATERIALS\walls.md | ARCHITECTURAL_MATERIALS\windows.md | CHARACTER_MATERIALS\body_material_rules.md | CHARACTER_MATERIALS\hair.md | CHARACTER_MATERIALS\nails.md | CHARACTER_MATERIALS\skin.md | CHARACTER_MATERIALS\teeth.md | CONSTRUCTION_MATERIALS\flooring_materials.md | CONSTRUCTION_MATERIALS\lime.md | CONSTRUCTION_MATERIALS\mortar.md | CONSTRUCTION_MATERIALS\pigment_binder.md | CONSTRUCTION_MATERIALS\plaster.md | CONSTRUCTION_MATERIALS\roofing_materials.md | CORE\material_classification.md | CORE\material_continuity.md | CORE\material_decision_log.md | CORE\material_identity_rules.md | CORE\material_policy.md | CORE\material_registry.md | CORE\material_scale_rules.md | CORE\material_source_policy.md | CORE\material_substitution_rules.md | EARTHEN_AND_CERAMIC\ceramic.md | EARTHEN_AND_CERAMIC\fired_clay.md | EARTHEN_AND_CERAMIC\glazed_surfaces.md | EARTHEN_AND_CERAMIC\pottery.md | EARTHEN_AND_CERAMIC\terracotta.md | GLASS_AND_MINERAL_MATERIALS\crystal.md | GLASS_AND_MINERAL_MATERIALS\gemstone.md | GLASS_AND_MINERAL_MATERIALS\glass.md | GLASS_AND_MINERAL_MATERIALS\mica.md | GLASS_AND_MINERAL_MATERIALS\mineral_surfaces.md | GLASS_AND_MINERAL_MATERIALS\pearl.md | LEATHER_AND_ANIMAL_MATERIALS\bone.md | LEATHER_AND_ANIMAL_MATERIALS\feather_material.md | LEATHER_AND_ANIMAL_MATERIALS\hide.md | LEATHER_AND_ANIMAL_MATERIALS\horn.md | LEATHER_AND_ANIMAL_MATERIALS\ivory_research.md | LEATHER_AND_ANIMAL_MATERIALS\leather.md | LEATHER_AND_ANIMAL_MATERIALS\shell.md | MATERIAL_COMBINATIONS\composite_materials.md | MATERIAL_COMBINATIONS\glass_metal.md | MATERIAL_COMBINATIONS\metal_stone.md | MATERIAL_COMBINATIONS\metal_wood.md | MATERIAL_COMBINATIONS\stone_wood.md | MATERIAL_COMBINATIONS\textile_leather.md | MATERIAL_COMBINATIONS\textile_metal.md | MATERIAL_COMBINATIONS\wood_textile.md | MATERIAL_INTERACTION\cold_interaction.md | MATERIAL_INTERACTION\contact_interaction.md | MATERIAL_INTERACTION\dust_interaction.md | MATERIAL_INTERACTION\fire_interaction.md | MATERIAL_INTERACTION\heat_interaction.md | MATERIAL_INTERACTION\moonlight_interaction.md | MATERIAL_INTERACTION\smoke_interaction.md | MATERIAL_INTERACTION\sunlight_interaction.md | MATERIAL_INTERACTION\water_interaction.md | MATERIAL_INTERACTION\wind_interaction.md | MATERIAL_STATES\aging.md | MATERIAL_STATES\biological_growth.md | MATERIAL_STATES\damage.md | MATERIAL_STATES\destruction.md | MATERIAL_STATES\fire_damage.md | MATERIAL_STATES\normal_use.md | MATERIAL_STATES\pristine.md | MATERIAL_STATES\repair.md | MATERIAL_STATES\restoration.md | MATERIAL_STATES\water_damage.md | MATERIAL_STATES\weathering.md | METALS\brass.md | METALS\bronze.md | METALS\copper.md | METALS\gold.md | METALS\iron.md | METALS\silver.md | METALS\steel.md | ORGANIC_AND_NATURAL\flowers.md | ORGANIC_AND_NATURAL\leaves.md | ORGANIC_AND_NATURAL\organic_decay.md | ORGANIC_AND_NATURAL\resin.md | ORGANIC_AND_NATURAL\sap.md | ORGANIC_AND_NATURAL\wax.md | PHYSICAL_PROPERTIES\absorption.md | PHYSICAL_PROPERTIES\density.md | PHYSICAL_PROPERTIES\electrical_behavior.md | PHYSICAL_PROPERTIES\hardness.md | PHYSICAL_PROPERTIES\mechanical_behavior.md | PHYSICAL_PROPERTIES\reflectivity.md | PHYSICAL_PROPERTIES\roughness.md | PHYSICAL_PROPERTIES\scattering.md | PHYSICAL_PROPERTIES\surface_behavior.md | PHYSICAL_PROPERTIES\thermal_behavior.md | PHYSICAL_PROPERTIES\translucency.md | PHYSICAL_PROPERTIES\transparency.md | REFERENCES\historical_reference.md | REFERENCES\material_reference_policy.md | REFERENCES\physical_reference.md | REFERENCES\reference_index.md | REFERENCES\traditional_reference.md | REGISTRIES\material_master_registry.md | REGISTRIES\material_reference_registry.md | REGISTRIES\material_state_registry.md | REGISTRIES\material_usage_registry.md | RENDERING\albedo.md | RENDERING\anisotropy.md | RENDERING\clearcoat.md | RENDERING\displacement.md | RENDERING\material_shader_rules.md | RENDERING\metallic_workflow.md | RENDERING\normal_maps.md | RENDERING\physically_based_materials.md | RENDERING\roughness_maps.md | RENDERING\sheen.md | RENDERING\subsurface_scattering.md | RENDERING\transmission.md | STONE_AND_EARTH\basalt.md | STONE_AND_EARTH\clay.md | STONE_AND_EARTH\granite.md | STONE_AND_EARTH\gravel.md | STONE_AND_EARTH\limestone.md | STONE_AND_EARTH\marble.md | STONE_AND_EARTH\mud.md | STONE_AND_EARTH\natural_rock.md | STONE_AND_EARTH\sandstone.md | STONE_AND_EARTH\slate.md | STONE_AND_EARTH\soil.md | SURFACE_BEHAVIOR\ash.md | SURFACE_BEHAVIOR\chipped.md | SURFACE_BEHAVIOR\cracked.md | SURFACE_BEHAVIOR\dented.md | SURFACE_BEHAVIOR\dusty.md | SURFACE_BEHAVIOR\glossy.md | SURFACE_BEHAVIOR\matte.md | SURFACE_BEHAVIOR\muddy.md | SURFACE_BEHAVIOR\oily.md | SURFACE_BEHAVIOR\polished.md | SURFACE_BEHAVIOR\residue.md | SURFACE_BEHAVIOR\rough.md | SURFACE_BEHAVIOR\scratched.md | SURFACE_BEHAVIOR\soot.md | SURFACE_BEHAVIOR\stained.md | SURFACE_BEHAVIOR\wet.md | SURFACE_BEHAVIOR\worn.md | TEXTILES_AND_FIBERS\cotton.md | TEXTILES_AND_FIBERS\embroidery_materials.md | TEXTILES_AND_FIBERS\hemp.md | TEXTILES_AND_FIBERS\jute.md | TEXTILES_AND_FIBERS\knitted_structure.md | TEXTILES_AND_FIBERS\linen.md | TEXTILES_AND_FIBERS\natural_fibers.md | TEXTILES_AND_FIBERS\silk.md | TEXTILES_AND_FIBERS\textile_surface_behavior.md | TEXTILES_AND_FIBERS\wool.md | TEXTILES_AND_FIBERS\woven_structure.md | TEXTURE\photographic_textures.md | TEXTURE\procedural_textures.md | TEXTURE\texel_density.md | TEXTURE\texture_artifact_control.md | TEXTURE\texture_repetition.md | TEXTURE\texture_resolution.md | TEXTURE\texture_scale.md | TEXTURE\texture_variation.md | WOOD_AND_PLANT_MATERIALS\bamboo.md | WOOD_AND_PLANT_MATERIALS\bark.md | WOOD_AND_PLANT_MATERIALS\cane.md | WOOD_AND_PLANT_MATERIALS\hardwood.md | WOOD_AND_PLANT_MATERIALS\palm_materials.md | WOOD_AND_PLANT_MATERIALS\plant_fibers.md | WOOD_AND_PLANT_MATERIALS\softwood.md"
"10_CONTINUITY_QA\material_continuity.md","0","0","","True","AI\material_consistency.md | AI\material_drift.md | AI\material_generation_qa.md | AI\material_prompt_rules.md | AI\material_provenance.md | ARCHITECTURAL_MATERIALS\decorative_surfaces.md | ARCHITECTURAL_MATERIALS\doors.md | ARCHITECTURAL_MATERIALS\floors.md | ARCHITECTURAL_MATERIALS\pillars.md | ARCHITECTURAL_MATERIALS\platforms.md | ARCHITECTURAL_MATERIALS\roofs.md | ARCHITECTURAL_MATERIALS\stairs.md | ARCHITECTURAL_MATERIALS\walls.md | ARCHITECTURAL_MATERIALS\windows.md | CHARACTER_MATERIALS\body_material_rules.md | CHARACTER_MATERIALS\hair.md | CHARACTER_MATERIALS\nails.md | CHARACTER_MATERIALS\skin.md | CHARACTER_MATERIALS\teeth.md | CONSTRUCTION_MATERIALS\flooring_materials.md | CONSTRUCTION_MATERIALS\lime.md | CONSTRUCTION_MATERIALS\mortar.md | CONSTRUCTION_MATERIALS\pigment_binder.md | CONSTRUCTION_MATERIALS\plaster.md | CONSTRUCTION_MATERIALS\roofing_materials.md | CORE\material_classification.md | CORE\material_continuity.md | CORE\material_decision_log.md | CORE\material_identity_rules.md | CORE\material_policy.md | CORE\material_registry.md | CORE\material_scale_rules.md | CORE\material_source_policy.md | CORE\material_substitution_rules.md | EARTHEN_AND_CERAMIC\ceramic.md | EARTHEN_AND_CERAMIC\fired_clay.md | EARTHEN_AND_CERAMIC\glazed_surfaces.md | EARTHEN_AND_CERAMIC\pottery.md | EARTHEN_AND_CERAMIC\terracotta.md | GLASS_AND_MINERAL_MATERIALS\crystal.md | GLASS_AND_MINERAL_MATERIALS\gemstone.md | GLASS_AND_MINERAL_MATERIALS\glass.md | GLASS_AND_MINERAL_MATERIALS\mica.md | GLASS_AND_MINERAL_MATERIALS\mineral_surfaces.md | GLASS_AND_MINERAL_MATERIALS\pearl.md | LEATHER_AND_ANIMAL_MATERIALS\bone.md | LEATHER_AND_ANIMAL_MATERIALS\feather_material.md | LEATHER_AND_ANIMAL_MATERIALS\hide.md | LEATHER_AND_ANIMAL_MATERIALS\horn.md | LEATHER_AND_ANIMAL_MATERIALS\ivory_research.md | LEATHER_AND_ANIMAL_MATERIALS\leather.md | LEATHER_AND_ANIMAL_MATERIALS\shell.md | MATERIAL_COMBINATIONS\composite_materials.md | MATERIAL_COMBINATIONS\glass_metal.md | MATERIAL_COMBINATIONS\metal_stone.md | MATERIAL_COMBINATIONS\metal_wood.md | MATERIAL_COMBINATIONS\stone_wood.md | MATERIAL_COMBINATIONS\textile_leather.md | MATERIAL_COMBINATIONS\textile_metal.md | MATERIAL_COMBINATIONS\wood_textile.md | MATERIAL_INTERACTION\cold_interaction.md | MATERIAL_INTERACTION\contact_interaction.md | MATERIAL_INTERACTION\dust_interaction.md | MATERIAL_INTERACTION\fire_interaction.md | MATERIAL_INTERACTION\heat_interaction.md | MATERIAL_INTERACTION\moonlight_interaction.md | MATERIAL_INTERACTION\smoke_interaction.md | MATERIAL_INTERACTION\sunlight_interaction.md | MATERIAL_INTERACTION\water_interaction.md | MATERIAL_INTERACTION\wind_interaction.md | MATERIAL_STATES\aging.md | MATERIAL_STATES\biological_growth.md | MATERIAL_STATES\damage.md | MATERIAL_STATES\destruction.md | MATERIAL_STATES\fire_damage.md | MATERIAL_STATES\normal_use.md | MATERIAL_STATES\pristine.md | MATERIAL_STATES\repair.md | MATERIAL_STATES\restoration.md | MATERIAL_STATES\water_damage.md | MATERIAL_STATES\weathering.md | METALS\brass.md | METALS\bronze.md | METALS\copper.md | METALS\gold.md | METALS\iron.md | METALS\silver.md | METALS\steel.md | ORGANIC_AND_NATURAL\flowers.md | ORGANIC_AND_NATURAL\leaves.md | ORGANIC_AND_NATURAL\organic_decay.md | ORGANIC_AND_NATURAL\resin.md | ORGANIC_AND_NATURAL\sap.md | ORGANIC_AND_NATURAL\wax.md | PHYSICAL_PROPERTIES\absorption.md | PHYSICAL_PROPERTIES\density.md | PHYSICAL_PROPERTIES\electrical_behavior.md | PHYSICAL_PROPERTIES\hardness.md | PHYSICAL_PROPERTIES\mechanical_behavior.md | PHYSICAL_PROPERTIES\reflectivity.md | PHYSICAL_PROPERTIES\roughness.md | PHYSICAL_PROPERTIES\scattering.md | PHYSICAL_PROPERTIES\surface_behavior.md | PHYSICAL_PROPERTIES\thermal_behavior.md | PHYSICAL_PROPERTIES\translucency.md | PHYSICAL_PROPERTIES\transparency.md | REFERENCES\historical_reference.md | REFERENCES\material_reference_policy.md | REFERENCES\physical_reference.md | REFERENCES\reference_index.md | REFERENCES\traditional_reference.md | REGISTRIES\material_master_registry.md | REGISTRIES\material_reference_registry.md | REGISTRIES\material_state_registry.md | REGISTRIES\material_usage_registry.md | RENDERING\albedo.md | RENDERING\anisotropy.md | RENDERING\clearcoat.md | RENDERING\displacement.md | RENDERING\material_shader_rules.md | RENDERING\metallic_workflow.md | RENDERING\normal_maps.md | RENDERING\physically_based_materials.md | RENDERING\roughness_maps.md | RENDERING\sheen.md | RENDERING\subsurface_scattering.md | RENDERING\transmission.md | STONE_AND_EARTH\basalt.md | STONE_AND_EARTH\clay.md | STONE_AND_EARTH\granite.md | STONE_AND_EARTH\gravel.md | STONE_AND_EARTH\limestone.md | STONE_AND_EARTH\marble.md | STONE_AND_EARTH\mud.md | STONE_AND_EARTH\natural_rock.md | STONE_AND_EARTH\sandstone.md | STONE_AND_EARTH\slate.md | STONE_AND_EARTH\soil.md | SURFACE_BEHAVIOR\ash.md | SURFACE_BEHAVIOR\chipped.md | SURFACE_BEHAVIOR\cracked.md | SURFACE_BEHAVIOR\dented.md | SURFACE_BEHAVIOR\dusty.md | SURFACE_BEHAVIOR\glossy.md | SURFACE_BEHAVIOR\matte.md | SURFACE_BEHAVIOR\muddy.md | SURFACE_BEHAVIOR\oily.md | SURFACE_BEHAVIOR\polished.md | SURFACE_BEHAVIOR\residue.md | SURFACE_BEHAVIOR\rough.md | SURFACE_BEHAVIOR\scratched.md | SURFACE_BEHAVIOR\soot.md | SURFACE_BEHAVIOR\stained.md | SURFACE_BEHAVIOR\wet.md | SURFACE_BEHAVIOR\worn.md | TEXTILES_AND_FIBERS\cotton.md | TEXTILES_AND_FIBERS\embroidery_materials.md | TEXTILES_AND_FIBERS\hemp.md | TEXTILES_AND_FIBERS\jute.md | TEXTILES_AND_FIBERS\knitted_structure.md | TEXTILES_AND_FIBERS\linen.md | TEXTILES_AND_FIBERS\natural_fibers.md | TEXTILES_AND_FIBERS\silk.md | TEXTILES_AND_FIBERS\textile_surface_behavior.md | TEXTILES_AND_FIBERS\wool.md | TEXTILES_AND_FIBERS\woven_structure.md | TEXTURE\photographic_textures.md | TEXTURE\procedural_textures.md | TEXTURE\texel_density.md | TEXTURE\texture_artifact_control.md | TEXTURE\texture_repetition.md | TEXTURE\texture_resolution.md | TEXTURE\texture_scale.md | TEXTURE\texture_variation.md | WOOD_AND_PLANT_MATERIALS\bamboo.md | WOOD_AND_PLANT_MATERIALS\bark.md | WOOD_AND_PLANT_MATERIALS\cane.md | WOOD_AND_PLANT_MATERIALS\hardwood.md | WOOD_AND_PLANT_MATERIALS\palm_materials.md | WOOD_AND_PLANT_MATERIALS\plant_fibers.md | WOOD_AND_PLANT_MATERIALS\softwood.md"
"10_CONTINUITY_QA\realism_qa.md","0","0","","True","AI\material_consistency.md | AI\material_drift.md | AI\material_generation_qa.md | AI\material_prompt_rules.md | AI\material_provenance.md | ARCHITECTURAL_MATERIALS\decorative_surfaces.md | ARCHITECTURAL_MATERIALS\doors.md | ARCHITECTURAL_MATERIALS\floors.md | ARCHITECTURAL_MATERIALS\pillars.md | ARCHITECTURAL_MATERIALS\platforms.md | ARCHITECTURAL_MATERIALS\roofs.md | ARCHITECTURAL_MATERIALS\stairs.md | ARCHITECTURAL_MATERIALS\walls.md | ARCHITECTURAL_MATERIALS\windows.md | CHARACTER_MATERIALS\body_material_rules.md | CHARACTER_MATERIALS\hair.md | CHARACTER_MATERIALS\nails.md | CHARACTER_MATERIALS\skin.md | CHARACTER_MATERIALS\teeth.md | CONSTRUCTION_MATERIALS\flooring_materials.md | CONSTRUCTION_MATERIALS\lime.md | CONSTRUCTION_MATERIALS\mortar.md | CONSTRUCTION_MATERIALS\pigment_binder.md | CONSTRUCTION_MATERIALS\plaster.md | CONSTRUCTION_MATERIALS\roofing_materials.md | CORE\material_classification.md | CORE\material_continuity.md | CORE\material_decision_log.md | CORE\material_identity_rules.md | CORE\material_policy.md | CORE\material_registry.md | CORE\material_scale_rules.md | CORE\material_source_policy.md | CORE\material_substitution_rules.md | EARTHEN_AND_CERAMIC\ceramic.md | EARTHEN_AND_CERAMIC\fired_clay.md | EARTHEN_AND_CERAMIC\glazed_surfaces.md | EARTHEN_AND_CERAMIC\pottery.md | EARTHEN_AND_CERAMIC\terracotta.md | GLASS_AND_MINERAL_MATERIALS\crystal.md | GLASS_AND_MINERAL_MATERIALS\gemstone.md | GLASS_AND_MINERAL_MATERIALS\glass.md | GLASS_AND_MINERAL_MATERIALS\mica.md | GLASS_AND_MINERAL_MATERIALS\mineral_surfaces.md | GLASS_AND_MINERAL_MATERIALS\pearl.md | LEATHER_AND_ANIMAL_MATERIALS\bone.md | LEATHER_AND_ANIMAL_MATERIALS\feather_material.md | LEATHER_AND_ANIMAL_MATERIALS\hide.md | LEATHER_AND_ANIMAL_MATERIALS\horn.md | LEATHER_AND_ANIMAL_MATERIALS\ivory_research.md | LEATHER_AND_ANIMAL_MATERIALS\leather.md | LEATHER_AND_ANIMAL_MATERIALS\shell.md | MATERIAL_COMBINATIONS\composite_materials.md | MATERIAL_COMBINATIONS\glass_metal.md | MATERIAL_COMBINATIONS\metal_stone.md | MATERIAL_COMBINATIONS\metal_wood.md | MATERIAL_COMBINATIONS\stone_wood.md | MATERIAL_COMBINATIONS\textile_leather.md | MATERIAL_COMBINATIONS\textile_metal.md | MATERIAL_COMBINATIONS\wood_textile.md | MATERIAL_INTERACTION\cold_interaction.md | MATERIAL_INTERACTION\contact_interaction.md | MATERIAL_INTERACTION\dust_interaction.md | MATERIAL_INTERACTION\fire_interaction.md | MATERIAL_INTERACTION\heat_interaction.md | MATERIAL_INTERACTION\moonlight_interaction.md | MATERIAL_INTERACTION\smoke_interaction.md | MATERIAL_INTERACTION\sunlight_interaction.md | MATERIAL_INTERACTION\water_interaction.md | MATERIAL_INTERACTION\wind_interaction.md | MATERIAL_STATES\aging.md | MATERIAL_STATES\biological_growth.md | MATERIAL_STATES\damage.md | MATERIAL_STATES\destruction.md | MATERIAL_STATES\fire_damage.md | MATERIAL_STATES\normal_use.md | MATERIAL_STATES\pristine.md | MATERIAL_STATES\repair.md | MATERIAL_STATES\restoration.md | MATERIAL_STATES\water_damage.md | MATERIAL_STATES\weathering.md | METALS\brass.md | METALS\bronze.md | METALS\copper.md | METALS\gold.md | METALS\iron.md | METALS\silver.md | METALS\steel.md | ORGANIC_AND_NATURAL\flowers.md | ORGANIC_AND_NATURAL\leaves.md | ORGANIC_AND_NATURAL\organic_decay.md | ORGANIC_AND_NATURAL\resin.md | ORGANIC_AND_NATURAL\sap.md | ORGANIC_AND_NATURAL\wax.md | PHYSICAL_PROPERTIES\absorption.md | PHYSICAL_PROPERTIES\density.md | PHYSICAL_PROPERTIES\electrical_behavior.md | PHYSICAL_PROPERTIES\hardness.md | PHYSICAL_PROPERTIES\mechanical_behavior.md | PHYSICAL_PROPERTIES\reflectivity.md | PHYSICAL_PROPERTIES\roughness.md | PHYSICAL_PROPERTIES\scattering.md | PHYSICAL_PROPERTIES\surface_behavior.md | PHYSICAL_PROPERTIES\thermal_behavior.md | PHYSICAL_PROPERTIES\translucency.md | PHYSICAL_PROPERTIES\transparency.md | REFERENCES\historical_reference.md | REFERENCES\material_reference_policy.md | REFERENCES\physical_reference.md | REFERENCES\reference_index.md | REFERENCES\traditional_reference.md | REGISTRIES\material_master_registry.md | REGISTRIES\material_reference_registry.md | REGISTRIES\material_state_registry.md | REGISTRIES\material_usage_registry.md | RENDERING\albedo.md | RENDERING\anisotropy.md | RENDERING\clearcoat.md | RENDERING\displacement.md | RENDERING\material_shader_rules.md | RENDERING\metallic_workflow.md | RENDERING\normal_maps.md | RENDERING\physically_based_materials.md | RENDERING\roughness_maps.md | RENDERING\sheen.md | RENDERING\subsurface_scattering.md | RENDERING\transmission.md | STONE_AND_EARTH\basalt.md | STONE_AND_EARTH\clay.md | STONE_AND_EARTH\granite.md | STONE_AND_EARTH\gravel.md | STONE_AND_EARTH\limestone.md | STONE_AND_EARTH\marble.md | STONE_AND_EARTH\mud.md | STONE_AND_EARTH\natural_rock.md | STONE_AND_EARTH\sandstone.md | STONE_AND_EARTH\slate.md | STONE_AND_EARTH\soil.md | SURFACE_BEHAVIOR\ash.md | SURFACE_BEHAVIOR\chipped.md | SURFACE_BEHAVIOR\cracked.md | SURFACE_BEHAVIOR\dented.md | SURFACE_BEHAVIOR\dusty.md | SURFACE_BEHAVIOR\glossy.md | SURFACE_BEHAVIOR\matte.md | SURFACE_BEHAVIOR\muddy.md | SURFACE_BEHAVIOR\oily.md | SURFACE_BEHAVIOR\polished.md | SURFACE_BEHAVIOR\residue.md | SURFACE_BEHAVIOR\rough.md | SURFACE_BEHAVIOR\scratched.md | SURFACE_BEHAVIOR\soot.md | SURFACE_BEHAVIOR\stained.md | SURFACE_BEHAVIOR\wet.md | SURFACE_BEHAVIOR\worn.md | TEXTILES_AND_FIBERS\cotton.md | TEXTILES_AND_FIBERS\embroidery_materials.md | TEXTILES_AND_FIBERS\hemp.md | TEXTILES_AND_FIBERS\jute.md | TEXTILES_AND_FIBERS\knitted_structure.md | TEXTILES_AND_FIBERS\linen.md | TEXTILES_AND_FIBERS\natural_fibers.md | TEXTILES_AND_FIBERS\silk.md | TEXTILES_AND_FIBERS\textile_surface_behavior.md | TEXTILES_AND_FIBERS\wool.md | TEXTILES_AND_FIBERS\woven_structure.md | TEXTURE\photographic_textures.md | TEXTURE\procedural_textures.md | TEXTURE\texel_density.md | TEXTURE\texture_artifact_control.md | TEXTURE\texture_repetition.md | TEXTURE\texture_resolution.md | TEXTURE\texture_scale.md | TEXTURE\texture_variation.md | WOOD_AND_PLANT_MATERIALS\bamboo.md | WOOD_AND_PLANT_MATERIALS\bark.md | WOOD_AND_PLANT_MATERIALS\cane.md | WOOD_AND_PLANT_MATERIALS\hardwood.md | WOOD_AND_PLANT_MATERIALS\palm_materials.md | WOOD_AND_PLANT_MATERIALS\plant_fibers.md | WOOD_AND_PLANT_MATERIALS\softwood.md"
"10_CONTINUITY_QA\temporal_consistency.md","0","0","","True","AI\material_consistency.md | AI\material_drift.md | AI\material_generation_qa.md | AI\material_prompt_rules.md | AI\material_provenance.md | ARCHITECTURAL_MATERIALS\decorative_surfaces.md | ARCHITECTURAL_MATERIALS\doors.md | ARCHITECTURAL_MATERIALS\floors.md | ARCHITECTURAL_MATERIALS\pillars.md | ARCHITECTURAL_MATERIALS\platforms.md | ARCHITECTURAL_MATERIALS\roofs.md | ARCHITECTURAL_MATERIALS\stairs.md | ARCHITECTURAL_MATERIALS\walls.md | ARCHITECTURAL_MATERIALS\windows.md | CHARACTER_MATERIALS\body_material_rules.md | CHARACTER_MATERIALS\hair.md | CHARACTER_MATERIALS\nails.md | CHARACTER_MATERIALS\skin.md | CHARACTER_MATERIALS\teeth.md | CONSTRUCTION_MATERIALS\flooring_materials.md | CONSTRUCTION_MATERIALS\lime.md | CONSTRUCTION_MATERIALS\mortar.md | CONSTRUCTION_MATERIALS\pigment_binder.md | CONSTRUCTION_MATERIALS\plaster.md | CONSTRUCTION_MATERIALS\roofing_materials.md | CORE\material_classification.md | CORE\material_continuity.md | CORE\material_decision_log.md | CORE\material_identity_rules.md | CORE\material_policy.md | CORE\material_registry.md | CORE\material_scale_rules.md | CORE\material_source_policy.md | CORE\material_substitution_rules.md | EARTHEN_AND_CERAMIC\ceramic.md | EARTHEN_AND_CERAMIC\fired_clay.md | EARTHEN_AND_CERAMIC\glazed_surfaces.md | EARTHEN_AND_CERAMIC\pottery.md | EARTHEN_AND_CERAMIC\terracotta.md | GLASS_AND_MINERAL_MATERIALS\crystal.md | GLASS_AND_MINERAL_MATERIALS\gemstone.md | GLASS_AND_MINERAL_MATERIALS\glass.md | GLASS_AND_MINERAL_MATERIALS\mica.md | GLASS_AND_MINERAL_MATERIALS\mineral_surfaces.md | GLASS_AND_MINERAL_MATERIALS\pearl.md | LEATHER_AND_ANIMAL_MATERIALS\bone.md | LEATHER_AND_ANIMAL_MATERIALS\feather_material.md | LEATHER_AND_ANIMAL_MATERIALS\hide.md | LEATHER_AND_ANIMAL_MATERIALS\horn.md | LEATHER_AND_ANIMAL_MATERIALS\ivory_research.md | LEATHER_AND_ANIMAL_MATERIALS\leather.md | LEATHER_AND_ANIMAL_MATERIALS\shell.md | MATERIAL_COMBINATIONS\composite_materials.md | MATERIAL_COMBINATIONS\glass_metal.md | MATERIAL_COMBINATIONS\metal_stone.md | MATERIAL_COMBINATIONS\metal_wood.md | MATERIAL_COMBINATIONS\stone_wood.md | MATERIAL_COMBINATIONS\textile_leather.md | MATERIAL_COMBINATIONS\textile_metal.md | MATERIAL_COMBINATIONS\wood_textile.md | MATERIAL_INTERACTION\cold_interaction.md | MATERIAL_INTERACTION\contact_interaction.md | MATERIAL_INTERACTION\dust_interaction.md | MATERIAL_INTERACTION\fire_interaction.md | MATERIAL_INTERACTION\heat_interaction.md | MATERIAL_INTERACTION\moonlight_interaction.md | MATERIAL_INTERACTION\smoke_interaction.md | MATERIAL_INTERACTION\sunlight_interaction.md | MATERIAL_INTERACTION\water_interaction.md | MATERIAL_INTERACTION\wind_interaction.md | MATERIAL_STATES\aging.md | MATERIAL_STATES\biological_growth.md | MATERIAL_STATES\damage.md | MATERIAL_STATES\destruction.md | MATERIAL_STATES\fire_damage.md | MATERIAL_STATES\normal_use.md | MATERIAL_STATES\pristine.md | MATERIAL_STATES\repair.md | MATERIAL_STATES\restoration.md | MATERIAL_STATES\water_damage.md | MATERIAL_STATES\weathering.md | METALS\brass.md | METALS\bronze.md | METALS\copper.md | METALS\gold.md | METALS\iron.md | METALS\silver.md | METALS\steel.md | ORGANIC_AND_NATURAL\flowers.md | ORGANIC_AND_NATURAL\leaves.md | ORGANIC_AND_NATURAL\organic_decay.md | ORGANIC_AND_NATURAL\resin.md | ORGANIC_AND_NATURAL\sap.md | ORGANIC_AND_NATURAL\wax.md | PHYSICAL_PROPERTIES\absorption.md | PHYSICAL_PROPERTIES\density.md | PHYSICAL_PROPERTIES\electrical_behavior.md | PHYSICAL_PROPERTIES\hardness.md | PHYSICAL_PROPERTIES\mechanical_behavior.md | PHYSICAL_PROPERTIES\reflectivity.md | PHYSICAL_PROPERTIES\roughness.md | PHYSICAL_PROPERTIES\scattering.md | PHYSICAL_PROPERTIES\surface_behavior.md | PHYSICAL_PROPERTIES\thermal_behavior.md | PHYSICAL_PROPERTIES\translucency.md | PHYSICAL_PROPERTIES\transparency.md | REFERENCES\historical_reference.md | REFERENCES\material_reference_policy.md | REFERENCES\physical_reference.md | REFERENCES\reference_index.md | REFERENCES\traditional_reference.md | REGISTRIES\material_master_registry.md | REGISTRIES\material_reference_registry.md | REGISTRIES\material_state_registry.md | REGISTRIES\material_usage_registry.md | RENDERING\albedo.md | RENDERING\anisotropy.md | RENDERING\clearcoat.md | RENDERING\displacement.md | RENDERING\material_shader_rules.md | RENDERING\metallic_workflow.md | RENDERING\normal_maps.md | RENDERING\physically_based_materials.md | RENDERING\roughness_maps.md | RENDERING\sheen.md | RENDERING\subsurface_scattering.md | RENDERING\transmission.md | STONE_AND_EARTH\basalt.md | STONE_AND_EARTH\clay.md | STONE_AND_EARTH\granite.md | STONE_AND_EARTH\gravel.md | STONE_AND_EARTH\limestone.md | STONE_AND_EARTH\marble.md | STONE_AND_EARTH\mud.md | STONE_AND_EARTH\natural_rock.md | STONE_AND_EARTH\sandstone.md | STONE_AND_EARTH\slate.md | STONE_AND_EARTH\soil.md | SURFACE_BEHAVIOR\ash.md | SURFACE_BEHAVIOR\chipped.md | SURFACE_BEHAVIOR\cracked.md | SURFACE_BEHAVIOR\dented.md | SURFACE_BEHAVIOR\dusty.md | SURFACE_BEHAVIOR\glossy.md | SURFACE_BEHAVIOR\matte.md | SURFACE_BEHAVIOR\muddy.md | SURFACE_BEHAVIOR\oily.md | SURFACE_BEHAVIOR\polished.md | SURFACE_BEHAVIOR\residue.md | SURFACE_BEHAVIOR\rough.md | SURFACE_BEHAVIOR\scratched.md | SURFACE_BEHAVIOR\soot.md | SURFACE_BEHAVIOR\stained.md | SURFACE_BEHAVIOR\wet.md | SURFACE_BEHAVIOR\worn.md | TEXTILES_AND_FIBERS\cotton.md | TEXTILES_AND_FIBERS\embroidery_materials.md | TEXTILES_AND_FIBERS\hemp.md | TEXTILES_AND_FIBERS\jute.md | TEXTILES_AND_FIBERS\knitted_structure.md | TEXTILES_AND_FIBERS\linen.md | TEXTILES_AND_FIBERS\natural_fibers.md | TEXTILES_AND_FIBERS\silk.md | TEXTILES_AND_FIBERS\textile_surface_behavior.md | TEXTILES_AND_FIBERS\wool.md | TEXTILES_AND_FIBERS\woven_structure.md | TEXTURE\photographic_textures.md | TEXTURE\procedural_textures.md | TEXTURE\texel_density.md | TEXTURE\texture_artifact_control.md | TEXTURE\texture_repetition.md | TEXTURE\texture_resolution.md | TEXTURE\texture_scale.md | TEXTURE\texture_variation.md | WOOD_AND_PLANT_MATERIALS\bamboo.md | WOOD_AND_PLANT_MATERIALS\bark.md | WOOD_AND_PLANT_MATERIALS\cane.md | WOOD_AND_PLANT_MATERIALS\hardwood.md | WOOD_AND_PLANT_MATERIALS\palm_materials.md | WOOD_AND_PLANT_MATERIALS\plant_fibers.md | WOOD_AND_PLANT_MATERIALS\softwood.md"
"11_PRODUCTION_HANDOFF\3d_handoff.md","0","0","","True","AI\material_consistency.md | AI\material_drift.md | AI\material_generation_qa.md | AI\material_prompt_rules.md | AI\material_provenance.md | ARCHITECTURAL_MATERIALS\decorative_surfaces.md | ARCHITECTURAL_MATERIALS\doors.md | ARCHITECTURAL_MATERIALS\floors.md | ARCHITECTURAL_MATERIALS\pillars.md | ARCHITECTURAL_MATERIALS\platforms.md | ARCHITECTURAL_MATERIALS\roofs.md | ARCHITECTURAL_MATERIALS\stairs.md | ARCHITECTURAL_MATERIALS\walls.md | ARCHITECTURAL_MATERIALS\windows.md | CHARACTER_MATERIALS\body_material_rules.md | CHARACTER_MATERIALS\hair.md | CHARACTER_MATERIALS\nails.md | CHARACTER_MATERIALS\skin.md | CHARACTER_MATERIALS\teeth.md | CONSTRUCTION_MATERIALS\flooring_materials.md | CONSTRUCTION_MATERIALS\lime.md | CONSTRUCTION_MATERIALS\mortar.md | CONSTRUCTION_MATERIALS\pigment_binder.md | CONSTRUCTION_MATERIALS\plaster.md | CONSTRUCTION_MATERIALS\roofing_materials.md | CORE\material_classification.md | CORE\material_continuity.md | CORE\material_decision_log.md | CORE\material_identity_rules.md | CORE\material_policy.md | CORE\material_registry.md | CORE\material_scale_rules.md | CORE\material_source_policy.md | CORE\material_substitution_rules.md | EARTHEN_AND_CERAMIC\ceramic.md | EARTHEN_AND_CERAMIC\fired_clay.md | EARTHEN_AND_CERAMIC\glazed_surfaces.md | EARTHEN_AND_CERAMIC\pottery.md | EARTHEN_AND_CERAMIC\terracotta.md | GLASS_AND_MINERAL_MATERIALS\crystal.md | GLASS_AND_MINERAL_MATERIALS\gemstone.md | GLASS_AND_MINERAL_MATERIALS\glass.md | GLASS_AND_MINERAL_MATERIALS\mica.md | GLASS_AND_MINERAL_MATERIALS\mineral_surfaces.md | GLASS_AND_MINERAL_MATERIALS\pearl.md | LEATHER_AND_ANIMAL_MATERIALS\bone.md | LEATHER_AND_ANIMAL_MATERIALS\feather_material.md | LEATHER_AND_ANIMAL_MATERIALS\hide.md | LEATHER_AND_ANIMAL_MATERIALS\horn.md | LEATHER_AND_ANIMAL_MATERIALS\ivory_research.md | LEATHER_AND_ANIMAL_MATERIALS\leather.md | LEATHER_AND_ANIMAL_MATERIALS\shell.md | MATERIAL_COMBINATIONS\composite_materials.md | MATERIAL_COMBINATIONS\glass_metal.md | MATERIAL_COMBINATIONS\metal_stone.md | MATERIAL_COMBINATIONS\metal_wood.md | MATERIAL_COMBINATIONS\stone_wood.md | MATERIAL_COMBINATIONS\textile_leather.md | MATERIAL_COMBINATIONS\textile_metal.md | MATERIAL_COMBINATIONS\wood_textile.md | MATERIAL_INTERACTION\cold_interaction.md | MATERIAL_INTERACTION\contact_interaction.md | MATERIAL_INTERACTION\dust_interaction.md | MATERIAL_INTERACTION\fire_interaction.md | MATERIAL_INTERACTION\heat_interaction.md | MATERIAL_INTERACTION\moonlight_interaction.md | MATERIAL_INTERACTION\smoke_interaction.md | MATERIAL_INTERACTION\sunlight_interaction.md | MATERIAL_INTERACTION\water_interaction.md | MATERIAL_INTERACTION\wind_interaction.md | MATERIAL_STATES\aging.md | MATERIAL_STATES\biological_growth.md | MATERIAL_STATES\damage.md | MATERIAL_STATES\destruction.md | MATERIAL_STATES\fire_damage.md | MATERIAL_STATES\normal_use.md | MATERIAL_STATES\pristine.md | MATERIAL_STATES\repair.md | MATERIAL_STATES\restoration.md | MATERIAL_STATES\water_damage.md | MATERIAL_STATES\weathering.md | METALS\brass.md | METALS\bronze.md | METALS\copper.md | METALS\gold.md | METALS\iron.md | METALS\silver.md | METALS\steel.md | ORGANIC_AND_NATURAL\flowers.md | ORGANIC_AND_NATURAL\leaves.md | ORGANIC_AND_NATURAL\organic_decay.md | ORGANIC_AND_NATURAL\resin.md | ORGANIC_AND_NATURAL\sap.md | ORGANIC_AND_NATURAL\wax.md | PHYSICAL_PROPERTIES\absorption.md | PHYSICAL_PROPERTIES\density.md | PHYSICAL_PROPERTIES\electrical_behavior.md | PHYSICAL_PROPERTIES\hardness.md | PHYSICAL_PROPERTIES\mechanical_behavior.md | PHYSICAL_PROPERTIES\reflectivity.md | PHYSICAL_PROPERTIES\roughness.md | PHYSICAL_PROPERTIES\scattering.md | PHYSICAL_PROPERTIES\surface_behavior.md | PHYSICAL_PROPERTIES\thermal_behavior.md | PHYSICAL_PROPERTIES\translucency.md | PHYSICAL_PROPERTIES\transparency.md | REFERENCES\historical_reference.md | REFERENCES\material_reference_policy.md | REFERENCES\physical_reference.md | REFERENCES\reference_index.md | REFERENCES\traditional_reference.md | REGISTRIES\material_master_registry.md | REGISTRIES\material_reference_registry.md | REGISTRIES\material_state_registry.md | REGISTRIES\material_usage_registry.md | RENDERING\albedo.md | RENDERING\anisotropy.md | RENDERING\clearcoat.md | RENDERING\displacement.md | RENDERING\material_shader_rules.md | RENDERING\metallic_workflow.md | RENDERING\normal_maps.md | RENDERING\physically_based_materials.md | RENDERING\roughness_maps.md | RENDERING\sheen.md | RENDERING\subsurface_scattering.md | RENDERING\transmission.md | STONE_AND_EARTH\basalt.md | STONE_AND_EARTH\clay.md | STONE_AND_EARTH\granite.md | STONE_AND_EARTH\gravel.md | STONE_AND_EARTH\limestone.md | STONE_AND_EARTH\marble.md | STONE_AND_EARTH\mud.md | STONE_AND_EARTH\natural_rock.md | STONE_AND_EARTH\sandstone.md | STONE_AND_EARTH\slate.md | STONE_AND_EARTH\soil.md | SURFACE_BEHAVIOR\ash.md | SURFACE_BEHAVIOR\chipped.md | SURFACE_BEHAVIOR\cracked.md | SURFACE_BEHAVIOR\dented.md | SURFACE_BEHAVIOR\dusty.md | SURFACE_BEHAVIOR\glossy.md | SURFACE_BEHAVIOR\matte.md | SURFACE_BEHAVIOR\muddy.md | SURFACE_BEHAVIOR\oily.md | SURFACE_BEHAVIOR\polished.md | SURFACE_BEHAVIOR\residue.md | SURFACE_BEHAVIOR\rough.md | SURFACE_BEHAVIOR\scratched.md | SURFACE_BEHAVIOR\soot.md | SURFACE_BEHAVIOR\stained.md | SURFACE_BEHAVIOR\wet.md | SURFACE_BEHAVIOR\worn.md | TEXTILES_AND_FIBERS\cotton.md | TEXTILES_AND_FIBERS\embroidery_materials.md | TEXTILES_AND_FIBERS\hemp.md | TEXTILES_AND_FIBERS\jute.md | TEXTILES_AND_FIBERS\knitted_structure.md | TEXTILES_AND_FIBERS\linen.md | TEXTILES_AND_FIBERS\natural_fibers.md | TEXTILES_AND_FIBERS\silk.md | TEXTILES_AND_FIBERS\textile_surface_behavior.md | TEXTILES_AND_FIBERS\wool.md | TEXTILES_AND_FIBERS\woven_structure.md | TEXTURE\photographic_textures.md | TEXTURE\procedural_textures.md | TEXTURE\texel_density.md | TEXTURE\texture_artifact_control.md | TEXTURE\texture_repetition.md | TEXTURE\texture_resolution.md | TEXTURE\texture_scale.md | TEXTURE\texture_variation.md | WOOD_AND_PLANT_MATERIALS\bamboo.md | WOOD_AND_PLANT_MATERIALS\bark.md | WOOD_AND_PLANT_MATERIALS\cane.md | WOOD_AND_PLANT_MATERIALS\hardwood.md | WOOD_AND_PLANT_MATERIALS\palm_materials.md | WOOD_AND_PLANT_MATERIALS\plant_fibers.md | WOOD_AND_PLANT_MATERIALS\softwood.md"
"11_PRODUCTION_HANDOFF\lighting_handoff.md","0","0","","True","AI\material_consistency.md | AI\material_drift.md | AI\material_generation_qa.md | AI\material_prompt_rules.md | AI\material_provenance.md | ARCHITECTURAL_MATERIALS\decorative_surfaces.md | ARCHITECTURAL_MATERIALS\doors.md | ARCHITECTURAL_MATERIALS\floors.md | ARCHITECTURAL_MATERIALS\pillars.md | ARCHITECTURAL_MATERIALS\platforms.md | ARCHITECTURAL_MATERIALS\roofs.md | ARCHITECTURAL_MATERIALS\stairs.md | ARCHITECTURAL_MATERIALS\walls.md | ARCHITECTURAL_MATERIALS\windows.md | CHARACTER_MATERIALS\body_material_rules.md | CHARACTER_MATERIALS\hair.md | CHARACTER_MATERIALS\nails.md | CHARACTER_MATERIALS\skin.md | CHARACTER_MATERIALS\teeth.md | CONSTRUCTION_MATERIALS\flooring_materials.md | CONSTRUCTION_MATERIALS\lime.md | CONSTRUCTION_MATERIALS\mortar.md | CONSTRUCTION_MATERIALS\pigment_binder.md | CONSTRUCTION_MATERIALS\plaster.md | CONSTRUCTION_MATERIALS\roofing_materials.md | CORE\material_classification.md | CORE\material_continuity.md | CORE\material_decision_log.md | CORE\material_identity_rules.md | CORE\material_policy.md | CORE\material_registry.md | CORE\material_scale_rules.md | CORE\material_source_policy.md | CORE\material_substitution_rules.md | EARTHEN_AND_CERAMIC\ceramic.md | EARTHEN_AND_CERAMIC\fired_clay.md | EARTHEN_AND_CERAMIC\glazed_surfaces.md | EARTHEN_AND_CERAMIC\pottery.md | EARTHEN_AND_CERAMIC\terracotta.md | GLASS_AND_MINERAL_MATERIALS\crystal.md | GLASS_AND_MINERAL_MATERIALS\gemstone.md | GLASS_AND_MINERAL_MATERIALS\glass.md | GLASS_AND_MINERAL_MATERIALS\mica.md | GLASS_AND_MINERAL_MATERIALS\mineral_surfaces.md | GLASS_AND_MINERAL_MATERIALS\pearl.md | LEATHER_AND_ANIMAL_MATERIALS\bone.md | LEATHER_AND_ANIMAL_MATERIALS\feather_material.md | LEATHER_AND_ANIMAL_MATERIALS\hide.md | LEATHER_AND_ANIMAL_MATERIALS\horn.md | LEATHER_AND_ANIMAL_MATERIALS\ivory_research.md | LEATHER_AND_ANIMAL_MATERIALS\leather.md | LEATHER_AND_ANIMAL_MATERIALS\shell.md | MATERIAL_COMBINATIONS\composite_materials.md | MATERIAL_COMBINATIONS\glass_metal.md | MATERIAL_COMBINATIONS\metal_stone.md | MATERIAL_COMBINATIONS\metal_wood.md | MATERIAL_COMBINATIONS\stone_wood.md | MATERIAL_COMBINATIONS\textile_leather.md | MATERIAL_COMBINATIONS\textile_metal.md | MATERIAL_COMBINATIONS\wood_textile.md | MATERIAL_INTERACTION\cold_interaction.md | MATERIAL_INTERACTION\contact_interaction.md | MATERIAL_INTERACTION\dust_interaction.md | MATERIAL_INTERACTION\fire_interaction.md | MATERIAL_INTERACTION\heat_interaction.md | MATERIAL_INTERACTION\moonlight_interaction.md | MATERIAL_INTERACTION\smoke_interaction.md | MATERIAL_INTERACTION\sunlight_interaction.md | MATERIAL_INTERACTION\water_interaction.md | MATERIAL_INTERACTION\wind_interaction.md | MATERIAL_STATES\aging.md | MATERIAL_STATES\biological_growth.md | MATERIAL_STATES\damage.md | MATERIAL_STATES\destruction.md | MATERIAL_STATES\fire_damage.md | MATERIAL_STATES\normal_use.md | MATERIAL_STATES\pristine.md | MATERIAL_STATES\repair.md | MATERIAL_STATES\restoration.md | MATERIAL_STATES\water_damage.md | MATERIAL_STATES\weathering.md | METALS\brass.md | METALS\bronze.md | METALS\copper.md | METALS\gold.md | METALS\iron.md | METALS\silver.md | METALS\steel.md | ORGANIC_AND_NATURAL\flowers.md | ORGANIC_AND_NATURAL\leaves.md | ORGANIC_AND_NATURAL\organic_decay.md | ORGANIC_AND_NATURAL\resin.md | ORGANIC_AND_NATURAL\sap.md | ORGANIC_AND_NATURAL\wax.md | PHYSICAL_PROPERTIES\absorption.md | PHYSICAL_PROPERTIES\density.md | PHYSICAL_PROPERTIES\electrical_behavior.md | PHYSICAL_PROPERTIES\hardness.md | PHYSICAL_PROPERTIES\mechanical_behavior.md | PHYSICAL_PROPERTIES\reflectivity.md | PHYSICAL_PROPERTIES\roughness.md | PHYSICAL_PROPERTIES\scattering.md | PHYSICAL_PROPERTIES\surface_behavior.md | PHYSICAL_PROPERTIES\thermal_behavior.md | PHYSICAL_PROPERTIES\translucency.md | PHYSICAL_PROPERTIES\transparency.md | REFERENCES\historical_reference.md | REFERENCES\material_reference_policy.md | REFERENCES\physical_reference.md | REFERENCES\reference_index.md | REFERENCES\traditional_reference.md | REGISTRIES\material_master_registry.md | REGISTRIES\material_reference_registry.md | REGISTRIES\material_state_registry.md | REGISTRIES\material_usage_registry.md | RENDERING\albedo.md | RENDERING\anisotropy.md | RENDERING\clearcoat.md | RENDERING\displacement.md | RENDERING\material_shader_rules.md | RENDERING\metallic_workflow.md | RENDERING\normal_maps.md | RENDERING\physically_based_materials.md | RENDERING\roughness_maps.md | RENDERING\sheen.md | RENDERING\subsurface_scattering.md | RENDERING\transmission.md | STONE_AND_EARTH\basalt.md | STONE_AND_EARTH\clay.md | STONE_AND_EARTH\granite.md | STONE_AND_EARTH\gravel.md | STONE_AND_EARTH\limestone.md | STONE_AND_EARTH\marble.md | STONE_AND_EARTH\mud.md | STONE_AND_EARTH\natural_rock.md | STONE_AND_EARTH\sandstone.md | STONE_AND_EARTH\slate.md | STONE_AND_EARTH\soil.md | SURFACE_BEHAVIOR\ash.md | SURFACE_BEHAVIOR\chipped.md | SURFACE_BEHAVIOR\cracked.md | SURFACE_BEHAVIOR\dented.md | SURFACE_BEHAVIOR\dusty.md | SURFACE_BEHAVIOR\glossy.md | SURFACE_BEHAVIOR\matte.md | SURFACE_BEHAVIOR\muddy.md | SURFACE_BEHAVIOR\oily.md | SURFACE_BEHAVIOR\polished.md | SURFACE_BEHAVIOR\residue.md | SURFACE_BEHAVIOR\rough.md | SURFACE_BEHAVIOR\scratched.md | SURFACE_BEHAVIOR\soot.md | SURFACE_BEHAVIOR\stained.md | SURFACE_BEHAVIOR\wet.md | SURFACE_BEHAVIOR\worn.md | TEXTILES_AND_FIBERS\cotton.md | TEXTILES_AND_FIBERS\embroidery_materials.md | TEXTILES_AND_FIBERS\hemp.md | TEXTILES_AND_FIBERS\jute.md | TEXTILES_AND_FIBERS\knitted_structure.md | TEXTILES_AND_FIBERS\linen.md | TEXTILES_AND_FIBERS\natural_fibers.md | TEXTILES_AND_FIBERS\silk.md | TEXTILES_AND_FIBERS\textile_surface_behavior.md | TEXTILES_AND_FIBERS\wool.md | TEXTILES_AND_FIBERS\woven_structure.md | TEXTURE\photographic_textures.md | TEXTURE\procedural_textures.md | TEXTURE\texel_density.md | TEXTURE\texture_artifact_control.md | TEXTURE\texture_repetition.md | TEXTURE\texture_resolution.md | TEXTURE\texture_scale.md | TEXTURE\texture_variation.md | WOOD_AND_PLANT_MATERIALS\bamboo.md | WOOD_AND_PLANT_MATERIALS\bark.md | WOOD_AND_PLANT_MATERIALS\cane.md | WOOD_AND_PLANT_MATERIALS\hardwood.md | WOOD_AND_PLANT_MATERIALS\palm_materials.md | WOOD_AND_PLANT_MATERIALS\plant_fibers.md | WOOD_AND_PLANT_MATERIALS\softwood.md"
"11_PRODUCTION_HANDOFF\physics_handoff.md","0","0","","True","AI\material_consistency.md | AI\material_drift.md | AI\material_generation_qa.md | AI\material_prompt_rules.md | AI\material_provenance.md | ARCHITECTURAL_MATERIALS\decorative_surfaces.md | ARCHITECTURAL_MATERIALS\doors.md | ARCHITECTURAL_MATERIALS\floors.md | ARCHITECTURAL_MATERIALS\pillars.md | ARCHITECTURAL_MATERIALS\platforms.md | ARCHITECTURAL_MATERIALS\roofs.md | ARCHITECTURAL_MATERIALS\stairs.md | ARCHITECTURAL_MATERIALS\walls.md | ARCHITECTURAL_MATERIALS\windows.md | CHARACTER_MATERIALS\body_material_rules.md | CHARACTER_MATERIALS\hair.md | CHARACTER_MATERIALS\nails.md | CHARACTER_MATERIALS\skin.md | CHARACTER_MATERIALS\teeth.md | CONSTRUCTION_MATERIALS\flooring_materials.md | CONSTRUCTION_MATERIALS\lime.md | CONSTRUCTION_MATERIALS\mortar.md | CONSTRUCTION_MATERIALS\pigment_binder.md | CONSTRUCTION_MATERIALS\plaster.md | CONSTRUCTION_MATERIALS\roofing_materials.md | CORE\material_classification.md | CORE\material_continuity.md | CORE\material_decision_log.md | CORE\material_identity_rules.md | CORE\material_policy.md | CORE\material_registry.md | CORE\material_scale_rules.md | CORE\material_source_policy.md | CORE\material_substitution_rules.md | EARTHEN_AND_CERAMIC\ceramic.md | EARTHEN_AND_CERAMIC\fired_clay.md | EARTHEN_AND_CERAMIC\glazed_surfaces.md | EARTHEN_AND_CERAMIC\pottery.md | EARTHEN_AND_CERAMIC\terracotta.md | GLASS_AND_MINERAL_MATERIALS\crystal.md | GLASS_AND_MINERAL_MATERIALS\gemstone.md | GLASS_AND_MINERAL_MATERIALS\glass.md | GLASS_AND_MINERAL_MATERIALS\mica.md | GLASS_AND_MINERAL_MATERIALS\mineral_surfaces.md | GLASS_AND_MINERAL_MATERIALS\pearl.md | LEATHER_AND_ANIMAL_MATERIALS\bone.md | LEATHER_AND_ANIMAL_MATERIALS\feather_material.md | LEATHER_AND_ANIMAL_MATERIALS\hide.md | LEATHER_AND_ANIMAL_MATERIALS\horn.md | LEATHER_AND_ANIMAL_MATERIALS\ivory_research.md | LEATHER_AND_ANIMAL_MATERIALS\leather.md | LEATHER_AND_ANIMAL_MATERIALS\shell.md | MATERIAL_COMBINATIONS\composite_materials.md | MATERIAL_COMBINATIONS\glass_metal.md | MATERIAL_COMBINATIONS\metal_stone.md | MATERIAL_COMBINATIONS\metal_wood.md | MATERIAL_COMBINATIONS\stone_wood.md | MATERIAL_COMBINATIONS\textile_leather.md | MATERIAL_COMBINATIONS\textile_metal.md | MATERIAL_COMBINATIONS\wood_textile.md | MATERIAL_INTERACTION\cold_interaction.md | MATERIAL_INTERACTION\contact_interaction.md | MATERIAL_INTERACTION\dust_interaction.md | MATERIAL_INTERACTION\fire_interaction.md | MATERIAL_INTERACTION\heat_interaction.md | MATERIAL_INTERACTION\moonlight_interaction.md | MATERIAL_INTERACTION\smoke_interaction.md | MATERIAL_INTERACTION\sunlight_interaction.md | MATERIAL_INTERACTION\water_interaction.md | MATERIAL_INTERACTION\wind_interaction.md | MATERIAL_STATES\aging.md | MATERIAL_STATES\biological_growth.md | MATERIAL_STATES\damage.md | MATERIAL_STATES\destruction.md | MATERIAL_STATES\fire_damage.md | MATERIAL_STATES\normal_use.md | MATERIAL_STATES\pristine.md | MATERIAL_STATES\repair.md | MATERIAL_STATES\restoration.md | MATERIAL_STATES\water_damage.md | MATERIAL_STATES\weathering.md | METALS\brass.md | METALS\bronze.md | METALS\copper.md | METALS\gold.md | METALS\iron.md | METALS\silver.md | METALS\steel.md | ORGANIC_AND_NATURAL\flowers.md | ORGANIC_AND_NATURAL\leaves.md | ORGANIC_AND_NATURAL\organic_decay.md | ORGANIC_AND_NATURAL\resin.md | ORGANIC_AND_NATURAL\sap.md | ORGANIC_AND_NATURAL\wax.md | PHYSICAL_PROPERTIES\absorption.md | PHYSICAL_PROPERTIES\density.md | PHYSICAL_PROPERTIES\electrical_behavior.md | PHYSICAL_PROPERTIES\hardness.md | PHYSICAL_PROPERTIES\mechanical_behavior.md | PHYSICAL_PROPERTIES\reflectivity.md | PHYSICAL_PROPERTIES\roughness.md | PHYSICAL_PROPERTIES\scattering.md | PHYSICAL_PROPERTIES\surface_behavior.md | PHYSICAL_PROPERTIES\thermal_behavior.md | PHYSICAL_PROPERTIES\translucency.md | PHYSICAL_PROPERTIES\transparency.md | REFERENCES\historical_reference.md | REFERENCES\material_reference_policy.md | REFERENCES\physical_reference.md | REFERENCES\reference_index.md | REFERENCES\traditional_reference.md | REGISTRIES\material_master_registry.md | REGISTRIES\material_reference_registry.md | REGISTRIES\material_state_registry.md | REGISTRIES\material_usage_registry.md | RENDERING\albedo.md | RENDERING\anisotropy.md | RENDERING\clearcoat.md | RENDERING\displacement.md | RENDERING\material_shader_rules.md | RENDERING\metallic_workflow.md | RENDERING\normal_maps.md | RENDERING\physically_based_materials.md | RENDERING\roughness_maps.md | RENDERING\sheen.md | RENDERING\subsurface_scattering.md | RENDERING\transmission.md | STONE_AND_EARTH\basalt.md | STONE_AND_EARTH\clay.md | STONE_AND_EARTH\granite.md | STONE_AND_EARTH\gravel.md | STONE_AND_EARTH\limestone.md | STONE_AND_EARTH\marble.md | STONE_AND_EARTH\mud.md | STONE_AND_EARTH\natural_rock.md | STONE_AND_EARTH\sandstone.md | STONE_AND_EARTH\slate.md | STONE_AND_EARTH\soil.md | SURFACE_BEHAVIOR\ash.md | SURFACE_BEHAVIOR\chipped.md | SURFACE_BEHAVIOR\cracked.md | SURFACE_BEHAVIOR\dented.md | SURFACE_BEHAVIOR\dusty.md | SURFACE_BEHAVIOR\glossy.md | SURFACE_BEHAVIOR\matte.md | SURFACE_BEHAVIOR\muddy.md | SURFACE_BEHAVIOR\oily.md | SURFACE_BEHAVIOR\polished.md | SURFACE_BEHAVIOR\residue.md | SURFACE_BEHAVIOR\rough.md | SURFACE_BEHAVIOR\scratched.md | SURFACE_BEHAVIOR\soot.md | SURFACE_BEHAVIOR\stained.md | SURFACE_BEHAVIOR\wet.md | SURFACE_BEHAVIOR\worn.md | TEXTILES_AND_FIBERS\cotton.md | TEXTILES_AND_FIBERS\embroidery_materials.md | TEXTILES_AND_FIBERS\hemp.md | TEXTILES_AND_FIBERS\jute.md | TEXTILES_AND_FIBERS\knitted_structure.md | TEXTILES_AND_FIBERS\linen.md | TEXTILES_AND_FIBERS\natural_fibers.md | TEXTILES_AND_FIBERS\silk.md | TEXTILES_AND_FIBERS\textile_surface_behavior.md | TEXTILES_AND_FIBERS\wool.md | TEXTILES_AND_FIBERS\woven_structure.md | TEXTURE\photographic_textures.md | TEXTURE\procedural_textures.md | TEXTURE\texel_density.md | TEXTURE\texture_artifact_control.md | TEXTURE\texture_repetition.md | TEXTURE\texture_resolution.md | TEXTURE\texture_scale.md | TEXTURE\texture_variation.md | WOOD_AND_PLANT_MATERIALS\bamboo.md | WOOD_AND_PLANT_MATERIALS\bark.md | WOOD_AND_PLANT_MATERIALS\cane.md | WOOD_AND_PLANT_MATERIALS\hardwood.md | WOOD_AND_PLANT_MATERIALS\palm_materials.md | WOOD_AND_PLANT_MATERIALS\plant_fibers.md | WOOD_AND_PLANT_MATERIALS\softwood.md"
"11_PRODUCTION_HANDOFF\render_validation.md","0","0","","True","AI\material_consistency.md | AI\material_drift.md | AI\material_generation_qa.md | AI\material_prompt_rules.md | AI\material_provenance.md | ARCHITECTURAL_MATERIALS\decorative_surfaces.md | ARCHITECTURAL_MATERIALS\doors.md | ARCHITECTURAL_MATERIALS\floors.md | ARCHITECTURAL_MATERIALS\pillars.md | ARCHITECTURAL_MATERIALS\platforms.md | ARCHITECTURAL_MATERIALS\roofs.md | ARCHITECTURAL_MATERIALS\stairs.md | ARCHITECTURAL_MATERIALS\walls.md | ARCHITECTURAL_MATERIALS\windows.md | CHARACTER_MATERIALS\body_material_rules.md | CHARACTER_MATERIALS\hair.md | CHARACTER_MATERIALS\nails.md | CHARACTER_MATERIALS\skin.md | CHARACTER_MATERIALS\teeth.md | CONSTRUCTION_MATERIALS\flooring_materials.md | CONSTRUCTION_MATERIALS\lime.md | CONSTRUCTION_MATERIALS\mortar.md | CONSTRUCTION_MATERIALS\pigment_binder.md | CONSTRUCTION_MATERIALS\plaster.md | CONSTRUCTION_MATERIALS\roofing_materials.md | CORE\material_classification.md | CORE\material_continuity.md | CORE\material_decision_log.md | CORE\material_identity_rules.md | CORE\material_policy.md | CORE\material_registry.md | CORE\material_scale_rules.md | CORE\material_source_policy.md | CORE\material_substitution_rules.md | EARTHEN_AND_CERAMIC\ceramic.md | EARTHEN_AND_CERAMIC\fired_clay.md | EARTHEN_AND_CERAMIC\glazed_surfaces.md | EARTHEN_AND_CERAMIC\pottery.md | EARTHEN_AND_CERAMIC\terracotta.md | GLASS_AND_MINERAL_MATERIALS\crystal.md | GLASS_AND_MINERAL_MATERIALS\gemstone.md | GLASS_AND_MINERAL_MATERIALS\glass.md | GLASS_AND_MINERAL_MATERIALS\mica.md | GLASS_AND_MINERAL_MATERIALS\mineral_surfaces.md | GLASS_AND_MINERAL_MATERIALS\pearl.md | LEATHER_AND_ANIMAL_MATERIALS\bone.md | LEATHER_AND_ANIMAL_MATERIALS\feather_material.md | LEATHER_AND_ANIMAL_MATERIALS\hide.md | LEATHER_AND_ANIMAL_MATERIALS\horn.md | LEATHER_AND_ANIMAL_MATERIALS\ivory_research.md | LEATHER_AND_ANIMAL_MATERIALS\leather.md | LEATHER_AND_ANIMAL_MATERIALS\shell.md | MATERIAL_COMBINATIONS\composite_materials.md | MATERIAL_COMBINATIONS\glass_metal.md | MATERIAL_COMBINATIONS\metal_stone.md | MATERIAL_COMBINATIONS\metal_wood.md | MATERIAL_COMBINATIONS\stone_wood.md | MATERIAL_COMBINATIONS\textile_leather.md | MATERIAL_COMBINATIONS\textile_metal.md | MATERIAL_COMBINATIONS\wood_textile.md | MATERIAL_INTERACTION\cold_interaction.md | MATERIAL_INTERACTION\contact_interaction.md | MATERIAL_INTERACTION\dust_interaction.md | MATERIAL_INTERACTION\fire_interaction.md | MATERIAL_INTERACTION\heat_interaction.md | MATERIAL_INTERACTION\moonlight_interaction.md | MATERIAL_INTERACTION\smoke_interaction.md | MATERIAL_INTERACTION\sunlight_interaction.md | MATERIAL_INTERACTION\water_interaction.md | MATERIAL_INTERACTION\wind_interaction.md | MATERIAL_STATES\aging.md | MATERIAL_STATES\biological_growth.md | MATERIAL_STATES\damage.md | MATERIAL_STATES\destruction.md | MATERIAL_STATES\fire_damage.md | MATERIAL_STATES\normal_use.md | MATERIAL_STATES\pristine.md | MATERIAL_STATES\repair.md | MATERIAL_STATES\restoration.md | MATERIAL_STATES\water_damage.md | MATERIAL_STATES\weathering.md | METALS\brass.md | METALS\bronze.md | METALS\copper.md | METALS\gold.md | METALS\iron.md | METALS\silver.md | METALS\steel.md | ORGANIC_AND_NATURAL\flowers.md | ORGANIC_AND_NATURAL\leaves.md | ORGANIC_AND_NATURAL\organic_decay.md | ORGANIC_AND_NATURAL\resin.md | ORGANIC_AND_NATURAL\sap.md | ORGANIC_AND_NATURAL\wax.md | PHYSICAL_PROPERTIES\absorption.md | PHYSICAL_PROPERTIES\density.md | PHYSICAL_PROPERTIES\electrical_behavior.md | PHYSICAL_PROPERTIES\hardness.md | PHYSICAL_PROPERTIES\mechanical_behavior.md | PHYSICAL_PROPERTIES\reflectivity.md | PHYSICAL_PROPERTIES\roughness.md | PHYSICAL_PROPERTIES\scattering.md | PHYSICAL_PROPERTIES\surface_behavior.md | PHYSICAL_PROPERTIES\thermal_behavior.md | PHYSICAL_PROPERTIES\translucency.md | PHYSICAL_PROPERTIES\transparency.md | REFERENCES\historical_reference.md | REFERENCES\material_reference_policy.md | REFERENCES\physical_reference.md | REFERENCES\reference_index.md | REFERENCES\traditional_reference.md | REGISTRIES\material_master_registry.md | REGISTRIES\material_reference_registry.md | REGISTRIES\material_state_registry.md | REGISTRIES\material_usage_registry.md | RENDERING\albedo.md | RENDERING\anisotropy.md | RENDERING\clearcoat.md | RENDERING\displacement.md | RENDERING\material_shader_rules.md | RENDERING\metallic_workflow.md | RENDERING\normal_maps.md | RENDERING\physically_based_materials.md | RENDERING\roughness_maps.md | RENDERING\sheen.md | RENDERING\subsurface_scattering.md | RENDERING\transmission.md | STONE_AND_EARTH\basalt.md | STONE_AND_EARTH\clay.md | STONE_AND_EARTH\granite.md | STONE_AND_EARTH\gravel.md | STONE_AND_EARTH\limestone.md | STONE_AND_EARTH\marble.md | STONE_AND_EARTH\mud.md | STONE_AND_EARTH\natural_rock.md | STONE_AND_EARTH\sandstone.md | STONE_AND_EARTH\slate.md | STONE_AND_EARTH\soil.md | SURFACE_BEHAVIOR\ash.md | SURFACE_BEHAVIOR\chipped.md | SURFACE_BEHAVIOR\cracked.md | SURFACE_BEHAVIOR\dented.md | SURFACE_BEHAVIOR\dusty.md | SURFACE_BEHAVIOR\glossy.md | SURFACE_BEHAVIOR\matte.md | SURFACE_BEHAVIOR\muddy.md | SURFACE_BEHAVIOR\oily.md | SURFACE_BEHAVIOR\polished.md | SURFACE_BEHAVIOR\residue.md | SURFACE_BEHAVIOR\rough.md | SURFACE_BEHAVIOR\scratched.md | SURFACE_BEHAVIOR\soot.md | SURFACE_BEHAVIOR\stained.md | SURFACE_BEHAVIOR\wet.md | SURFACE_BEHAVIOR\worn.md | TEXTILES_AND_FIBERS\cotton.md | TEXTILES_AND_FIBERS\embroidery_materials.md | TEXTILES_AND_FIBERS\hemp.md | TEXTILES_AND_FIBERS\jute.md | TEXTILES_AND_FIBERS\knitted_structure.md | TEXTILES_AND_FIBERS\linen.md | TEXTILES_AND_FIBERS\natural_fibers.md | TEXTILES_AND_FIBERS\silk.md | TEXTILES_AND_FIBERS\textile_surface_behavior.md | TEXTILES_AND_FIBERS\wool.md | TEXTILES_AND_FIBERS\woven_structure.md | TEXTURE\photographic_textures.md | TEXTURE\procedural_textures.md | TEXTURE\texel_density.md | TEXTURE\texture_artifact_control.md | TEXTURE\texture_repetition.md | TEXTURE\texture_resolution.md | TEXTURE\texture_scale.md | TEXTURE\texture_variation.md | WOOD_AND_PLANT_MATERIALS\bamboo.md | WOOD_AND_PLANT_MATERIALS\bark.md | WOOD_AND_PLANT_MATERIALS\cane.md | WOOD_AND_PLANT_MATERIALS\hardwood.md | WOOD_AND_PLANT_MATERIALS\palm_materials.md | WOOD_AND_PLANT_MATERIALS\plant_fibers.md | WOOD_AND_PLANT_MATERIALS\softwood.md"
"11_PRODUCTION_HANDOFF\shader_handoff.md","0","0","","True","AI\material_consistency.md | AI\material_drift.md | AI\material_generation_qa.md | AI\material_prompt_rules.md | AI\material_provenance.md | ARCHITECTURAL_MATERIALS\decorative_surfaces.md | ARCHITECTURAL_MATERIALS\doors.md | ARCHITECTURAL_MATERIALS\floors.md | ARCHITECTURAL_MATERIALS\pillars.md | ARCHITECTURAL_MATERIALS\platforms.md | ARCHITECTURAL_MATERIALS\roofs.md | ARCHITECTURAL_MATERIALS\stairs.md | ARCHITECTURAL_MATERIALS\walls.md | ARCHITECTURAL_MATERIALS\windows.md | CHARACTER_MATERIALS\body_material_rules.md | CHARACTER_MATERIALS\hair.md | CHARACTER_MATERIALS\nails.md | CHARACTER_MATERIALS\skin.md | CHARACTER_MATERIALS\teeth.md | CONSTRUCTION_MATERIALS\flooring_materials.md | CONSTRUCTION_MATERIALS\lime.md | CONSTRUCTION_MATERIALS\mortar.md | CONSTRUCTION_MATERIALS\pigment_binder.md | CONSTRUCTION_MATERIALS\plaster.md | CONSTRUCTION_MATERIALS\roofing_materials.md | CORE\material_classification.md | CORE\material_continuity.md | CORE\material_decision_log.md | CORE\material_identity_rules.md | CORE\material_policy.md | CORE\material_registry.md | CORE\material_scale_rules.md | CORE\material_source_policy.md | CORE\material_substitution_rules.md | EARTHEN_AND_CERAMIC\ceramic.md | EARTHEN_AND_CERAMIC\fired_clay.md | EARTHEN_AND_CERAMIC\glazed_surfaces.md | EARTHEN_AND_CERAMIC\pottery.md | EARTHEN_AND_CERAMIC\terracotta.md | GLASS_AND_MINERAL_MATERIALS\crystal.md | GLASS_AND_MINERAL_MATERIALS\gemstone.md | GLASS_AND_MINERAL_MATERIALS\glass.md | GLASS_AND_MINERAL_MATERIALS\mica.md | GLASS_AND_MINERAL_MATERIALS\mineral_surfaces.md | GLASS_AND_MINERAL_MATERIALS\pearl.md | LEATHER_AND_ANIMAL_MATERIALS\bone.md | LEATHER_AND_ANIMAL_MATERIALS\feather_material.md | LEATHER_AND_ANIMAL_MATERIALS\hide.md | LEATHER_AND_ANIMAL_MATERIALS\horn.md | LEATHER_AND_ANIMAL_MATERIALS\ivory_research.md | LEATHER_AND_ANIMAL_MATERIALS\leather.md | LEATHER_AND_ANIMAL_MATERIALS\shell.md | MATERIAL_COMBINATIONS\composite_materials.md | MATERIAL_COMBINATIONS\glass_metal.md | MATERIAL_COMBINATIONS\metal_stone.md | MATERIAL_COMBINATIONS\metal_wood.md | MATERIAL_COMBINATIONS\stone_wood.md | MATERIAL_COMBINATIONS\textile_leather.md | MATERIAL_COMBINATIONS\textile_metal.md | MATERIAL_COMBINATIONS\wood_textile.md | MATERIAL_INTERACTION\cold_interaction.md | MATERIAL_INTERACTION\contact_interaction.md | MATERIAL_INTERACTION\dust_interaction.md | MATERIAL_INTERACTION\fire_interaction.md | MATERIAL_INTERACTION\heat_interaction.md | MATERIAL_INTERACTION\moonlight_interaction.md | MATERIAL_INTERACTION\smoke_interaction.md | MATERIAL_INTERACTION\sunlight_interaction.md | MATERIAL_INTERACTION\water_interaction.md | MATERIAL_INTERACTION\wind_interaction.md | MATERIAL_STATES\aging.md | MATERIAL_STATES\biological_growth.md | MATERIAL_STATES\damage.md | MATERIAL_STATES\destruction.md | MATERIAL_STATES\fire_damage.md | MATERIAL_STATES\normal_use.md | MATERIAL_STATES\pristine.md | MATERIAL_STATES\repair.md | MATERIAL_STATES\restoration.md | MATERIAL_STATES\water_damage.md | MATERIAL_STATES\weathering.md | METALS\brass.md | METALS\bronze.md | METALS\copper.md | METALS\gold.md | METALS\iron.md | METALS\silver.md | METALS\steel.md | ORGANIC_AND_NATURAL\flowers.md | ORGANIC_AND_NATURAL\leaves.md | ORGANIC_AND_NATURAL\organic_decay.md | ORGANIC_AND_NATURAL\resin.md | ORGANIC_AND_NATURAL\sap.md | ORGANIC_AND_NATURAL\wax.md | PHYSICAL_PROPERTIES\absorption.md | PHYSICAL_PROPERTIES\density.md | PHYSICAL_PROPERTIES\electrical_behavior.md | PHYSICAL_PROPERTIES\hardness.md | PHYSICAL_PROPERTIES\mechanical_behavior.md | PHYSICAL_PROPERTIES\reflectivity.md | PHYSICAL_PROPERTIES\roughness.md | PHYSICAL_PROPERTIES\scattering.md | PHYSICAL_PROPERTIES\surface_behavior.md | PHYSICAL_PROPERTIES\thermal_behavior.md | PHYSICAL_PROPERTIES\translucency.md | PHYSICAL_PROPERTIES\transparency.md | REFERENCES\historical_reference.md | REFERENCES\material_reference_policy.md | REFERENCES\physical_reference.md | REFERENCES\reference_index.md | REFERENCES\traditional_reference.md | REGISTRIES\material_master_registry.md | REGISTRIES\material_reference_registry.md | REGISTRIES\material_state_registry.md | REGISTRIES\material_usage_registry.md | RENDERING\albedo.md | RENDERING\anisotropy.md | RENDERING\clearcoat.md | RENDERING\displacement.md | RENDERING\material_shader_rules.md | RENDERING\metallic_workflow.md | RENDERING\normal_maps.md | RENDERING\physically_based_materials.md | RENDERING\roughness_maps.md | RENDERING\sheen.md | RENDERING\subsurface_scattering.md | RENDERING\transmission.md | STONE_AND_EARTH\basalt.md | STONE_AND_EARTH\clay.md | STONE_AND_EARTH\granite.md | STONE_AND_EARTH\gravel.md | STONE_AND_EARTH\limestone.md | STONE_AND_EARTH\marble.md | STONE_AND_EARTH\mud.md | STONE_AND_EARTH\natural_rock.md | STONE_AND_EARTH\sandstone.md | STONE_AND_EARTH\slate.md | STONE_AND_EARTH\soil.md | SURFACE_BEHAVIOR\ash.md | SURFACE_BEHAVIOR\chipped.md | SURFACE_BEHAVIOR\cracked.md | SURFACE_BEHAVIOR\dented.md | SURFACE_BEHAVIOR\dusty.md | SURFACE_BEHAVIOR\glossy.md | SURFACE_BEHAVIOR\matte.md | SURFACE_BEHAVIOR\muddy.md | SURFACE_BEHAVIOR\oily.md | SURFACE_BEHAVIOR\polished.md | SURFACE_BEHAVIOR\residue.md | SURFACE_BEHAVIOR\rough.md | SURFACE_BEHAVIOR\scratched.md | SURFACE_BEHAVIOR\soot.md | SURFACE_BEHAVIOR\stained.md | SURFACE_BEHAVIOR\wet.md | SURFACE_BEHAVIOR\worn.md | TEXTILES_AND_FIBERS\cotton.md | TEXTILES_AND_FIBERS\embroidery_materials.md | TEXTILES_AND_FIBERS\hemp.md | TEXTILES_AND_FIBERS\jute.md | TEXTILES_AND_FIBERS\knitted_structure.md | TEXTILES_AND_FIBERS\linen.md | TEXTILES_AND_FIBERS\natural_fibers.md | TEXTILES_AND_FIBERS\silk.md | TEXTILES_AND_FIBERS\textile_surface_behavior.md | TEXTILES_AND_FIBERS\wool.md | TEXTILES_AND_FIBERS\woven_structure.md | TEXTURE\photographic_textures.md | TEXTURE\procedural_textures.md | TEXTURE\texel_density.md | TEXTURE\texture_artifact_control.md | TEXTURE\texture_repetition.md | TEXTURE\texture_resolution.md | TEXTURE\texture_scale.md | TEXTURE\texture_variation.md | WOOD_AND_PLANT_MATERIALS\bamboo.md | WOOD_AND_PLANT_MATERIALS\bark.md | WOOD_AND_PLANT_MATERIALS\cane.md | WOOD_AND_PLANT_MATERIALS\hardwood.md | WOOD_AND_PLANT_MATERIALS\palm_materials.md | WOOD_AND_PLANT_MATERIALS\plant_fibers.md | WOOD_AND_PLANT_MATERIALS\softwood.md"
"11_PRODUCTION_HANDOFF\texture_handoff.md","0","0","","True","AI\material_consistency.md | AI\material_drift.md | AI\material_generation_qa.md | AI\material_prompt_rules.md | AI\material_provenance.md | ARCHITECTURAL_MATERIALS\decorative_surfaces.md | ARCHITECTURAL_MATERIALS\doors.md | ARCHITECTURAL_MATERIALS\floors.md | ARCHITECTURAL_MATERIALS\pillars.md | ARCHITECTURAL_MATERIALS\platforms.md | ARCHITECTURAL_MATERIALS\roofs.md | ARCHITECTURAL_MATERIALS\stairs.md | ARCHITECTURAL_MATERIALS\walls.md | ARCHITECTURAL_MATERIALS\windows.md | CHARACTER_MATERIALS\body_material_rules.md | CHARACTER_MATERIALS\hair.md | CHARACTER_MATERIALS\nails.md | CHARACTER_MATERIALS\skin.md | CHARACTER_MATERIALS\teeth.md | CONSTRUCTION_MATERIALS\flooring_materials.md | CONSTRUCTION_MATERIALS\lime.md | CONSTRUCTION_MATERIALS\mortar.md | CONSTRUCTION_MATERIALS\pigment_binder.md | CONSTRUCTION_MATERIALS\plaster.md | CONSTRUCTION_MATERIALS\roofing_materials.md | CORE\material_classification.md | CORE\material_continuity.md | CORE\material_decision_log.md | CORE\material_identity_rules.md | CORE\material_policy.md | CORE\material_registry.md | CORE\material_scale_rules.md | CORE\material_source_policy.md | CORE\material_substitution_rules.md | EARTHEN_AND_CERAMIC\ceramic.md | EARTHEN_AND_CERAMIC\fired_clay.md | EARTHEN_AND_CERAMIC\glazed_surfaces.md | EARTHEN_AND_CERAMIC\pottery.md | EARTHEN_AND_CERAMIC\terracotta.md | GLASS_AND_MINERAL_MATERIALS\crystal.md | GLASS_AND_MINERAL_MATERIALS\gemstone.md | GLASS_AND_MINERAL_MATERIALS\glass.md | GLASS_AND_MINERAL_MATERIALS\mica.md | GLASS_AND_MINERAL_MATERIALS\mineral_surfaces.md | GLASS_AND_MINERAL_MATERIALS\pearl.md | LEATHER_AND_ANIMAL_MATERIALS\bone.md | LEATHER_AND_ANIMAL_MATERIALS\feather_material.md | LEATHER_AND_ANIMAL_MATERIALS\hide.md | LEATHER_AND_ANIMAL_MATERIALS\horn.md | LEATHER_AND_ANIMAL_MATERIALS\ivory_research.md | LEATHER_AND_ANIMAL_MATERIALS\leather.md | LEATHER_AND_ANIMAL_MATERIALS\shell.md | MATERIAL_COMBINATIONS\composite_materials.md | MATERIAL_COMBINATIONS\glass_metal.md | MATERIAL_COMBINATIONS\metal_stone.md | MATERIAL_COMBINATIONS\metal_wood.md | MATERIAL_COMBINATIONS\stone_wood.md | MATERIAL_COMBINATIONS\textile_leather.md | MATERIAL_COMBINATIONS\textile_metal.md | MATERIAL_COMBINATIONS\wood_textile.md | MATERIAL_INTERACTION\cold_interaction.md | MATERIAL_INTERACTION\contact_interaction.md | MATERIAL_INTERACTION\dust_interaction.md | MATERIAL_INTERACTION\fire_interaction.md | MATERIAL_INTERACTION\heat_interaction.md | MATERIAL_INTERACTION\moonlight_interaction.md | MATERIAL_INTERACTION\smoke_interaction.md | MATERIAL_INTERACTION\sunlight_interaction.md | MATERIAL_INTERACTION\water_interaction.md | MATERIAL_INTERACTION\wind_interaction.md | MATERIAL_STATES\aging.md | MATERIAL_STATES\biological_growth.md | MATERIAL_STATES\damage.md | MATERIAL_STATES\destruction.md | MATERIAL_STATES\fire_damage.md | MATERIAL_STATES\normal_use.md | MATERIAL_STATES\pristine.md | MATERIAL_STATES\repair.md | MATERIAL_STATES\restoration.md | MATERIAL_STATES\water_damage.md | MATERIAL_STATES\weathering.md | METALS\brass.md | METALS\bronze.md | METALS\copper.md | METALS\gold.md | METALS\iron.md | METALS\silver.md | METALS\steel.md | ORGANIC_AND_NATURAL\flowers.md | ORGANIC_AND_NATURAL\leaves.md | ORGANIC_AND_NATURAL\organic_decay.md | ORGANIC_AND_NATURAL\resin.md | ORGANIC_AND_NATURAL\sap.md | ORGANIC_AND_NATURAL\wax.md | PHYSICAL_PROPERTIES\absorption.md | PHYSICAL_PROPERTIES\density.md | PHYSICAL_PROPERTIES\electrical_behavior.md | PHYSICAL_PROPERTIES\hardness.md | PHYSICAL_PROPERTIES\mechanical_behavior.md | PHYSICAL_PROPERTIES\reflectivity.md | PHYSICAL_PROPERTIES\roughness.md | PHYSICAL_PROPERTIES\scattering.md | PHYSICAL_PROPERTIES\surface_behavior.md | PHYSICAL_PROPERTIES\thermal_behavior.md | PHYSICAL_PROPERTIES\translucency.md | PHYSICAL_PROPERTIES\transparency.md | REFERENCES\historical_reference.md | REFERENCES\material_reference_policy.md | REFERENCES\physical_reference.md | REFERENCES\reference_index.md | REFERENCES\traditional_reference.md | REGISTRIES\material_master_registry.md | REGISTRIES\material_reference_registry.md | REGISTRIES\material_state_registry.md | REGISTRIES\material_usage_registry.md | RENDERING\albedo.md | RENDERING\anisotropy.md | RENDERING\clearcoat.md | RENDERING\displacement.md | RENDERING\material_shader_rules.md | RENDERING\metallic_workflow.md | RENDERING\normal_maps.md | RENDERING\physically_based_materials.md | RENDERING\roughness_maps.md | RENDERING\sheen.md | RENDERING\subsurface_scattering.md | RENDERING\transmission.md | STONE_AND_EARTH\basalt.md | STONE_AND_EARTH\clay.md | STONE_AND_EARTH\granite.md | STONE_AND_EARTH\gravel.md | STONE_AND_EARTH\limestone.md | STONE_AND_EARTH\marble.md | STONE_AND_EARTH\mud.md | STONE_AND_EARTH\natural_rock.md | STONE_AND_EARTH\sandstone.md | STONE_AND_EARTH\slate.md | STONE_AND_EARTH\soil.md | SURFACE_BEHAVIOR\ash.md | SURFACE_BEHAVIOR\chipped.md | SURFACE_BEHAVIOR\cracked.md | SURFACE_BEHAVIOR\dented.md | SURFACE_BEHAVIOR\dusty.md | SURFACE_BEHAVIOR\glossy.md | SURFACE_BEHAVIOR\matte.md | SURFACE_BEHAVIOR\muddy.md | SURFACE_BEHAVIOR\oily.md | SURFACE_BEHAVIOR\polished.md | SURFACE_BEHAVIOR\residue.md | SURFACE_BEHAVIOR\rough.md | SURFACE_BEHAVIOR\scratched.md | SURFACE_BEHAVIOR\soot.md | SURFACE_BEHAVIOR\stained.md | SURFACE_BEHAVIOR\wet.md | SURFACE_BEHAVIOR\worn.md | TEXTILES_AND_FIBERS\cotton.md | TEXTILES_AND_FIBERS\embroidery_materials.md | TEXTILES_AND_FIBERS\hemp.md | TEXTILES_AND_FIBERS\jute.md | TEXTILES_AND_FIBERS\knitted_structure.md | TEXTILES_AND_FIBERS\linen.md | TEXTILES_AND_FIBERS\natural_fibers.md | TEXTILES_AND_FIBERS\silk.md | TEXTILES_AND_FIBERS\textile_surface_behavior.md | TEXTILES_AND_FIBERS\wool.md | TEXTILES_AND_FIBERS\woven_structure.md | TEXTURE\photographic_textures.md | TEXTURE\procedural_textures.md | TEXTURE\texel_density.md | TEXTURE\texture_artifact_control.md | TEXTURE\texture_repetition.md | TEXTURE\texture_resolution.md | TEXTURE\texture_scale.md | TEXTURE\texture_variation.md | WOOD_AND_PLANT_MATERIALS\bamboo.md | WOOD_AND_PLANT_MATERIALS\bark.md | WOOD_AND_PLANT_MATERIALS\cane.md | WOOD_AND_PLANT_MATERIALS\hardwood.md | WOOD_AND_PLANT_MATERIALS\palm_materials.md | WOOD_AND_PLANT_MATERIALS\plant_fibers.md | WOOD_AND_PLANT_MATERIALS\softwood.md"
"11_PRODUCTION_HANDOFF\vfx_handoff.md","0","0","","True","AI\material_consistency.md | AI\material_drift.md | AI\material_generation_qa.md | AI\material_prompt_rules.md | AI\material_provenance.md | ARCHITECTURAL_MATERIALS\decorative_surfaces.md | ARCHITECTURAL_MATERIALS\doors.md | ARCHITECTURAL_MATERIALS\floors.md | ARCHITECTURAL_MATERIALS\pillars.md | ARCHITECTURAL_MATERIALS\platforms.md | ARCHITECTURAL_MATERIALS\roofs.md | ARCHITECTURAL_MATERIALS\stairs.md | ARCHITECTURAL_MATERIALS\walls.md | ARCHITECTURAL_MATERIALS\windows.md | CHARACTER_MATERIALS\body_material_rules.md | CHARACTER_MATERIALS\hair.md | CHARACTER_MATERIALS\nails.md | CHARACTER_MATERIALS\skin.md | CHARACTER_MATERIALS\teeth.md | CONSTRUCTION_MATERIALS\flooring_materials.md | CONSTRUCTION_MATERIALS\lime.md | CONSTRUCTION_MATERIALS\mortar.md | CONSTRUCTION_MATERIALS\pigment_binder.md | CONSTRUCTION_MATERIALS\plaster.md | CONSTRUCTION_MATERIALS\roofing_materials.md | CORE\material_classification.md | CORE\material_continuity.md | CORE\material_decision_log.md | CORE\material_identity_rules.md | CORE\material_policy.md | CORE\material_registry.md | CORE\material_scale_rules.md | CORE\material_source_policy.md | CORE\material_substitution_rules.md | EARTHEN_AND_CERAMIC\ceramic.md | EARTHEN_AND_CERAMIC\fired_clay.md | EARTHEN_AND_CERAMIC\glazed_surfaces.md | EARTHEN_AND_CERAMIC\pottery.md | EARTHEN_AND_CERAMIC\terracotta.md | GLASS_AND_MINERAL_MATERIALS\crystal.md | GLASS_AND_MINERAL_MATERIALS\gemstone.md | GLASS_AND_MINERAL_MATERIALS\glass.md | GLASS_AND_MINERAL_MATERIALS\mica.md | GLASS_AND_MINERAL_MATERIALS\mineral_surfaces.md | GLASS_AND_MINERAL_MATERIALS\pearl.md | LEATHER_AND_ANIMAL_MATERIALS\bone.md | LEATHER_AND_ANIMAL_MATERIALS\feather_material.md | LEATHER_AND_ANIMAL_MATERIALS\hide.md | LEATHER_AND_ANIMAL_MATERIALS\horn.md | LEATHER_AND_ANIMAL_MATERIALS\ivory_research.md | LEATHER_AND_ANIMAL_MATERIALS\leather.md | LEATHER_AND_ANIMAL_MATERIALS\shell.md | MATERIAL_COMBINATIONS\composite_materials.md | MATERIAL_COMBINATIONS\glass_metal.md | MATERIAL_COMBINATIONS\metal_stone.md | MATERIAL_COMBINATIONS\metal_wood.md | MATERIAL_COMBINATIONS\stone_wood.md | MATERIAL_COMBINATIONS\textile_leather.md | MATERIAL_COMBINATIONS\textile_metal.md | MATERIAL_COMBINATIONS\wood_textile.md | MATERIAL_INTERACTION\cold_interaction.md | MATERIAL_INTERACTION\contact_interaction.md | MATERIAL_INTERACTION\dust_interaction.md | MATERIAL_INTERACTION\fire_interaction.md | MATERIAL_INTERACTION\heat_interaction.md | MATERIAL_INTERACTION\moonlight_interaction.md | MATERIAL_INTERACTION\smoke_interaction.md | MATERIAL_INTERACTION\sunlight_interaction.md | MATERIAL_INTERACTION\water_interaction.md | MATERIAL_INTERACTION\wind_interaction.md | MATERIAL_STATES\aging.md | MATERIAL_STATES\biological_growth.md | MATERIAL_STATES\damage.md | MATERIAL_STATES\destruction.md | MATERIAL_STATES\fire_damage.md | MATERIAL_STATES\normal_use.md | MATERIAL_STATES\pristine.md | MATERIAL_STATES\repair.md | MATERIAL_STATES\restoration.md | MATERIAL_STATES\water_damage.md | MATERIAL_STATES\weathering.md | METALS\brass.md | METALS\bronze.md | METALS\copper.md | METALS\gold.md | METALS\iron.md | METALS\silver.md | METALS\steel.md | ORGANIC_AND_NATURAL\flowers.md | ORGANIC_AND_NATURAL\leaves.md | ORGANIC_AND_NATURAL\organic_decay.md | ORGANIC_AND_NATURAL\resin.md | ORGANIC_AND_NATURAL\sap.md | ORGANIC_AND_NATURAL\wax.md | PHYSICAL_PROPERTIES\absorption.md | PHYSICAL_PROPERTIES\density.md | PHYSICAL_PROPERTIES\electrical_behavior.md | PHYSICAL_PROPERTIES\hardness.md | PHYSICAL_PROPERTIES\mechanical_behavior.md | PHYSICAL_PROPERTIES\reflectivity.md | PHYSICAL_PROPERTIES\roughness.md | PHYSICAL_PROPERTIES\scattering.md | PHYSICAL_PROPERTIES\surface_behavior.md | PHYSICAL_PROPERTIES\thermal_behavior.md | PHYSICAL_PROPERTIES\translucency.md | PHYSICAL_PROPERTIES\transparency.md | REFERENCES\historical_reference.md | REFERENCES\material_reference_policy.md | REFERENCES\physical_reference.md | REFERENCES\reference_index.md | REFERENCES\traditional_reference.md | REGISTRIES\material_master_registry.md | REGISTRIES\material_reference_registry.md | REGISTRIES\material_state_registry.md | REGISTRIES\material_usage_registry.md | RENDERING\albedo.md | RENDERING\anisotropy.md | RENDERING\clearcoat.md | RENDERING\displacement.md | RENDERING\material_shader_rules.md | RENDERING\metallic_workflow.md | RENDERING\normal_maps.md | RENDERING\physically_based_materials.md | RENDERING\roughness_maps.md | RENDERING\sheen.md | RENDERING\subsurface_scattering.md | RENDERING\transmission.md | STONE_AND_EARTH\basalt.md | STONE_AND_EARTH\clay.md | STONE_AND_EARTH\granite.md | STONE_AND_EARTH\gravel.md | STONE_AND_EARTH\limestone.md | STONE_AND_EARTH\marble.md | STONE_AND_EARTH\mud.md | STONE_AND_EARTH\natural_rock.md | STONE_AND_EARTH\sandstone.md | STONE_AND_EARTH\slate.md | STONE_AND_EARTH\soil.md | SURFACE_BEHAVIOR\ash.md | SURFACE_BEHAVIOR\chipped.md | SURFACE_BEHAVIOR\cracked.md | SURFACE_BEHAVIOR\dented.md | SURFACE_BEHAVIOR\dusty.md | SURFACE_BEHAVIOR\glossy.md | SURFACE_BEHAVIOR\matte.md | SURFACE_BEHAVIOR\muddy.md | SURFACE_BEHAVIOR\oily.md | SURFACE_BEHAVIOR\polished.md | SURFACE_BEHAVIOR\residue.md | SURFACE_BEHAVIOR\rough.md | SURFACE_BEHAVIOR\scratched.md | SURFACE_BEHAVIOR\soot.md | SURFACE_BEHAVIOR\stained.md | SURFACE_BEHAVIOR\wet.md | SURFACE_BEHAVIOR\worn.md | TEXTILES_AND_FIBERS\cotton.md | TEXTILES_AND_FIBERS\embroidery_materials.md | TEXTILES_AND_FIBERS\hemp.md | TEXTILES_AND_FIBERS\jute.md | TEXTILES_AND_FIBERS\knitted_structure.md | TEXTILES_AND_FIBERS\linen.md | TEXTILES_AND_FIBERS\natural_fibers.md | TEXTILES_AND_FIBERS\silk.md | TEXTILES_AND_FIBERS\textile_surface_behavior.md | TEXTILES_AND_FIBERS\wool.md | TEXTILES_AND_FIBERS\woven_structure.md | TEXTURE\photographic_textures.md | TEXTURE\procedural_textures.md | TEXTURE\texel_density.md | TEXTURE\texture_artifact_control.md | TEXTURE\texture_repetition.md | TEXTURE\texture_resolution.md | TEXTURE\texture_scale.md | TEXTURE\texture_variation.md | WOOD_AND_PLANT_MATERIALS\bamboo.md | WOOD_AND_PLANT_MATERIALS\bark.md | WOOD_AND_PLANT_MATERIALS\cane.md | WOOD_AND_PLANT_MATERIALS\hardwood.md | WOOD_AND_PLANT_MATERIALS\palm_materials.md | WOOD_AND_PLANT_MATERIALS\plant_fibers.md | WOOD_AND_PLANT_MATERIALS\softwood.md"
"12_REGISTRY\change_control.md","0","0","","True","AI\material_consistency.md | AI\material_drift.md | AI\material_generation_qa.md | AI\material_prompt_rules.md | AI\material_provenance.md | ARCHITECTURAL_MATERIALS\decorative_surfaces.md | ARCHITECTURAL_MATERIALS\doors.md | ARCHITECTURAL_MATERIALS\floors.md | ARCHITECTURAL_MATERIALS\pillars.md | ARCHITECTURAL_MATERIALS\platforms.md | ARCHITECTURAL_MATERIALS\roofs.md | ARCHITECTURAL_MATERIALS\stairs.md | ARCHITECTURAL_MATERIALS\walls.md | ARCHITECTURAL_MATERIALS\windows.md | CHARACTER_MATERIALS\body_material_rules.md | CHARACTER_MATERIALS\hair.md | CHARACTER_MATERIALS\nails.md | CHARACTER_MATERIALS\skin.md | CHARACTER_MATERIALS\teeth.md | CONSTRUCTION_MATERIALS\flooring_materials.md | CONSTRUCTION_MATERIALS\lime.md | CONSTRUCTION_MATERIALS\mortar.md | CONSTRUCTION_MATERIALS\pigment_binder.md | CONSTRUCTION_MATERIALS\plaster.md | CONSTRUCTION_MATERIALS\roofing_materials.md | CORE\material_classification.md | CORE\material_continuity.md | CORE\material_decision_log.md | CORE\material_identity_rules.md | CORE\material_policy.md | CORE\material_registry.md | CORE\material_scale_rules.md | CORE\material_source_policy.md | CORE\material_substitution_rules.md | EARTHEN_AND_CERAMIC\ceramic.md | EARTHEN_AND_CERAMIC\fired_clay.md | EARTHEN_AND_CERAMIC\glazed_surfaces.md | EARTHEN_AND_CERAMIC\pottery.md | EARTHEN_AND_CERAMIC\terracotta.md | GLASS_AND_MINERAL_MATERIALS\crystal.md | GLASS_AND_MINERAL_MATERIALS\gemstone.md | GLASS_AND_MINERAL_MATERIALS\glass.md | GLASS_AND_MINERAL_MATERIALS\mica.md | GLASS_AND_MINERAL_MATERIALS\mineral_surfaces.md | GLASS_AND_MINERAL_MATERIALS\pearl.md | LEATHER_AND_ANIMAL_MATERIALS\bone.md | LEATHER_AND_ANIMAL_MATERIALS\feather_material.md | LEATHER_AND_ANIMAL_MATERIALS\hide.md | LEATHER_AND_ANIMAL_MATERIALS\horn.md | LEATHER_AND_ANIMAL_MATERIALS\ivory_research.md | LEATHER_AND_ANIMAL_MATERIALS\leather.md | LEATHER_AND_ANIMAL_MATERIALS\shell.md | MATERIAL_COMBINATIONS\composite_materials.md | MATERIAL_COMBINATIONS\glass_metal.md | MATERIAL_COMBINATIONS\metal_stone.md | MATERIAL_COMBINATIONS\metal_wood.md | MATERIAL_COMBINATIONS\stone_wood.md | MATERIAL_COMBINATIONS\textile_leather.md | MATERIAL_COMBINATIONS\textile_metal.md | MATERIAL_COMBINATIONS\wood_textile.md | MATERIAL_INTERACTION\cold_interaction.md | MATERIAL_INTERACTION\contact_interaction.md | MATERIAL_INTERACTION\dust_interaction.md | MATERIAL_INTERACTION\fire_interaction.md | MATERIAL_INTERACTION\heat_interaction.md | MATERIAL_INTERACTION\moonlight_interaction.md | MATERIAL_INTERACTION\smoke_interaction.md | MATERIAL_INTERACTION\sunlight_interaction.md | MATERIAL_INTERACTION\water_interaction.md | MATERIAL_INTERACTION\wind_interaction.md | MATERIAL_STATES\aging.md | MATERIAL_STATES\biological_growth.md | MATERIAL_STATES\damage.md | MATERIAL_STATES\destruction.md | MATERIAL_STATES\fire_damage.md | MATERIAL_STATES\normal_use.md | MATERIAL_STATES\pristine.md | MATERIAL_STATES\repair.md | MATERIAL_STATES\restoration.md | MATERIAL_STATES\water_damage.md | MATERIAL_STATES\weathering.md | METALS\brass.md | METALS\bronze.md | METALS\copper.md | METALS\gold.md | METALS\iron.md | METALS\silver.md | METALS\steel.md | ORGANIC_AND_NATURAL\flowers.md | ORGANIC_AND_NATURAL\leaves.md | ORGANIC_AND_NATURAL\organic_decay.md | ORGANIC_AND_NATURAL\resin.md | ORGANIC_AND_NATURAL\sap.md | ORGANIC_AND_NATURAL\wax.md | PHYSICAL_PROPERTIES\absorption.md | PHYSICAL_PROPERTIES\density.md | PHYSICAL_PROPERTIES\electrical_behavior.md | PHYSICAL_PROPERTIES\hardness.md | PHYSICAL_PROPERTIES\mechanical_behavior.md | PHYSICAL_PROPERTIES\reflectivity.md | PHYSICAL_PROPERTIES\roughness.md | PHYSICAL_PROPERTIES\scattering.md | PHYSICAL_PROPERTIES\surface_behavior.md | PHYSICAL_PROPERTIES\thermal_behavior.md | PHYSICAL_PROPERTIES\translucency.md | PHYSICAL_PROPERTIES\transparency.md | REFERENCES\historical_reference.md | REFERENCES\material_reference_policy.md | REFERENCES\physical_reference.md | REFERENCES\reference_index.md | REFERENCES\traditional_reference.md | REGISTRIES\material_master_registry.md | REGISTRIES\material_reference_registry.md | REGISTRIES\material_state_registry.md | REGISTRIES\material_usage_registry.md | RENDERING\albedo.md | RENDERING\anisotropy.md | RENDERING\clearcoat.md | RENDERING\displacement.md | RENDERING\material_shader_rules.md | RENDERING\metallic_workflow.md | RENDERING\normal_maps.md | RENDERING\physically_based_materials.md | RENDERING\roughness_maps.md | RENDERING\sheen.md | RENDERING\subsurface_scattering.md | RENDERING\transmission.md | STONE_AND_EARTH\basalt.md | STONE_AND_EARTH\clay.md | STONE_AND_EARTH\granite.md | STONE_AND_EARTH\gravel.md | STONE_AND_EARTH\limestone.md | STONE_AND_EARTH\marble.md | STONE_AND_EARTH\mud.md | STONE_AND_EARTH\natural_rock.md | STONE_AND_EARTH\sandstone.md | STONE_AND_EARTH\slate.md | STONE_AND_EARTH\soil.md | SURFACE_BEHAVIOR\ash.md | SURFACE_BEHAVIOR\chipped.md | SURFACE_BEHAVIOR\cracked.md | SURFACE_BEHAVIOR\dented.md | SURFACE_BEHAVIOR\dusty.md | SURFACE_BEHAVIOR\glossy.md | SURFACE_BEHAVIOR\matte.md | SURFACE_BEHAVIOR\muddy.md | SURFACE_BEHAVIOR\oily.md | SURFACE_BEHAVIOR\polished.md | SURFACE_BEHAVIOR\residue.md | SURFACE_BEHAVIOR\rough.md | SURFACE_BEHAVIOR\scratched.md | SURFACE_BEHAVIOR\soot.md | SURFACE_BEHAVIOR\stained.md | SURFACE_BEHAVIOR\wet.md | SURFACE_BEHAVIOR\worn.md | TEXTILES_AND_FIBERS\cotton.md | TEXTILES_AND_FIBERS\embroidery_materials.md | TEXTILES_AND_FIBERS\hemp.md | TEXTILES_AND_FIBERS\jute.md | TEXTILES_AND_FIBERS\knitted_structure.md | TEXTILES_AND_FIBERS\linen.md | TEXTILES_AND_FIBERS\natural_fibers.md | TEXTILES_AND_FIBERS\silk.md | TEXTILES_AND_FIBERS\textile_surface_behavior.md | TEXTILES_AND_FIBERS\wool.md | TEXTILES_AND_FIBERS\woven_structure.md | TEXTURE\photographic_textures.md | TEXTURE\procedural_textures.md | TEXTURE\texel_density.md | TEXTURE\texture_artifact_control.md | TEXTURE\texture_repetition.md | TEXTURE\texture_resolution.md | TEXTURE\texture_scale.md | TEXTURE\texture_variation.md | WOOD_AND_PLANT_MATERIALS\bamboo.md | WOOD_AND_PLANT_MATERIALS\bark.md | WOOD_AND_PLANT_MATERIALS\cane.md | WOOD_AND_PLANT_MATERIALS\hardwood.md | WOOD_AND_PLANT_MATERIALS\palm_materials.md | WOOD_AND_PLANT_MATERIALS\plant_fibers.md | WOOD_AND_PLANT_MATERIALS\softwood.md"
"12_REGISTRY\material_registry.md","0","0","","True","AI\material_consistency.md | AI\material_drift.md | AI\material_generation_qa.md | AI\material_prompt_rules.md | AI\material_provenance.md | ARCHITECTURAL_MATERIALS\decorative_surfaces.md | ARCHITECTURAL_MATERIALS\doors.md | ARCHITECTURAL_MATERIALS\floors.md | ARCHITECTURAL_MATERIALS\pillars.md | ARCHITECTURAL_MATERIALS\platforms.md | ARCHITECTURAL_MATERIALS\roofs.md | ARCHITECTURAL_MATERIALS\stairs.md | ARCHITECTURAL_MATERIALS\walls.md | ARCHITECTURAL_MATERIALS\windows.md | CHARACTER_MATERIALS\body_material_rules.md | CHARACTER_MATERIALS\hair.md | CHARACTER_MATERIALS\nails.md | CHARACTER_MATERIALS\skin.md | CHARACTER_MATERIALS\teeth.md | CONSTRUCTION_MATERIALS\flooring_materials.md | CONSTRUCTION_MATERIALS\lime.md | CONSTRUCTION_MATERIALS\mortar.md | CONSTRUCTION_MATERIALS\pigment_binder.md | CONSTRUCTION_MATERIALS\plaster.md | CONSTRUCTION_MATERIALS\roofing_materials.md | CORE\material_classification.md | CORE\material_continuity.md | CORE\material_decision_log.md | CORE\material_identity_rules.md | CORE\material_policy.md | CORE\material_registry.md | CORE\material_scale_rules.md | CORE\material_source_policy.md | CORE\material_substitution_rules.md | EARTHEN_AND_CERAMIC\ceramic.md | EARTHEN_AND_CERAMIC\fired_clay.md | EARTHEN_AND_CERAMIC\glazed_surfaces.md | EARTHEN_AND_CERAMIC\pottery.md | EARTHEN_AND_CERAMIC\terracotta.md | GLASS_AND_MINERAL_MATERIALS\crystal.md | GLASS_AND_MINERAL_MATERIALS\gemstone.md | GLASS_AND_MINERAL_MATERIALS\glass.md | GLASS_AND_MINERAL_MATERIALS\mica.md | GLASS_AND_MINERAL_MATERIALS\mineral_surfaces.md | GLASS_AND_MINERAL_MATERIALS\pearl.md | LEATHER_AND_ANIMAL_MATERIALS\bone.md | LEATHER_AND_ANIMAL_MATERIALS\feather_material.md | LEATHER_AND_ANIMAL_MATERIALS\hide.md | LEATHER_AND_ANIMAL_MATERIALS\horn.md | LEATHER_AND_ANIMAL_MATERIALS\ivory_research.md | LEATHER_AND_ANIMAL_MATERIALS\leather.md | LEATHER_AND_ANIMAL_MATERIALS\shell.md | MATERIAL_COMBINATIONS\composite_materials.md | MATERIAL_COMBINATIONS\glass_metal.md | MATERIAL_COMBINATIONS\metal_stone.md | MATERIAL_COMBINATIONS\metal_wood.md | MATERIAL_COMBINATIONS\stone_wood.md | MATERIAL_COMBINATIONS\textile_leather.md | MATERIAL_COMBINATIONS\textile_metal.md | MATERIAL_COMBINATIONS\wood_textile.md | MATERIAL_INTERACTION\cold_interaction.md | MATERIAL_INTERACTION\contact_interaction.md | MATERIAL_INTERACTION\dust_interaction.md | MATERIAL_INTERACTION\fire_interaction.md | MATERIAL_INTERACTION\heat_interaction.md | MATERIAL_INTERACTION\moonlight_interaction.md | MATERIAL_INTERACTION\smoke_interaction.md | MATERIAL_INTERACTION\sunlight_interaction.md | MATERIAL_INTERACTION\water_interaction.md | MATERIAL_INTERACTION\wind_interaction.md | MATERIAL_STATES\aging.md | MATERIAL_STATES\biological_growth.md | MATERIAL_STATES\damage.md | MATERIAL_STATES\destruction.md | MATERIAL_STATES\fire_damage.md | MATERIAL_STATES\normal_use.md | MATERIAL_STATES\pristine.md | MATERIAL_STATES\repair.md | MATERIAL_STATES\restoration.md | MATERIAL_STATES\water_damage.md | MATERIAL_STATES\weathering.md | METALS\brass.md | METALS\bronze.md | METALS\copper.md | METALS\gold.md | METALS\iron.md | METALS\silver.md | METALS\steel.md | ORGANIC_AND_NATURAL\flowers.md | ORGANIC_AND_NATURAL\leaves.md | ORGANIC_AND_NATURAL\organic_decay.md | ORGANIC_AND_NATURAL\resin.md | ORGANIC_AND_NATURAL\sap.md | ORGANIC_AND_NATURAL\wax.md | PHYSICAL_PROPERTIES\absorption.md | PHYSICAL_PROPERTIES\density.md | PHYSICAL_PROPERTIES\electrical_behavior.md | PHYSICAL_PROPERTIES\hardness.md | PHYSICAL_PROPERTIES\mechanical_behavior.md | PHYSICAL_PROPERTIES\reflectivity.md | PHYSICAL_PROPERTIES\roughness.md | PHYSICAL_PROPERTIES\scattering.md | PHYSICAL_PROPERTIES\surface_behavior.md | PHYSICAL_PROPERTIES\thermal_behavior.md | PHYSICAL_PROPERTIES\translucency.md | PHYSICAL_PROPERTIES\transparency.md | REFERENCES\historical_reference.md | REFERENCES\material_reference_policy.md | REFERENCES\physical_reference.md | REFERENCES\reference_index.md | REFERENCES\traditional_reference.md | REGISTRIES\material_master_registry.md | REGISTRIES\material_reference_registry.md | REGISTRIES\material_state_registry.md | REGISTRIES\material_usage_registry.md | RENDERING\albedo.md | RENDERING\anisotropy.md | RENDERING\clearcoat.md | RENDERING\displacement.md | RENDERING\material_shader_rules.md | RENDERING\metallic_workflow.md | RENDERING\normal_maps.md | RENDERING\physically_based_materials.md | RENDERING\roughness_maps.md | RENDERING\sheen.md | RENDERING\subsurface_scattering.md | RENDERING\transmission.md | STONE_AND_EARTH\basalt.md | STONE_AND_EARTH\clay.md | STONE_AND_EARTH\granite.md | STONE_AND_EARTH\gravel.md | STONE_AND_EARTH\limestone.md | STONE_AND_EARTH\marble.md | STONE_AND_EARTH\mud.md | STONE_AND_EARTH\natural_rock.md | STONE_AND_EARTH\sandstone.md | STONE_AND_EARTH\slate.md | STONE_AND_EARTH\soil.md | SURFACE_BEHAVIOR\ash.md | SURFACE_BEHAVIOR\chipped.md | SURFACE_BEHAVIOR\cracked.md | SURFACE_BEHAVIOR\dented.md | SURFACE_BEHAVIOR\dusty.md | SURFACE_BEHAVIOR\glossy.md | SURFACE_BEHAVIOR\matte.md | SURFACE_BEHAVIOR\muddy.md | SURFACE_BEHAVIOR\oily.md | SURFACE_BEHAVIOR\polished.md | SURFACE_BEHAVIOR\residue.md | SURFACE_BEHAVIOR\rough.md | SURFACE_BEHAVIOR\scratched.md | SURFACE_BEHAVIOR\soot.md | SURFACE_BEHAVIOR\stained.md | SURFACE_BEHAVIOR\wet.md | SURFACE_BEHAVIOR\worn.md | TEXTILES_AND_FIBERS\cotton.md | TEXTILES_AND_FIBERS\embroidery_materials.md | TEXTILES_AND_FIBERS\hemp.md | TEXTILES_AND_FIBERS\jute.md | TEXTILES_AND_FIBERS\knitted_structure.md | TEXTILES_AND_FIBERS\linen.md | TEXTILES_AND_FIBERS\natural_fibers.md | TEXTILES_AND_FIBERS\silk.md | TEXTILES_AND_FIBERS\textile_surface_behavior.md | TEXTILES_AND_FIBERS\wool.md | TEXTILES_AND_FIBERS\woven_structure.md | TEXTURE\photographic_textures.md | TEXTURE\procedural_textures.md | TEXTURE\texel_density.md | TEXTURE\texture_artifact_control.md | TEXTURE\texture_repetition.md | TEXTURE\texture_resolution.md | TEXTURE\texture_scale.md | TEXTURE\texture_variation.md | WOOD_AND_PLANT_MATERIALS\bamboo.md | WOOD_AND_PLANT_MATERIALS\bark.md | WOOD_AND_PLANT_MATERIALS\cane.md | WOOD_AND_PLANT_MATERIALS\hardwood.md | WOOD_AND_PLANT_MATERIALS\palm_materials.md | WOOD_AND_PLANT_MATERIALS\plant_fibers.md | WOOD_AND_PLANT_MATERIALS\softwood.md"
"12_REGISTRY\material_variants.md","0","0","","True","AI\material_consistency.md | AI\material_drift.md | AI\material_generation_qa.md | AI\material_prompt_rules.md | AI\material_provenance.md | ARCHITECTURAL_MATERIALS\decorative_surfaces.md | ARCHITECTURAL_MATERIALS\doors.md | ARCHITECTURAL_MATERIALS\floors.md | ARCHITECTURAL_MATERIALS\pillars.md | ARCHITECTURAL_MATERIALS\platforms.md | ARCHITECTURAL_MATERIALS\roofs.md | ARCHITECTURAL_MATERIALS\stairs.md | ARCHITECTURAL_MATERIALS\walls.md | ARCHITECTURAL_MATERIALS\windows.md | CHARACTER_MATERIALS\body_material_rules.md | CHARACTER_MATERIALS\hair.md | CHARACTER_MATERIALS\nails.md | CHARACTER_MATERIALS\skin.md | CHARACTER_MATERIALS\teeth.md | CONSTRUCTION_MATERIALS\flooring_materials.md | CONSTRUCTION_MATERIALS\lime.md | CONSTRUCTION_MATERIALS\mortar.md | CONSTRUCTION_MATERIALS\pigment_binder.md | CONSTRUCTION_MATERIALS\plaster.md | CONSTRUCTION_MATERIALS\roofing_materials.md | CORE\material_classification.md | CORE\material_continuity.md | CORE\material_decision_log.md | CORE\material_identity_rules.md | CORE\material_policy.md | CORE\material_registry.md | CORE\material_scale_rules.md | CORE\material_source_policy.md | CORE\material_substitution_rules.md | EARTHEN_AND_CERAMIC\ceramic.md | EARTHEN_AND_CERAMIC\fired_clay.md | EARTHEN_AND_CERAMIC\glazed_surfaces.md | EARTHEN_AND_CERAMIC\pottery.md | EARTHEN_AND_CERAMIC\terracotta.md | GLASS_AND_MINERAL_MATERIALS\crystal.md | GLASS_AND_MINERAL_MATERIALS\gemstone.md | GLASS_AND_MINERAL_MATERIALS\glass.md | GLASS_AND_MINERAL_MATERIALS\mica.md | GLASS_AND_MINERAL_MATERIALS\mineral_surfaces.md | GLASS_AND_MINERAL_MATERIALS\pearl.md | LEATHER_AND_ANIMAL_MATERIALS\bone.md | LEATHER_AND_ANIMAL_MATERIALS\feather_material.md | LEATHER_AND_ANIMAL_MATERIALS\hide.md | LEATHER_AND_ANIMAL_MATERIALS\horn.md | LEATHER_AND_ANIMAL_MATERIALS\ivory_research.md | LEATHER_AND_ANIMAL_MATERIALS\leather.md | LEATHER_AND_ANIMAL_MATERIALS\shell.md | MATERIAL_COMBINATIONS\composite_materials.md | MATERIAL_COMBINATIONS\glass_metal.md | MATERIAL_COMBINATIONS\metal_stone.md | MATERIAL_COMBINATIONS\metal_wood.md | MATERIAL_COMBINATIONS\stone_wood.md | MATERIAL_COMBINATIONS\textile_leather.md | MATERIAL_COMBINATIONS\textile_metal.md | MATERIAL_COMBINATIONS\wood_textile.md | MATERIAL_INTERACTION\cold_interaction.md | MATERIAL_INTERACTION\contact_interaction.md | MATERIAL_INTERACTION\dust_interaction.md | MATERIAL_INTERACTION\fire_interaction.md | MATERIAL_INTERACTION\heat_interaction.md | MATERIAL_INTERACTION\moonlight_interaction.md | MATERIAL_INTERACTION\smoke_interaction.md | MATERIAL_INTERACTION\sunlight_interaction.md | MATERIAL_INTERACTION\water_interaction.md | MATERIAL_INTERACTION\wind_interaction.md | MATERIAL_STATES\aging.md | MATERIAL_STATES\biological_growth.md | MATERIAL_STATES\damage.md | MATERIAL_STATES\destruction.md | MATERIAL_STATES\fire_damage.md | MATERIAL_STATES\normal_use.md | MATERIAL_STATES\pristine.md | MATERIAL_STATES\repair.md | MATERIAL_STATES\restoration.md | MATERIAL_STATES\water_damage.md | MATERIAL_STATES\weathering.md | METALS\brass.md | METALS\bronze.md | METALS\copper.md | METALS\gold.md | METALS\iron.md | METALS\silver.md | METALS\steel.md | ORGANIC_AND_NATURAL\flowers.md | ORGANIC_AND_NATURAL\leaves.md | ORGANIC_AND_NATURAL\organic_decay.md | ORGANIC_AND_NATURAL\resin.md | ORGANIC_AND_NATURAL\sap.md | ORGANIC_AND_NATURAL\wax.md | PHYSICAL_PROPERTIES\absorption.md | PHYSICAL_PROPERTIES\density.md | PHYSICAL_PROPERTIES\electrical_behavior.md | PHYSICAL_PROPERTIES\hardness.md | PHYSICAL_PROPERTIES\mechanical_behavior.md | PHYSICAL_PROPERTIES\reflectivity.md | PHYSICAL_PROPERTIES\roughness.md | PHYSICAL_PROPERTIES\scattering.md | PHYSICAL_PROPERTIES\surface_behavior.md | PHYSICAL_PROPERTIES\thermal_behavior.md | PHYSICAL_PROPERTIES\translucency.md | PHYSICAL_PROPERTIES\transparency.md | REFERENCES\historical_reference.md | REFERENCES\material_reference_policy.md | REFERENCES\physical_reference.md | REFERENCES\reference_index.md | REFERENCES\traditional_reference.md | REGISTRIES\material_master_registry.md | REGISTRIES\material_reference_registry.md | REGISTRIES\material_state_registry.md | REGISTRIES\material_usage_registry.md | RENDERING\albedo.md | RENDERING\anisotropy.md | RENDERING\clearcoat.md | RENDERING\displacement.md | RENDERING\material_shader_rules.md | RENDERING\metallic_workflow.md | RENDERING\normal_maps.md | RENDERING\physically_based_materials.md | RENDERING\roughness_maps.md | RENDERING\sheen.md | RENDERING\subsurface_scattering.md | RENDERING\transmission.md | STONE_AND_EARTH\basalt.md | STONE_AND_EARTH\clay.md | STONE_AND_EARTH\granite.md | STONE_AND_EARTH\gravel.md | STONE_AND_EARTH\limestone.md | STONE_AND_EARTH\marble.md | STONE_AND_EARTH\mud.md | STONE_AND_EARTH\natural_rock.md | STONE_AND_EARTH\sandstone.md | STONE_AND_EARTH\slate.md | STONE_AND_EARTH\soil.md | SURFACE_BEHAVIOR\ash.md | SURFACE_BEHAVIOR\chipped.md | SURFACE_BEHAVIOR\cracked.md | SURFACE_BEHAVIOR\dented.md | SURFACE_BEHAVIOR\dusty.md | SURFACE_BEHAVIOR\glossy.md | SURFACE_BEHAVIOR\matte.md | SURFACE_BEHAVIOR\muddy.md | SURFACE_BEHAVIOR\oily.md | SURFACE_BEHAVIOR\polished.md | SURFACE_BEHAVIOR\residue.md | SURFACE_BEHAVIOR\rough.md | SURFACE_BEHAVIOR\scratched.md | SURFACE_BEHAVIOR\soot.md | SURFACE_BEHAVIOR\stained.md | SURFACE_BEHAVIOR\wet.md | SURFACE_BEHAVIOR\worn.md | TEXTILES_AND_FIBERS\cotton.md | TEXTILES_AND_FIBERS\embroidery_materials.md | TEXTILES_AND_FIBERS\hemp.md | TEXTILES_AND_FIBERS\jute.md | TEXTILES_AND_FIBERS\knitted_structure.md | TEXTILES_AND_FIBERS\linen.md | TEXTILES_AND_FIBERS\natural_fibers.md | TEXTILES_AND_FIBERS\silk.md | TEXTILES_AND_FIBERS\textile_surface_behavior.md | TEXTILES_AND_FIBERS\wool.md | TEXTILES_AND_FIBERS\woven_structure.md | TEXTURE\photographic_textures.md | TEXTURE\procedural_textures.md | TEXTURE\texel_density.md | TEXTURE\texture_artifact_control.md | TEXTURE\texture_repetition.md | TEXTURE\texture_resolution.md | TEXTURE\texture_scale.md | TEXTURE\texture_variation.md | WOOD_AND_PLANT_MATERIALS\bamboo.md | WOOD_AND_PLANT_MATERIALS\bark.md | WOOD_AND_PLANT_MATERIALS\cane.md | WOOD_AND_PLANT_MATERIALS\hardwood.md | WOOD_AND_PLANT_MATERIALS\palm_materials.md | WOOD_AND_PLANT_MATERIALS\plant_fibers.md | WOOD_AND_PLANT_MATERIALS\softwood.md"
"12_REGISTRY\material_versions.md","0","0","","True","AI\material_consistency.md | AI\material_drift.md | AI\material_generation_qa.md | AI\material_prompt_rules.md | AI\material_provenance.md | ARCHITECTURAL_MATERIALS\decorative_surfaces.md | ARCHITECTURAL_MATERIALS\doors.md | ARCHITECTURAL_MATERIALS\floors.md | ARCHITECTURAL_MATERIALS\pillars.md | ARCHITECTURAL_MATERIALS\platforms.md | ARCHITECTURAL_MATERIALS\roofs.md | ARCHITECTURAL_MATERIALS\stairs.md | ARCHITECTURAL_MATERIALS\walls.md | ARCHITECTURAL_MATERIALS\windows.md | CHARACTER_MATERIALS\body_material_rules.md | CHARACTER_MATERIALS\hair.md | CHARACTER_MATERIALS\nails.md | CHARACTER_MATERIALS\skin.md | CHARACTER_MATERIALS\teeth.md | CONSTRUCTION_MATERIALS\flooring_materials.md | CONSTRUCTION_MATERIALS\lime.md | CONSTRUCTION_MATERIALS\mortar.md | CONSTRUCTION_MATERIALS\pigment_binder.md | CONSTRUCTION_MATERIALS\plaster.md | CONSTRUCTION_MATERIALS\roofing_materials.md | CORE\material_classification.md | CORE\material_continuity.md | CORE\material_decision_log.md | CORE\material_identity_rules.md | CORE\material_policy.md | CORE\material_registry.md | CORE\material_scale_rules.md | CORE\material_source_policy.md | CORE\material_substitution_rules.md | EARTHEN_AND_CERAMIC\ceramic.md | EARTHEN_AND_CERAMIC\fired_clay.md | EARTHEN_AND_CERAMIC\glazed_surfaces.md | EARTHEN_AND_CERAMIC\pottery.md | EARTHEN_AND_CERAMIC\terracotta.md | GLASS_AND_MINERAL_MATERIALS\crystal.md | GLASS_AND_MINERAL_MATERIALS\gemstone.md | GLASS_AND_MINERAL_MATERIALS\glass.md | GLASS_AND_MINERAL_MATERIALS\mica.md | GLASS_AND_MINERAL_MATERIALS\mineral_surfaces.md | GLASS_AND_MINERAL_MATERIALS\pearl.md | LEATHER_AND_ANIMAL_MATERIALS\bone.md | LEATHER_AND_ANIMAL_MATERIALS\feather_material.md | LEATHER_AND_ANIMAL_MATERIALS\hide.md | LEATHER_AND_ANIMAL_MATERIALS\horn.md | LEATHER_AND_ANIMAL_MATERIALS\ivory_research.md | LEATHER_AND_ANIMAL_MATERIALS\leather.md | LEATHER_AND_ANIMAL_MATERIALS\shell.md | MATERIAL_COMBINATIONS\composite_materials.md | MATERIAL_COMBINATIONS\glass_metal.md | MATERIAL_COMBINATIONS\metal_stone.md | MATERIAL_COMBINATIONS\metal_wood.md | MATERIAL_COMBINATIONS\stone_wood.md | MATERIAL_COMBINATIONS\textile_leather.md | MATERIAL_COMBINATIONS\textile_metal.md | MATERIAL_COMBINATIONS\wood_textile.md | MATERIAL_INTERACTION\cold_interaction.md | MATERIAL_INTERACTION\contact_interaction.md | MATERIAL_INTERACTION\dust_interaction.md | MATERIAL_INTERACTION\fire_interaction.md | MATERIAL_INTERACTION\heat_interaction.md | MATERIAL_INTERACTION\moonlight_interaction.md | MATERIAL_INTERACTION\smoke_interaction.md | MATERIAL_INTERACTION\sunlight_interaction.md | MATERIAL_INTERACTION\water_interaction.md | MATERIAL_INTERACTION\wind_interaction.md | MATERIAL_STATES\aging.md | MATERIAL_STATES\biological_growth.md | MATERIAL_STATES\damage.md | MATERIAL_STATES\destruction.md | MATERIAL_STATES\fire_damage.md | MATERIAL_STATES\normal_use.md | MATERIAL_STATES\pristine.md | MATERIAL_STATES\repair.md | MATERIAL_STATES\restoration.md | MATERIAL_STATES\water_damage.md | MATERIAL_STATES\weathering.md | METALS\brass.md | METALS\bronze.md | METALS\copper.md | METALS\gold.md | METALS\iron.md | METALS\silver.md | METALS\steel.md | ORGANIC_AND_NATURAL\flowers.md | ORGANIC_AND_NATURAL\leaves.md | ORGANIC_AND_NATURAL\organic_decay.md | ORGANIC_AND_NATURAL\resin.md | ORGANIC_AND_NATURAL\sap.md | ORGANIC_AND_NATURAL\wax.md | PHYSICAL_PROPERTIES\absorption.md | PHYSICAL_PROPERTIES\density.md | PHYSICAL_PROPERTIES\electrical_behavior.md | PHYSICAL_PROPERTIES\hardness.md | PHYSICAL_PROPERTIES\mechanical_behavior.md | PHYSICAL_PROPERTIES\reflectivity.md | PHYSICAL_PROPERTIES\roughness.md | PHYSICAL_PROPERTIES\scattering.md | PHYSICAL_PROPERTIES\surface_behavior.md | PHYSICAL_PROPERTIES\thermal_behavior.md | PHYSICAL_PROPERTIES\translucency.md | PHYSICAL_PROPERTIES\transparency.md | REFERENCES\historical_reference.md | REFERENCES\material_reference_policy.md | REFERENCES\physical_reference.md | REFERENCES\reference_index.md | REFERENCES\traditional_reference.md | REGISTRIES\material_master_registry.md | REGISTRIES\material_reference_registry.md | REGISTRIES\material_state_registry.md | REGISTRIES\material_usage_registry.md | RENDERING\albedo.md | RENDERING\anisotropy.md | RENDERING\clearcoat.md | RENDERING\displacement.md | RENDERING\material_shader_rules.md | RENDERING\metallic_workflow.md | RENDERING\normal_maps.md | RENDERING\physically_based_materials.md | RENDERING\roughness_maps.md | RENDERING\sheen.md | RENDERING\subsurface_scattering.md | RENDERING\transmission.md | STONE_AND_EARTH\basalt.md | STONE_AND_EARTH\clay.md | STONE_AND_EARTH\granite.md | STONE_AND_EARTH\gravel.md | STONE_AND_EARTH\limestone.md | STONE_AND_EARTH\marble.md | STONE_AND_EARTH\mud.md | STONE_AND_EARTH\natural_rock.md | STONE_AND_EARTH\sandstone.md | STONE_AND_EARTH\slate.md | STONE_AND_EARTH\soil.md | SURFACE_BEHAVIOR\ash.md | SURFACE_BEHAVIOR\chipped.md | SURFACE_BEHAVIOR\cracked.md | SURFACE_BEHAVIOR\dented.md | SURFACE_BEHAVIOR\dusty.md | SURFACE_BEHAVIOR\glossy.md | SURFACE_BEHAVIOR\matte.md | SURFACE_BEHAVIOR\muddy.md | SURFACE_BEHAVIOR\oily.md | SURFACE_BEHAVIOR\polished.md | SURFACE_BEHAVIOR\residue.md | SURFACE_BEHAVIOR\rough.md | SURFACE_BEHAVIOR\scratched.md | SURFACE_BEHAVIOR\soot.md | SURFACE_BEHAVIOR\stained.md | SURFACE_BEHAVIOR\wet.md | SURFACE_BEHAVIOR\worn.md | TEXTILES_AND_FIBERS\cotton.md | TEXTILES_AND_FIBERS\embroidery_materials.md | TEXTILES_AND_FIBERS\hemp.md | TEXTILES_AND_FIBERS\jute.md | TEXTILES_AND_FIBERS\knitted_structure.md | TEXTILES_AND_FIBERS\linen.md | TEXTILES_AND_FIBERS\natural_fibers.md | TEXTILES_AND_FIBERS\silk.md | TEXTILES_AND_FIBERS\textile_surface_behavior.md | TEXTILES_AND_FIBERS\wool.md | TEXTILES_AND_FIBERS\woven_structure.md | TEXTURE\photographic_textures.md | TEXTURE\procedural_textures.md | TEXTURE\texel_density.md | TEXTURE\texture_artifact_control.md | TEXTURE\texture_repetition.md | TEXTURE\texture_resolution.md | TEXTURE\texture_scale.md | TEXTURE\texture_variation.md | WOOD_AND_PLANT_MATERIALS\bamboo.md | WOOD_AND_PLANT_MATERIALS\bark.md | WOOD_AND_PLANT_MATERIALS\cane.md | WOOD_AND_PLANT_MATERIALS\hardwood.md | WOOD_AND_PLANT_MATERIALS\palm_materials.md | WOOD_AND_PLANT_MATERIALS\plant_fibers.md | WOOD_AND_PLANT_MATERIALS\softwood.md"
