"LegacyRoot","RelativePath","FileName","SizeBytes","SHA256","DestinationClass"
"audio","audio\age_based_sound_variation.md","age_based_sound_variation.md","0","E3B0C44298FC1C149AFBF4C8996FB92427AE41E4649B934CA495991B7852B855","11_AUDIO"
"audio","audio\aggression_sounds.md","aggression_sounds.md","0","E3B0C44298FC1C149AFBF4C8996FB92427AE41E4649B934CA495991B7852B855","11_AUDIO"
"audio","audio\alarm_calls.md","alarm_calls.md","0","E3B0C44298FC1C149AFBF4C8996FB92427AE41E4649B934CA495991B7852B855","11_AUDIO"
"audio","audio\animal_audio_continuity.md","animal_audio_continuity.md","0","E3B0C44298FC1C149AFBF4C8996FB92427AE41E4649B934CA495991B7852B855","11_AUDIO"
"audio","audio\animal_audio_directionality.md","animal_audio_directionality.md","0","E3B0C44298FC1C149AFBF4C8996FB92427AE41E4649B934CA495991B7852B855","11_AUDIO"
"audio","audio\animal_audio_distance.md","animal_audio_distance.md","0","E3B0C44298FC1C149AFBF4C8996FB92427AE41E4649B934CA495991B7852B855","11_AUDIO"
"audio","audio\animal_audio_intensity.md","animal_audio_intensity.md","0","E3B0C44298FC1C149AFBF4C8996FB92427AE41E4649B934CA495991B7852B855","11_AUDIO"
"audio","audio\animal_audio_reverb.md","animal_audio_reverb.md","0","E3B0C44298FC1C149AFBF4C8996FB92427AE41E4649B934CA495991B7852B855","11_AUDIO"
"audio","audio\animal_audio_system.md","animal_audio_system.md","0","E3B0C44298FC1C149AFBF4C8996FB92427AE41E4649B934CA495991B7852B855","11_AUDIO"
"audio","audio\animal_audio_timing.md","animal_audio_timing.md","0","E3B0C44298FC1C149AFBF4C8996FB92427AE41E4649B934CA495991B7852B855","11_AUDIO"
"audio","audio\animal_sound_identity.md","animal_sound_identity.md","0","E3B0C44298FC1C149AFBF4C8996FB92427AE41E4649B934CA495991B7852B855","11_AUDIO"
"audio","audio\animal_sound_system.md","animal_sound_system.md","0","E3B0C44298FC1C149AFBF4C8996FB92427AE41E4649B934CA495991B7852B855","11_AUDIO"
"audio","audio\background_sound_layers.md","background_sound_layers.md","0","E3B0C44298FC1C149AFBF4C8996FB92427AE41E4649B934CA495991B7852B855","11_AUDIO"
"audio","audio\BEHAVIOR_TO_SOUND\aggression_to_sound.md","aggression_to_sound.md","0","E3B0C44298FC1C149AFBF4C8996FB92427AE41E4649B934CA495991B7852B855","11_AUDIO"
"audio","audio\BEHAVIOR_TO_SOUND\alarm_to_sound.md","alarm_to_sound.md","0","E3B0C44298FC1C149AFBF4C8996FB92427AE41E4649B934CA495991B7852B855","11_AUDIO"
"audio","audio\BEHAVIOR_TO_SOUND\behavior_to_sound.md","behavior_to_sound.md","0","E3B0C44298FC1C149AFBF4C8996FB92427AE41E4649B934CA495991B7852B855","11_AUDIO"
"audio","audio\BEHAVIOR_TO_SOUND\distress_to_sound.md","distress_to_sound.md","0","E3B0C44298FC1C149AFBF4C8996FB92427AE41E4649B934CA495991B7852B855","11_AUDIO"
"audio","audio\BEHAVIOR_TO_SOUND\divine_event_animal_response.md","divine_event_animal_response.md","0","E3B0C44298FC1C149AFBF4C8996FB92427AE41E4649B934CA495991B7852B855","11_AUDIO"
"audio","audio\BEHAVIOR_TO_SOUND\emotion_to_sound.md","emotion_to_sound.md","0","E3B0C44298FC1C149AFBF4C8996FB92427AE41E4649B934CA495991B7852B855","11_AUDIO"
"audio","audio\BEHAVIOR_TO_SOUND\environment_change_to_sound.md","environment_change_to_sound.md","0","E3B0C44298FC1C149AFBF4C8996FB92427AE41E4649B934CA495991B7852B855","11_AUDIO"
"audio","audio\BEHAVIOR_TO_SOUND\fear_to_sound.md","fear_to_sound.md","0","E3B0C44298FC1C149AFBF4C8996FB92427AE41E4649B934CA495991B7852B855","11_AUDIO"
"audio","audio\BEHAVIOR_TO_SOUND\group_behavior_to_sound.md","group_behavior_to_sound.md","0","E3B0C44298FC1C149AFBF4C8996FB92427AE41E4649B934CA495991B7852B855","11_AUDIO"
"audio","audio\BEHAVIOR_TO_SOUND\movement_to_sound.md","movement_to_sound.md","0","E3B0C44298FC1C149AFBF4C8996FB92427AE41E4649B934CA495991B7852B855","11_AUDIO"
"audio","audio\BEHAVIOR_TO_SOUND\parent_offspring_to_sound.md","parent_offspring_to_sound.md","0","E3B0C44298FC1C149AFBF4C8996FB92427AE41E4649B934CA495991B7852B855","11_AUDIO"
"audio","audio\BEHAVIOR_TO_SOUND\social_interaction_to_sound.md","social_interaction_to_sound.md","0","E3B0C44298FC1C149AFBF4C8996FB92427AE41E4649B934CA495991B7852B855","11_AUDIO"
"audio","audio\calm_sounds.md","calm_sounds.md","0","E3B0C44298FC1C149AFBF4C8996FB92427AE41E4649B934CA495991B7852B855","11_AUDIO"
"audio","audio\contact_calls.md","contact_calls.md","0","E3B0C44298FC1C149AFBF4C8996FB92427AE41E4649B934CA495991B7852B855","11_AUDIO"
"audio","audio\courtship_calls.md","courtship_calls.md","0","E3B0C44298FC1C149AFBF4C8996FB92427AE41E4649B934CA495991B7852B855","11_AUDIO"
"audio","audio\distress_calls.md","distress_calls.md","0","E3B0C44298FC1C149AFBF4C8996FB92427AE41E4649B934CA495991B7852B855","11_AUDIO"
"audio","audio\environment_reactive_sounds.md","environment_reactive_sounds.md","0","E3B0C44298FC1C149AFBF4C8996FB92427AE41E4649B934CA495991B7852B855","11_AUDIO"
"audio","audio\fear_sounds.md","fear_sounds.md","0","E3B0C44298FC1C149AFBF4C8996FB92427AE41E4649B934CA495991B7852B855","11_AUDIO"
"audio","audio\feeding_sounds.md","feeding_sounds.md","0","E3B0C44298FC1C149AFBF4C8996FB92427AE41E4649B934CA495991B7852B855","11_AUDIO"
"audio","audio\forest_animal_soundscape.md","forest_animal_soundscape.md","0","E3B0C44298FC1C149AFBF4C8996FB92427AE41E4649B934CA495991B7852B855","11_AUDIO"
"audio","audio\group_calls.md","group_calls.md","0","E3B0C44298FC1C149AFBF4C8996FB92427AE41E4649B934CA495991B7852B855","11_AUDIO"
"audio","audio\HANDOFF\animal_audio_continuity.md","animal_audio_continuity.md","0","E3B0C44298FC1C149AFBF4C8996FB92427AE41E4649B934CA495991B7852B855","11_AUDIO"
"audio","audio\HANDOFF\animal_audio_registry.md","animal_audio_registry.md","0","E3B0C44298FC1C149AFBF4C8996FB92427AE41E4649B934CA495991B7852B855","11_AUDIO"
"audio","audio\HANDOFF\animal_sound_requirements.md","animal_sound_requirements.md","0","E3B0C44298FC1C149AFBF4C8996FB92427AE41E4649B934CA495991B7852B855","11_AUDIO"
"audio","audio\HANDOFF\animal_to_audio.md","animal_to_audio.md","0","E3B0C44298FC1C149AFBF4C8996FB92427AE41E4649B934CA495991B7852B855","11_AUDIO"
"audio","audio\HANDOFF\animal_to_sound_design.md","animal_to_sound_design.md","0","E3B0C44298FC1C149AFBF4C8996FB92427AE41E4649B934CA495991B7852B855","11_AUDIO"
"audio","audio\individual_sound_variation.md","individual_sound_variation.md","0","E3B0C44298FC1C149AFBF4C8996FB92427AE41E4649B934CA495991B7852B855","11_AUDIO"
"audio","audio\INDIVIDUAL_VARIATION\individual_call_variation.md","individual_call_variation.md","0","E3B0C44298FC1C149AFBF4C8996FB92427AE41E4649B934CA495991B7852B855","11_AUDIO"
"audio","audio\INDIVIDUAL_VARIATION\individual_pitch_variation.md","individual_pitch_variation.md","0","E3B0C44298FC1C149AFBF4C8996FB92427AE41E4649B934CA495991B7852B855","11_AUDIO"
"audio","audio\INDIVIDUAL_VARIATION\individual_rhythm_variation.md","individual_rhythm_variation.md","0","E3B0C44298FC1C149AFBF4C8996FB92427AE41E4649B934CA495991B7852B855","11_AUDIO"
"audio","audio\INDIVIDUAL_VARIATION\individual_sound_continuity.md","individual_sound_continuity.md","0","E3B0C44298FC1C149AFBF4C8996FB92427AE41E4649B934CA495991B7852B855","11_AUDIO"
"audio","audio\INDIVIDUAL_VARIATION\individual_timbre_variation.md","individual_timbre_variation.md","0","E3B0C44298FC1C149AFBF4C8996FB92427AE41E4649B934CA495991B7852B855","11_AUDIO"
"audio","audio\INDIVIDUAL_VARIATION\individual_voice_identity.md","individual_voice_identity.md","0","E3B0C44298FC1C149AFBF4C8996FB92427AE41E4649B934CA495991B7852B855","11_AUDIO"
"audio","audio\INDIVIDUAL_VARIATION\individual_volume_variation.md","individual_volume_variation.md","0","E3B0C44298FC1C149AFBF4C8996FB92427AE41E4649B934CA495991B7852B855","11_AUDIO"
"audio","audio\mating_calls.md","mating_calls.md","0","E3B0C44298FC1C149AFBF4C8996FB92427AE41E4649B934CA495991B7852B855","11_AUDIO"
"audio","audio\mother_offspring_calls.md","mother_offspring_calls.md","0","E3B0C44298FC1C149AFBF4C8996FB92427AE41E4649B934CA495991B7852B855","11_AUDIO"
"audio","audio\mountain_animal_soundscape.md","mountain_animal_soundscape.md","0","E3B0C44298FC1C149AFBF4C8996FB92427AE41E4649B934CA495991B7852B855","11_AUDIO"
"audio","audio\movement_sounds.md","movement_sounds.md","0","E3B0C44298FC1C149AFBF4C8996FB92427AE41E4649B934CA495991B7852B855","11_AUDIO"
"audio","audio\non_vocal_animal_sounds.md","non_vocal_animal_sounds.md","0","E3B0C44298FC1C149AFBF4C8996FB92427AE41E4649B934CA495991B7852B855","11_AUDIO"
"audio","audio\pain_sounds.md","pain_sounds.md","0","E3B0C44298FC1C149AFBF4C8996FB92427AE41E4649B934CA495991B7852B855","11_AUDIO"
"audio","audio\palace_animal_soundscape.md","palace_animal_soundscape.md","0","E3B0C44298FC1C149AFBF4C8996FB92427AE41E4649B934CA495991B7852B855","11_AUDIO"
"audio","audio\parent_offspring_calls.md","parent_offspring_calls.md","0","E3B0C44298FC1C149AFBF4C8996FB92427AE41E4649B934CA495991B7852B855","11_AUDIO"
"audio","audio\REFERENCES\animal_sound_references.md","animal_sound_references.md","0","E3B0C44298FC1C149AFBF4C8996FB92427AE41E4649B934CA495991B7852B855","11_AUDIO"
"audio","audio\REFERENCES\behavior_recordings.md","behavior_recordings.md","0","E3B0C44298FC1C149AFBF4C8996FB92427AE41E4649B934CA495991B7852B855","11_AUDIO"
"audio","audio\REFERENCES\domestic_recordings.md","domestic_recordings.md","0","E3B0C44298FC1C149AFBF4C8996FB92427AE41E4649B934CA495991B7852B855","11_AUDIO"
"audio","audio\REFERENCES\environment_recordings.md","environment_recordings.md","0","E3B0C44298FC1C149AFBF4C8996FB92427AE41E4649B934CA495991B7852B855","11_AUDIO"
"audio","audio\REFERENCES\reference_provenance.md","reference_provenance.md","0","E3B0C44298FC1C149AFBF4C8996FB92427AE41E4649B934CA495991B7852B855","11_AUDIO"
"audio","audio\REFERENCES\reference_quality.md","reference_quality.md","0","E3B0C44298FC1C149AFBF4C8996FB92427AE41E4649B934CA495991B7852B855","11_AUDIO"
"audio","audio\REFERENCES\species_recordings.md","species_recordings.md","0","E3B0C44298FC1C149AFBF4C8996FB92427AE41E4649B934CA495991B7852B855","11_AUDIO"
"audio","audio\REFERENCES\wild_recordings.md","wild_recordings.md","0","E3B0C44298FC1C149AFBF4C8996FB92427AE41E4649B934CA495991B7852B855","11_AUDIO"
"audio","audio\river_animal_soundscape.md","river_animal_soundscape.md","0","E3B0C44298FC1C149AFBF4C8996FB92427AE41E4649B934CA495991B7852B855","11_AUDIO"
"audio","audio\sex_based_sound_variation.md","sex_based_sound_variation.md","0","E3B0C44298FC1C149AFBF4C8996FB92427AE41E4649B934CA495991B7852B855","11_AUDIO"
"audio","audio\social_calls.md","social_calls.md","0","E3B0C44298FC1C149AFBF4C8996FB92427AE41E4649B934CA495991B7852B855","11_AUDIO"
"audio","audio\SPATIAL\sound_absorption.md","sound_absorption.md","0","E3B0C44298FC1C149AFBF4C8996FB92427AE41E4649B934CA495991B7852B855","11_AUDIO"
"audio","audio\SPATIAL\sound_direction.md","sound_direction.md","0","E3B0C44298FC1C149AFBF4C8996FB92427AE41E4649B934CA495991B7852B855","11_AUDIO"
"audio","audio\SPATIAL\sound_distance.md","sound_distance.md","0","E3B0C44298FC1C149AFBF4C8996FB92427AE41E4649B934CA495991B7852B855","11_AUDIO"
"audio","audio\SPATIAL\sound_environment.md","sound_environment.md","0","E3B0C44298FC1C149AFBF4C8996FB92427AE41E4649B934CA495991B7852B855","11_AUDIO"
"audio","audio\SPATIAL\sound_occlusion.md","sound_occlusion.md","0","E3B0C44298FC1C149AFBF4C8996FB92427AE41E4649B934CA495991B7852B855","11_AUDIO"
"audio","audio\SPATIAL\sound_position.md","sound_position.md","0","E3B0C44298FC1C149AFBF4C8996FB92427AE41E4649B934CA495991B7852B855","11_AUDIO"
"audio","audio\SPATIAL\sound_reflection.md","sound_reflection.md","0","E3B0C44298FC1C149AFBF4C8996FB92427AE41E4649B934CA495991B7852B855","11_AUDIO"
"audio","audio\SPATIAL\sound_reverberation.md","sound_reverberation.md","0","E3B0C44298FC1C149AFBF4C8996FB92427AE41E4649B934CA495991B7852B855","11_AUDIO"
"audio","audio\SPECIES_PROFILES\amphibian_sound_profiles.md","amphibian_sound_profiles.md","0","E3B0C44298FC1C149AFBF4C8996FB92427AE41E4649B934CA495991B7852B855","11_AUDIO"
"audio","audio\SPECIES_PROFILES\bird_sound_profiles.md","bird_sound_profiles.md","0","E3B0C44298FC1C149AFBF4C8996FB92427AE41E4649B934CA495991B7852B855","11_AUDIO"
"audio","audio\SPECIES_PROFILES\fish_sound_profiles.md","fish_sound_profiles.md","0","E3B0C44298FC1C149AFBF4C8996FB92427AE41E4649B934CA495991B7852B855","11_AUDIO"
"audio","audio\SPECIES_PROFILES\insect_sound_profiles.md","insect_sound_profiles.md","0","E3B0C44298FC1C149AFBF4C8996FB92427AE41E4649B934CA495991B7852B855","11_AUDIO"
"audio","audio\SPECIES_PROFILES\mammal_sound_profiles.md","mammal_sound_profiles.md","0","E3B0C44298FC1C149AFBF4C8996FB92427AE41E4649B934CA495991B7852B855","11_AUDIO"
"audio","audio\SPECIES_PROFILES\reptile_sound_profiles.md","reptile_sound_profiles.md","0","E3B0C44298FC1C149AFBF4C8996FB92427AE41E4649B934CA495991B7852B855","11_AUDIO"
"audio","audio\SPECIES_PROFILES\species_sound_profile_system.md","species_sound_profile_system.md","0","E3B0C44298FC1C149AFBF4C8996FB92427AE41E4649B934CA495991B7852B855","11_AUDIO"
"audio","audio\species_sound_profiles.md","species_sound_profiles.md","0","E3B0C44298FC1C149AFBF4C8996FB92427AE41E4649B934CA495991B7852B855","11_AUDIO"
"audio","audio\species_vocalizations.md","species_vocalizations.md","0","E3B0C44298FC1C149AFBF4C8996FB92427AE41E4649B934CA495991B7852B855","11_AUDIO"
"audio","audio\territorial_calls.md","territorial_calls.md","0","E3B0C44298FC1C149AFBF4C8996FB92427AE41E4649B934CA495991B7852B855","11_AUDIO"
"audio","audio\village_animal_soundscape.md","village_animal_soundscape.md","0","E3B0C44298FC1C149AFBF4C8996FB92427AE41E4649B934CA495991B7852B855","11_AUDIO"
"audio","audio\vocalization_system.md","vocalization_system.md","0","E3B0C44298FC1C149AFBF4C8996FB92427AE41E4649B934CA495991B7852B855","11_AUDIO"
"audio","audio\warning_calls.md","warning_calls.md","0","E3B0C44298FC1C149AFBF4C8996FB92427AE41E4649B934CA495991B7852B855","11_AUDIO"
"audio","audio\warning_sounds.md","warning_sounds.md","0","E3B0C44298FC1C149AFBF4C8996FB92427AE41E4649B934CA495991B7852B855","11_AUDIO"
"audio","audio\wedding_animal_soundscape.md","wedding_animal_soundscape.md","0","E3B0C44298FC1C149AFBF4C8996FB92427AE41E4649B934CA495991B7852B855","11_AUDIO"
"audio","audio\yajna_animal_soundscape.md","yajna_animal_soundscape.md","0","E3B0C44298FC1C149AFBF4C8996FB92427AE41E4649B934CA495991B7852B855","11_AUDIO"
"ecology","ecology\animal_migration.md","animal_migration.md","0","E3B0C44298FC1C149AFBF4C8996FB92427AE41E4649B934CA495991B7852B855","05_ECOLOGY"
"ecology","ecology\animal_resource_competition.md","animal_resource_competition.md","0","E3B0C44298FC1C149AFBF4C8996FB92427AE41E4649B934CA495991B7852B855","05_ECOLOGY"
"ecology","ecology\ecology_qa.md","ecology_qa.md","0","E3B0C44298FC1C149AFBF4C8996FB92427AE41E4649B934CA495991B7852B855","05_ECOLOGY"
"ecology","ecology\food_chain.md","food_chain.md","0","E3B0C44298FC1C149AFBF4C8996FB92427AE41E4649B934CA495991B7852B855","05_ECOLOGY"
"ecology","ecology\forest_ecology.md","forest_ecology.md","0","E3B0C44298FC1C149AFBF4C8996FB92427AE41E4649B934CA495991B7852B855","05_ECOLOGY"
"ecology","ecology\grassland_ecology.md","grassland_ecology.md","0","E3B0C44298FC1C149AFBF4C8996FB92427AE41E4649B934CA495991B7852B855","05_ECOLOGY"
"ecology","ecology\habitat_rules.md","habitat_rules.md","0","E3B0C44298FC1C149AFBF4C8996FB92427AE41E4649B934CA495991B7852B855","05_ECOLOGY"
"ecology","ecology\human_settlement_ecology.md","human_settlement_ecology.md","0","E3B0C44298FC1C149AFBF4C8996FB92427AE41E4649B934CA495991B7852B855","05_ECOLOGY"
"ecology","ecology\mountain_ecology.md","mountain_ecology.md","0","E3B0C44298FC1C149AFBF4C8996FB92427AE41E4649B934CA495991B7852B855","05_ECOLOGY"
"ecology","ecology\predator_prey.md","predator_prey.md","0","E3B0C44298FC1C149AFBF4C8996FB92427AE41E4649B934CA495991B7852B855","05_ECOLOGY"
"ecology","ecology\river_ecology.md","river_ecology.md","0","E3B0C44298FC1C149AFBF4C8996FB92427AE41E4649B934CA495991B7852B855","05_ECOLOGY"
"ecology","ecology\seasonal_changes.md","seasonal_changes.md","0","E3B0C44298FC1C149AFBF4C8996FB92427AE41E4649B934CA495991B7852B855","05_ECOLOGY"
"ecology","ecology\terrain_interaction.md","terrain_interaction.md","0","E3B0C44298FC1C149AFBF4C8996FB92427AE41E4649B934CA495991B7852B855","05_ECOLOGY"
"ecology","ecology\time_of_day.md","time_of_day.md","0","E3B0C44298FC1C149AFBF4C8996FB92427AE41E4649B934CA495991B7852B855","05_ECOLOGY"
"ecology","ecology\vegetation_interaction.md","vegetation_interaction.md","0","E3B0C44298FC1C149AFBF4C8996FB92427AE41E4649B934CA495991B7852B855","05_ECOLOGY"
"ecology","ecology\village_ecology.md","village_ecology.md","0","E3B0C44298FC1C149AFBF4C8996FB92427AE41E4649B934CA495991B7852B855","05_ECOLOGY"
"ecology","ecology\water_sources.md","water_sources.md","0","E3B0C44298FC1C149AFBF4C8996FB92427AE41E4649B934CA495991B7852B855","05_ECOLOGY"
"ecology","ecology\weather_response.md","weather_response.md","0","E3B0C44298FC1C149AFBF4C8996FB92427AE41E4649B934CA495991B7852B855","05_ECOLOGY"
"groups","groups\family_group_system.md","family_group_system.md","0","E3B0C44298FC1C149AFBF4C8996FB92427AE41E4649B934CA495991B7852B855","05_ECOLOGY_AND_03_BEHAVIOR"
"groups","groups\flock_system.md","flock_system.md","0","E3B0C44298FC1C149AFBF4C8996FB92427AE41E4649B934CA495991B7852B855","05_ECOLOGY_AND_03_BEHAVIOR"
"groups","groups\group_alert_behavior.md","group_alert_behavior.md","0","E3B0C44298FC1C149AFBF4C8996FB92427AE41E4649B934CA495991B7852B855","05_ECOLOGY_AND_03_BEHAVIOR"
"groups","groups\group_feeding.md","group_feeding.md","0","E3B0C44298FC1C149AFBF4C8996FB92427AE41E4649B934CA495991B7852B855","05_ECOLOGY_AND_03_BEHAVIOR"
"groups","groups\group_movement.md","group_movement.md","0","E3B0C44298FC1C149AFBF4C8996FB92427AE41E4649B934CA495991B7852B855","05_ECOLOGY_AND_03_BEHAVIOR"
"groups","groups\group_reaction_propagation.md","group_reaction_propagation.md","0","E3B0C44298FC1C149AFBF4C8996FB92427AE41E4649B934CA495991B7852B855","05_ECOLOGY_AND_03_BEHAVIOR"
"groups","groups\group_resting.md","group_resting.md","0","E3B0C44298FC1C149AFBF4C8996FB92427AE41E4649B934CA495991B7852B855","05_ECOLOGY_AND_03_BEHAVIOR"
"groups","groups\herd_system.md","herd_system.md","0","E3B0C44298FC1C149AFBF4C8996FB92427AE41E4649B934CA495991B7852B855","05_ECOLOGY_AND_03_BEHAVIOR"
"groups","groups\mixed_species_interaction.md","mixed_species_interaction.md","0","E3B0C44298FC1C149AFBF4C8996FB92427AE41E4649B934CA495991B7852B855","05_ECOLOGY_AND_03_BEHAVIOR"
"groups","groups\mother_offspring_system.md","mother_offspring_system.md","0","E3B0C44298FC1C149AFBF4C8996FB92427AE41E4649B934CA495991B7852B855","05_ECOLOGY_AND_03_BEHAVIOR"
"groups","groups\pair_system.md","pair_system.md","0","E3B0C44298FC1C149AFBF4C8996FB92427AE41E4649B934CA495991B7852B855","05_ECOLOGY_AND_03_BEHAVIOR"
"groups","groups\predator_groups.md","predator_groups.md","0","E3B0C44298FC1C149AFBF4C8996FB92427AE41E4649B934CA495991B7852B855","05_ECOLOGY_AND_03_BEHAVIOR"
"groups","groups\social_hierarchy.md","social_hierarchy.md","0","E3B0C44298FC1C149AFBF4C8996FB92427AE41E4649B934CA495991B7852B855","05_ECOLOGY_AND_03_BEHAVIOR"
"groups","groups\solitary_animals.md","solitary_animals.md","0","E3B0C44298FC1C149AFBF4C8996FB92427AE41E4649B934CA495991B7852B855","05_ECOLOGY_AND_03_BEHAVIOR"
"groups","groups\territorial_groups.md","territorial_groups.md","0","E3B0C44298FC1C149AFBF4C8996FB92427AE41E4649B934CA495991B7852B855","05_ECOLOGY_AND_03_BEHAVIOR"
"groups","groups\troop_system.md","troop_system.md","0","E3B0C44298FC1C149AFBF4C8996FB92427AE41E4649B934CA495991B7852B855","05_ECOLOGY_AND_03_BEHAVIOR"
"population","population\animal_density.md","animal_density.md","0","E3B0C44298FC1C149AFBF4C8996FB92427AE41E4649B934CA495991B7852B855","05_ECOLOGY"
"population","population\ashram_population.md","ashram_population.md","0","E3B0C44298FC1C149AFBF4C8996FB92427AE41E4649B934CA495991B7852B855","05_ECOLOGY"
"population","population\background_animal_distribution.md","background_animal_distribution.md","0","E3B0C44298FC1C149AFBF4C8996FB92427AE41E4649B934CA495991B7852B855","05_ECOLOGY"
"population","population\city_population.md","city_population.md","0","E3B0C44298FC1C149AFBF4C8996FB92427AE41E4649B934CA495991B7852B855","05_ECOLOGY"
"population","population\forest_population.md","forest_population.md","0","E3B0C44298FC1C149AFBF4C8996FB92427AE41E4649B934CA495991B7852B855","05_ECOLOGY"
"population","population\garden_population.md","garden_population.md","0","E3B0C44298FC1C149AFBF4C8996FB92427AE41E4649B934CA495991B7852B855","05_ECOLOGY"
"population","population\habitat_population_rules.md","habitat_population_rules.md","0","E3B0C44298FC1C149AFBF4C8996FB92427AE41E4649B934CA495991B7852B855","05_ECOLOGY"
"population","population\individual_population_rules.md","individual_population_rules.md","0","E3B0C44298FC1C149AFBF4C8996FB92427AE41E4649B934CA495991B7852B855","05_ECOLOGY"
"population","population\lake_population.md","lake_population.md","0","E3B0C44298FC1C149AFBF4C8996FB92427AE41E4649B934CA495991B7852B855","05_ECOLOGY"
"population","population\mountain_population.md","mountain_population.md","0","E3B0C44298FC1C149AFBF4C8996FB92427AE41E4649B934CA495991B7852B855","05_ECOLOGY"
"population","population\palace_population.md","palace_population.md","0","E3B0C44298FC1C149AFBF4C8996FB92427AE41E4649B934CA495991B7852B855","05_ECOLOGY"
"population","population\population_qa.md","population_qa.md","0","E3B0C44298FC1C149AFBF4C8996FB92427AE41E4649B934CA495991B7852B855","05_ECOLOGY"
"population","population\river_population.md","river_population.md","0","E3B0C44298FC1C149AFBF4C8996FB92427AE41E4649B934CA495991B7852B855","05_ECOLOGY"
"population","population\road_population.md","road_population.md","0","E3B0C44298FC1C149AFBF4C8996FB92427AE41E4649B934CA495991B7852B855","05_ECOLOGY"
"population","population\royal_court_population.md","royal_court_population.md","0","E3B0C44298FC1C149AFBF4C8996FB92427AE41E4649B934CA495991B7852B855","05_ECOLOGY"
"population","population\species_registry.md","species_registry.md","0","E3B0C44298FC1C149AFBF4C8996FB92427AE41E4649B934CA495991B7852B855","05_ECOLOGY"
"population","population\village_population.md","village_population.md","0","E3B0C44298FC1C149AFBF4C8996FB92427AE41E4649B934CA495991B7852B855","05_ECOLOGY"
"population","population\wedding_population.md","wedding_population.md","0","E3B0C44298FC1C149AFBF4C8996FB92427AE41E4649B934CA495991B7852B855","05_ECOLOGY"
"population","population\wilderness_population.md","wilderness_population.md","0","E3B0C44298FC1C149AFBF4C8996FB92427AE41E4649B934CA495991B7852B855","05_ECOLOGY"
"population","population\yajna_population.md","yajna_population.md","0","E3B0C44298FC1C149AFBF4C8996FB92427AE41E4649B934CA495991B7852B855","05_ECOLOGY"
"references","references\behavior_references.md","behavior_references.md","0","E3B0C44298FC1C149AFBF4C8996FB92427AE41E4649B934CA495991B7852B855","15_RESEARCH"
"references","references\canonical_animal_mentions.md","canonical_animal_mentions.md","0","E3B0C44298FC1C149AFBF4C8996FB92427AE41E4649B934CA495991B7852B855","15_RESEARCH"
"references","references\habitat_references.md","habitat_references.md","0","E3B0C44298FC1C149AFBF4C8996FB92427AE41E4649B934CA495991B7852B855","15_RESEARCH"
"references","references\historical_animal_context.md","historical_animal_context.md","0","E3B0C44298FC1C149AFBF4C8996FB92427AE41E4649B934CA495991B7852B855","15_RESEARCH"
"references","references\ramcharitmanas_animal_registry.md","ramcharitmanas_animal_registry.md","0","E3B0C44298FC1C149AFBF4C8996FB92427AE41E4649B934CA495991B7852B855","15_RESEARCH"
"references","references\secondary_source_animal_registry.md","secondary_source_animal_registry.md","0","E3B0C44298FC1C149AFBF4C8996FB92427AE41E4649B934CA495991B7852B855","15_RESEARCH"
"references","references\source_conflicts.md","source_conflicts.md","0","E3B0C44298FC1C149AFBF4C8996FB92427AE41E4649B934CA495991B7852B855","15_RESEARCH"
"references","references\traditional_iconography.md","traditional_iconography.md","0","E3B0C44298FC1C149AFBF4C8996FB92427AE41E4649B934CA495991B7852B855","15_RESEARCH"
"references","references\visual_references.md","visual_references.md","0","E3B0C44298FC1C149AFBF4C8996FB92427AE41E4649B934CA495991B7852B855","15_RESEARCH"
"references","references\zoological_references.md","zoological_references.md","0","E3B0C44298FC1C149AFBF4C8996FB92427AE41E4649B934CA495991B7852B855","15_RESEARCH"
"scene_behavior","scene_behavior\animal_reaction_to_characters.md","animal_reaction_to_characters.md","0","E3B0C44298FC1C149AFBF4C8996FB92427AE41E4649B934CA495991B7852B855","03_BEHAVIOR_AND_20_EPISODE_INTEGRATION"
"scene_behavior","scene_behavior\battle_behavior.md","battle_behavior.md","0","E3B0C44298FC1C149AFBF4C8996FB92427AE41E4649B934CA495991B7852B855","03_BEHAVIOR_AND_20_EPISODE_INTEGRATION"
"scene_behavior","scene_behavior\crowd_behavior.md","crowd_behavior.md","0","E3B0C44298FC1C149AFBF4C8996FB92427AE41E4649B934CA495991B7852B855","03_BEHAVIOR_AND_20_EPISODE_INTEGRATION"
"scene_behavior","scene_behavior\danger_behavior.md","danger_behavior.md","0","E3B0C44298FC1C149AFBF4C8996FB92427AE41E4649B934CA495991B7852B855","03_BEHAVIOR_AND_20_EPISODE_INTEGRATION"
"scene_behavior","scene_behavior\death_event_behavior.md","death_event_behavior.md","0","E3B0C44298FC1C149AFBF4C8996FB92427AE41E4649B934CA495991B7852B855","03_BEHAVIOR_AND_20_EPISODE_INTEGRATION"
"scene_behavior","scene_behavior\divine_presence_behavior.md","divine_presence_behavior.md","0","E3B0C44298FC1C149AFBF4C8996FB92427AE41E4649B934CA495991B7852B855","03_BEHAVIOR_AND_20_EPISODE_INTEGRATION"
"scene_behavior","scene_behavior\fire_behavior.md","fire_behavior.md","0","E3B0C44298FC1C149AFBF4C8996FB92427AE41E4649B934CA495991B7852B855","03_BEHAVIOR_AND_20_EPISODE_INTEGRATION"
"scene_behavior","scene_behavior\forest_travel_behavior.md","forest_travel_behavior.md","0","E3B0C44298FC1C149AFBF4C8996FB92427AE41E4649B934CA495991B7852B855","03_BEHAVIOR_AND_20_EPISODE_INTEGRATION"
"scene_behavior","scene_behavior\human_animal_reaction.md","human_animal_reaction.md","0","E3B0C44298FC1C149AFBF4C8996FB92427AE41E4649B934CA495991B7852B855","03_BEHAVIOR_AND_20_EPISODE_INTEGRATION"
"scene_behavior","scene_behavior\loud_sound_behavior.md","loud_sound_behavior.md","0","E3B0C44298FC1C149AFBF4C8996FB92427AE41E4649B934CA495991B7852B855","03_BEHAVIOR_AND_20_EPISODE_INTEGRATION"
"scene_behavior","scene_behavior\normal_background_behavior.md","normal_background_behavior.md","0","E3B0C44298FC1C149AFBF4C8996FB92427AE41E4649B934CA495991B7852B855","03_BEHAVIOR_AND_20_EPISODE_INTEGRATION"
"scene_behavior","scene_behavior\peaceful_scene_behavior.md","peaceful_scene_behavior.md","0","E3B0C44298FC1C149AFBF4C8996FB92427AE41E4649B934CA495991B7852B855","03_BEHAVIOR_AND_20_EPISODE_INTEGRATION"
"scene_behavior","scene_behavior\ritual_behavior.md","ritual_behavior.md","0","E3B0C44298FC1C149AFBF4C8996FB92427AE41E4649B934CA495991B7852B855","03_BEHAVIOR_AND_20_EPISODE_INTEGRATION"
"scene_behavior","scene_behavior\royal_arrival_behavior.md","royal_arrival_behavior.md","0","E3B0C44298FC1C149AFBF4C8996FB92427AE41E4649B934CA495991B7852B855","03_BEHAVIOR_AND_20_EPISODE_INTEGRATION"
"scene_behavior","scene_behavior\scene_specific_behavior.md","scene_specific_behavior.md","0","E3B0C44298FC1C149AFBF4C8996FB92427AE41E4649B934CA495991B7852B855","03_BEHAVIOR_AND_20_EPISODE_INTEGRATION"
"scene_behavior","scene_behavior\storm_behavior.md","storm_behavior.md","0","E3B0C44298FC1C149AFBF4C8996FB92427AE41E4649B934CA495991B7852B855","03_BEHAVIOR_AND_20_EPISODE_INTEGRATION"
"scene_behavior","scene_behavior\supernatural_event_behavior.md","supernatural_event_behavior.md","0","E3B0C44298FC1C149AFBF4C8996FB92427AE41E4649B934CA495991B7852B855","03_BEHAVIOR_AND_20_EPISODE_INTEGRATION"
"scene_behavior","scene_behavior\wedding_behavior.md","wedding_behavior.md","0","E3B0C44298FC1C149AFBF4C8996FB92427AE41E4649B934CA495991B7852B855","03_BEHAVIOR_AND_20_EPISODE_INTEGRATION"
"scene_behavior","scene_behavior\yajna_behavior.md","yajna_behavior.md","0","E3B0C44298FC1C149AFBF4C8996FB92427AE41E4649B934CA495991B7852B855","03_BEHAVIOR_AND_20_EPISODE_INTEGRATION"
"species","species\bear\alertness.md","alertness.md","0","E3B0C44298FC1C149AFBF4C8996FB92427AE41E4649B934CA495991B7852B855","01_BIOLOGY_AND_15_RESEARCH"
"species","species\bear\anatomy.md","anatomy.md","0","E3B0C44298FC1C149AFBF4C8996FB92427AE41E4649B934CA495991B7852B855","01_BIOLOGY_AND_15_RESEARCH"
"species","species\bear\animation_rules.md","animation_rules.md","0","E3B0C44298FC1C149AFBF4C8996FB92427AE41E4649B934CA495991B7852B855","01_BIOLOGY_AND_15_RESEARCH"
"species","species\bear\appearance.md","appearance.md","0","E3B0C44298FC1C149AFBF4C8996FB92427AE41E4649B934CA495991B7852B855","01_BIOLOGY_AND_15_RESEARCH"
"species","species\bear\behavior_dna.md","behavior_dna.md","0","E3B0C44298FC1C149AFBF4C8996FB92427AE41E4649B934CA495991B7852B855","01_BIOLOGY_AND_15_RESEARCH"
"species","species\bear\environmental_response.md","environmental_response.md","0","E3B0C44298FC1C149AFBF4C8996FB92427AE41E4649B934CA495991B7852B855","01_BIOLOGY_AND_15_RESEARCH"
"species","species\bear\fear_response.md","fear_response.md","0","E3B0C44298FC1C149AFBF4C8996FB92427AE41E4649B934CA495991B7852B855","01_BIOLOGY_AND_15_RESEARCH"
"species","species\bear\feeding.md","feeding.md","0","E3B0C44298FC1C149AFBF4C8996FB92427AE41E4649B934CA495991B7852B855","01_BIOLOGY_AND_15_RESEARCH"
"species","species\bear\forbidden_behavior.md","forbidden_behavior.md","0","E3B0C44298FC1C149AFBF4C8996FB92427AE41E4649B934CA495991B7852B855","01_BIOLOGY_AND_15_RESEARCH"
"species","species\bear\grooming.md","grooming.md","0","E3B0C44298FC1C149AFBF4C8996FB92427AE41E4649B934CA495991B7852B855","01_BIOLOGY_AND_15_RESEARCH"
"species","species\bear\group_behavior.md","group_behavior.md","0","E3B0C44298FC1C149AFBF4C8996FB92427AE41E4649B934CA495991B7852B855","01_BIOLOGY_AND_15_RESEARCH"
"species","species\bear\human_interaction.md","human_interaction.md","0","E3B0C44298FC1C149AFBF4C8996FB92427AE41E4649B934CA495991B7852B855","01_BIOLOGY_AND_15_RESEARCH"
"species","species\bear\individual_variation.md","individual_variation.md","0","E3B0C44298FC1C149AFBF4C8996FB92427AE41E4649B934CA495991B7852B855","01_BIOLOGY_AND_15_RESEARCH"
"species","species\bear\locomotion.md","locomotion.md","0","E3B0C44298FC1C149AFBF4C8996FB92427AE41E4649B934CA495991B7852B855","01_BIOLOGY_AND_15_RESEARCH"
"species","species\bear\mother_offspring.md","mother_offspring.md","0","E3B0C44298FC1C149AFBF4C8996FB92427AE41E4649B934CA495991B7852B855","01_BIOLOGY_AND_15_RESEARCH"
"species","species\bear\physics.md","physics.md","0","E3B0C44298FC1C149AFBF4C8996FB92427AE41E4649B934CA495991B7852B855","01_BIOLOGY_AND_15_RESEARCH"
"species","species\bear\predator_response.md","predator_response.md","0","E3B0C44298FC1C149AFBF4C8996FB92427AE41E4649B934CA495991B7852B855","01_BIOLOGY_AND_15_RESEARCH"
"species","species\bear\references.md","references.md","0","E3B0C44298FC1C149AFBF4C8996FB92427AE41E4649B934CA495991B7852B855","01_BIOLOGY_AND_15_RESEARCH"
"species","species\bear\resting.md","resting.md","0","E3B0C44298FC1C149AFBF4C8996FB92427AE41E4649B934CA495991B7852B855","01_BIOLOGY_AND_15_RESEARCH"
"species","species\bear\social_behavior.md","social_behavior.md","0","E3B0C44298FC1C149AFBF4C8996FB92427AE41E4649B934CA495991B7852B855","01_BIOLOGY_AND_15_RESEARCH"
"species","species\bear\sources.md","sources.md","0","E3B0C44298FC1C149AFBF4C8996FB92427AE41E4649B934CA495991B7852B855","01_BIOLOGY_AND_15_RESEARCH"
"species","species\bear\species_profile.md","species_profile.md","0","E3B0C44298FC1C149AFBF4C8996FB92427AE41E4649B934CA495991B7852B855","01_BIOLOGY_AND_15_RESEARCH"
"species","species\bear\vocalization.md","vocalization.md","0","E3B0C44298FC1C149AFBF4C8996FB92427AE41E4649B934CA495991B7852B855","01_BIOLOGY_AND_15_RESEARCH"
"species","species\boar\alertness.md","alertness.md","0","E3B0C44298FC1C149AFBF4C8996FB92427AE41E4649B934CA495991B7852B855","01_BIOLOGY_AND_15_RESEARCH"
"species","species\boar\anatomy.md","anatomy.md","0","E3B0C44298FC1C149AFBF4C8996FB92427AE41E4649B934CA495991B7852B855","01_BIOLOGY_AND_15_RESEARCH"
"species","species\boar\animation_rules.md","animation_rules.md","0","E3B0C44298FC1C149AFBF4C8996FB92427AE41E4649B934CA495991B7852B855","01_BIOLOGY_AND_15_RESEARCH"
"species","species\boar\appearance.md","appearance.md","0","E3B0C44298FC1C149AFBF4C8996FB92427AE41E4649B934CA495991B7852B855","01_BIOLOGY_AND_15_RESEARCH"
"species","species\boar\behavior_dna.md","behavior_dna.md","0","E3B0C44298FC1C149AFBF4C8996FB92427AE41E4649B934CA495991B7852B855","01_BIOLOGY_AND_15_RESEARCH"
"species","species\boar\environmental_response.md","environmental_response.md","0","E3B0C44298FC1C149AFBF4C8996FB92427AE41E4649B934CA495991B7852B855","01_BIOLOGY_AND_15_RESEARCH"
"species","species\boar\fear_response.md","fear_response.md","0","E3B0C44298FC1C149AFBF4C8996FB92427AE41E4649B934CA495991B7852B855","01_BIOLOGY_AND_15_RESEARCH"
"species","species\boar\feeding.md","feeding.md","0","E3B0C44298FC1C149AFBF4C8996FB92427AE41E4649B934CA495991B7852B855","01_BIOLOGY_AND_15_RESEARCH"
"species","species\boar\forbidden_behavior.md","forbidden_behavior.md","0","E3B0C44298FC1C149AFBF4C8996FB92427AE41E4649B934CA495991B7852B855","01_BIOLOGY_AND_15_RESEARCH"
"species","species\boar\grooming.md","grooming.md","0","E3B0C44298FC1C149AFBF4C8996FB92427AE41E4649B934CA495991B7852B855","01_BIOLOGY_AND_15_RESEARCH"
"species","species\boar\group_behavior.md","group_behavior.md","0","E3B0C44298FC1C149AFBF4C8996FB92427AE41E4649B934CA495991B7852B855","01_BIOLOGY_AND_15_RESEARCH"
"species","species\boar\human_interaction.md","human_interaction.md","0","E3B0C44298FC1C149AFBF4C8996FB92427AE41E4649B934CA495991B7852B855","01_BIOLOGY_AND_15_RESEARCH"
"species","species\boar\individual_variation.md","individual_variation.md","0","E3B0C44298FC1C149AFBF4C8996FB92427AE41E4649B934CA495991B7852B855","01_BIOLOGY_AND_15_RESEARCH"
"species","species\boar\locomotion.md","locomotion.md","0","E3B0C44298FC1C149AFBF4C8996FB92427AE41E4649B934CA495991B7852B855","01_BIOLOGY_AND_15_RESEARCH"
"species","species\boar\mother_offspring.md","mother_offspring.md","0","E3B0C44298FC1C149AFBF4C8996FB92427AE41E4649B934CA495991B7852B855","01_BIOLOGY_AND_15_RESEARCH"
"species","species\boar\physics.md","physics.md","0","E3B0C44298FC1C149AFBF4C8996FB92427AE41E4649B934CA495991B7852B855","01_BIOLOGY_AND_15_RESEARCH"
"species","species\boar\predator_response.md","predator_response.md","0","E3B0C44298FC1C149AFBF4C8996FB92427AE41E4649B934CA495991B7852B855","01_BIOLOGY_AND_15_RESEARCH"
"species","species\boar\references.md","references.md","0","E3B0C44298FC1C149AFBF4C8996FB92427AE41E4649B934CA495991B7852B855","01_BIOLOGY_AND_15_RESEARCH"
"species","species\boar\resting.md","resting.md","0","E3B0C44298FC1C149AFBF4C8996FB92427AE41E4649B934CA495991B7852B855","01_BIOLOGY_AND_15_RESEARCH"
"species","species\boar\social_behavior.md","social_behavior.md","0","E3B0C44298FC1C149AFBF4C8996FB92427AE41E4649B934CA495991B7852B855","01_BIOLOGY_AND_15_RESEARCH"
"species","species\boar\sources.md","sources.md","0","E3B0C44298FC1C149AFBF4C8996FB92427AE41E4649B934CA495991B7852B855","01_BIOLOGY_AND_15_RESEARCH"
"species","species\boar\species_profile.md","species_profile.md","0","E3B0C44298FC1C149AFBF4C8996FB92427AE41E4649B934CA495991B7852B855","01_BIOLOGY_AND_15_RESEARCH"
"species","species\boar\vocalization.md","vocalization.md","0","E3B0C44298FC1C149AFBF4C8996FB92427AE41E4649B934CA495991B7852B855","01_BIOLOGY_AND_15_RESEARCH"
"species","species\buffalo\alertness.md","alertness.md","0","E3B0C44298FC1C149AFBF4C8996FB92427AE41E4649B934CA495991B7852B855","01_BIOLOGY_AND_15_RESEARCH"
"species","species\buffalo\anatomy.md","anatomy.md","0","E3B0C44298FC1C149AFBF4C8996FB92427AE41E4649B934CA495991B7852B855","01_BIOLOGY_AND_15_RESEARCH"
"species","species\buffalo\animation_rules.md","animation_rules.md","0","E3B0C44298FC1C149AFBF4C8996FB92427AE41E4649B934CA495991B7852B855","01_BIOLOGY_AND_15_RESEARCH"
"species","species\buffalo\appearance.md","appearance.md","0","E3B0C44298FC1C149AFBF4C8996FB92427AE41E4649B934CA495991B7852B855","01_BIOLOGY_AND_15_RESEARCH"
"species","species\buffalo\behavior_dna.md","behavior_dna.md","0","E3B0C44298FC1C149AFBF4C8996FB92427AE41E4649B934CA495991B7852B855","01_BIOLOGY_AND_15_RESEARCH"
"species","species\buffalo\environmental_response.md","environmental_response.md","0","E3B0C44298FC1C149AFBF4C8996FB92427AE41E4649B934CA495991B7852B855","01_BIOLOGY_AND_15_RESEARCH"
"species","species\buffalo\fear_response.md","fear_response.md","0","E3B0C44298FC1C149AFBF4C8996FB92427AE41E4649B934CA495991B7852B855","01_BIOLOGY_AND_15_RESEARCH"
"species","species\buffalo\feeding.md","feeding.md","0","E3B0C44298FC1C149AFBF4C8996FB92427AE41E4649B934CA495991B7852B855","01_BIOLOGY_AND_15_RESEARCH"
"species","species\buffalo\forbidden_behavior.md","forbidden_behavior.md","0","E3B0C44298FC1C149AFBF4C8996FB92427AE41E4649B934CA495991B7852B855","01_BIOLOGY_AND_15_RESEARCH"
"species","species\buffalo\grooming.md","grooming.md","0","E3B0C44298FC1C149AFBF4C8996FB92427AE41E4649B934CA495991B7852B855","01_BIOLOGY_AND_15_RESEARCH"
"species","species\buffalo\group_behavior.md","group_behavior.md","0","E3B0C44298FC1C149AFBF4C8996FB92427AE41E4649B934CA495991B7852B855","01_BIOLOGY_AND_15_RESEARCH"
"species","species\buffalo\human_interaction.md","human_interaction.md","0","E3B0C44298FC1C149AFBF4C8996FB92427AE41E4649B934CA495991B7852B855","01_BIOLOGY_AND_15_RESEARCH"
"species","species\buffalo\individual_variation.md","individual_variation.md","0","E3B0C44298FC1C149AFBF4C8996FB92427AE41E4649B934CA495991B7852B855","01_BIOLOGY_AND_15_RESEARCH"
"species","species\buffalo\locomotion.md","locomotion.md","0","E3B0C44298FC1C149AFBF4C8996FB92427AE41E4649B934CA495991B7852B855","01_BIOLOGY_AND_15_RESEARCH"
"species","species\buffalo\mother_offspring.md","mother_offspring.md","0","E3B0C44298FC1C149AFBF4C8996FB92427AE41E4649B934CA495991B7852B855","01_BIOLOGY_AND_15_RESEARCH"
"species","species\buffalo\physics.md","physics.md","0","E3B0C44298FC1C149AFBF4C8996FB92427AE41E4649B934CA495991B7852B855","01_BIOLOGY_AND_15_RESEARCH"
"species","species\buffalo\predator_response.md","predator_response.md","0","E3B0C44298FC1C149AFBF4C8996FB92427AE41E4649B934CA495991B7852B855","01_BIOLOGY_AND_15_RESEARCH"
"species","species\buffalo\references.md","references.md","0","E3B0C44298FC1C149AFBF4C8996FB92427AE41E4649B934CA495991B7852B855","01_BIOLOGY_AND_15_RESEARCH"
"species","species\buffalo\resting.md","resting.md","0","E3B0C44298FC1C149AFBF4C8996FB92427AE41E4649B934CA495991B7852B855","01_BIOLOGY_AND_15_RESEARCH"
"species","species\buffalo\social_behavior.md","social_behavior.md","0","E3B0C44298FC1C149AFBF4C8996FB92427AE41E4649B934CA495991B7852B855","01_BIOLOGY_AND_15_RESEARCH"
"species","species\buffalo\sources.md","sources.md","0","E3B0C44298FC1C149AFBF4C8996FB92427AE41E4649B934CA495991B7852B855","01_BIOLOGY_AND_15_RESEARCH"
"species","species\buffalo\species_profile.md","species_profile.md","0","E3B0C44298FC1C149AFBF4C8996FB92427AE41E4649B934CA495991B7852B855","01_BIOLOGY_AND_15_RESEARCH"
"species","species\buffalo\vocalization.md","vocalization.md","0","E3B0C44298FC1C149AFBF4C8996FB92427AE41E4649B934CA495991B7852B855","01_BIOLOGY_AND_15_RESEARCH"
"species","species\bull\alertness.md","alertness.md","0","E3B0C44298FC1C149AFBF4C8996FB92427AE41E4649B934CA495991B7852B855","01_BIOLOGY_AND_15_RESEARCH"
"species","species\bull\anatomy.md","anatomy.md","0","E3B0C44298FC1C149AFBF4C8996FB92427AE41E4649B934CA495991B7852B855","01_BIOLOGY_AND_15_RESEARCH"
"species","species\bull\animation_rules.md","animation_rules.md","0","E3B0C44298FC1C149AFBF4C8996FB92427AE41E4649B934CA495991B7852B855","01_BIOLOGY_AND_15_RESEARCH"
"species","species\bull\appearance.md","appearance.md","0","E3B0C44298FC1C149AFBF4C8996FB92427AE41E4649B934CA495991B7852B855","01_BIOLOGY_AND_15_RESEARCH"
"species","species\bull\behavior_dna.md","behavior_dna.md","0","E3B0C44298FC1C149AFBF4C8996FB92427AE41E4649B934CA495991B7852B855","01_BIOLOGY_AND_15_RESEARCH"
"species","species\bull\environmental_response.md","environmental_response.md","0","E3B0C44298FC1C149AFBF4C8996FB92427AE41E4649B934CA495991B7852B855","01_BIOLOGY_AND_15_RESEARCH"
"species","species\bull\fear_response.md","fear_response.md","0","E3B0C44298FC1C149AFBF4C8996FB92427AE41E4649B934CA495991B7852B855","01_BIOLOGY_AND_15_RESEARCH"
"species","species\bull\feeding.md","feeding.md","0","E3B0C44298FC1C149AFBF4C8996FB92427AE41E4649B934CA495991B7852B855","01_BIOLOGY_AND_15_RESEARCH"
"species","species\bull\forbidden_behavior.md","forbidden_behavior.md","0","E3B0C44298FC1C149AFBF4C8996FB92427AE41E4649B934CA495991B7852B855","01_BIOLOGY_AND_15_RESEARCH"
"species","species\bull\grooming.md","grooming.md","0","E3B0C44298FC1C149AFBF4C8996FB92427AE41E4649B934CA495991B7852B855","01_BIOLOGY_AND_15_RESEARCH"
"species","species\bull\group_behavior.md","group_behavior.md","0","E3B0C44298FC1C149AFBF4C8996FB92427AE41E4649B934CA495991B7852B855","01_BIOLOGY_AND_15_RESEARCH"
"species","species\bull\human_interaction.md","human_interaction.md","0","E3B0C44298FC1C149AFBF4C8996FB92427AE41E4649B934CA495991B7852B855","01_BIOLOGY_AND_15_RESEARCH"
"species","species\bull\individual_variation.md","individual_variation.md","0","E3B0C44298FC1C149AFBF4C8996FB92427AE41E4649B934CA495991B7852B855","01_BIOLOGY_AND_15_RESEARCH"
"species","species\bull\locomotion.md","locomotion.md","0","E3B0C44298FC1C149AFBF4C8996FB92427AE41E4649B934CA495991B7852B855","01_BIOLOGY_AND_15_RESEARCH"
"species","species\bull\mother_offspring.md","mother_offspring.md","0","E3B0C44298FC1C149AFBF4C8996FB92427AE41E4649B934CA495991B7852B855","01_BIOLOGY_AND_15_RESEARCH"
"species","species\bull\physics.md","physics.md","0","E3B0C44298FC1C149AFBF4C8996FB92427AE41E4649B934CA495991B7852B855","01_BIOLOGY_AND_15_RESEARCH"
"species","species\bull\predator_response.md","predator_response.md","0","E3B0C44298FC1C149AFBF4C8996FB92427AE41E4649B934CA495991B7852B855","01_BIOLOGY_AND_15_RESEARCH"
"species","species\bull\references.md","references.md","0","E3B0C44298FC1C149AFBF4C8996FB92427AE41E4649B934CA495991B7852B855","01_BIOLOGY_AND_15_RESEARCH"
"species","species\bull\resting.md","resting.md","0","E3B0C44298FC1C149AFBF4C8996FB92427AE41E4649B934CA495991B7852B855","01_BIOLOGY_AND_15_RESEARCH"
"species","species\bull\social_behavior.md","social_behavior.md","0","E3B0C44298FC1C149AFBF4C8996FB92427AE41E4649B934CA495991B7852B855","01_BIOLOGY_AND_15_RESEARCH"
"species","species\bull\sources.md","sources.md","0","E3B0C44298FC1C149AFBF4C8996FB92427AE41E4649B934CA495991B7852B855","01_BIOLOGY_AND_15_RESEARCH"
"species","species\bull\species_profile.md","species_profile.md","0","E3B0C44298FC1C149AFBF4C8996FB92427AE41E4649B934CA495991B7852B855","01_BIOLOGY_AND_15_RESEARCH"
"species","species\bull\vocalization.md","vocalization.md","0","E3B0C44298FC1C149AFBF4C8996FB92427AE41E4649B934CA495991B7852B855","01_BIOLOGY_AND_15_RESEARCH"
"species","species\camel\alertness.md","alertness.md","0","E3B0C44298FC1C149AFBF4C8996FB92427AE41E4649B934CA495991B7852B855","01_BIOLOGY_AND_15_RESEARCH"
"species","species\camel\anatomy.md","anatomy.md","0","E3B0C44298FC1C149AFBF4C8996FB92427AE41E4649B934CA495991B7852B855","01_BIOLOGY_AND_15_RESEARCH"
"species","species\camel\animation_rules.md","animation_rules.md","0","E3B0C44298FC1C149AFBF4C8996FB92427AE41E4649B934CA495991B7852B855","01_BIOLOGY_AND_15_RESEARCH"
"species","species\camel\appearance.md","appearance.md","0","E3B0C44298FC1C149AFBF4C8996FB92427AE41E4649B934CA495991B7852B855","01_BIOLOGY_AND_15_RESEARCH"
"species","species\camel\behavior_dna.md","behavior_dna.md","0","E3B0C44298FC1C149AFBF4C8996FB92427AE41E4649B934CA495991B7852B855","01_BIOLOGY_AND_15_RESEARCH"
"species","species\camel\environmental_response.md","environmental_response.md","0","E3B0C44298FC1C149AFBF4C8996FB92427AE41E4649B934CA495991B7852B855","01_BIOLOGY_AND_15_RESEARCH"
"species","species\camel\fear_response.md","fear_response.md","0","E3B0C44298FC1C149AFBF4C8996FB92427AE41E4649B934CA495991B7852B855","01_BIOLOGY_AND_15_RESEARCH"
"species","species\camel\feeding.md","feeding.md","0","E3B0C44298FC1C149AFBF4C8996FB92427AE41E4649B934CA495991B7852B855","01_BIOLOGY_AND_15_RESEARCH"
"species","species\camel\forbidden_behavior.md","forbidden_behavior.md","0","E3B0C44298FC1C149AFBF4C8996FB92427AE41E4649B934CA495991B7852B855","01_BIOLOGY_AND_15_RESEARCH"
"species","species\camel\grooming.md","grooming.md","0","E3B0C44298FC1C149AFBF4C8996FB92427AE41E4649B934CA495991B7852B855","01_BIOLOGY_AND_15_RESEARCH"
"species","species\camel\group_behavior.md","group_behavior.md","0","E3B0C44298FC1C149AFBF4C8996FB92427AE41E4649B934CA495991B7852B855","01_BIOLOGY_AND_15_RESEARCH"
"species","species\camel\human_interaction.md","human_interaction.md","0","E3B0C44298FC1C149AFBF4C8996FB92427AE41E4649B934CA495991B7852B855","01_BIOLOGY_AND_15_RESEARCH"
"species","species\camel\individual_variation.md","individual_variation.md","0","E3B0C44298FC1C149AFBF4C8996FB92427AE41E4649B934CA495991B7852B855","01_BIOLOGY_AND_15_RESEARCH"
"species","species\camel\locomotion.md","locomotion.md","0","E3B0C44298FC1C149AFBF4C8996FB92427AE41E4649B934CA495991B7852B855","01_BIOLOGY_AND_15_RESEARCH"
"species","species\camel\mother_offspring.md","mother_offspring.md","0","E3B0C44298FC1C149AFBF4C8996FB92427AE41E4649B934CA495991B7852B855","01_BIOLOGY_AND_15_RESEARCH"
"species","species\camel\physics.md","physics.md","0","E3B0C44298FC1C149AFBF4C8996FB92427AE41E4649B934CA495991B7852B855","01_BIOLOGY_AND_15_RESEARCH"
"species","species\camel\predator_response.md","predator_response.md","0","E3B0C44298FC1C149AFBF4C8996FB92427AE41E4649B934CA495991B7852B855","01_BIOLOGY_AND_15_RESEARCH"
"species","species\camel\references.md","references.md","0","E3B0C44298FC1C149AFBF4C8996FB92427AE41E4649B934CA495991B7852B855","01_BIOLOGY_AND_15_RESEARCH"
"species","species\camel\resting.md","resting.md","0","E3B0C44298FC1C149AFBF4C8996FB92427AE41E4649B934CA495991B7852B855","01_BIOLOGY_AND_15_RESEARCH"
"species","species\camel\social_behavior.md","social_behavior.md","0","E3B0C44298FC1C149AFBF4C8996FB92427AE41E4649B934CA495991B7852B855","01_BIOLOGY_AND_15_RESEARCH"
"species","species\camel\sources.md","sources.md","0","E3B0C44298FC1C149AFBF4C8996FB92427AE41E4649B934CA495991B7852B855","01_BIOLOGY_AND_15_RESEARCH"
"species","species\camel\species_profile.md","species_profile.md","0","E3B0C44298FC1C149AFBF4C8996FB92427AE41E4649B934CA495991B7852B855","01_BIOLOGY_AND_15_RESEARCH"
"species","species\camel\vocalization.md","vocalization.md","0","E3B0C44298FC1C149AFBF4C8996FB92427AE41E4649B934CA495991B7852B855","01_BIOLOGY_AND_15_RESEARCH"
"species","species\cat\alertness.md","alertness.md","0","E3B0C44298FC1C149AFBF4C8996FB92427AE41E4649B934CA495991B7852B855","01_BIOLOGY_AND_15_RESEARCH"
"species","species\cat\anatomy.md","anatomy.md","0","E3B0C44298FC1C149AFBF4C8996FB92427AE41E4649B934CA495991B7852B855","01_BIOLOGY_AND_15_RESEARCH"
"species","species\cat\animation_rules.md","animation_rules.md","0","E3B0C44298FC1C149AFBF4C8996FB92427AE41E4649B934CA495991B7852B855","01_BIOLOGY_AND_15_RESEARCH"
"species","species\cat\appearance.md","appearance.md","0","E3B0C44298FC1C149AFBF4C8996FB92427AE41E4649B934CA495991B7852B855","01_BIOLOGY_AND_15_RESEARCH"
"species","species\cat\behavior_dna.md","behavior_dna.md","0","E3B0C44298FC1C149AFBF4C8996FB92427AE41E4649B934CA495991B7852B855","01_BIOLOGY_AND_15_RESEARCH"
"species","species\cat\environmental_response.md","environmental_response.md","0","E3B0C44298FC1C149AFBF4C8996FB92427AE41E4649B934CA495991B7852B855","01_BIOLOGY_AND_15_RESEARCH"
"species","species\cat\fear_response.md","fear_response.md","0","E3B0C44298FC1C149AFBF4C8996FB92427AE41E4649B934CA495991B7852B855","01_BIOLOGY_AND_15_RESEARCH"
"species","species\cat\feeding.md","feeding.md","0","E3B0C44298FC1C149AFBF4C8996FB92427AE41E4649B934CA495991B7852B855","01_BIOLOGY_AND_15_RESEARCH"
"species","species\cat\forbidden_behavior.md","forbidden_behavior.md","0","E3B0C44298FC1C149AFBF4C8996FB92427AE41E4649B934CA495991B7852B855","01_BIOLOGY_AND_15_RESEARCH"
"species","species\cat\grooming.md","grooming.md","0","E3B0C44298FC1C149AFBF4C8996FB92427AE41E4649B934CA495991B7852B855","01_BIOLOGY_AND_15_RESEARCH"
"species","species\cat\group_behavior.md","group_behavior.md","0","E3B0C44298FC1C149AFBF4C8996FB92427AE41E4649B934CA495991B7852B855","01_BIOLOGY_AND_15_RESEARCH"
"species","species\cat\human_interaction.md","human_interaction.md","0","E3B0C44298FC1C149AFBF4C8996FB92427AE41E4649B934CA495991B7852B855","01_BIOLOGY_AND_15_RESEARCH"
"species","species\cat\individual_variation.md","individual_variation.md","0","E3B0C44298FC1C149AFBF4C8996FB92427AE41E4649B934CA495991B7852B855","01_BIOLOGY_AND_15_RESEARCH"
"species","species\cat\locomotion.md","locomotion.md","0","E3B0C44298FC1C149AFBF4C8996FB92427AE41E4649B934CA495991B7852B855","01_BIOLOGY_AND_15_RESEARCH"
"species","species\cat\mother_offspring.md","mother_offspring.md","0","E3B0C44298FC1C149AFBF4C8996FB92427AE41E4649B934CA495991B7852B855","01_BIOLOGY_AND_15_RESEARCH"
"species","species\cat\physics.md","physics.md","0","E3B0C44298FC1C149AFBF4C8996FB92427AE41E4649B934CA495991B7852B855","01_BIOLOGY_AND_15_RESEARCH"
"species","species\cat\predator_response.md","predator_response.md","0","E3B0C44298FC1C149AFBF4C8996FB92427AE41E4649B934CA495991B7852B855","01_BIOLOGY_AND_15_RESEARCH"
"species","species\cat\references.md","references.md","0","E3B0C44298FC1C149AFBF4C8996FB92427AE41E4649B934CA495991B7852B855","01_BIOLOGY_AND_15_RESEARCH"
"species","species\cat\resting.md","resting.md","0","E3B0C44298FC1C149AFBF4C8996FB92427AE41E4649B934CA495991B7852B855","01_BIOLOGY_AND_15_RESEARCH"
"species","species\cat\social_behavior.md","social_behavior.md","0","E3B0C44298FC1C149AFBF4C8996FB92427AE41E4649B934CA495991B7852B855","01_BIOLOGY_AND_15_RESEARCH"
"species","species\cat\sources.md","sources.md","0","E3B0C44298FC1C149AFBF4C8996FB92427AE41E4649B934CA495991B7852B855","01_BIOLOGY_AND_15_RESEARCH"
"species","species\cat\species_profile.md","species_profile.md","0","E3B0C44298FC1C149AFBF4C8996FB92427AE41E4649B934CA495991B7852B855","01_BIOLOGY_AND_15_RESEARCH"
"species","species\cat\vocalization.md","vocalization.md","0","E3B0C44298FC1C149AFBF4C8996FB92427AE41E4649B934CA495991B7852B855","01_BIOLOGY_AND_15_RESEARCH"
"species","species\cow\alertness.md","alertness.md","0","E3B0C44298FC1C149AFBF4C8996FB92427AE41E4649B934CA495991B7852B855","01_BIOLOGY_AND_15_RESEARCH"
"species","species\cow\anatomy.md","anatomy.md","0","E3B0C44298FC1C149AFBF4C8996FB92427AE41E4649B934CA495991B7852B855","01_BIOLOGY_AND_15_RESEARCH"
"species","species\cow\animation_rules.md","animation_rules.md","0","E3B0C44298FC1C149AFBF4C8996FB92427AE41E4649B934CA495991B7852B855","01_BIOLOGY_AND_15_RESEARCH"
"species","species\cow\appearance.md","appearance.md","0","E3B0C44298FC1C149AFBF4C8996FB92427AE41E4649B934CA495991B7852B855","01_BIOLOGY_AND_15_RESEARCH"
"species","species\cow\behavior_dna.md","behavior_dna.md","0","E3B0C44298FC1C149AFBF4C8996FB92427AE41E4649B934CA495991B7852B855","01_BIOLOGY_AND_15_RESEARCH"
"species","species\cow\environmental_response.md","environmental_response.md","0","E3B0C44298FC1C149AFBF4C8996FB92427AE41E4649B934CA495991B7852B855","01_BIOLOGY_AND_15_RESEARCH"
"species","species\cow\fear_response.md","fear_response.md","0","E3B0C44298FC1C149AFBF4C8996FB92427AE41E4649B934CA495991B7852B855","01_BIOLOGY_AND_15_RESEARCH"
"species","species\cow\feeding.md","feeding.md","0","E3B0C44298FC1C149AFBF4C8996FB92427AE41E4649B934CA495991B7852B855","01_BIOLOGY_AND_15_RESEARCH"
"species","species\cow\forbidden_behavior.md","forbidden_behavior.md","0","E3B0C44298FC1C149AFBF4C8996FB92427AE41E4649B934CA495991B7852B855","01_BIOLOGY_AND_15_RESEARCH"
"species","species\cow\grooming.md","grooming.md","0","E3B0C44298FC1C149AFBF4C8996FB92427AE41E4649B934CA495991B7852B855","01_BIOLOGY_AND_15_RESEARCH"
"species","species\cow\group_behavior.md","group_behavior.md","0","E3B0C44298FC1C149AFBF4C8996FB92427AE41E4649B934CA495991B7852B855","01_BIOLOGY_AND_15_RESEARCH"
"species","species\cow\human_interaction.md","human_interaction.md","0","E3B0C44298FC1C149AFBF4C8996FB92427AE41E4649B934CA495991B7852B855","01_BIOLOGY_AND_15_RESEARCH"
"species","species\cow\individual_variation.md","individual_variation.md","0","E3B0C44298FC1C149AFBF4C8996FB92427AE41E4649B934CA495991B7852B855","01_BIOLOGY_AND_15_RESEARCH"
"species","species\cow\locomotion.md","locomotion.md","0","E3B0C44298FC1C149AFBF4C8996FB92427AE41E4649B934CA495991B7852B855","01_BIOLOGY_AND_15_RESEARCH"
"species","species\cow\mother_offspring.md","mother_offspring.md","0","E3B0C44298FC1C149AFBF4C8996FB92427AE41E4649B934CA495991B7852B855","01_BIOLOGY_AND_15_RESEARCH"
"species","species\cow\physics.md","physics.md","0","E3B0C44298FC1C149AFBF4C8996FB92427AE41E4649B934CA495991B7852B855","01_BIOLOGY_AND_15_RESEARCH"
"species","species\cow\predator_response.md","predator_response.md","0","E3B0C44298FC1C149AFBF4C8996FB92427AE41E4649B934CA495991B7852B855","01_BIOLOGY_AND_15_RESEARCH"
"species","species\cow\references.md","references.md","0","E3B0C44298FC1C149AFBF4C8996FB92427AE41E4649B934CA495991B7852B855","01_BIOLOGY_AND_15_RESEARCH"
"species","species\cow\resting.md","resting.md","0","E3B0C44298FC1C149AFBF4C8996FB92427AE41E4649B934CA495991B7852B855","01_BIOLOGY_AND_15_RESEARCH"
"species","species\cow\social_behavior.md","social_behavior.md","0","E3B0C44298FC1C149AFBF4C8996FB92427AE41E4649B934CA495991B7852B855","01_BIOLOGY_AND_15_RESEARCH"
"species","species\cow\sources.md","sources.md","0","E3B0C44298FC1C149AFBF4C8996FB92427AE41E4649B934CA495991B7852B855","01_BIOLOGY_AND_15_RESEARCH"
"species","species\cow\species_profile.md","species_profile.md","0","E3B0C44298FC1C149AFBF4C8996FB92427AE41E4649B934CA495991B7852B855","01_BIOLOGY_AND_15_RESEARCH"
"species","species\cow\vocalization.md","vocalization.md","0","E3B0C44298FC1C149AFBF4C8996FB92427AE41E4649B934CA495991B7852B855","01_BIOLOGY_AND_15_RESEARCH"
"species","species\crow\alertness.md","alertness.md","0","E3B0C44298FC1C149AFBF4C8996FB92427AE41E4649B934CA495991B7852B855","01_BIOLOGY_AND_15_RESEARCH"
"species","species\crow\anatomy.md","anatomy.md","0","E3B0C44298FC1C149AFBF4C8996FB92427AE41E4649B934CA495991B7852B855","01_BIOLOGY_AND_15_RESEARCH"
"species","species\crow\animation_rules.md","animation_rules.md","0","E3B0C44298FC1C149AFBF4C8996FB92427AE41E4649B934CA495991B7852B855","01_BIOLOGY_AND_15_RESEARCH"
"species","species\crow\appearance.md","appearance.md","0","E3B0C44298FC1C149AFBF4C8996FB92427AE41E4649B934CA495991B7852B855","01_BIOLOGY_AND_15_RESEARCH"
"species","species\crow\behavior_dna.md","behavior_dna.md","0","E3B0C44298FC1C149AFBF4C8996FB92427AE41E4649B934CA495991B7852B855","01_BIOLOGY_AND_15_RESEARCH"
"species","species\crow\environmental_response.md","environmental_response.md","0","E3B0C44298FC1C149AFBF4C8996FB92427AE41E4649B934CA495991B7852B855","01_BIOLOGY_AND_15_RESEARCH"
"species","species\crow\fear_response.md","fear_response.md","0","E3B0C44298FC1C149AFBF4C8996FB92427AE41E4649B934CA495991B7852B855","01_BIOLOGY_AND_15_RESEARCH"
"species","species\crow\feeding.md","feeding.md","0","E3B0C44298FC1C149AFBF4C8996FB92427AE41E4649B934CA495991B7852B855","01_BIOLOGY_AND_15_RESEARCH"
"species","species\crow\forbidden_behavior.md","forbidden_behavior.md","0","E3B0C44298FC1C149AFBF4C8996FB92427AE41E4649B934CA495991B7852B855","01_BIOLOGY_AND_15_RESEARCH"
"species","species\crow\grooming.md","grooming.md","0","E3B0C44298FC1C149AFBF4C8996FB92427AE41E4649B934CA495991B7852B855","01_BIOLOGY_AND_15_RESEARCH"
"species","species\crow\group_behavior.md","group_behavior.md","0","E3B0C44298FC1C149AFBF4C8996FB92427AE41E4649B934CA495991B7852B855","01_BIOLOGY_AND_15_RESEARCH"
"species","species\crow\human_interaction.md","human_interaction.md","0","E3B0C44298FC1C149AFBF4C8996FB92427AE41E4649B934CA495991B7852B855","01_BIOLOGY_AND_15_RESEARCH"
"species","species\crow\individual_variation.md","individual_variation.md","0","E3B0C44298FC1C149AFBF4C8996FB92427AE41E4649B934CA495991B7852B855","01_BIOLOGY_AND_15_RESEARCH"
"species","species\crow\locomotion.md","locomotion.md","0","E3B0C44298FC1C149AFBF4C8996FB92427AE41E4649B934CA495991B7852B855","01_BIOLOGY_AND_15_RESEARCH"
"species","species\crow\mother_offspring.md","mother_offspring.md","0","E3B0C44298FC1C149AFBF4C8996FB92427AE41E4649B934CA495991B7852B855","01_BIOLOGY_AND_15_RESEARCH"
"species","species\crow\physics.md","physics.md","0","E3B0C44298FC1C149AFBF4C8996FB92427AE41E4649B934CA495991B7852B855","01_BIOLOGY_AND_15_RESEARCH"
"species","species\crow\predator_response.md","predator_response.md","0","E3B0C44298FC1C149AFBF4C8996FB92427AE41E4649B934CA495991B7852B855","01_BIOLOGY_AND_15_RESEARCH"
"species","species\crow\references.md","references.md","0","E3B0C44298FC1C149AFBF4C8996FB92427AE41E4649B934CA495991B7852B855","01_BIOLOGY_AND_15_RESEARCH"
"species","species\crow\resting.md","resting.md","0","E3B0C44298FC1C149AFBF4C8996FB92427AE41E4649B934CA495991B7852B855","01_BIOLOGY_AND_15_RESEARCH"
"species","species\crow\social_behavior.md","social_behavior.md","0","E3B0C44298FC1C149AFBF4C8996FB92427AE41E4649B934CA495991B7852B855","01_BIOLOGY_AND_15_RESEARCH"
"species","species\crow\sources.md","sources.md","0","E3B0C44298FC1C149AFBF4C8996FB92427AE41E4649B934CA495991B7852B855","01_BIOLOGY_AND_15_RESEARCH"
"species","species\crow\species_profile.md","species_profile.md","0","E3B0C44298FC1C149AFBF4C8996FB92427AE41E4649B934CA495991B7852B855","01_BIOLOGY_AND_15_RESEARCH"
"species","species\crow\vocalization.md","vocalization.md","0","E3B0C44298FC1C149AFBF4C8996FB92427AE41E4649B934CA495991B7852B855","01_BIOLOGY_AND_15_RESEARCH"
"species","species\deer\alertness.md","alertness.md","0","E3B0C44298FC1C149AFBF4C8996FB92427AE41E4649B934CA495991B7852B855","01_BIOLOGY_AND_15_RESEARCH"
"species","species\deer\anatomy.md","anatomy.md","0","E3B0C44298FC1C149AFBF4C8996FB92427AE41E4649B934CA495991B7852B855","01_BIOLOGY_AND_15_RESEARCH"
"species","species\deer\animation_rules.md","animation_rules.md","0","E3B0C44298FC1C149AFBF4C8996FB92427AE41E4649B934CA495991B7852B855","01_BIOLOGY_AND_15_RESEARCH"
"species","species\deer\appearance.md","appearance.md","0","E3B0C44298FC1C149AFBF4C8996FB92427AE41E4649B934CA495991B7852B855","01_BIOLOGY_AND_15_RESEARCH"
"species","species\deer\behavior_dna.md","behavior_dna.md","0","E3B0C44298FC1C149AFBF4C8996FB92427AE41E4649B934CA495991B7852B855","01_BIOLOGY_AND_15_RESEARCH"
"species","species\deer\environmental_response.md","environmental_response.md","0","E3B0C44298FC1C149AFBF4C8996FB92427AE41E4649B934CA495991B7852B855","01_BIOLOGY_AND_15_RESEARCH"
"species","species\deer\fear_response.md","fear_response.md","0","E3B0C44298FC1C149AFBF4C8996FB92427AE41E4649B934CA495991B7852B855","01_BIOLOGY_AND_15_RESEARCH"
"species","species\deer\feeding.md","feeding.md","0","E3B0C44298FC1C149AFBF4C8996FB92427AE41E4649B934CA495991B7852B855","01_BIOLOGY_AND_15_RESEARCH"
"species","species\deer\forbidden_behavior.md","forbidden_behavior.md","0","E3B0C44298FC1C149AFBF4C8996FB92427AE41E4649B934CA495991B7852B855","01_BIOLOGY_AND_15_RESEARCH"
"species","species\deer\grooming.md","grooming.md","0","E3B0C44298FC1C149AFBF4C8996FB92427AE41E4649B934CA495991B7852B855","01_BIOLOGY_AND_15_RESEARCH"
"species","species\deer\group_behavior.md","group_behavior.md","0","E3B0C44298FC1C149AFBF4C8996FB92427AE41E4649B934CA495991B7852B855","01_BIOLOGY_AND_15_RESEARCH"
"species","species\deer\human_interaction.md","human_interaction.md","0","E3B0C44298FC1C149AFBF4C8996FB92427AE41E4649B934CA495991B7852B855","01_BIOLOGY_AND_15_RESEARCH"
"species","species\deer\individual_variation.md","individual_variation.md","0","E3B0C44298FC1C149AFBF4C8996FB92427AE41E4649B934CA495991B7852B855","01_BIOLOGY_AND_15_RESEARCH"
"species","species\deer\locomotion.md","locomotion.md","0","E3B0C44298FC1C149AFBF4C8996FB92427AE41E4649B934CA495991B7852B855","01_BIOLOGY_AND_15_RESEARCH"
"species","species\deer\mother_offspring.md","mother_offspring.md","0","E3B0C44298FC1C149AFBF4C8996FB92427AE41E4649B934CA495991B7852B855","01_BIOLOGY_AND_15_RESEARCH"
"species","species\deer\physics.md","physics.md","0","E3B0C44298FC1C149AFBF4C8996FB92427AE41E4649B934CA495991B7852B855","01_BIOLOGY_AND_15_RESEARCH"
"species","species\deer\predator_response.md","predator_response.md","0","E3B0C44298FC1C149AFBF4C8996FB92427AE41E4649B934CA495991B7852B855","01_BIOLOGY_AND_15_RESEARCH"
"species","species\deer\references.md","references.md","0","E3B0C44298FC1C149AFBF4C8996FB92427AE41E4649B934CA495991B7852B855","01_BIOLOGY_AND_15_RESEARCH"
"species","species\deer\resting.md","resting.md","0","E3B0C44298FC1C149AFBF4C8996FB92427AE41E4649B934CA495991B7852B855","01_BIOLOGY_AND_15_RESEARCH"
"species","species\deer\social_behavior.md","social_behavior.md","0","E3B0C44298FC1C149AFBF4C8996FB92427AE41E4649B934CA495991B7852B855","01_BIOLOGY_AND_15_RESEARCH"
"species","species\deer\sources.md","sources.md","0","E3B0C44298FC1C149AFBF4C8996FB92427AE41E4649B934CA495991B7852B855","01_BIOLOGY_AND_15_RESEARCH"
"species","species\deer\species_profile.md","species_profile.md","0","E3B0C44298FC1C149AFBF4C8996FB92427AE41E4649B934CA495991B7852B855","01_BIOLOGY_AND_15_RESEARCH"
"species","species\deer\vocalization.md","vocalization.md","0","E3B0C44298FC1C149AFBF4C8996FB92427AE41E4649B934CA495991B7852B855","01_BIOLOGY_AND_15_RESEARCH"
"species","species\dog\alertness.md","alertness.md","0","E3B0C44298FC1C149AFBF4C8996FB92427AE41E4649B934CA495991B7852B855","01_BIOLOGY_AND_15_RESEARCH"
"species","species\dog\anatomy.md","anatomy.md","0","E3B0C44298FC1C149AFBF4C8996FB92427AE41E4649B934CA495991B7852B855","01_BIOLOGY_AND_15_RESEARCH"
"species","species\dog\animation_rules.md","animation_rules.md","0","E3B0C44298FC1C149AFBF4C8996FB92427AE41E4649B934CA495991B7852B855","01_BIOLOGY_AND_15_RESEARCH"
"species","species\dog\appearance.md","appearance.md","0","E3B0C44298FC1C149AFBF4C8996FB92427AE41E4649B934CA495991B7852B855","01_BIOLOGY_AND_15_RESEARCH"
"species","species\dog\behavior_dna.md","behavior_dna.md","0","E3B0C44298FC1C149AFBF4C8996FB92427AE41E4649B934CA495991B7852B855","01_BIOLOGY_AND_15_RESEARCH"
"species","species\dog\environmental_response.md","environmental_response.md","0","E3B0C44298FC1C149AFBF4C8996FB92427AE41E4649B934CA495991B7852B855","01_BIOLOGY_AND_15_RESEARCH"
"species","species\dog\fear_response.md","fear_response.md","0","E3B0C44298FC1C149AFBF4C8996FB92427AE41E4649B934CA495991B7852B855","01_BIOLOGY_AND_15_RESEARCH"
"species","species\dog\feeding.md","feeding.md","0","E3B0C44298FC1C149AFBF4C8996FB92427AE41E4649B934CA495991B7852B855","01_BIOLOGY_AND_15_RESEARCH"
"species","species\dog\forbidden_behavior.md","forbidden_behavior.md","0","E3B0C44298FC1C149AFBF4C8996FB92427AE41E4649B934CA495991B7852B855","01_BIOLOGY_AND_15_RESEARCH"
"species","species\dog\grooming.md","grooming.md","0","E3B0C44298FC1C149AFBF4C8996FB92427AE41E4649B934CA495991B7852B855","01_BIOLOGY_AND_15_RESEARCH"
"species","species\dog\group_behavior.md","group_behavior.md","0","E3B0C44298FC1C149AFBF4C8996FB92427AE41E4649B934CA495991B7852B855","01_BIOLOGY_AND_15_RESEARCH"
"species","species\dog\human_interaction.md","human_interaction.md","0","E3B0C44298FC1C149AFBF4C8996FB92427AE41E4649B934CA495991B7852B855","01_BIOLOGY_AND_15_RESEARCH"
"species","species\dog\individual_variation.md","individual_variation.md","0","E3B0C44298FC1C149AFBF4C8996FB92427AE41E4649B934CA495991B7852B855","01_BIOLOGY_AND_15_RESEARCH"
"species","species\dog\locomotion.md","locomotion.md","0","E3B0C44298FC1C149AFBF4C8996FB92427AE41E4649B934CA495991B7852B855","01_BIOLOGY_AND_15_RESEARCH"
"species","species\dog\mother_offspring.md","mother_offspring.md","0","E3B0C44298FC1C149AFBF4C8996FB92427AE41E4649B934CA495991B7852B855","01_BIOLOGY_AND_15_RESEARCH"
"species","species\dog\physics.md","physics.md","0","E3B0C44298FC1C149AFBF4C8996FB92427AE41E4649B934CA495991B7852B855","01_BIOLOGY_AND_15_RESEARCH"
"species","species\dog\predator_response.md","predator_response.md","0","E3B0C44298FC1C149AFBF4C8996FB92427AE41E4649B934CA495991B7852B855","01_BIOLOGY_AND_15_RESEARCH"
"species","species\dog\references.md","references.md","0","E3B0C44298FC1C149AFBF4C8996FB92427AE41E4649B934CA495991B7852B855","01_BIOLOGY_AND_15_RESEARCH"
"species","species\dog\resting.md","resting.md","0","E3B0C44298FC1C149AFBF4C8996FB92427AE41E4649B934CA495991B7852B855","01_BIOLOGY_AND_15_RESEARCH"
"species","species\dog\social_behavior.md","social_behavior.md","0","E3B0C44298FC1C149AFBF4C8996FB92427AE41E4649B934CA495991B7852B855","01_BIOLOGY_AND_15_RESEARCH"
"species","species\dog\sources.md","sources.md","0","E3B0C44298FC1C149AFBF4C8996FB92427AE41E4649B934CA495991B7852B855","01_BIOLOGY_AND_15_RESEARCH"
"species","species\dog\species_profile.md","species_profile.md","0","E3B0C44298FC1C149AFBF4C8996FB92427AE41E4649B934CA495991B7852B855","01_BIOLOGY_AND_15_RESEARCH"
"species","species\dog\vocalization.md","vocalization.md","0","E3B0C44298FC1C149AFBF4C8996FB92427AE41E4649B934CA495991B7852B855","01_BIOLOGY_AND_15_RESEARCH"
"species","species\donkey\alertness.md","alertness.md","0","E3B0C44298FC1C149AFBF4C8996FB92427AE41E4649B934CA495991B7852B855","01_BIOLOGY_AND_15_RESEARCH"
"species","species\donkey\anatomy.md","anatomy.md","0","E3B0C44298FC1C149AFBF4C8996FB92427AE41E4649B934CA495991B7852B855","01_BIOLOGY_AND_15_RESEARCH"
"species","species\donkey\animation_rules.md","animation_rules.md","0","E3B0C44298FC1C149AFBF4C8996FB92427AE41E4649B934CA495991B7852B855","01_BIOLOGY_AND_15_RESEARCH"
"species","species\donkey\appearance.md","appearance.md","0","E3B0C44298FC1C149AFBF4C8996FB92427AE41E4649B934CA495991B7852B855","01_BIOLOGY_AND_15_RESEARCH"
"species","species\donkey\behavior_dna.md","behavior_dna.md","0","E3B0C44298FC1C149AFBF4C8996FB92427AE41E4649B934CA495991B7852B855","01_BIOLOGY_AND_15_RESEARCH"
"species","species\donkey\environmental_response.md","environmental_response.md","0","E3B0C44298FC1C149AFBF4C8996FB92427AE41E4649B934CA495991B7852B855","01_BIOLOGY_AND_15_RESEARCH"
"species","species\donkey\fear_response.md","fear_response.md","0","E3B0C44298FC1C149AFBF4C8996FB92427AE41E4649B934CA495991B7852B855","01_BIOLOGY_AND_15_RESEARCH"
"species","species\donkey\feeding.md","feeding.md","0","E3B0C44298FC1C149AFBF4C8996FB92427AE41E4649B934CA495991B7852B855","01_BIOLOGY_AND_15_RESEARCH"
"species","species\donkey\forbidden_behavior.md","forbidden_behavior.md","0","E3B0C44298FC1C149AFBF4C8996FB92427AE41E4649B934CA495991B7852B855","01_BIOLOGY_AND_15_RESEARCH"
"species","species\donkey\grooming.md","grooming.md","0","E3B0C44298FC1C149AFBF4C8996FB92427AE41E4649B934CA495991B7852B855","01_BIOLOGY_AND_15_RESEARCH"
"species","species\donkey\group_behavior.md","group_behavior.md","0","E3B0C44298FC1C149AFBF4C8996FB92427AE41E4649B934CA495991B7852B855","01_BIOLOGY_AND_15_RESEARCH"
"species","species\donkey\human_interaction.md","human_interaction.md","0","E3B0C44298FC1C149AFBF4C8996FB92427AE41E4649B934CA495991B7852B855","01_BIOLOGY_AND_15_RESEARCH"
"species","species\donkey\individual_variation.md","individual_variation.md","0","E3B0C44298FC1C149AFBF4C8996FB92427AE41E4649B934CA495991B7852B855","01_BIOLOGY_AND_15_RESEARCH"
"species","species\donkey\locomotion.md","locomotion.md","0","E3B0C44298FC1C149AFBF4C8996FB92427AE41E4649B934CA495991B7852B855","01_BIOLOGY_AND_15_RESEARCH"
"species","species\donkey\mother_offspring.md","mother_offspring.md","0","E3B0C44298FC1C149AFBF4C8996FB92427AE41E4649B934CA495991B7852B855","01_BIOLOGY_AND_15_RESEARCH"
"species","species\donkey\physics.md","physics.md","0","E3B0C44298FC1C149AFBF4C8996FB92427AE41E4649B934CA495991B7852B855","01_BIOLOGY_AND_15_RESEARCH"
"species","species\donkey\predator_response.md","predator_response.md","0","E3B0C44298FC1C149AFBF4C8996FB92427AE41E4649B934CA495991B7852B855","01_BIOLOGY_AND_15_RESEARCH"
"species","species\donkey\references.md","references.md","0","E3B0C44298FC1C149AFBF4C8996FB92427AE41E4649B934CA495991B7852B855","01_BIOLOGY_AND_15_RESEARCH"
"species","species\donkey\resting.md","resting.md","0","E3B0C44298FC1C149AFBF4C8996FB92427AE41E4649B934CA495991B7852B855","01_BIOLOGY_AND_15_RESEARCH"
"species","species\donkey\social_behavior.md","social_behavior.md","0","E3B0C44298FC1C149AFBF4C8996FB92427AE41E4649B934CA495991B7852B855","01_BIOLOGY_AND_15_RESEARCH"
"species","species\donkey\sources.md","sources.md","0","E3B0C44298FC1C149AFBF4C8996FB92427AE41E4649B934CA495991B7852B855","01_BIOLOGY_AND_15_RESEARCH"
"species","species\donkey\species_profile.md","species_profile.md","0","E3B0C44298FC1C149AFBF4C8996FB92427AE41E4649B934CA495991B7852B855","01_BIOLOGY_AND_15_RESEARCH"
"species","species\donkey\vocalization.md","vocalization.md","0","E3B0C44298FC1C149AFBF4C8996FB92427AE41E4649B934CA495991B7852B855","01_BIOLOGY_AND_15_RESEARCH"
"species","species\eagle\alertness.md","alertness.md","0","E3B0C44298FC1C149AFBF4C8996FB92427AE41E4649B934CA495991B7852B855","01_BIOLOGY_AND_15_RESEARCH"
"species","species\eagle\anatomy.md","anatomy.md","0","E3B0C44298FC1C149AFBF4C8996FB92427AE41E4649B934CA495991B7852B855","01_BIOLOGY_AND_15_RESEARCH"
"species","species\eagle\animation_rules.md","animation_rules.md","0","E3B0C44298FC1C149AFBF4C8996FB92427AE41E4649B934CA495991B7852B855","01_BIOLOGY_AND_15_RESEARCH"
"species","species\eagle\appearance.md","appearance.md","0","E3B0C44298FC1C149AFBF4C8996FB92427AE41E4649B934CA495991B7852B855","01_BIOLOGY_AND_15_RESEARCH"
"species","species\eagle\behavior_dna.md","behavior_dna.md","0","E3B0C44298FC1C149AFBF4C8996FB92427AE41E4649B934CA495991B7852B855","01_BIOLOGY_AND_15_RESEARCH"
"species","species\eagle\environmental_response.md","environmental_response.md","0","E3B0C44298FC1C149AFBF4C8996FB92427AE41E4649B934CA495991B7852B855","01_BIOLOGY_AND_15_RESEARCH"
"species","species\eagle\fear_response.md","fear_response.md","0","E3B0C44298FC1C149AFBF4C8996FB92427AE41E4649B934CA495991B7852B855","01_BIOLOGY_AND_15_RESEARCH"
"species","species\eagle\feeding.md","feeding.md","0","E3B0C44298FC1C149AFBF4C8996FB92427AE41E4649B934CA495991B7852B855","01_BIOLOGY_AND_15_RESEARCH"
"species","species\eagle\forbidden_behavior.md","forbidden_behavior.md","0","E3B0C44298FC1C149AFBF4C8996FB92427AE41E4649B934CA495991B7852B855","01_BIOLOGY_AND_15_RESEARCH"
"species","species\eagle\grooming.md","grooming.md","0","E3B0C44298FC1C149AFBF4C8996FB92427AE41E4649B934CA495991B7852B855","01_BIOLOGY_AND_15_RESEARCH"
"species","species\eagle\group_behavior.md","group_behavior.md","0","E3B0C44298FC1C149AFBF4C8996FB92427AE41E4649B934CA495991B7852B855","01_BIOLOGY_AND_15_RESEARCH"
"species","species\eagle\human_interaction.md","human_interaction.md","0","E3B0C44298FC1C149AFBF4C8996FB92427AE41E4649B934CA495991B7852B855","01_BIOLOGY_AND_15_RESEARCH"
"species","species\eagle\individual_variation.md","individual_variation.md","0","E3B0C44298FC1C149AFBF4C8996FB92427AE41E4649B934CA495991B7852B855","01_BIOLOGY_AND_15_RESEARCH"
"species","species\eagle\locomotion.md","locomotion.md","0","E3B0C44298FC1C149AFBF4C8996FB92427AE41E4649B934CA495991B7852B855","01_BIOLOGY_AND_15_RESEARCH"
"species","species\eagle\mother_offspring.md","mother_offspring.md","0","E3B0C44298FC1C149AFBF4C8996FB92427AE41E4649B934CA495991B7852B855","01_BIOLOGY_AND_15_RESEARCH"
"species","species\eagle\physics.md","physics.md","0","E3B0C44298FC1C149AFBF4C8996FB92427AE41E4649B934CA495991B7852B855","01_BIOLOGY_AND_15_RESEARCH"
"species","species\eagle\predator_response.md","predator_response.md","0","E3B0C44298FC1C149AFBF4C8996FB92427AE41E4649B934CA495991B7852B855","01_BIOLOGY_AND_15_RESEARCH"
"species","species\eagle\references.md","references.md","0","E3B0C44298FC1C149AFBF4C8996FB92427AE41E4649B934CA495991B7852B855","01_BIOLOGY_AND_15_RESEARCH"
"species","species\eagle\resting.md","resting.md","0","E3B0C44298FC1C149AFBF4C8996FB92427AE41E4649B934CA495991B7852B855","01_BIOLOGY_AND_15_RESEARCH"
"species","species\eagle\social_behavior.md","social_behavior.md","0","E3B0C44298FC1C149AFBF4C8996FB92427AE41E4649B934CA495991B7852B855","01_BIOLOGY_AND_15_RESEARCH"
"species","species\eagle\sources.md","sources.md","0","E3B0C44298FC1C149AFBF4C8996FB92427AE41E4649B934CA495991B7852B855","01_BIOLOGY_AND_15_RESEARCH"
"species","species\eagle\species_profile.md","species_profile.md","0","E3B0C44298FC1C149AFBF4C8996FB92427AE41E4649B934CA495991B7852B855","01_BIOLOGY_AND_15_RESEARCH"
"species","species\eagle\vocalization.md","vocalization.md","0","E3B0C44298FC1C149AFBF4C8996FB92427AE41E4649B934CA495991B7852B855","01_BIOLOGY_AND_15_RESEARCH"
"species","species\elephant\alertness.md","alertness.md","0","E3B0C44298FC1C149AFBF4C8996FB92427AE41E4649B934CA495991B7852B855","01_BIOLOGY_AND_15_RESEARCH"
"species","species\elephant\anatomy.md","anatomy.md","0","E3B0C44298FC1C149AFBF4C8996FB92427AE41E4649B934CA495991B7852B855","01_BIOLOGY_AND_15_RESEARCH"
"species","species\elephant\animation_rules.md","animation_rules.md","0","E3B0C44298FC1C149AFBF4C8996FB92427AE41E4649B934CA495991B7852B855","01_BIOLOGY_AND_15_RESEARCH"
"species","species\elephant\appearance.md","appearance.md","0","E3B0C44298FC1C149AFBF4C8996FB92427AE41E4649B934CA495991B7852B855","01_BIOLOGY_AND_15_RESEARCH"
"species","species\elephant\behavior_dna.md","behavior_dna.md","0","E3B0C44298FC1C149AFBF4C8996FB92427AE41E4649B934CA495991B7852B855","01_BIOLOGY_AND_15_RESEARCH"
"species","species\elephant\environmental_response.md","environmental_response.md","0","E3B0C44298FC1C149AFBF4C8996FB92427AE41E4649B934CA495991B7852B855","01_BIOLOGY_AND_15_RESEARCH"
"species","species\elephant\fear_response.md","fear_response.md","0","E3B0C44298FC1C149AFBF4C8996FB92427AE41E4649B934CA495991B7852B855","01_BIOLOGY_AND_15_RESEARCH"
"species","species\elephant\feeding.md","feeding.md","0","E3B0C44298FC1C149AFBF4C8996FB92427AE41E4649B934CA495991B7852B855","01_BIOLOGY_AND_15_RESEARCH"
"species","species\elephant\forbidden_behavior.md","forbidden_behavior.md","0","E3B0C44298FC1C149AFBF4C8996FB92427AE41E4649B934CA495991B7852B855","01_BIOLOGY_AND_15_RESEARCH"
"species","species\elephant\grooming.md","grooming.md","0","E3B0C44298FC1C149AFBF4C8996FB92427AE41E4649B934CA495991B7852B855","01_BIOLOGY_AND_15_RESEARCH"
"species","species\elephant\group_behavior.md","group_behavior.md","0","E3B0C44298FC1C149AFBF4C8996FB92427AE41E4649B934CA495991B7852B855","01_BIOLOGY_AND_15_RESEARCH"
"species","species\elephant\human_interaction.md","human_interaction.md","0","E3B0C44298FC1C149AFBF4C8996FB92427AE41E4649B934CA495991B7852B855","01_BIOLOGY_AND_15_RESEARCH"
"species","species\elephant\individual_variation.md","individual_variation.md","0","E3B0C44298FC1C149AFBF4C8996FB92427AE41E4649B934CA495991B7852B855","01_BIOLOGY_AND_15_RESEARCH"
"species","species\elephant\locomotion.md","locomotion.md","0","E3B0C44298FC1C149AFBF4C8996FB92427AE41E4649B934CA495991B7852B855","01_BIOLOGY_AND_15_RESEARCH"
"species","species\elephant\mother_offspring.md","mother_offspring.md","0","E3B0C44298FC1C149AFBF4C8996FB92427AE41E4649B934CA495991B7852B855","01_BIOLOGY_AND_15_RESEARCH"
"species","species\elephant\physics.md","physics.md","0","E3B0C44298FC1C149AFBF4C8996FB92427AE41E4649B934CA495991B7852B855","01_BIOLOGY_AND_15_RESEARCH"
"species","species\elephant\predator_response.md","predator_response.md","0","E3B0C44298FC1C149AFBF4C8996FB92427AE41E4649B934CA495991B7852B855","01_BIOLOGY_AND_15_RESEARCH"
"species","species\elephant\references.md","references.md","0","E3B0C44298FC1C149AFBF4C8996FB92427AE41E4649B934CA495991B7852B855","01_BIOLOGY_AND_15_RESEARCH"
"species","species\elephant\resting.md","resting.md","0","E3B0C44298FC1C149AFBF4C8996FB92427AE41E4649B934CA495991B7852B855","01_BIOLOGY_AND_15_RESEARCH"
"species","species\elephant\social_behavior.md","social_behavior.md","0","E3B0C44298FC1C149AFBF4C8996FB92427AE41E4649B934CA495991B7852B855","01_BIOLOGY_AND_15_RESEARCH"
"species","species\elephant\sources.md","sources.md","0","E3B0C44298FC1C149AFBF4C8996FB92427AE41E4649B934CA495991B7852B855","01_BIOLOGY_AND_15_RESEARCH"
"species","species\elephant\species_profile.md","species_profile.md","0","E3B0C44298FC1C149AFBF4C8996FB92427AE41E4649B934CA495991B7852B855","01_BIOLOGY_AND_15_RESEARCH"
"species","species\elephant\vocalization.md","vocalization.md","0","E3B0C44298FC1C149AFBF4C8996FB92427AE41E4649B934CA495991B7852B855","01_BIOLOGY_AND_15_RESEARCH"
"species","species\fish\alertness.md","alertness.md","0","E3B0C44298FC1C149AFBF4C8996FB92427AE41E4649B934CA495991B7852B855","01_BIOLOGY_AND_15_RESEARCH"
"species","species\fish\anatomy.md","anatomy.md","0","E3B0C44298FC1C149AFBF4C8996FB92427AE41E4649B934CA495991B7852B855","01_BIOLOGY_AND_15_RESEARCH"
"species","species\fish\animation_rules.md","animation_rules.md","0","E3B0C44298FC1C149AFBF4C8996FB92427AE41E4649B934CA495991B7852B855","01_BIOLOGY_AND_15_RESEARCH"
"species","species\fish\appearance.md","appearance.md","0","E3B0C44298FC1C149AFBF4C8996FB92427AE41E4649B934CA495991B7852B855","01_BIOLOGY_AND_15_RESEARCH"
"species","species\fish\behavior_dna.md","behavior_dna.md","0","E3B0C44298FC1C149AFBF4C8996FB92427AE41E4649B934CA495991B7852B855","01_BIOLOGY_AND_15_RESEARCH"
"species","species\fish\environmental_response.md","environmental_response.md","0","E3B0C44298FC1C149AFBF4C8996FB92427AE41E4649B934CA495991B7852B855","01_BIOLOGY_AND_15_RESEARCH"
"species","species\fish\fear_response.md","fear_response.md","0","E3B0C44298FC1C149AFBF4C8996FB92427AE41E4649B934CA495991B7852B855","01_BIOLOGY_AND_15_RESEARCH"
"species","species\fish\feeding.md","feeding.md","0","E3B0C44298FC1C149AFBF4C8996FB92427AE41E4649B934CA495991B7852B855","01_BIOLOGY_AND_15_RESEARCH"
"species","species\fish\forbidden_behavior.md","forbidden_behavior.md","0","E3B0C44298FC1C149AFBF4C8996FB92427AE41E4649B934CA495991B7852B855","01_BIOLOGY_AND_15_RESEARCH"
"species","species\fish\grooming.md","grooming.md","0","E3B0C44298FC1C149AFBF4C8996FB92427AE41E4649B934CA495991B7852B855","01_BIOLOGY_AND_15_RESEARCH"
"species","species\fish\group_behavior.md","group_behavior.md","0","E3B0C44298FC1C149AFBF4C8996FB92427AE41E4649B934CA495991B7852B855","01_BIOLOGY_AND_15_RESEARCH"
"species","species\fish\human_interaction.md","human_interaction.md","0","E3B0C44298FC1C149AFBF4C8996FB92427AE41E4649B934CA495991B7852B855","01_BIOLOGY_AND_15_RESEARCH"
"species","species\fish\individual_variation.md","individual_variation.md","0","E3B0C44298FC1C149AFBF4C8996FB92427AE41E4649B934CA495991B7852B855","01_BIOLOGY_AND_15_RESEARCH"
"species","species\fish\locomotion.md","locomotion.md","0","E3B0C44298FC1C149AFBF4C8996FB92427AE41E4649B934CA495991B7852B855","01_BIOLOGY_AND_15_RESEARCH"
"species","species\fish\mother_offspring.md","mother_offspring.md","0","E3B0C44298FC1C149AFBF4C8996FB92427AE41E4649B934CA495991B7852B855","01_BIOLOGY_AND_15_RESEARCH"
"species","species\fish\physics.md","physics.md","0","E3B0C44298FC1C149AFBF4C8996FB92427AE41E4649B934CA495991B7852B855","01_BIOLOGY_AND_15_RESEARCH"
"species","species\fish\predator_response.md","predator_response.md","0","E3B0C44298FC1C149AFBF4C8996FB92427AE41E4649B934CA495991B7852B855","01_BIOLOGY_AND_15_RESEARCH"
"species","species\fish\references.md","references.md","0","E3B0C44298FC1C149AFBF4C8996FB92427AE41E4649B934CA495991B7852B855","01_BIOLOGY_AND_15_RESEARCH"
"species","species\fish\resting.md","resting.md","0","E3B0C44298FC1C149AFBF4C8996FB92427AE41E4649B934CA495991B7852B855","01_BIOLOGY_AND_15_RESEARCH"
"species","species\fish\social_behavior.md","social_behavior.md","0","E3B0C44298FC1C149AFBF4C8996FB92427AE41E4649B934CA495991B7852B855","01_BIOLOGY_AND_15_RESEARCH"
"species","species\fish\sources.md","sources.md","0","E3B0C44298FC1C149AFBF4C8996FB92427AE41E4649B934CA495991B7852B855","01_BIOLOGY_AND_15_RESEARCH"
"species","species\fish\species_profile.md","species_profile.md","0","E3B0C44298FC1C149AFBF4C8996FB92427AE41E4649B934CA495991B7852B855","01_BIOLOGY_AND_15_RESEARCH"
"species","species\fish\vocalization.md","vocalization.md","0","E3B0C44298FC1C149AFBF4C8996FB92427AE41E4649B934CA495991B7852B855","01_BIOLOGY_AND_15_RESEARCH"
"species","species\frog\alertness.md","alertness.md","0","E3B0C44298FC1C149AFBF4C8996FB92427AE41E4649B934CA495991B7852B855","01_BIOLOGY_AND_15_RESEARCH"
"species","species\frog\anatomy.md","anatomy.md","0","E3B0C44298FC1C149AFBF4C8996FB92427AE41E4649B934CA495991B7852B855","01_BIOLOGY_AND_15_RESEARCH"
"species","species\frog\animation_rules.md","animation_rules.md","0","E3B0C44298FC1C149AFBF4C8996FB92427AE41E4649B934CA495991B7852B855","01_BIOLOGY_AND_15_RESEARCH"
"species","species\frog\appearance.md","appearance.md","0","E3B0C44298FC1C149AFBF4C8996FB92427AE41E4649B934CA495991B7852B855","01_BIOLOGY_AND_15_RESEARCH"
"species","species\frog\behavior_dna.md","behavior_dna.md","0","E3B0C44298FC1C149AFBF4C8996FB92427AE41E4649B934CA495991B7852B855","01_BIOLOGY_AND_15_RESEARCH"
"species","species\frog\environmental_response.md","environmental_response.md","0","E3B0C44298FC1C149AFBF4C8996FB92427AE41E4649B934CA495991B7852B855","01_BIOLOGY_AND_15_RESEARCH"
"species","species\frog\fear_response.md","fear_response.md","0","E3B0C44298FC1C149AFBF4C8996FB92427AE41E4649B934CA495991B7852B855","01_BIOLOGY_AND_15_RESEARCH"
"species","species\frog\feeding.md","feeding.md","0","E3B0C44298FC1C149AFBF4C8996FB92427AE41E4649B934CA495991B7852B855","01_BIOLOGY_AND_15_RESEARCH"
"species","species\frog\forbidden_behavior.md","forbidden_behavior.md","0","E3B0C44298FC1C149AFBF4C8996FB92427AE41E4649B934CA495991B7852B855","01_BIOLOGY_AND_15_RESEARCH"
"species","species\frog\grooming.md","grooming.md","0","E3B0C44298FC1C149AFBF4C8996FB92427AE41E4649B934CA495991B7852B855","01_BIOLOGY_AND_15_RESEARCH"
"species","species\frog\group_behavior.md","group_behavior.md","0","E3B0C44298FC1C149AFBF4C8996FB92427AE41E4649B934CA495991B7852B855","01_BIOLOGY_AND_15_RESEARCH"
"species","species\frog\human_interaction.md","human_interaction.md","0","E3B0C44298FC1C149AFBF4C8996FB92427AE41E4649B934CA495991B7852B855","01_BIOLOGY_AND_15_RESEARCH"
"species","species\frog\individual_variation.md","individual_variation.md","0","E3B0C44298FC1C149AFBF4C8996FB92427AE41E4649B934CA495991B7852B855","01_BIOLOGY_AND_15_RESEARCH"
"species","species\frog\locomotion.md","locomotion.md","0","E3B0C44298FC1C149AFBF4C8996FB92427AE41E4649B934CA495991B7852B855","01_BIOLOGY_AND_15_RESEARCH"
"species","species\frog\mother_offspring.md","mother_offspring.md","0","E3B0C44298FC1C149AFBF4C8996FB92427AE41E4649B934CA495991B7852B855","01_BIOLOGY_AND_15_RESEARCH"
"species","species\frog\physics.md","physics.md","0","E3B0C44298FC1C149AFBF4C8996FB92427AE41E4649B934CA495991B7852B855","01_BIOLOGY_AND_15_RESEARCH"
"species","species\frog\predator_response.md","predator_response.md","0","E3B0C44298FC1C149AFBF4C8996FB92427AE41E4649B934CA495991B7852B855","01_BIOLOGY_AND_15_RESEARCH"
"species","species\frog\references.md","references.md","0","E3B0C44298FC1C149AFBF4C8996FB92427AE41E4649B934CA495991B7852B855","01_BIOLOGY_AND_15_RESEARCH"
"species","species\frog\resting.md","resting.md","0","E3B0C44298FC1C149AFBF4C8996FB92427AE41E4649B934CA495991B7852B855","01_BIOLOGY_AND_15_RESEARCH"
"species","species\frog\social_behavior.md","social_behavior.md","0","E3B0C44298FC1C149AFBF4C8996FB92427AE41E4649B934CA495991B7852B855","01_BIOLOGY_AND_15_RESEARCH"
"species","species\frog\sources.md","sources.md","0","E3B0C44298FC1C149AFBF4C8996FB92427AE41E4649B934CA495991B7852B855","01_BIOLOGY_AND_15_RESEARCH"
"species","species\frog\species_profile.md","species_profile.md","0","E3B0C44298FC1C149AFBF4C8996FB92427AE41E4649B934CA495991B7852B855","01_BIOLOGY_AND_15_RESEARCH"
"species","species\frog\vocalization.md","vocalization.md","0","E3B0C44298FC1C149AFBF4C8996FB92427AE41E4649B934CA495991B7852B855","01_BIOLOGY_AND_15_RESEARCH"
"species","species\goat\alertness.md","alertness.md","0","E3B0C44298FC1C149AFBF4C8996FB92427AE41E4649B934CA495991B7852B855","01_BIOLOGY_AND_15_RESEARCH"
"species","species\goat\anatomy.md","anatomy.md","0","E3B0C44298FC1C149AFBF4C8996FB92427AE41E4649B934CA495991B7852B855","01_BIOLOGY_AND_15_RESEARCH"
"species","species\goat\animation_rules.md","animation_rules.md","0","E3B0C44298FC1C149AFBF4C8996FB92427AE41E4649B934CA495991B7852B855","01_BIOLOGY_AND_15_RESEARCH"
"species","species\goat\appearance.md","appearance.md","0","E3B0C44298FC1C149AFBF4C8996FB92427AE41E4649B934CA495991B7852B855","01_BIOLOGY_AND_15_RESEARCH"
"species","species\goat\behavior_dna.md","behavior_dna.md","0","E3B0C44298FC1C149AFBF4C8996FB92427AE41E4649B934CA495991B7852B855","01_BIOLOGY_AND_15_RESEARCH"
"species","species\goat\environmental_response.md","environmental_response.md","0","E3B0C44298FC1C149AFBF4C8996FB92427AE41E4649B934CA495991B7852B855","01_BIOLOGY_AND_15_RESEARCH"
"species","species\goat\fear_response.md","fear_response.md","0","E3B0C44298FC1C149AFBF4C8996FB92427AE41E4649B934CA495991B7852B855","01_BIOLOGY_AND_15_RESEARCH"
"species","species\goat\feeding.md","feeding.md","0","E3B0C44298FC1C149AFBF4C8996FB92427AE41E4649B934CA495991B7852B855","01_BIOLOGY_AND_15_RESEARCH"
"species","species\goat\forbidden_behavior.md","forbidden_behavior.md","0","E3B0C44298FC1C149AFBF4C8996FB92427AE41E4649B934CA495991B7852B855","01_BIOLOGY_AND_15_RESEARCH"
"species","species\goat\grooming.md","grooming.md","0","E3B0C44298FC1C149AFBF4C8996FB92427AE41E4649B934CA495991B7852B855","01_BIOLOGY_AND_15_RESEARCH"
"species","species\goat\group_behavior.md","group_behavior.md","0","E3B0C44298FC1C149AFBF4C8996FB92427AE41E4649B934CA495991B7852B855","01_BIOLOGY_AND_15_RESEARCH"
"species","species\goat\human_interaction.md","human_interaction.md","0","E3B0C44298FC1C149AFBF4C8996FB92427AE41E4649B934CA495991B7852B855","01_BIOLOGY_AND_15_RESEARCH"
"species","species\goat\individual_variation.md","individual_variation.md","0","E3B0C44298FC1C149AFBF4C8996FB92427AE41E4649B934CA495991B7852B855","01_BIOLOGY_AND_15_RESEARCH"
"species","species\goat\locomotion.md","locomotion.md","0","E3B0C44298FC1C149AFBF4C8996FB92427AE41E4649B934CA495991B7852B855","01_BIOLOGY_AND_15_RESEARCH"
"species","species\goat\mother_offspring.md","mother_offspring.md","0","E3B0C44298FC1C149AFBF4C8996FB92427AE41E4649B934CA495991B7852B855","01_BIOLOGY_AND_15_RESEARCH"
"species","species\goat\physics.md","physics.md","0","E3B0C44298FC1C149AFBF4C8996FB92427AE41E4649B934CA495991B7852B855","01_BIOLOGY_AND_15_RESEARCH"
"species","species\goat\predator_response.md","predator_response.md","0","E3B0C44298FC1C149AFBF4C8996FB92427AE41E4649B934CA495991B7852B855","01_BIOLOGY_AND_15_RESEARCH"
"species","species\goat\references.md","references.md","0","E3B0C44298FC1C149AFBF4C8996FB92427AE41E4649B934CA495991B7852B855","01_BIOLOGY_AND_15_RESEARCH"
"species","species\goat\resting.md","resting.md","0","E3B0C44298FC1C149AFBF4C8996FB92427AE41E4649B934CA495991B7852B855","01_BIOLOGY_AND_15_RESEARCH"
"species","species\goat\social_behavior.md","social_behavior.md","0","E3B0C44298FC1C149AFBF4C8996FB92427AE41E4649B934CA495991B7852B855","01_BIOLOGY_AND_15_RESEARCH"
"species","species\goat\sources.md","sources.md","0","E3B0C44298FC1C149AFBF4C8996FB92427AE41E4649B934CA495991B7852B855","01_BIOLOGY_AND_15_RESEARCH"
"species","species\goat\species_profile.md","species_profile.md","0","E3B0C44298FC1C149AFBF4C8996FB92427AE41E4649B934CA495991B7852B855","01_BIOLOGY_AND_15_RESEARCH"
"species","species\goat\vocalization.md","vocalization.md","0","E3B0C44298FC1C149AFBF4C8996FB92427AE41E4649B934CA495991B7852B855","01_BIOLOGY_AND_15_RESEARCH"
"species","species\goose\alertness.md","alertness.md","0","E3B0C44298FC1C149AFBF4C8996FB92427AE41E4649B934CA495991B7852B855","01_BIOLOGY_AND_15_RESEARCH"
"species","species\goose\anatomy.md","anatomy.md","0","E3B0C44298FC1C149AFBF4C8996FB92427AE41E4649B934CA495991B7852B855","01_BIOLOGY_AND_15_RESEARCH"
"species","species\goose\animation_rules.md","animation_rules.md","0","E3B0C44298FC1C149AFBF4C8996FB92427AE41E4649B934CA495991B7852B855","01_BIOLOGY_AND_15_RESEARCH"
"species","species\goose\appearance.md","appearance.md","0","E3B0C44298FC1C149AFBF4C8996FB92427AE41E4649B934CA495991B7852B855","01_BIOLOGY_AND_15_RESEARCH"
"species","species\goose\behavior_dna.md","behavior_dna.md","0","E3B0C44298FC1C149AFBF4C8996FB92427AE41E4649B934CA495991B7852B855","01_BIOLOGY_AND_15_RESEARCH"
"species","species\goose\environmental_response.md","environmental_response.md","0","E3B0C44298FC1C149AFBF4C8996FB92427AE41E4649B934CA495991B7852B855","01_BIOLOGY_AND_15_RESEARCH"
"species","species\goose\fear_response.md","fear_response.md","0","E3B0C44298FC1C149AFBF4C8996FB92427AE41E4649B934CA495991B7852B855","01_BIOLOGY_AND_15_RESEARCH"
"species","species\goose\feeding.md","feeding.md","0","E3B0C44298FC1C149AFBF4C8996FB92427AE41E4649B934CA495991B7852B855","01_BIOLOGY_AND_15_RESEARCH"
"species","species\goose\forbidden_behavior.md","forbidden_behavior.md","0","E3B0C44298FC1C149AFBF4C8996FB92427AE41E4649B934CA495991B7852B855","01_BIOLOGY_AND_15_RESEARCH"
"species","species\goose\grooming.md","grooming.md","0","E3B0C44298FC1C149AFBF4C8996FB92427AE41E4649B934CA495991B7852B855","01_BIOLOGY_AND_15_RESEARCH"
"species","species\goose\group_behavior.md","group_behavior.md","0","E3B0C44298FC1C149AFBF4C8996FB92427AE41E4649B934CA495991B7852B855","01_BIOLOGY_AND_15_RESEARCH"
"species","species\goose\human_interaction.md","human_interaction.md","0","E3B0C44298FC1C149AFBF4C8996FB92427AE41E4649B934CA495991B7852B855","01_BIOLOGY_AND_15_RESEARCH"
"species","species\goose\individual_variation.md","individual_variation.md","0","E3B0C44298FC1C149AFBF4C8996FB92427AE41E4649B934CA495991B7852B855","01_BIOLOGY_AND_15_RESEARCH"
"species","species\goose\locomotion.md","locomotion.md","0","E3B0C44298FC1C149AFBF4C8996FB92427AE41E4649B934CA495991B7852B855","01_BIOLOGY_AND_15_RESEARCH"
"species","species\goose\mother_offspring.md","mother_offspring.md","0","E3B0C44298FC1C149AFBF4C8996FB92427AE41E4649B934CA495991B7852B855","01_BIOLOGY_AND_15_RESEARCH"
"species","species\goose\physics.md","physics.md","0","E3B0C44298FC1C149AFBF4C8996FB92427AE41E4649B934CA495991B7852B855","01_BIOLOGY_AND_15_RESEARCH"
"species","species\goose\predator_response.md","predator_response.md","0","E3B0C44298FC1C149AFBF4C8996FB92427AE41E4649B934CA495991B7852B855","01_BIOLOGY_AND_15_RESEARCH"
"species","species\goose\references.md","references.md","0","E3B0C44298FC1C149AFBF4C8996FB92427AE41E4649B934CA495991B7852B855","01_BIOLOGY_AND_15_RESEARCH"
"species","species\goose\resting.md","resting.md","0","E3B0C44298FC1C149AFBF4C8996FB92427AE41E4649B934CA495991B7852B855","01_BIOLOGY_AND_15_RESEARCH"
"species","species\goose\social_behavior.md","social_behavior.md","0","E3B0C44298FC1C149AFBF4C8996FB92427AE41E4649B934CA495991B7852B855","01_BIOLOGY_AND_15_RESEARCH"
"species","species\goose\sources.md","sources.md","0","E3B0C44298FC1C149AFBF4C8996FB92427AE41E4649B934CA495991B7852B855","01_BIOLOGY_AND_15_RESEARCH"
"species","species\goose\species_profile.md","species_profile.md","0","E3B0C44298FC1C149AFBF4C8996FB92427AE41E4649B934CA495991B7852B855","01_BIOLOGY_AND_15_RESEARCH"
"species","species\goose\vocalization.md","vocalization.md","0","E3B0C44298FC1C149AFBF4C8996FB92427AE41E4649B934CA495991B7852B855","01_BIOLOGY_AND_15_RESEARCH"
"species","species\hawk\alertness.md","alertness.md","0","E3B0C44298FC1C149AFBF4C8996FB92427AE41E4649B934CA495991B7852B855","01_BIOLOGY_AND_15_RESEARCH"
"species","species\hawk\anatomy.md","anatomy.md","0","E3B0C44298FC1C149AFBF4C8996FB92427AE41E4649B934CA495991B7852B855","01_BIOLOGY_AND_15_RESEARCH"
"species","species\hawk\animation_rules.md","animation_rules.md","0","E3B0C44298FC1C149AFBF4C8996FB92427AE41E4649B934CA495991B7852B855","01_BIOLOGY_AND_15_RESEARCH"
"species","species\hawk\appearance.md","appearance.md","0","E3B0C44298FC1C149AFBF4C8996FB92427AE41E4649B934CA495991B7852B855","01_BIOLOGY_AND_15_RESEARCH"
"species","species\hawk\behavior_dna.md","behavior_dna.md","0","E3B0C44298FC1C149AFBF4C8996FB92427AE41E4649B934CA495991B7852B855","01_BIOLOGY_AND_15_RESEARCH"
"species","species\hawk\environmental_response.md","environmental_response.md","0","E3B0C44298FC1C149AFBF4C8996FB92427AE41E4649B934CA495991B7852B855","01_BIOLOGY_AND_15_RESEARCH"
"species","species\hawk\fear_response.md","fear_response.md","0","E3B0C44298FC1C149AFBF4C8996FB92427AE41E4649B934CA495991B7852B855","01_BIOLOGY_AND_15_RESEARCH"
"species","species\hawk\feeding.md","feeding.md","0","E3B0C44298FC1C149AFBF4C8996FB92427AE41E4649B934CA495991B7852B855","01_BIOLOGY_AND_15_RESEARCH"
"species","species\hawk\forbidden_behavior.md","forbidden_behavior.md","0","E3B0C44298FC1C149AFBF4C8996FB92427AE41E4649B934CA495991B7852B855","01_BIOLOGY_AND_15_RESEARCH"
"species","species\hawk\grooming.md","grooming.md","0","E3B0C44298FC1C149AFBF4C8996FB92427AE41E4649B934CA495991B7852B855","01_BIOLOGY_AND_15_RESEARCH"
"species","species\hawk\group_behavior.md","group_behavior.md","0","E3B0C44298FC1C149AFBF4C8996FB92427AE41E4649B934CA495991B7852B855","01_BIOLOGY_AND_15_RESEARCH"
"species","species\hawk\human_interaction.md","human_interaction.md","0","E3B0C44298FC1C149AFBF4C8996FB92427AE41E4649B934CA495991B7852B855","01_BIOLOGY_AND_15_RESEARCH"
"species","species\hawk\individual_variation.md","individual_variation.md","0","E3B0C44298FC1C149AFBF4C8996FB92427AE41E4649B934CA495991B7852B855","01_BIOLOGY_AND_15_RESEARCH"
"species","species\hawk\locomotion.md","locomotion.md","0","E3B0C44298FC1C149AFBF4C8996FB92427AE41E4649B934CA495991B7852B855","01_BIOLOGY_AND_15_RESEARCH"
"species","species\hawk\mother_offspring.md","mother_offspring.md","0","E3B0C44298FC1C149AFBF4C8996FB92427AE41E4649B934CA495991B7852B855","01_BIOLOGY_AND_15_RESEARCH"
"species","species\hawk\physics.md","physics.md","0","E3B0C44298FC1C149AFBF4C8996FB92427AE41E4649B934CA495991B7852B855","01_BIOLOGY_AND_15_RESEARCH"
"species","species\hawk\predator_response.md","predator_response.md","0","E3B0C44298FC1C149AFBF4C8996FB92427AE41E4649B934CA495991B7852B855","01_BIOLOGY_AND_15_RESEARCH"
"species","species\hawk\references.md","references.md","0","E3B0C44298FC1C149AFBF4C8996FB92427AE41E4649B934CA495991B7852B855","01_BIOLOGY_AND_15_RESEARCH"
"species","species\hawk\resting.md","resting.md","0","E3B0C44298FC1C149AFBF4C8996FB92427AE41E4649B934CA495991B7852B855","01_BIOLOGY_AND_15_RESEARCH"
"species","species\hawk\social_behavior.md","social_behavior.md","0","E3B0C44298FC1C149AFBF4C8996FB92427AE41E4649B934CA495991B7852B855","01_BIOLOGY_AND_15_RESEARCH"
"species","species\hawk\sources.md","sources.md","0","E3B0C44298FC1C149AFBF4C8996FB92427AE41E4649B934CA495991B7852B855","01_BIOLOGY_AND_15_RESEARCH"
"species","species\hawk\species_profile.md","species_profile.md","0","E3B0C44298FC1C149AFBF4C8996FB92427AE41E4649B934CA495991B7852B855","01_BIOLOGY_AND_15_RESEARCH"
"species","species\hawk\vocalization.md","vocalization.md","0","E3B0C44298FC1C149AFBF4C8996FB92427AE41E4649B934CA495991B7852B855","01_BIOLOGY_AND_15_RESEARCH"
"species","species\horse\alertness.md","alertness.md","0","E3B0C44298FC1C149AFBF4C8996FB92427AE41E4649B934CA495991B7852B855","01_BIOLOGY_AND_15_RESEARCH"
"species","species\horse\anatomy.md","anatomy.md","0","E3B0C44298FC1C149AFBF4C8996FB92427AE41E4649B934CA495991B7852B855","01_BIOLOGY_AND_15_RESEARCH"
"species","species\horse\animation_rules.md","animation_rules.md","0","E3B0C44298FC1C149AFBF4C8996FB92427AE41E4649B934CA495991B7852B855","01_BIOLOGY_AND_15_RESEARCH"
"species","species\horse\appearance.md","appearance.md","0","E3B0C44298FC1C149AFBF4C8996FB92427AE41E4649B934CA495991B7852B855","01_BIOLOGY_AND_15_RESEARCH"
"species","species\horse\behavior_dna.md","behavior_dna.md","0","E3B0C44298FC1C149AFBF4C8996FB92427AE41E4649B934CA495991B7852B855","01_BIOLOGY_AND_15_RESEARCH"
"species","species\horse\environmental_response.md","environmental_response.md","0","E3B0C44298FC1C149AFBF4C8996FB92427AE41E4649B934CA495991B7852B855","01_BIOLOGY_AND_15_RESEARCH"
"species","species\horse\fear_response.md","fear_response.md","0","E3B0C44298FC1C149AFBF4C8996FB92427AE41E4649B934CA495991B7852B855","01_BIOLOGY_AND_15_RESEARCH"
"species","species\horse\feeding.md","feeding.md","0","E3B0C44298FC1C149AFBF4C8996FB92427AE41E4649B934CA495991B7852B855","01_BIOLOGY_AND_15_RESEARCH"
"species","species\horse\forbidden_behavior.md","forbidden_behavior.md","0","E3B0C44298FC1C149AFBF4C8996FB92427AE41E4649B934CA495991B7852B855","01_BIOLOGY_AND_15_RESEARCH"
"species","species\horse\grooming.md","grooming.md","0","E3B0C44298FC1C149AFBF4C8996FB92427AE41E4649B934CA495991B7852B855","01_BIOLOGY_AND_15_RESEARCH"
"species","species\horse\group_behavior.md","group_behavior.md","0","E3B0C44298FC1C149AFBF4C8996FB92427AE41E4649B934CA495991B7852B855","01_BIOLOGY_AND_15_RESEARCH"
"species","species\horse\human_interaction.md","human_interaction.md","0","E3B0C44298FC1C149AFBF4C8996FB92427AE41E4649B934CA495991B7852B855","01_BIOLOGY_AND_15_RESEARCH"
"species","species\horse\individual_variation.md","individual_variation.md","0","E3B0C44298FC1C149AFBF4C8996FB92427AE41E4649B934CA495991B7852B855","01_BIOLOGY_AND_15_RESEARCH"
"species","species\horse\locomotion.md","locomotion.md","0","E3B0C44298FC1C149AFBF4C8996FB92427AE41E4649B934CA495991B7852B855","01_BIOLOGY_AND_15_RESEARCH"
"species","species\horse\mother_offspring.md","mother_offspring.md","0","E3B0C44298FC1C149AFBF4C8996FB92427AE41E4649B934CA495991B7852B855","01_BIOLOGY_AND_15_RESEARCH"
"species","species\horse\physics.md","physics.md","0","E3B0C44298FC1C149AFBF4C8996FB92427AE41E4649B934CA495991B7852B855","01_BIOLOGY_AND_15_RESEARCH"
"species","species\horse\predator_response.md","predator_response.md","0","E3B0C44298FC1C149AFBF4C8996FB92427AE41E4649B934CA495991B7852B855","01_BIOLOGY_AND_15_RESEARCH"
"species","species\horse\references.md","references.md","0","E3B0C44298FC1C149AFBF4C8996FB92427AE41E4649B934CA495991B7852B855","01_BIOLOGY_AND_15_RESEARCH"
"species","species\horse\resting.md","resting.md","0","E3B0C44298FC1C149AFBF4C8996FB92427AE41E4649B934CA495991B7852B855","01_BIOLOGY_AND_15_RESEARCH"
"species","species\horse\social_behavior.md","social_behavior.md","0","E3B0C44298FC1C149AFBF4C8996FB92427AE41E4649B934CA495991B7852B855","01_BIOLOGY_AND_15_RESEARCH"
"species","species\horse\sources.md","sources.md","0","E3B0C44298FC1C149AFBF4C8996FB92427AE41E4649B934CA495991B7852B855","01_BIOLOGY_AND_15_RESEARCH"
"species","species\horse\species_profile.md","species_profile.md","0","E3B0C44298FC1C149AFBF4C8996FB92427AE41E4649B934CA495991B7852B855","01_BIOLOGY_AND_15_RESEARCH"
"species","species\horse\vocalization.md","vocalization.md","0","E3B0C44298FC1C149AFBF4C8996FB92427AE41E4649B934CA495991B7852B855","01_BIOLOGY_AND_15_RESEARCH"
"species","species\jackal\alertness.md","alertness.md","0","E3B0C44298FC1C149AFBF4C8996FB92427AE41E4649B934CA495991B7852B855","01_BIOLOGY_AND_15_RESEARCH"
"species","species\jackal\anatomy.md","anatomy.md","0","E3B0C44298FC1C149AFBF4C8996FB92427AE41E4649B934CA495991B7852B855","01_BIOLOGY_AND_15_RESEARCH"
"species","species\jackal\animation_rules.md","animation_rules.md","0","E3B0C44298FC1C149AFBF4C8996FB92427AE41E4649B934CA495991B7852B855","01_BIOLOGY_AND_15_RESEARCH"
"species","species\jackal\appearance.md","appearance.md","0","E3B0C44298FC1C149AFBF4C8996FB92427AE41E4649B934CA495991B7852B855","01_BIOLOGY_AND_15_RESEARCH"
"species","species\jackal\behavior_dna.md","behavior_dna.md","0","E3B0C44298FC1C149AFBF4C8996FB92427AE41E4649B934CA495991B7852B855","01_BIOLOGY_AND_15_RESEARCH"
"species","species\jackal\environmental_response.md","environmental_response.md","0","E3B0C44298FC1C149AFBF4C8996FB92427AE41E4649B934CA495991B7852B855","01_BIOLOGY_AND_15_RESEARCH"
"species","species\jackal\fear_response.md","fear_response.md","0","E3B0C44298FC1C149AFBF4C8996FB92427AE41E4649B934CA495991B7852B855","01_BIOLOGY_AND_15_RESEARCH"
"species","species\jackal\feeding.md","feeding.md","0","E3B0C44298FC1C149AFBF4C8996FB92427AE41E4649B934CA495991B7852B855","01_BIOLOGY_AND_15_RESEARCH"
"species","species\jackal\forbidden_behavior.md","forbidden_behavior.md","0","E3B0C44298FC1C149AFBF4C8996FB92427AE41E4649B934CA495991B7852B855","01_BIOLOGY_AND_15_RESEARCH"
"species","species\jackal\grooming.md","grooming.md","0","E3B0C44298FC1C149AFBF4C8996FB92427AE41E4649B934CA495991B7852B855","01_BIOLOGY_AND_15_RESEARCH"
"species","species\jackal\group_behavior.md","group_behavior.md","0","E3B0C44298FC1C149AFBF4C8996FB92427AE41E4649B934CA495991B7852B855","01_BIOLOGY_AND_15_RESEARCH"
"species","species\jackal\human_interaction.md","human_interaction.md","0","E3B0C44298FC1C149AFBF4C8996FB92427AE41E4649B934CA495991B7852B855","01_BIOLOGY_AND_15_RESEARCH"
"species","species\jackal\individual_variation.md","individual_variation.md","0","E3B0C44298FC1C149AFBF4C8996FB92427AE41E4649B934CA495991B7852B855","01_BIOLOGY_AND_15_RESEARCH"
"species","species\jackal\locomotion.md","locomotion.md","0","E3B0C44298FC1C149AFBF4C8996FB92427AE41E4649B934CA495991B7852B855","01_BIOLOGY_AND_15_RESEARCH"
"species","species\jackal\mother_offspring.md","mother_offspring.md","0","E3B0C44298FC1C149AFBF4C8996FB92427AE41E4649B934CA495991B7852B855","01_BIOLOGY_AND_15_RESEARCH"
"species","species\jackal\physics.md","physics.md","0","E3B0C44298FC1C149AFBF4C8996FB92427AE41E4649B934CA495991B7852B855","01_BIOLOGY_AND_15_RESEARCH"
"species","species\jackal\predator_response.md","predator_response.md","0","E3B0C44298FC1C149AFBF4C8996FB92427AE41E4649B934CA495991B7852B855","01_BIOLOGY_AND_15_RESEARCH"
"species","species\jackal\references.md","references.md","0","E3B0C44298FC1C149AFBF4C8996FB92427AE41E4649B934CA495991B7852B855","01_BIOLOGY_AND_15_RESEARCH"
"species","species\jackal\resting.md","resting.md","0","E3B0C44298FC1C149AFBF4C8996FB92427AE41E4649B934CA495991B7852B855","01_BIOLOGY_AND_15_RESEARCH"
"species","species\jackal\social_behavior.md","social_behavior.md","0","E3B0C44298FC1C149AFBF4C8996FB92427AE41E4649B934CA495991B7852B855","01_BIOLOGY_AND_15_RESEARCH"
"species","species\jackal\sources.md","sources.md","0","E3B0C44298FC1C149AFBF4C8996FB92427AE41E4649B934CA495991B7852B855","01_BIOLOGY_AND_15_RESEARCH"
"species","species\jackal\species_profile.md","species_profile.md","0","E3B0C44298FC1C149AFBF4C8996FB92427AE41E4649B934CA495991B7852B855","01_BIOLOGY_AND_15_RESEARCH"
"species","species\jackal\vocalization.md","vocalization.md","0","E3B0C44298FC1C149AFBF4C8996FB92427AE41E4649B934CA495991B7852B855","01_BIOLOGY_AND_15_RESEARCH"
"species","species\lion\alertness.md","alertness.md","0","E3B0C44298FC1C149AFBF4C8996FB92427AE41E4649B934CA495991B7852B855","01_BIOLOGY_AND_15_RESEARCH"
"species","species\lion\anatomy.md","anatomy.md","0","E3B0C44298FC1C149AFBF4C8996FB92427AE41E4649B934CA495991B7852B855","01_BIOLOGY_AND_15_RESEARCH"
"species","species\lion\animation_rules.md","animation_rules.md","0","E3B0C44298FC1C149AFBF4C8996FB92427AE41E4649B934CA495991B7852B855","01_BIOLOGY_AND_15_RESEARCH"
"species","species\lion\appearance.md","appearance.md","0","E3B0C44298FC1C149AFBF4C8996FB92427AE41E4649B934CA495991B7852B855","01_BIOLOGY_AND_15_RESEARCH"
"species","species\lion\behavior_dna.md","behavior_dna.md","0","E3B0C44298FC1C149AFBF4C8996FB92427AE41E4649B934CA495991B7852B855","01_BIOLOGY_AND_15_RESEARCH"
"species","species\lion\environmental_response.md","environmental_response.md","0","E3B0C44298FC1C149AFBF4C8996FB92427AE41E4649B934CA495991B7852B855","01_BIOLOGY_AND_15_RESEARCH"
"species","species\lion\fear_response.md","fear_response.md","0","E3B0C44298FC1C149AFBF4C8996FB92427AE41E4649B934CA495991B7852B855","01_BIOLOGY_AND_15_RESEARCH"
"species","species\lion\feeding.md","feeding.md","0","E3B0C44298FC1C149AFBF4C8996FB92427AE41E4649B934CA495991B7852B855","01_BIOLOGY_AND_15_RESEARCH"
"species","species\lion\forbidden_behavior.md","forbidden_behavior.md","0","E3B0C44298FC1C149AFBF4C8996FB92427AE41E4649B934CA495991B7852B855","01_BIOLOGY_AND_15_RESEARCH"
"species","species\lion\grooming.md","grooming.md","0","E3B0C44298FC1C149AFBF4C8996FB92427AE41E4649B934CA495991B7852B855","01_BIOLOGY_AND_15_RESEARCH"
"species","species\lion\group_behavior.md","group_behavior.md","0","E3B0C44298FC1C149AFBF4C8996FB92427AE41E4649B934CA495991B7852B855","01_BIOLOGY_AND_15_RESEARCH"
"species","species\lion\human_interaction.md","human_interaction.md","0","E3B0C44298FC1C149AFBF4C8996FB92427AE41E4649B934CA495991B7852B855","01_BIOLOGY_AND_15_RESEARCH"
"species","species\lion\individual_variation.md","individual_variation.md","0","E3B0C44298FC1C149AFBF4C8996FB92427AE41E4649B934CA495991B7852B855","01_BIOLOGY_AND_15_RESEARCH"
"species","species\lion\locomotion.md","locomotion.md","0","E3B0C44298FC1C149AFBF4C8996FB92427AE41E4649B934CA495991B7852B855","01_BIOLOGY_AND_15_RESEARCH"
"species","species\lion\mother_offspring.md","mother_offspring.md","0","E3B0C44298FC1C149AFBF4C8996FB92427AE41E4649B934CA495991B7852B855","01_BIOLOGY_AND_15_RESEARCH"
"species","species\lion\physics.md","physics.md","0","E3B0C44298FC1C149AFBF4C8996FB92427AE41E4649B934CA495991B7852B855","01_BIOLOGY_AND_15_RESEARCH"
"species","species\lion\predator_response.md","predator_response.md","0","E3B0C44298FC1C149AFBF4C8996FB92427AE41E4649B934CA495991B7852B855","01_BIOLOGY_AND_15_RESEARCH"
"species","species\lion\references.md","references.md","0","E3B0C44298FC1C149AFBF4C8996FB92427AE41E4649B934CA495991B7852B855","01_BIOLOGY_AND_15_RESEARCH"
"species","species\lion\resting.md","resting.md","0","E3B0C44298FC1C149AFBF4C8996FB92427AE41E4649B934CA495991B7852B855","01_BIOLOGY_AND_15_RESEARCH"
"species","species\lion\social_behavior.md","social_behavior.md","0","E3B0C44298FC1C149AFBF4C8996FB92427AE41E4649B934CA495991B7852B855","01_BIOLOGY_AND_15_RESEARCH"
"species","species\lion\sources.md","sources.md","0","E3B0C44298FC1C149AFBF4C8996FB92427AE41E4649B934CA495991B7852B855","01_BIOLOGY_AND_15_RESEARCH"
"species","species\lion\species_profile.md","species_profile.md","0","E3B0C44298FC1C149AFBF4C8996FB92427AE41E4649B934CA495991B7852B855","01_BIOLOGY_AND_15_RESEARCH"
"species","species\lion\vocalization.md","vocalization.md","0","E3B0C44298FC1C149AFBF4C8996FB92427AE41E4649B934CA495991B7852B855","01_BIOLOGY_AND_15_RESEARCH"
"species","species\monkey\alertness.md","alertness.md","0","E3B0C44298FC1C149AFBF4C8996FB92427AE41E4649B934CA495991B7852B855","01_BIOLOGY_AND_15_RESEARCH"
"species","species\monkey\anatomy.md","anatomy.md","0","E3B0C44298FC1C149AFBF4C8996FB92427AE41E4649B934CA495991B7852B855","01_BIOLOGY_AND_15_RESEARCH"
"species","species\monkey\animation_rules.md","animation_rules.md","0","E3B0C44298FC1C149AFBF4C8996FB92427AE41E4649B934CA495991B7852B855","01_BIOLOGY_AND_15_RESEARCH"
"species","species\monkey\appearance.md","appearance.md","0","E3B0C44298FC1C149AFBF4C8996FB92427AE41E4649B934CA495991B7852B855","01_BIOLOGY_AND_15_RESEARCH"
"species","species\monkey\behavior_dna.md","behavior_dna.md","0","E3B0C44298FC1C149AFBF4C8996FB92427AE41E4649B934CA495991B7852B855","01_BIOLOGY_AND_15_RESEARCH"
"species","species\monkey\environmental_response.md","environmental_response.md","0","E3B0C44298FC1C149AFBF4C8996FB92427AE41E4649B934CA495991B7852B855","01_BIOLOGY_AND_15_RESEARCH"
"species","species\monkey\fear_response.md","fear_response.md","0","E3B0C44298FC1C149AFBF4C8996FB92427AE41E4649B934CA495991B7852B855","01_BIOLOGY_AND_15_RESEARCH"
"species","species\monkey\feeding.md","feeding.md","0","E3B0C44298FC1C149AFBF4C8996FB92427AE41E4649B934CA495991B7852B855","01_BIOLOGY_AND_15_RESEARCH"
"species","species\monkey\forbidden_behavior.md","forbidden_behavior.md","0","E3B0C44298FC1C149AFBF4C8996FB92427AE41E4649B934CA495991B7852B855","01_BIOLOGY_AND_15_RESEARCH"
"species","species\monkey\grooming.md","grooming.md","0","E3B0C44298FC1C149AFBF4C8996FB92427AE41E4649B934CA495991B7852B855","01_BIOLOGY_AND_15_RESEARCH"
"species","species\monkey\group_behavior.md","group_behavior.md","0","E3B0C44298FC1C149AFBF4C8996FB92427AE41E4649B934CA495991B7852B855","01_BIOLOGY_AND_15_RESEARCH"
"species","species\monkey\human_interaction.md","human_interaction.md","0","E3B0C44298FC1C149AFBF4C8996FB92427AE41E4649B934CA495991B7852B855","01_BIOLOGY_AND_15_RESEARCH"
"species","species\monkey\individual_variation.md","individual_variation.md","0","E3B0C44298FC1C149AFBF4C8996FB92427AE41E4649B934CA495991B7852B855","01_BIOLOGY_AND_15_RESEARCH"
"species","species\monkey\locomotion.md","locomotion.md","0","E3B0C44298FC1C149AFBF4C8996FB92427AE41E4649B934CA495991B7852B855","01_BIOLOGY_AND_15_RESEARCH"
"species","species\monkey\mother_offspring.md","mother_offspring.md","0","E3B0C44298FC1C149AFBF4C8996FB92427AE41E4649B934CA495991B7852B855","01_BIOLOGY_AND_15_RESEARCH"
"species","species\monkey\physics.md","physics.md","0","E3B0C44298FC1C149AFBF4C8996FB92427AE41E4649B934CA495991B7852B855","01_BIOLOGY_AND_15_RESEARCH"
"species","species\monkey\predator_response.md","predator_response.md","0","E3B0C44298FC1C149AFBF4C8996FB92427AE41E4649B934CA495991B7852B855","01_BIOLOGY_AND_15_RESEARCH"
"species","species\monkey\references.md","references.md","0","E3B0C44298FC1C149AFBF4C8996FB92427AE41E4649B934CA495991B7852B855","01_BIOLOGY_AND_15_RESEARCH"
"species","species\monkey\resting.md","resting.md","0","E3B0C44298FC1C149AFBF4C8996FB92427AE41E4649B934CA495991B7852B855","01_BIOLOGY_AND_15_RESEARCH"
"species","species\monkey\social_behavior.md","social_behavior.md","0","E3B0C44298FC1C149AFBF4C8996FB92427AE41E4649B934CA495991B7852B855","01_BIOLOGY_AND_15_RESEARCH"
"species","species\monkey\sources.md","sources.md","0","E3B0C44298FC1C149AFBF4C8996FB92427AE41E4649B934CA495991B7852B855","01_BIOLOGY_AND_15_RESEARCH"
"species","species\monkey\species_profile.md","species_profile.md","0","E3B0C44298FC1C149AFBF4C8996FB92427AE41E4649B934CA495991B7852B855","01_BIOLOGY_AND_15_RESEARCH"
"species","species\monkey\vocalization.md","vocalization.md","0","E3B0C44298FC1C149AFBF4C8996FB92427AE41E4649B934CA495991B7852B855","01_BIOLOGY_AND_15_RESEARCH"
"species","species\owl\alertness.md","alertness.md","0","E3B0C44298FC1C149AFBF4C8996FB92427AE41E4649B934CA495991B7852B855","01_BIOLOGY_AND_15_RESEARCH"
"species","species\owl\anatomy.md","anatomy.md","0","E3B0C44298FC1C149AFBF4C8996FB92427AE41E4649B934CA495991B7852B855","01_BIOLOGY_AND_15_RESEARCH"
"species","species\owl\animation_rules.md","animation_rules.md","0","E3B0C44298FC1C149AFBF4C8996FB92427AE41E4649B934CA495991B7852B855","01_BIOLOGY_AND_15_RESEARCH"
"species","species\owl\appearance.md","appearance.md","0","E3B0C44298FC1C149AFBF4C8996FB92427AE41E4649B934CA495991B7852B855","01_BIOLOGY_AND_15_RESEARCH"
"species","species\owl\behavior_dna.md","behavior_dna.md","0","E3B0C44298FC1C149AFBF4C8996FB92427AE41E4649B934CA495991B7852B855","01_BIOLOGY_AND_15_RESEARCH"
"species","species\owl\environmental_response.md","environmental_response.md","0","E3B0C44298FC1C149AFBF4C8996FB92427AE41E4649B934CA495991B7852B855","01_BIOLOGY_AND_15_RESEARCH"
"species","species\owl\fear_response.md","fear_response.md","0","E3B0C44298FC1C149AFBF4C8996FB92427AE41E4649B934CA495991B7852B855","01_BIOLOGY_AND_15_RESEARCH"
"species","species\owl\feeding.md","feeding.md","0","E3B0C44298FC1C149AFBF4C8996FB92427AE41E4649B934CA495991B7852B855","01_BIOLOGY_AND_15_RESEARCH"
"species","species\owl\forbidden_behavior.md","forbidden_behavior.md","0","E3B0C44298FC1C149AFBF4C8996FB92427AE41E4649B934CA495991B7852B855","01_BIOLOGY_AND_15_RESEARCH"
"species","species\owl\grooming.md","grooming.md","0","E3B0C44298FC1C149AFBF4C8996FB92427AE41E4649B934CA495991B7852B855","01_BIOLOGY_AND_15_RESEARCH"
"species","species\owl\group_behavior.md","group_behavior.md","0","E3B0C44298FC1C149AFBF4C8996FB92427AE41E4649B934CA495991B7852B855","01_BIOLOGY_AND_15_RESEARCH"
"species","species\owl\human_interaction.md","human_interaction.md","0","E3B0C44298FC1C149AFBF4C8996FB92427AE41E4649B934CA495991B7852B855","01_BIOLOGY_AND_15_RESEARCH"
"species","species\owl\individual_variation.md","individual_variation.md","0","E3B0C44298FC1C149AFBF4C8996FB92427AE41E4649B934CA495991B7852B855","01_BIOLOGY_AND_15_RESEARCH"
"species","species\owl\locomotion.md","locomotion.md","0","E3B0C44298FC1C149AFBF4C8996FB92427AE41E4649B934CA495991B7852B855","01_BIOLOGY_AND_15_RESEARCH"
"species","species\owl\mother_offspring.md","mother_offspring.md","0","E3B0C44298FC1C149AFBF4C8996FB92427AE41E4649B934CA495991B7852B855","01_BIOLOGY_AND_15_RESEARCH"
"species","species\owl\physics.md","physics.md","0","E3B0C44298FC1C149AFBF4C8996FB92427AE41E4649B934CA495991B7852B855","01_BIOLOGY_AND_15_RESEARCH"
"species","species\owl\predator_response.md","predator_response.md","0","E3B0C44298FC1C149AFBF4C8996FB92427AE41E4649B934CA495991B7852B855","01_BIOLOGY_AND_15_RESEARCH"
"species","species\owl\references.md","references.md","0","E3B0C44298FC1C149AFBF4C8996FB92427AE41E4649B934CA495991B7852B855","01_BIOLOGY_AND_15_RESEARCH"
"species","species\owl\resting.md","resting.md","0","E3B0C44298FC1C149AFBF4C8996FB92427AE41E4649B934CA495991B7852B855","01_BIOLOGY_AND_15_RESEARCH"
"species","species\owl\social_behavior.md","social_behavior.md","0","E3B0C44298FC1C149AFBF4C8996FB92427AE41E4649B934CA495991B7852B855","01_BIOLOGY_AND_15_RESEARCH"
"species","species\owl\sources.md","sources.md","0","E3B0C44298FC1C149AFBF4C8996FB92427AE41E4649B934CA495991B7852B855","01_BIOLOGY_AND_15_RESEARCH"
"species","species\owl\species_profile.md","species_profile.md","0","E3B0C44298FC1C149AFBF4C8996FB92427AE41E4649B934CA495991B7852B855","01_BIOLOGY_AND_15_RESEARCH"
"species","species\owl\vocalization.md","vocalization.md","0","E3B0C44298FC1C149AFBF4C8996FB92427AE41E4649B934CA495991B7852B855","01_BIOLOGY_AND_15_RESEARCH"
"species","species\parrot\alertness.md","alertness.md","0","E3B0C44298FC1C149AFBF4C8996FB92427AE41E4649B934CA495991B7852B855","01_BIOLOGY_AND_15_RESEARCH"
"species","species\parrot\anatomy.md","anatomy.md","0","E3B0C44298FC1C149AFBF4C8996FB92427AE41E4649B934CA495991B7852B855","01_BIOLOGY_AND_15_RESEARCH"
"species","species\parrot\animation_rules.md","animation_rules.md","0","E3B0C44298FC1C149AFBF4C8996FB92427AE41E4649B934CA495991B7852B855","01_BIOLOGY_AND_15_RESEARCH"
"species","species\parrot\appearance.md","appearance.md","0","E3B0C44298FC1C149AFBF4C8996FB92427AE41E4649B934CA495991B7852B855","01_BIOLOGY_AND_15_RESEARCH"
"species","species\parrot\behavior_dna.md","behavior_dna.md","0","E3B0C44298FC1C149AFBF4C8996FB92427AE41E4649B934CA495991B7852B855","01_BIOLOGY_AND_15_RESEARCH"
"species","species\parrot\environmental_response.md","environmental_response.md","0","E3B0C44298FC1C149AFBF4C8996FB92427AE41E4649B934CA495991B7852B855","01_BIOLOGY_AND_15_RESEARCH"
"species","species\parrot\fear_response.md","fear_response.md","0","E3B0C44298FC1C149AFBF4C8996FB92427AE41E4649B934CA495991B7852B855","01_BIOLOGY_AND_15_RESEARCH"
"species","species\parrot\feeding.md","feeding.md","0","E3B0C44298FC1C149AFBF4C8996FB92427AE41E4649B934CA495991B7852B855","01_BIOLOGY_AND_15_RESEARCH"
"species","species\parrot\forbidden_behavior.md","forbidden_behavior.md","0","E3B0C44298FC1C149AFBF4C8996FB92427AE41E4649B934CA495991B7852B855","01_BIOLOGY_AND_15_RESEARCH"
"species","species\parrot\grooming.md","grooming.md","0","E3B0C44298FC1C149AFBF4C8996FB92427AE41E4649B934CA495991B7852B855","01_BIOLOGY_AND_15_RESEARCH"
"species","species\parrot\group_behavior.md","group_behavior.md","0","E3B0C44298FC1C149AFBF4C8996FB92427AE41E4649B934CA495991B7852B855","01_BIOLOGY_AND_15_RESEARCH"
"species","species\parrot\human_interaction.md","human_interaction.md","0","E3B0C44298FC1C149AFBF4C8996FB92427AE41E4649B934CA495991B7852B855","01_BIOLOGY_AND_15_RESEARCH"
"species","species\parrot\individual_variation.md","individual_variation.md","0","E3B0C44298FC1C149AFBF4C8996FB92427AE41E4649B934CA495991B7852B855","01_BIOLOGY_AND_15_RESEARCH"
"species","species\parrot\locomotion.md","locomotion.md","0","E3B0C44298FC1C149AFBF4C8996FB92427AE41E4649B934CA495991B7852B855","01_BIOLOGY_AND_15_RESEARCH"
"species","species\parrot\mother_offspring.md","mother_offspring.md","0","E3B0C44298FC1C149AFBF4C8996FB92427AE41E4649B934CA495991B7852B855","01_BIOLOGY_AND_15_RESEARCH"
"species","species\parrot\physics.md","physics.md","0","E3B0C44298FC1C149AFBF4C8996FB92427AE41E4649B934CA495991B7852B855","01_BIOLOGY_AND_15_RESEARCH"
"species","species\parrot\predator_response.md","predator_response.md","0","E3B0C44298FC1C149AFBF4C8996FB92427AE41E4649B934CA495991B7852B855","01_BIOLOGY_AND_15_RESEARCH"
"species","species\parrot\references.md","references.md","0","E3B0C44298FC1C149AFBF4C8996FB92427AE41E4649B934CA495991B7852B855","01_BIOLOGY_AND_15_RESEARCH"
"species","species\parrot\resting.md","resting.md","0","E3B0C44298FC1C149AFBF4C8996FB92427AE41E4649B934CA495991B7852B855","01_BIOLOGY_AND_15_RESEARCH"
"species","species\parrot\social_behavior.md","social_behavior.md","0","E3B0C44298FC1C149AFBF4C8996FB92427AE41E4649B934CA495991B7852B855","01_BIOLOGY_AND_15_RESEARCH"
"species","species\parrot\sources.md","sources.md","0","E3B0C44298FC1C149AFBF4C8996FB92427AE41E4649B934CA495991B7852B855","01_BIOLOGY_AND_15_RESEARCH"
"species","species\parrot\species_profile.md","species_profile.md","0","E3B0C44298FC1C149AFBF4C8996FB92427AE41E4649B934CA495991B7852B855","01_BIOLOGY_AND_15_RESEARCH"
"species","species\parrot\vocalization.md","vocalization.md","0","E3B0C44298FC1C149AFBF4C8996FB92427AE41E4649B934CA495991B7852B855","01_BIOLOGY_AND_15_RESEARCH"
"species","species\peacock\alertness.md","alertness.md","0","E3B0C44298FC1C149AFBF4C8996FB92427AE41E4649B934CA495991B7852B855","01_BIOLOGY_AND_15_RESEARCH"
"species","species\peacock\anatomy.md","anatomy.md","0","E3B0C44298FC1C149AFBF4C8996FB92427AE41E4649B934CA495991B7852B855","01_BIOLOGY_AND_15_RESEARCH"
"species","species\peacock\animation_rules.md","animation_rules.md","0","E3B0C44298FC1C149AFBF4C8996FB92427AE41E4649B934CA495991B7852B855","01_BIOLOGY_AND_15_RESEARCH"
"species","species\peacock\appearance.md","appearance.md","0","E3B0C44298FC1C149AFBF4C8996FB92427AE41E4649B934CA495991B7852B855","01_BIOLOGY_AND_15_RESEARCH"
"species","species\peacock\behavior_dna.md","behavior_dna.md","0","E3B0C44298FC1C149AFBF4C8996FB92427AE41E4649B934CA495991B7852B855","01_BIOLOGY_AND_15_RESEARCH"
"species","species\peacock\environmental_response.md","environmental_response.md","0","E3B0C44298FC1C149AFBF4C8996FB92427AE41E4649B934CA495991B7852B855","01_BIOLOGY_AND_15_RESEARCH"
"species","species\peacock\fear_response.md","fear_response.md","0","E3B0C44298FC1C149AFBF4C8996FB92427AE41E4649B934CA495991B7852B855","01_BIOLOGY_AND_15_RESEARCH"
"species","species\peacock\feeding.md","feeding.md","0","E3B0C44298FC1C149AFBF4C8996FB92427AE41E4649B934CA495991B7852B855","01_BIOLOGY_AND_15_RESEARCH"
"species","species\peacock\forbidden_behavior.md","forbidden_behavior.md","0","E3B0C44298FC1C149AFBF4C8996FB92427AE41E4649B934CA495991B7852B855","01_BIOLOGY_AND_15_RESEARCH"
"species","species\peacock\grooming.md","grooming.md","0","E3B0C44298FC1C149AFBF4C8996FB92427AE41E4649B934CA495991B7852B855","01_BIOLOGY_AND_15_RESEARCH"
"species","species\peacock\group_behavior.md","group_behavior.md","0","E3B0C44298FC1C149AFBF4C8996FB92427AE41E4649B934CA495991B7852B855","01_BIOLOGY_AND_15_RESEARCH"
"species","species\peacock\human_interaction.md","human_interaction.md","0","E3B0C44298FC1C149AFBF4C8996FB92427AE41E4649B934CA495991B7852B855","01_BIOLOGY_AND_15_RESEARCH"
"species","species\peacock\individual_variation.md","individual_variation.md","0","E3B0C44298FC1C149AFBF4C8996FB92427AE41E4649B934CA495991B7852B855","01_BIOLOGY_AND_15_RESEARCH"
"species","species\peacock\locomotion.md","locomotion.md","0","E3B0C44298FC1C149AFBF4C8996FB92427AE41E4649B934CA495991B7852B855","01_BIOLOGY_AND_15_RESEARCH"
"species","species\peacock\mother_offspring.md","mother_offspring.md","0","E3B0C44298FC1C149AFBF4C8996FB92427AE41E4649B934CA495991B7852B855","01_BIOLOGY_AND_15_RESEARCH"
"species","species\peacock\physics.md","physics.md","0","E3B0C44298FC1C149AFBF4C8996FB92427AE41E4649B934CA495991B7852B855","01_BIOLOGY_AND_15_RESEARCH"
"species","species\peacock\predator_response.md","predator_response.md","0","E3B0C44298FC1C149AFBF4C8996FB92427AE41E4649B934CA495991B7852B855","01_BIOLOGY_AND_15_RESEARCH"
"species","species\peacock\references.md","references.md","0","E3B0C44298FC1C149AFBF4C8996FB92427AE41E4649B934CA495991B7852B855","01_BIOLOGY_AND_15_RESEARCH"
"species","species\peacock\resting.md","resting.md","0","E3B0C44298FC1C149AFBF4C8996FB92427AE41E4649B934CA495991B7852B855","01_BIOLOGY_AND_15_RESEARCH"
"species","species\peacock\social_behavior.md","social_behavior.md","0","E3B0C44298FC1C149AFBF4C8996FB92427AE41E4649B934CA495991B7852B855","01_BIOLOGY_AND_15_RESEARCH"
"species","species\peacock\sources.md","sources.md","0","E3B0C44298FC1C149AFBF4C8996FB92427AE41E4649B934CA495991B7852B855","01_BIOLOGY_AND_15_RESEARCH"
"species","species\peacock\species_profile.md","species_profile.md","0","E3B0C44298FC1C149AFBF4C8996FB92427AE41E4649B934CA495991B7852B855","01_BIOLOGY_AND_15_RESEARCH"
"species","species\peacock\vocalization.md","vocalization.md","0","E3B0C44298FC1C149AFBF4C8996FB92427AE41E4649B934CA495991B7852B855","01_BIOLOGY_AND_15_RESEARCH"
"species","species\pigeon\alertness.md","alertness.md","0","E3B0C44298FC1C149AFBF4C8996FB92427AE41E4649B934CA495991B7852B855","01_BIOLOGY_AND_15_RESEARCH"
"species","species\pigeon\anatomy.md","anatomy.md","0","E3B0C44298FC1C149AFBF4C8996FB92427AE41E4649B934CA495991B7852B855","01_BIOLOGY_AND_15_RESEARCH"
"species","species\pigeon\animation_rules.md","animation_rules.md","0","E3B0C44298FC1C149AFBF4C8996FB92427AE41E4649B934CA495991B7852B855","01_BIOLOGY_AND_15_RESEARCH"
"species","species\pigeon\appearance.md","appearance.md","0","E3B0C44298FC1C149AFBF4C8996FB92427AE41E4649B934CA495991B7852B855","01_BIOLOGY_AND_15_RESEARCH"
"species","species\pigeon\behavior_dna.md","behavior_dna.md","0","E3B0C44298FC1C149AFBF4C8996FB92427AE41E4649B934CA495991B7852B855","01_BIOLOGY_AND_15_RESEARCH"
"species","species\pigeon\environmental_response.md","environmental_response.md","0","E3B0C44298FC1C149AFBF4C8996FB92427AE41E4649B934CA495991B7852B855","01_BIOLOGY_AND_15_RESEARCH"
"species","species\pigeon\fear_response.md","fear_response.md","0","E3B0C44298FC1C149AFBF4C8996FB92427AE41E4649B934CA495991B7852B855","01_BIOLOGY_AND_15_RESEARCH"
"species","species\pigeon\feeding.md","feeding.md","0","E3B0C44298FC1C149AFBF4C8996FB92427AE41E4649B934CA495991B7852B855","01_BIOLOGY_AND_15_RESEARCH"
"species","species\pigeon\forbidden_behavior.md","forbidden_behavior.md","0","E3B0C44298FC1C149AFBF4C8996FB92427AE41E4649B934CA495991B7852B855","01_BIOLOGY_AND_15_RESEARCH"
"species","species\pigeon\grooming.md","grooming.md","0","E3B0C44298FC1C149AFBF4C8996FB92427AE41E4649B934CA495991B7852B855","01_BIOLOGY_AND_15_RESEARCH"
"species","species\pigeon\group_behavior.md","group_behavior.md","0","E3B0C44298FC1C149AFBF4C8996FB92427AE41E4649B934CA495991B7852B855","01_BIOLOGY_AND_15_RESEARCH"
"species","species\pigeon\human_interaction.md","human_interaction.md","0","E3B0C44298FC1C149AFBF4C8996FB92427AE41E4649B934CA495991B7852B855","01_BIOLOGY_AND_15_RESEARCH"
"species","species\pigeon\individual_variation.md","individual_variation.md","0","E3B0C44298FC1C149AFBF4C8996FB92427AE41E4649B934CA495991B7852B855","01_BIOLOGY_AND_15_RESEARCH"
"species","species\pigeon\locomotion.md","locomotion.md","0","E3B0C44298FC1C149AFBF4C8996FB92427AE41E4649B934CA495991B7852B855","01_BIOLOGY_AND_15_RESEARCH"
"species","species\pigeon\mother_offspring.md","mother_offspring.md","0","E3B0C44298FC1C149AFBF4C8996FB92427AE41E4649B934CA495991B7852B855","01_BIOLOGY_AND_15_RESEARCH"
"species","species\pigeon\physics.md","physics.md","0","E3B0C44298FC1C149AFBF4C8996FB92427AE41E4649B934CA495991B7852B855","01_BIOLOGY_AND_15_RESEARCH"
"species","species\pigeon\predator_response.md","predator_response.md","0","E3B0C44298FC1C149AFBF4C8996FB92427AE41E4649B934CA495991B7852B855","01_BIOLOGY_AND_15_RESEARCH"
"species","species\pigeon\references.md","references.md","0","E3B0C44298FC1C149AFBF4C8996FB92427AE41E4649B934CA495991B7852B855","01_BIOLOGY_AND_15_RESEARCH"
"species","species\pigeon\resting.md","resting.md","0","E3B0C44298FC1C149AFBF4C8996FB92427AE41E4649B934CA495991B7852B855","01_BIOLOGY_AND_15_RESEARCH"
"species","species\pigeon\social_behavior.md","social_behavior.md","0","E3B0C44298FC1C149AFBF4C8996FB92427AE41E4649B934CA495991B7852B855","01_BIOLOGY_AND_15_RESEARCH"
"species","species\pigeon\sources.md","sources.md","0","E3B0C44298FC1C149AFBF4C8996FB92427AE41E4649B934CA495991B7852B855","01_BIOLOGY_AND_15_RESEARCH"
"species","species\pigeon\species_profile.md","species_profile.md","0","E3B0C44298FC1C149AFBF4C8996FB92427AE41E4649B934CA495991B7852B855","01_BIOLOGY_AND_15_RESEARCH"
"species","species\pigeon\vocalization.md","vocalization.md","0","E3B0C44298FC1C149AFBF4C8996FB92427AE41E4649B934CA495991B7852B855","01_BIOLOGY_AND_15_RESEARCH"
"species","species\rabbit\alertness.md","alertness.md","0","E3B0C44298FC1C149AFBF4C8996FB92427AE41E4649B934CA495991B7852B855","01_BIOLOGY_AND_15_RESEARCH"
"species","species\rabbit\anatomy.md","anatomy.md","0","E3B0C44298FC1C149AFBF4C8996FB92427AE41E4649B934CA495991B7852B855","01_BIOLOGY_AND_15_RESEARCH"
"species","species\rabbit\animation_rules.md","animation_rules.md","0","E3B0C44298FC1C149AFBF4C8996FB92427AE41E4649B934CA495991B7852B855","01_BIOLOGY_AND_15_RESEARCH"
"species","species\rabbit\appearance.md","appearance.md","0","E3B0C44298FC1C149AFBF4C8996FB92427AE41E4649B934CA495991B7852B855","01_BIOLOGY_AND_15_RESEARCH"
"species","species\rabbit\behavior_dna.md","behavior_dna.md","0","E3B0C44298FC1C149AFBF4C8996FB92427AE41E4649B934CA495991B7852B855","01_BIOLOGY_AND_15_RESEARCH"
"species","species\rabbit\environmental_response.md","environmental_response.md","0","E3B0C44298FC1C149AFBF4C8996FB92427AE41E4649B934CA495991B7852B855","01_BIOLOGY_AND_15_RESEARCH"
"species","species\rabbit\fear_response.md","fear_response.md","0","E3B0C44298FC1C149AFBF4C8996FB92427AE41E4649B934CA495991B7852B855","01_BIOLOGY_AND_15_RESEARCH"
"species","species\rabbit\feeding.md","feeding.md","0","E3B0C44298FC1C149AFBF4C8996FB92427AE41E4649B934CA495991B7852B855","01_BIOLOGY_AND_15_RESEARCH"
"species","species\rabbit\forbidden_behavior.md","forbidden_behavior.md","0","E3B0C44298FC1C149AFBF4C8996FB92427AE41E4649B934CA495991B7852B855","01_BIOLOGY_AND_15_RESEARCH"
"species","species\rabbit\grooming.md","grooming.md","0","E3B0C44298FC1C149AFBF4C8996FB92427AE41E4649B934CA495991B7852B855","01_BIOLOGY_AND_15_RESEARCH"
"species","species\rabbit\group_behavior.md","group_behavior.md","0","E3B0C44298FC1C149AFBF4C8996FB92427AE41E4649B934CA495991B7852B855","01_BIOLOGY_AND_15_RESEARCH"
"species","species\rabbit\human_interaction.md","human_interaction.md","0","E3B0C44298FC1C149AFBF4C8996FB92427AE41E4649B934CA495991B7852B855","01_BIOLOGY_AND_15_RESEARCH"
"species","species\rabbit\individual_variation.md","individual_variation.md","0","E3B0C44298FC1C149AFBF4C8996FB92427AE41E4649B934CA495991B7852B855","01_BIOLOGY_AND_15_RESEARCH"
"species","species\rabbit\locomotion.md","locomotion.md","0","E3B0C44298FC1C149AFBF4C8996FB92427AE41E4649B934CA495991B7852B855","01_BIOLOGY_AND_15_RESEARCH"
"species","species\rabbit\mother_offspring.md","mother_offspring.md","0","E3B0C44298FC1C149AFBF4C8996FB92427AE41E4649B934CA495991B7852B855","01_BIOLOGY_AND_15_RESEARCH"
"species","species\rabbit\physics.md","physics.md","0","E3B0C44298FC1C149AFBF4C8996FB92427AE41E4649B934CA495991B7852B855","01_BIOLOGY_AND_15_RESEARCH"
"species","species\rabbit\predator_response.md","predator_response.md","0","E3B0C44298FC1C149AFBF4C8996FB92427AE41E4649B934CA495991B7852B855","01_BIOLOGY_AND_15_RESEARCH"
"species","species\rabbit\references.md","references.md","0","E3B0C44298FC1C149AFBF4C8996FB92427AE41E4649B934CA495991B7852B855","01_BIOLOGY_AND_15_RESEARCH"
"species","species\rabbit\resting.md","resting.md","0","E3B0C44298FC1C149AFBF4C8996FB92427AE41E4649B934CA495991B7852B855","01_BIOLOGY_AND_15_RESEARCH"
"species","species\rabbit\social_behavior.md","social_behavior.md","0","E3B0C44298FC1C149AFBF4C8996FB92427AE41E4649B934CA495991B7852B855","01_BIOLOGY_AND_15_RESEARCH"
"species","species\rabbit\sources.md","sources.md","0","E3B0C44298FC1C149AFBF4C8996FB92427AE41E4649B934CA495991B7852B855","01_BIOLOGY_AND_15_RESEARCH"
"species","species\rabbit\species_profile.md","species_profile.md","0","E3B0C44298FC1C149AFBF4C8996FB92427AE41E4649B934CA495991B7852B855","01_BIOLOGY_AND_15_RESEARCH"
"species","species\rabbit\vocalization.md","vocalization.md","0","E3B0C44298FC1C149AFBF4C8996FB92427AE41E4649B934CA495991B7852B855","01_BIOLOGY_AND_15_RESEARCH"
"species","species\sheep\alertness.md","alertness.md","0","E3B0C44298FC1C149AFBF4C8996FB92427AE41E4649B934CA495991B7852B855","01_BIOLOGY_AND_15_RESEARCH"
"species","species\sheep\anatomy.md","anatomy.md","0","E3B0C44298FC1C149AFBF4C8996FB92427AE41E4649B934CA495991B7852B855","01_BIOLOGY_AND_15_RESEARCH"
"species","species\sheep\animation_rules.md","animation_rules.md","0","E3B0C44298FC1C149AFBF4C8996FB92427AE41E4649B934CA495991B7852B855","01_BIOLOGY_AND_15_RESEARCH"
"species","species\sheep\appearance.md","appearance.md","0","E3B0C44298FC1C149AFBF4C8996FB92427AE41E4649B934CA495991B7852B855","01_BIOLOGY_AND_15_RESEARCH"
"species","species\sheep\behavior_dna.md","behavior_dna.md","0","E3B0C44298FC1C149AFBF4C8996FB92427AE41E4649B934CA495991B7852B855","01_BIOLOGY_AND_15_RESEARCH"
"species","species\sheep\environmental_response.md","environmental_response.md","0","E3B0C44298FC1C149AFBF4C8996FB92427AE41E4649B934CA495991B7852B855","01_BIOLOGY_AND_15_RESEARCH"
"species","species\sheep\fear_response.md","fear_response.md","0","E3B0C44298FC1C149AFBF4C8996FB92427AE41E4649B934CA495991B7852B855","01_BIOLOGY_AND_15_RESEARCH"
"species","species\sheep\feeding.md","feeding.md","0","E3B0C44298FC1C149AFBF4C8996FB92427AE41E4649B934CA495991B7852B855","01_BIOLOGY_AND_15_RESEARCH"
"species","species\sheep\forbidden_behavior.md","forbidden_behavior.md","0","E3B0C44298FC1C149AFBF4C8996FB92427AE41E4649B934CA495991B7852B855","01_BIOLOGY_AND_15_RESEARCH"
"species","species\sheep\grooming.md","grooming.md","0","E3B0C44298FC1C149AFBF4C8996FB92427AE41E4649B934CA495991B7852B855","01_BIOLOGY_AND_15_RESEARCH"
"species","species\sheep\group_behavior.md","group_behavior.md","0","E3B0C44298FC1C149AFBF4C8996FB92427AE41E4649B934CA495991B7852B855","01_BIOLOGY_AND_15_RESEARCH"
"species","species\sheep\human_interaction.md","human_interaction.md","0","E3B0C44298FC1C149AFBF4C8996FB92427AE41E4649B934CA495991B7852B855","01_BIOLOGY_AND_15_RESEARCH"
"species","species\sheep\individual_variation.md","individual_variation.md","0","E3B0C44298FC1C149AFBF4C8996FB92427AE41E4649B934CA495991B7852B855","01_BIOLOGY_AND_15_RESEARCH"
"species","species\sheep\locomotion.md","locomotion.md","0","E3B0C44298FC1C149AFBF4C8996FB92427AE41E4649B934CA495991B7852B855","01_BIOLOGY_AND_15_RESEARCH"
"species","species\sheep\mother_offspring.md","mother_offspring.md","0","E3B0C44298FC1C149AFBF4C8996FB92427AE41E4649B934CA495991B7852B855","01_BIOLOGY_AND_15_RESEARCH"
"species","species\sheep\physics.md","physics.md","0","E3B0C44298FC1C149AFBF4C8996FB92427AE41E4649B934CA495991B7852B855","01_BIOLOGY_AND_15_RESEARCH"
"species","species\sheep\predator_response.md","predator_response.md","0","E3B0C44298FC1C149AFBF4C8996FB92427AE41E4649B934CA495991B7852B855","01_BIOLOGY_AND_15_RESEARCH"
"species","species\sheep\references.md","references.md","0","E3B0C44298FC1C149AFBF4C8996FB92427AE41E4649B934CA495991B7852B855","01_BIOLOGY_AND_15_RESEARCH"
"species","species\sheep\resting.md","resting.md","0","E3B0C44298FC1C149AFBF4C8996FB92427AE41E4649B934CA495991B7852B855","01_BIOLOGY_AND_15_RESEARCH"
"species","species\sheep\social_behavior.md","social_behavior.md","0","E3B0C44298FC1C149AFBF4C8996FB92427AE41E4649B934CA495991B7852B855","01_BIOLOGY_AND_15_RESEARCH"
"species","species\sheep\sources.md","sources.md","0","E3B0C44298FC1C149AFBF4C8996FB92427AE41E4649B934CA495991B7852B855","01_BIOLOGY_AND_15_RESEARCH"
"species","species\sheep\species_profile.md","species_profile.md","0","E3B0C44298FC1C149AFBF4C8996FB92427AE41E4649B934CA495991B7852B855","01_BIOLOGY_AND_15_RESEARCH"
"species","species\sheep\vocalization.md","vocalization.md","0","E3B0C44298FC1C149AFBF4C8996FB92427AE41E4649B934CA495991B7852B855","01_BIOLOGY_AND_15_RESEARCH"
"species","species\snake\alertness.md","alertness.md","0","E3B0C44298FC1C149AFBF4C8996FB92427AE41E4649B934CA495991B7852B855","01_BIOLOGY_AND_15_RESEARCH"
"species","species\snake\anatomy.md","anatomy.md","0","E3B0C44298FC1C149AFBF4C8996FB92427AE41E4649B934CA495991B7852B855","01_BIOLOGY_AND_15_RESEARCH"
"species","species\snake\animation_rules.md","animation_rules.md","0","E3B0C44298FC1C149AFBF4C8996FB92427AE41E4649B934CA495991B7852B855","01_BIOLOGY_AND_15_RESEARCH"
"species","species\snake\appearance.md","appearance.md","0","E3B0C44298FC1C149AFBF4C8996FB92427AE41E4649B934CA495991B7852B855","01_BIOLOGY_AND_15_RESEARCH"
"species","species\snake\behavior_dna.md","behavior_dna.md","0","E3B0C44298FC1C149AFBF4C8996FB92427AE41E4649B934CA495991B7852B855","01_BIOLOGY_AND_15_RESEARCH"
"species","species\snake\environmental_response.md","environmental_response.md","0","E3B0C44298FC1C149AFBF4C8996FB92427AE41E4649B934CA495991B7852B855","01_BIOLOGY_AND_15_RESEARCH"
"species","species\snake\fear_response.md","fear_response.md","0","E3B0C44298FC1C149AFBF4C8996FB92427AE41E4649B934CA495991B7852B855","01_BIOLOGY_AND_15_RESEARCH"
"species","species\snake\feeding.md","feeding.md","0","E3B0C44298FC1C149AFBF4C8996FB92427AE41E4649B934CA495991B7852B855","01_BIOLOGY_AND_15_RESEARCH"
"species","species\snake\forbidden_behavior.md","forbidden_behavior.md","0","E3B0C44298FC1C149AFBF4C8996FB92427AE41E4649B934CA495991B7852B855","01_BIOLOGY_AND_15_RESEARCH"
"species","species\snake\grooming.md","grooming.md","0","E3B0C44298FC1C149AFBF4C8996FB92427AE41E4649B934CA495991B7852B855","01_BIOLOGY_AND_15_RESEARCH"
"species","species\snake\group_behavior.md","group_behavior.md","0","E3B0C44298FC1C149AFBF4C8996FB92427AE41E4649B934CA495991B7852B855","01_BIOLOGY_AND_15_RESEARCH"
"species","species\snake\human_interaction.md","human_interaction.md","0","E3B0C44298FC1C149AFBF4C8996FB92427AE41E4649B934CA495991B7852B855","01_BIOLOGY_AND_15_RESEARCH"
"species","species\snake\individual_variation.md","individual_variation.md","0","E3B0C44298FC1C149AFBF4C8996FB92427AE41E4649B934CA495991B7852B855","01_BIOLOGY_AND_15_RESEARCH"
"species","species\snake\locomotion.md","locomotion.md","0","E3B0C44298FC1C149AFBF4C8996FB92427AE41E4649B934CA495991B7852B855","01_BIOLOGY_AND_15_RESEARCH"
"species","species\snake\mother_offspring.md","mother_offspring.md","0","E3B0C44298FC1C149AFBF4C8996FB92427AE41E4649B934CA495991B7852B855","01_BIOLOGY_AND_15_RESEARCH"
"species","species\snake\physics.md","physics.md","0","E3B0C44298FC1C149AFBF4C8996FB92427AE41E4649B934CA495991B7852B855","01_BIOLOGY_AND_15_RESEARCH"
"species","species\snake\predator_response.md","predator_response.md","0","E3B0C44298FC1C149AFBF4C8996FB92427AE41E4649B934CA495991B7852B855","01_BIOLOGY_AND_15_RESEARCH"
"species","species\snake\references.md","references.md","0","E3B0C44298FC1C149AFBF4C8996FB92427AE41E4649B934CA495991B7852B855","01_BIOLOGY_AND_15_RESEARCH"
"species","species\snake\resting.md","resting.md","0","E3B0C44298FC1C149AFBF4C8996FB92427AE41E4649B934CA495991B7852B855","01_BIOLOGY_AND_15_RESEARCH"
"species","species\snake\social_behavior.md","social_behavior.md","0","E3B0C44298FC1C149AFBF4C8996FB92427AE41E4649B934CA495991B7852B855","01_BIOLOGY_AND_15_RESEARCH"
"species","species\snake\sources.md","sources.md","0","E3B0C44298FC1C149AFBF4C8996FB92427AE41E4649B934CA495991B7852B855","01_BIOLOGY_AND_15_RESEARCH"
"species","species\snake\species_profile.md","species_profile.md","0","E3B0C44298FC1C149AFBF4C8996FB92427AE41E4649B934CA495991B7852B855","01_BIOLOGY_AND_15_RESEARCH"
"species","species\snake\vocalization.md","vocalization.md","0","E3B0C44298FC1C149AFBF4C8996FB92427AE41E4649B934CA495991B7852B855","01_BIOLOGY_AND_15_RESEARCH"
"species","species\swan\alertness.md","alertness.md","0","E3B0C44298FC1C149AFBF4C8996FB92427AE41E4649B934CA495991B7852B855","01_BIOLOGY_AND_15_RESEARCH"
"species","species\swan\anatomy.md","anatomy.md","0","E3B0C44298FC1C149AFBF4C8996FB92427AE41E4649B934CA495991B7852B855","01_BIOLOGY_AND_15_RESEARCH"
"species","species\swan\animation_rules.md","animation_rules.md","0","E3B0C44298FC1C149AFBF4C8996FB92427AE41E4649B934CA495991B7852B855","01_BIOLOGY_AND_15_RESEARCH"
"species","species\swan\appearance.md","appearance.md","0","E3B0C44298FC1C149AFBF4C8996FB92427AE41E4649B934CA495991B7852B855","01_BIOLOGY_AND_15_RESEARCH"
"species","species\swan\behavior_dna.md","behavior_dna.md","0","E3B0C44298FC1C149AFBF4C8996FB92427AE41E4649B934CA495991B7852B855","01_BIOLOGY_AND_15_RESEARCH"
"species","species\swan\environmental_response.md","environmental_response.md","0","E3B0C44298FC1C149AFBF4C8996FB92427AE41E4649B934CA495991B7852B855","01_BIOLOGY_AND_15_RESEARCH"
"species","species\swan\fear_response.md","fear_response.md","0","E3B0C44298FC1C149AFBF4C8996FB92427AE41E4649B934CA495991B7852B855","01_BIOLOGY_AND_15_RESEARCH"
"species","species\swan\feeding.md","feeding.md","0","E3B0C44298FC1C149AFBF4C8996FB92427AE41E4649B934CA495991B7852B855","01_BIOLOGY_AND_15_RESEARCH"
"species","species\swan\forbidden_behavior.md","forbidden_behavior.md","0","E3B0C44298FC1C149AFBF4C8996FB92427AE41E4649B934CA495991B7852B855","01_BIOLOGY_AND_15_RESEARCH"
"species","species\swan\grooming.md","grooming.md","0","E3B0C44298FC1C149AFBF4C8996FB92427AE41E4649B934CA495991B7852B855","01_BIOLOGY_AND_15_RESEARCH"
"species","species\swan\group_behavior.md","group_behavior.md","0","E3B0C44298FC1C149AFBF4C8996FB92427AE41E4649B934CA495991B7852B855","01_BIOLOGY_AND_15_RESEARCH"
"species","species\swan\human_interaction.md","human_interaction.md","0","E3B0C44298FC1C149AFBF4C8996FB92427AE41E4649B934CA495991B7852B855","01_BIOLOGY_AND_15_RESEARCH"
"species","species\swan\individual_variation.md","individual_variation.md","0","E3B0C44298FC1C149AFBF4C8996FB92427AE41E4649B934CA495991B7852B855","01_BIOLOGY_AND_15_RESEARCH"
"species","species\swan\locomotion.md","locomotion.md","0","E3B0C44298FC1C149AFBF4C8996FB92427AE41E4649B934CA495991B7852B855","01_BIOLOGY_AND_15_RESEARCH"
"species","species\swan\mother_offspring.md","mother_offspring.md","0","E3B0C44298FC1C149AFBF4C8996FB92427AE41E4649B934CA495991B7852B855","01_BIOLOGY_AND_15_RESEARCH"
"species","species\swan\physics.md","physics.md","0","E3B0C44298FC1C149AFBF4C8996FB92427AE41E4649B934CA495991B7852B855","01_BIOLOGY_AND_15_RESEARCH"
"species","species\swan\predator_response.md","predator_response.md","0","E3B0C44298FC1C149AFBF4C8996FB92427AE41E4649B934CA495991B7852B855","01_BIOLOGY_AND_15_RESEARCH"
"species","species\swan\references.md","references.md","0","E3B0C44298FC1C149AFBF4C8996FB92427AE41E4649B934CA495991B7852B855","01_BIOLOGY_AND_15_RESEARCH"
"species","species\swan\resting.md","resting.md","0","E3B0C44298FC1C149AFBF4C8996FB92427AE41E4649B934CA495991B7852B855","01_BIOLOGY_AND_15_RESEARCH"
"species","species\swan\social_behavior.md","social_behavior.md","0","E3B0C44298FC1C149AFBF4C8996FB92427AE41E4649B934CA495991B7852B855","01_BIOLOGY_AND_15_RESEARCH"
"species","species\swan\sources.md","sources.md","0","E3B0C44298FC1C149AFBF4C8996FB92427AE41E4649B934CA495991B7852B855","01_BIOLOGY_AND_15_RESEARCH"
"species","species\swan\species_profile.md","species_profile.md","0","E3B0C44298FC1C149AFBF4C8996FB92427AE41E4649B934CA495991B7852B855","01_BIOLOGY_AND_15_RESEARCH"
"species","species\swan\vocalization.md","vocalization.md","0","E3B0C44298FC1C149AFBF4C8996FB92427AE41E4649B934CA495991B7852B855","01_BIOLOGY_AND_15_RESEARCH"
"species","species\tiger\alertness.md","alertness.md","0","E3B0C44298FC1C149AFBF4C8996FB92427AE41E4649B934CA495991B7852B855","01_BIOLOGY_AND_15_RESEARCH"
"species","species\tiger\anatomy.md","anatomy.md","0","E3B0C44298FC1C149AFBF4C8996FB92427AE41E4649B934CA495991B7852B855","01_BIOLOGY_AND_15_RESEARCH"
"species","species\tiger\animation_rules.md","animation_rules.md","0","E3B0C44298FC1C149AFBF4C8996FB92427AE41E4649B934CA495991B7852B855","01_BIOLOGY_AND_15_RESEARCH"
"species","species\tiger\appearance.md","appearance.md","0","E3B0C44298FC1C149AFBF4C8996FB92427AE41E4649B934CA495991B7852B855","01_BIOLOGY_AND_15_RESEARCH"
"species","species\tiger\behavior_dna.md","behavior_dna.md","0","E3B0C44298FC1C149AFBF4C8996FB92427AE41E4649B934CA495991B7852B855","01_BIOLOGY_AND_15_RESEARCH"
"species","species\tiger\environmental_response.md","environmental_response.md","0","E3B0C44298FC1C149AFBF4C8996FB92427AE41E4649B934CA495991B7852B855","01_BIOLOGY_AND_15_RESEARCH"
"species","species\tiger\fear_response.md","fear_response.md","0","E3B0C44298FC1C149AFBF4C8996FB92427AE41E4649B934CA495991B7852B855","01_BIOLOGY_AND_15_RESEARCH"
"species","species\tiger\feeding.md","feeding.md","0","E3B0C44298FC1C149AFBF4C8996FB92427AE41E4649B934CA495991B7852B855","01_BIOLOGY_AND_15_RESEARCH"
"species","species\tiger\forbidden_behavior.md","forbidden_behavior.md","0","E3B0C44298FC1C149AFBF4C8996FB92427AE41E4649B934CA495991B7852B855","01_BIOLOGY_AND_15_RESEARCH"
"species","species\tiger\grooming.md","grooming.md","0","E3B0C44298FC1C149AFBF4C8996FB92427AE41E4649B934CA495991B7852B855","01_BIOLOGY_AND_15_RESEARCH"
"species","species\tiger\group_behavior.md","group_behavior.md","0","E3B0C44298FC1C149AFBF4C8996FB92427AE41E4649B934CA495991B7852B855","01_BIOLOGY_AND_15_RESEARCH"
"species","species\tiger\human_interaction.md","human_interaction.md","0","E3B0C44298FC1C149AFBF4C8996FB92427AE41E4649B934CA495991B7852B855","01_BIOLOGY_AND_15_RESEARCH"
"species","species\tiger\individual_variation.md","individual_variation.md","0","E3B0C44298FC1C149AFBF4C8996FB92427AE41E4649B934CA495991B7852B855","01_BIOLOGY_AND_15_RESEARCH"
"species","species\tiger\locomotion.md","locomotion.md","0","E3B0C44298FC1C149AFBF4C8996FB92427AE41E4649B934CA495991B7852B855","01_BIOLOGY_AND_15_RESEARCH"
"species","species\tiger\mother_offspring.md","mother_offspring.md","0","E3B0C44298FC1C149AFBF4C8996FB92427AE41E4649B934CA495991B7852B855","01_BIOLOGY_AND_15_RESEARCH"
"species","species\tiger\physics.md","physics.md","0","E3B0C44298FC1C149AFBF4C8996FB92427AE41E4649B934CA495991B7852B855","01_BIOLOGY_AND_15_RESEARCH"
"species","species\tiger\predator_response.md","predator_response.md","0","E3B0C44298FC1C149AFBF4C8996FB92427AE41E4649B934CA495991B7852B855","01_BIOLOGY_AND_15_RESEARCH"
"species","species\tiger\references.md","references.md","0","E3B0C44298FC1C149AFBF4C8996FB92427AE41E4649B934CA495991B7852B855","01_BIOLOGY_AND_15_RESEARCH"
"species","species\tiger\resting.md","resting.md","0","E3B0C44298FC1C149AFBF4C8996FB92427AE41E4649B934CA495991B7852B855","01_BIOLOGY_AND_15_RESEARCH"
"species","species\tiger\social_behavior.md","social_behavior.md","0","E3B0C44298FC1C149AFBF4C8996FB92427AE41E4649B934CA495991B7852B855","01_BIOLOGY_AND_15_RESEARCH"
"species","species\tiger\sources.md","sources.md","0","E3B0C44298FC1C149AFBF4C8996FB92427AE41E4649B934CA495991B7852B855","01_BIOLOGY_AND_15_RESEARCH"
"species","species\tiger\species_profile.md","species_profile.md","0","E3B0C44298FC1C149AFBF4C8996FB92427AE41E4649B934CA495991B7852B855","01_BIOLOGY_AND_15_RESEARCH"
"species","species\tiger\vocalization.md","vocalization.md","0","E3B0C44298FC1C149AFBF4C8996FB92427AE41E4649B934CA495991B7852B855","01_BIOLOGY_AND_15_RESEARCH"
"species","species\turtle\alertness.md","alertness.md","0","E3B0C44298FC1C149AFBF4C8996FB92427AE41E4649B934CA495991B7852B855","01_BIOLOGY_AND_15_RESEARCH"
"species","species\turtle\anatomy.md","anatomy.md","0","E3B0C44298FC1C149AFBF4C8996FB92427AE41E4649B934CA495991B7852B855","01_BIOLOGY_AND_15_RESEARCH"
"species","species\turtle\animation_rules.md","animation_rules.md","0","E3B0C44298FC1C149AFBF4C8996FB92427AE41E4649B934CA495991B7852B855","01_BIOLOGY_AND_15_RESEARCH"
"species","species\turtle\appearance.md","appearance.md","0","E3B0C44298FC1C149AFBF4C8996FB92427AE41E4649B934CA495991B7852B855","01_BIOLOGY_AND_15_RESEARCH"
"species","species\turtle\behavior_dna.md","behavior_dna.md","0","E3B0C44298FC1C149AFBF4C8996FB92427AE41E4649B934CA495991B7852B855","01_BIOLOGY_AND_15_RESEARCH"
"species","species\turtle\environmental_response.md","environmental_response.md","0","E3B0C44298FC1C149AFBF4C8996FB92427AE41E4649B934CA495991B7852B855","01_BIOLOGY_AND_15_RESEARCH"
"species","species\turtle\fear_response.md","fear_response.md","0","E3B0C44298FC1C149AFBF4C8996FB92427AE41E4649B934CA495991B7852B855","01_BIOLOGY_AND_15_RESEARCH"
"species","species\turtle\feeding.md","feeding.md","0","E3B0C44298FC1C149AFBF4C8996FB92427AE41E4649B934CA495991B7852B855","01_BIOLOGY_AND_15_RESEARCH"
"species","species\turtle\forbidden_behavior.md","forbidden_behavior.md","0","E3B0C44298FC1C149AFBF4C8996FB92427AE41E4649B934CA495991B7852B855","01_BIOLOGY_AND_15_RESEARCH"
"species","species\turtle\grooming.md","grooming.md","0","E3B0C44298FC1C149AFBF4C8996FB92427AE41E4649B934CA495991B7852B855","01_BIOLOGY_AND_15_RESEARCH"
"species","species\turtle\group_behavior.md","group_behavior.md","0","E3B0C44298FC1C149AFBF4C8996FB92427AE41E4649B934CA495991B7852B855","01_BIOLOGY_AND_15_RESEARCH"
"species","species\turtle\human_interaction.md","human_interaction.md","0","E3B0C44298FC1C149AFBF4C8996FB92427AE41E4649B934CA495991B7852B855","01_BIOLOGY_AND_15_RESEARCH"
"species","species\turtle\individual_variation.md","individual_variation.md","0","E3B0C44298FC1C149AFBF4C8996FB92427AE41E4649B934CA495991B7852B855","01_BIOLOGY_AND_15_RESEARCH"
"species","species\turtle\locomotion.md","locomotion.md","0","E3B0C44298FC1C149AFBF4C8996FB92427AE41E4649B934CA495991B7852B855","01_BIOLOGY_AND_15_RESEARCH"
"species","species\turtle\mother_offspring.md","mother_offspring.md","0","E3B0C44298FC1C149AFBF4C8996FB92427AE41E4649B934CA495991B7852B855","01_BIOLOGY_AND_15_RESEARCH"
"species","species\turtle\physics.md","physics.md","0","E3B0C44298FC1C149AFBF4C8996FB92427AE41E4649B934CA495991B7852B855","01_BIOLOGY_AND_15_RESEARCH"
"species","species\turtle\predator_response.md","predator_response.md","0","E3B0C44298FC1C149AFBF4C8996FB92427AE41E4649B934CA495991B7852B855","01_BIOLOGY_AND_15_RESEARCH"
"species","species\turtle\references.md","references.md","0","E3B0C44298FC1C149AFBF4C8996FB92427AE41E4649B934CA495991B7852B855","01_BIOLOGY_AND_15_RESEARCH"
"species","species\turtle\resting.md","resting.md","0","E3B0C44298FC1C149AFBF4C8996FB92427AE41E4649B934CA495991B7852B855","01_BIOLOGY_AND_15_RESEARCH"
"species","species\turtle\social_behavior.md","social_behavior.md","0","E3B0C44298FC1C149AFBF4C8996FB92427AE41E4649B934CA495991B7852B855","01_BIOLOGY_AND_15_RESEARCH"
"species","species\turtle\sources.md","sources.md","0","E3B0C44298FC1C149AFBF4C8996FB92427AE41E4649B934CA495991B7852B855","01_BIOLOGY_AND_15_RESEARCH"
"species","species\turtle\species_profile.md","species_profile.md","0","E3B0C44298FC1C149AFBF4C8996FB92427AE41E4649B934CA495991B7852B855","01_BIOLOGY_AND_15_RESEARCH"
"species","species\turtle\vocalization.md","vocalization.md","0","E3B0C44298FC1C149AFBF4C8996FB92427AE41E4649B934CA495991B7852B855","01_BIOLOGY_AND_15_RESEARCH"
"species","species\vulture\alertness.md","alertness.md","0","E3B0C44298FC1C149AFBF4C8996FB92427AE41E4649B934CA495991B7852B855","01_BIOLOGY_AND_15_RESEARCH"
"species","species\vulture\anatomy.md","anatomy.md","0","E3B0C44298FC1C149AFBF4C8996FB92427AE41E4649B934CA495991B7852B855","01_BIOLOGY_AND_15_RESEARCH"
"species","species\vulture\animation_rules.md","animation_rules.md","0","E3B0C44298FC1C149AFBF4C8996FB92427AE41E4649B934CA495991B7852B855","01_BIOLOGY_AND_15_RESEARCH"
"species","species\vulture\appearance.md","appearance.md","0","E3B0C44298FC1C149AFBF4C8996FB92427AE41E4649B934CA495991B7852B855","01_BIOLOGY_AND_15_RESEARCH"
"species","species\vulture\behavior_dna.md","behavior_dna.md","0","E3B0C44298FC1C149AFBF4C8996FB92427AE41E4649B934CA495991B7852B855","01_BIOLOGY_AND_15_RESEARCH"
"species","species\vulture\environmental_response.md","environmental_response.md","0","E3B0C44298FC1C149AFBF4C8996FB92427AE41E4649B934CA495991B7852B855","01_BIOLOGY_AND_15_RESEARCH"
"species","species\vulture\fear_response.md","fear_response.md","0","E3B0C44298FC1C149AFBF4C8996FB92427AE41E4649B934CA495991B7852B855","01_BIOLOGY_AND_15_RESEARCH"
"species","species\vulture\feeding.md","feeding.md","0","E3B0C44298FC1C149AFBF4C8996FB92427AE41E4649B934CA495991B7852B855","01_BIOLOGY_AND_15_RESEARCH"
"species","species\vulture\forbidden_behavior.md","forbidden_behavior.md","0","E3B0C44298FC1C149AFBF4C8996FB92427AE41E4649B934CA495991B7852B855","01_BIOLOGY_AND_15_RESEARCH"
"species","species\vulture\grooming.md","grooming.md","0","E3B0C44298FC1C149AFBF4C8996FB92427AE41E4649B934CA495991B7852B855","01_BIOLOGY_AND_15_RESEARCH"
"species","species\vulture\group_behavior.md","group_behavior.md","0","E3B0C44298FC1C149AFBF4C8996FB92427AE41E4649B934CA495991B7852B855","01_BIOLOGY_AND_15_RESEARCH"
"species","species\vulture\human_interaction.md","human_interaction.md","0","E3B0C44298FC1C149AFBF4C8996FB92427AE41E4649B934CA495991B7852B855","01_BIOLOGY_AND_15_RESEARCH"
"species","species\vulture\individual_variation.md","individual_variation.md","0","E3B0C44298FC1C149AFBF4C8996FB92427AE41E4649B934CA495991B7852B855","01_BIOLOGY_AND_15_RESEARCH"
"species","species\vulture\locomotion.md","locomotion.md","0","E3B0C44298FC1C149AFBF4C8996FB92427AE41E4649B934CA495991B7852B855","01_BIOLOGY_AND_15_RESEARCH"
"species","species\vulture\mother_offspring.md","mother_offspring.md","0","E3B0C44298FC1C149AFBF4C8996FB92427AE41E4649B934CA495991B7852B855","01_BIOLOGY_AND_15_RESEARCH"
"species","species\vulture\physics.md","physics.md","0","E3B0C44298FC1C149AFBF4C8996FB92427AE41E4649B934CA495991B7852B855","01_BIOLOGY_AND_15_RESEARCH"
"species","species\vulture\predator_response.md","predator_response.md","0","E3B0C44298FC1C149AFBF4C8996FB92427AE41E4649B934CA495991B7852B855","01_BIOLOGY_AND_15_RESEARCH"
"species","species\vulture\references.md","references.md","0","E3B0C44298FC1C149AFBF4C8996FB92427AE41E4649B934CA495991B7852B855","01_BIOLOGY_AND_15_RESEARCH"
"species","species\vulture\resting.md","resting.md","0","E3B0C44298FC1C149AFBF4C8996FB92427AE41E4649B934CA495991B7852B855","01_BIOLOGY_AND_15_RESEARCH"
"species","species\vulture\social_behavior.md","social_behavior.md","0","E3B0C44298FC1C149AFBF4C8996FB92427AE41E4649B934CA495991B7852B855","01_BIOLOGY_AND_15_RESEARCH"
"species","species\vulture\sources.md","sources.md","0","E3B0C44298FC1C149AFBF4C8996FB92427AE41E4649B934CA495991B7852B855","01_BIOLOGY_AND_15_RESEARCH"
"species","species\vulture\species_profile.md","species_profile.md","0","E3B0C44298FC1C149AFBF4C8996FB92427AE41E4649B934CA495991B7852B855","01_BIOLOGY_AND_15_RESEARCH"
"species","species\vulture\vocalization.md","vocalization.md","0","E3B0C44298FC1C149AFBF4C8996FB92427AE41E4649B934CA495991B7852B855","01_BIOLOGY_AND_15_RESEARCH"
"species","species\wolf\alertness.md","alertness.md","0","E3B0C44298FC1C149AFBF4C8996FB92427AE41E4649B934CA495991B7852B855","01_BIOLOGY_AND_15_RESEARCH"
"species","species\wolf\anatomy.md","anatomy.md","0","E3B0C44298FC1C149AFBF4C8996FB92427AE41E4649B934CA495991B7852B855","01_BIOLOGY_AND_15_RESEARCH"
"species","species\wolf\animation_rules.md","animation_rules.md","0","E3B0C44298FC1C149AFBF4C8996FB92427AE41E4649B934CA495991B7852B855","01_BIOLOGY_AND_15_RESEARCH"
"species","species\wolf\appearance.md","appearance.md","0","E3B0C44298FC1C149AFBF4C8996FB92427AE41E4649B934CA495991B7852B855","01_BIOLOGY_AND_15_RESEARCH"
"species","species\wolf\behavior_dna.md","behavior_dna.md","0","E3B0C44298FC1C149AFBF4C8996FB92427AE41E4649B934CA495991B7852B855","01_BIOLOGY_AND_15_RESEARCH"
"species","species\wolf\environmental_response.md","environmental_response.md","0","E3B0C44298FC1C149AFBF4C8996FB92427AE41E4649B934CA495991B7852B855","01_BIOLOGY_AND_15_RESEARCH"
"species","species\wolf\fear_response.md","fear_response.md","0","E3B0C44298FC1C149AFBF4C8996FB92427AE41E4649B934CA495991B7852B855","01_BIOLOGY_AND_15_RESEARCH"
"species","species\wolf\feeding.md","feeding.md","0","E3B0C44298FC1C149AFBF4C8996FB92427AE41E4649B934CA495991B7852B855","01_BIOLOGY_AND_15_RESEARCH"
"species","species\wolf\forbidden_behavior.md","forbidden_behavior.md","0","E3B0C44298FC1C149AFBF4C8996FB92427AE41E4649B934CA495991B7852B855","01_BIOLOGY_AND_15_RESEARCH"
"species","species\wolf\grooming.md","grooming.md","0","E3B0C44298FC1C149AFBF4C8996FB92427AE41E4649B934CA495991B7852B855","01_BIOLOGY_AND_15_RESEARCH"
"species","species\wolf\group_behavior.md","group_behavior.md","0","E3B0C44298FC1C149AFBF4C8996FB92427AE41E4649B934CA495991B7852B855","01_BIOLOGY_AND_15_RESEARCH"
"species","species\wolf\human_interaction.md","human_interaction.md","0","E3B0C44298FC1C149AFBF4C8996FB92427AE41E4649B934CA495991B7852B855","01_BIOLOGY_AND_15_RESEARCH"
"species","species\wolf\individual_variation.md","individual_variation.md","0","E3B0C44298FC1C149AFBF4C8996FB92427AE41E4649B934CA495991B7852B855","01_BIOLOGY_AND_15_RESEARCH"
"species","species\wolf\locomotion.md","locomotion.md","0","E3B0C44298FC1C149AFBF4C8996FB92427AE41E4649B934CA495991B7852B855","01_BIOLOGY_AND_15_RESEARCH"
"species","species\wolf\mother_offspring.md","mother_offspring.md","0","E3B0C44298FC1C149AFBF4C8996FB92427AE41E4649B934CA495991B7852B855","01_BIOLOGY_AND_15_RESEARCH"
"species","species\wolf\physics.md","physics.md","0","E3B0C44298FC1C149AFBF4C8996FB92427AE41E4649B934CA495991B7852B855","01_BIOLOGY_AND_15_RESEARCH"
"species","species\wolf\predator_response.md","predator_response.md","0","E3B0C44298FC1C149AFBF4C8996FB92427AE41E4649B934CA495991B7852B855","01_BIOLOGY_AND_15_RESEARCH"
"species","species\wolf\references.md","references.md","0","E3B0C44298FC1C149AFBF4C8996FB92427AE41E4649B934CA495991B7852B855","01_BIOLOGY_AND_15_RESEARCH"
"species","species\wolf\resting.md","resting.md","0","E3B0C44298FC1C149AFBF4C8996FB92427AE41E4649B934CA495991B7852B855","01_BIOLOGY_AND_15_RESEARCH"
"species","species\wolf\social_behavior.md","social_behavior.md","0","E3B0C44298FC1C149AFBF4C8996FB92427AE41E4649B934CA495991B7852B855","01_BIOLOGY_AND_15_RESEARCH"
"species","species\wolf\sources.md","sources.md","0","E3B0C44298FC1C149AFBF4C8996FB92427AE41E4649B934CA495991B7852B855","01_BIOLOGY_AND_15_RESEARCH"
"species","species\wolf\species_profile.md","species_profile.md","0","E3B0C44298FC1C149AFBF4C8996FB92427AE41E4649B934CA495991B7852B855","01_BIOLOGY_AND_15_RESEARCH"
"species","species\wolf\vocalization.md","vocalization.md","0","E3B0C44298FC1C149AFBF4C8996FB92427AE41E4649B934CA495991B7852B855","01_BIOLOGY_AND_15_RESEARCH"
